Meta Mode,ecore
Number of Edge types,26
Number Of Nodes,100
State Id,100_1
OutDegreeValue,0,1,2,3,4,5,6,9,15,20
OutDegreeCount,6,8,52,16,7,5,1,3,1,1
NAValue,1,2,3,4,5,6,7,8
NACount,6,5,49,22,6,8,3,1
MPCValue,0.00000,0.46222,0.46694,0.52000,0.58240,0.61360,0.63673,0.65000,0.69333,0.71500,0.73751,0.74880,0.75111,0.75766,0.76408,0.76556,0.77208,0.78000,0.78963,0.79040,0.83200,0.83837,0.84741,0.84898,0.84927,0.85280,0.88082
MPCCount,6,1,1,4,3,1,3,22,23,1,1,3,1,1,1,1,1,14,1,1,3,1,2,1,1,1,1
Typed Out Degree
EClass eTypeParameters,2
EPackage eSuperPackage,1,1
EReference eKeys,1,2,1,2,1,1,2,2,2,2,3,2,2,2,2
EDataType eTypeParameters,1
EOperation eContainingClass,1,1,1
EAttribute eContainingClass,1,1,1,1,1,1,1,1,1,1,1,1,1,1,1,1,1,1,1,1,1,1,1,1,1,1
EReference eOpposite,1,1,1,1,1,1,1,1,1,1,1,1
EPackage eClassifiers,18,3,2
EDataType ePackage,1,1,1
EAttribute eType,1,1,1,1,1,1,1,1,1,1,1,1,1,1,1,1,1,1,1,1,1,1,1,1,1
EOperation eExceptions,2
EEnum eLiterals,2
EOperation eTypeParameters,2
EParameter eType,1,1
EClass eStructuralFeatures,2,1,1,4,3,5,6,3,1,2,3,1,3,4,11,7
EGenericType eClassifier,1,1
EEnumLiteral eEnum,1,1
EReference eContainingClass,1,1,1,1,1,1,1,1,1,1,1,1,1,1,1,1,1,1,1,1,1,1,1,1,1,1,1,1,1,1,1
EEnum ePackage,1,1
EEnum eTypeParameters,1
EClass eSuperTypes,1,1,3,1,1,1,3,3,1
ETypeParameter eBounds,2,1
EClass ePackage,1,1,1,1,1,1,1,1,1,1,1,1,1,1,1,1,1,1
EOperation eParameters,1,1
EPackage eSubpackages,2
EGenericType eLowerBound,1
EClass eOperations,1,1,1
EParameter eOperation,1,1
EReference eType,1,1,1,1,1,1,1
EOperation eType,1
Node Type
EAttribute,EClass,EDataType,EParameter,EGenericType,EOperation,EEnumLiteral,EEnum,EReference,ETypeParameter,EPackage
0.26000000000000006,0.18000000000000002,0.03,0.02,0.04,0.03,0.02,0.02,0.3100000000000001,0.060000000000000005,0.03
Edge Type
eSuperPackage,eOperation,eUpperBound,eTypeParameter,eSubpackages,eType,eSuperTypes,eParameters,eOpposite,eKeys,eTypeArguments,eModelElement,eAnnotations,ePackage,eLowerBound,eLiterals,details,eStructuralFeatures,eClassifier,eClassifiers,eTypeParameters,eContainingClass,eBounds,eEnum,eOperations,eExceptions
0.0071174377224199285,0.0071174377224199285,0.0,0.0,0.0071174377224199285,0.12455516014234876,0.05338078291814947,0.0071174377224199285,0.042704626334519574,0.09608540925266904,0.0,0.0,0.0,0.08185053380782918,0.0035587188612099642,0.0071174377224199285,0.0,0.20284697508896798,0.0071174377224199285,0.08185053380782918,0.021352313167259787,0.21352313167259787,0.010676156583629894,0.0071174377224199285,0.010676156583629894,0.0071174377224199285
violations,16
