Meta Mode,ecore
Number of Edge types,26
Number Of Nodes,100
State Id,10_1
OutDegreeValue,0,1,2,3,4,5,6,7,8,12,15,18,22
OutDegreeCount,6,13,45,16,7,4,2,2,1,1,1,1,1
NAValue,1,2,3,4,5,6,7,8
NACount,6,7,46,22,9,4,3,3
MPCValue,0.00000,0.52000,0.58240,0.62272,0.63673,0.65000,0.68760,0.69333,0.71500,0.74880,0.75111,0.78000,0.78177,0.78609,0.79040,0.79425,0.79625,0.80653,0.80889,0.81250,0.83200,0.84240,0.84741,0.84898,0.85280,0.85973
MPCCount,6,7,5,1,4,18,1,24,1,5,1,11,1,1,2,1,1,1,1,2,1,1,1,1,1,1
Typed Out Degree
EGenericType eTypeParameter,1,1
EClass eTypeParameters,1,1,1,2
EPackage eSuperPackage,1,1
EReference eKeys,3,2,3,1,2,2,2,2,2,2,2,2,4,2
EOperation eContainingClass,1,1,1,1,1
EAttribute eContainingClass,1,1,1,1,1,1,1,1,1,1,1,1,1,1,1,1,1,1,1,1,1,1,1,1
EReference eOpposite,1,1,1,1,1,1,1,1,1,1,1
EPackage eClassifiers,16,3,2
EDataType ePackage,1,1
EAttribute eType,1,1,1,1,1,1,1,1,1,1,1,1,1,1,1,1,1,1,1,1,1,1,1
EOperation eExceptions,2
EEnum eLiterals,6
EOperation eTypeParameters,1,1
EParameter eType,1,1
EClass eStructuralFeatures,4,1,3,1,2,8,2,2,1,4,1,11,2,3,6,3
EGenericType eClassifier,1
EEnumLiteral eEnum,1,1,1,1,1,1
EReference eContainingClass,1,1,1,1,1,1,1,1,1,1,1,1,1,1,1,1,1,1,1,1,1,1,1,1,1,1,1,1,1,1
EEnum ePackage,1,1,1
EClass eSuperTypes,3,4,3,2,1,10,1,1,4
ETypeParameter eBounds,1
EClass ePackage,1,1,1,1,1,1,1,1,1,1,1,1,1,1,1,1
EOperation eParameters,2
EPackage eSubpackages,2
EGenericType eLowerBound,1
EClass eOperations,1,1,1,1,1
EParameter eOperation,1,1
EReference eType,1,1,1,1,1,1,1,1
EOperation eType,1,1
Node Type
EClass,EAttribute,EDataType,EParameter,EGenericType,EOperation,EEnumLiteral,EEnum,EReference,ETypeParameter,EPackage
0.16,0.24000000000000007,0.02,0.02,0.02,0.05,0.060000000000000005,0.03,0.3000000000000001,0.07,0.03
Edge Type
eSuperPackage,eOperation,eUpperBound,eTypeParameter,eSubpackages,eType,eSuperTypes,eParameters,eOpposite,eKeys,eTypeArguments,eModelElement,eAnnotations,ePackage,eLowerBound,eLiterals,details,eStructuralFeatures,eClassifier,eClassifiers,eTypeParameters,eContainingClass,eBounds,eEnum,eOperations,eExceptions
0.006666666666666667,0.006666666666666667,0.0,0.006666666666666667,0.006666666666666667,0.11666666666666667,0.09666666666666666,0.006666666666666667,0.03666666666666667,0.10333333333333333,0.0,0.0,0.0,0.07,0.0033333333333333335,0.02,0.0,0.18,0.0033333333333333335,0.07,0.023333333333333334,0.19666666666666666,0.0033333333333333335,0.02,0.016666666666666666,0.006666666666666667
violations,17
