Meta Mode,ecore
Number of Edge types,26
Number Of Nodes,100
State Id,11_1
OutDegreeValue,0,1,2,3,4,5,6,7,8,9,11,12,16,18
OutDegreeCount,10,10,41,12,9,7,1,2,2,1,1,1,1,2
NAValue,1,2,3,4,5,6,7,8
NACount,10,10,33,23,11,1,10,2
MPCValue,0.00000,0.52000,0.58240,0.58500,0.63375,0.65000,0.66765,0.69333,0.74880,0.76308,0.76408,0.76423,0.76939,0.77037,0.78000,0.80212,0.80483,0.80889,0.82030,0.82970,0.83200,0.84500,0.84741,0.86667,0.87309,0.87669,0.87750,0.88111
MPCCount,10,11,4,2,1,13,1,20,7,1,1,1,1,1,9,1,1,3,1,1,3,1,1,1,1,1,1,1
Typed Out Degree
EGenericType eTypeParameter,1,1
EClass eTypeParameters,2,2
EReference eKeys,2,1,3,3,3,2,1,4,2,1,3,1,1,1,2,2,2,2
EDataType eTypeParameters,1,1
EOperation eContainingClass,1,1,1,1
EAttribute eContainingClass,1,1,1,1,1,1,1,1,1,1,1,1,1,1,1,1,1,1,1,1,1,1
EReference eOpposite,1,1,1,1,1,1,1,1,1,1,1,1,1,1,1,1,1,1
EPackage eClassifiers,18
EDataType ePackage,1,1
EAttribute eType,1,1,1,1,1,1,1,1,1,1,1,1,1,1,1,1,1,1,1,1,1,1
EOperation eExceptions,2,5,1
EEnum eLiterals,7,2
EOperation eTypeParameters,1,3
EParameter eType,1
EClass eStructuralFeatures,1,3,9,3,2,1,1,4,7,2,10,8,2
EGenericType eClassifier,1,1
EEnumLiteral eEnum,1,1,1,1,1,1,1,1,1
EReference eContainingClass,1,1,1,1,1,1,1,1,1,1,1,1,1,1,1,1,1,1,1,1,1,1,1,1,1,1,1,1,1,1,1
EEnum ePackage,1,1
EEnum eTypeParameters,1
EClass eSuperTypes,1,1,6,3,1,1,5,1,1,7,2,2
ETypeParameter eBounds,2,1
EClass ePackage,1,1,1,1,1,1,1,1,1,1,1,1,1,1
EOperation eParameters,1
EClass eOperations,1,1,2
EParameter eOperation,1
EReference eType,1,1,1,1,1,1,1,1,1,1,1,1
EOperation eType,1,1,1
Node Type
EAttribute,EClass,EDataType,EParameter,EGenericType,EEnumLiteral,EOperation,EEnum,EReference,ETypeParameter,EPackage
0.22000000000000006,0.13999999999999999,0.02,0.01,0.03,0.09,0.04,0.02,0.3100000000000001,0.10999999999999999,0.01
Edge Type
eSuperPackage,eOperation,eUpperBound,eTypeParameter,eSubpackages,eType,eSuperTypes,eParameters,eOpposite,eKeys,eTypeArguments,eModelElement,eAnnotations,ePackage,eLowerBound,eLiterals,details,eStructuralFeatures,eClassifier,eClassifiers,eTypeParameters,eContainingClass,eBounds,eEnum,eOperations,eExceptions
0.0,0.003134796238244514,0.0,0.006269592476489028,0.0,0.11912225705329153,0.09717868338557993,0.003134796238244514,0.05642633228840126,0.11285266457680251,0.0,0.0,0.0,0.05642633228840126,0.0,0.02821316614420063,0.0,0.16614420062695925,0.006269592476489028,0.05642633228840126,0.034482758620689655,0.1786833855799373,0.009404388714733543,0.02821316614420063,0.012539184952978056,0.025078369905956112
violations,22
