Meta Mode,ecore
Number of Edge types,26
Number Of Nodes,100
State Id,12_1
OutDegreeValue,0,1,2,3,4,5,6,7,9,10,13,14,17,19
OutDegreeCount,10,7,53,14,3,1,4,1,1,2,1,1,1,1
NAValue,1,2,3,4,5,6,7,9
NACount,8,8,43,24,5,4,6,2
MPCValue,0.00000,0.46222,0.52000,0.58240,0.58898,0.63673,0.64735,0.65000,0.66260,0.69333,0.74880,0.75077,0.75111,0.78000,0.78215,0.79504,0.79625,0.80653,0.80889,0.81231,0.81250,0.81531,0.81542,0.81557,0.83200,0.83778,0.86667
MPCCount,8,1,7,2,1,1,1,18,1,23,8,1,1,12,1,1,1,1,1,1,1,1,1,1,3,1,1
Typed Out Degree
EGenericType eTypeParameter,1,1
EClass eTypeParameters,1,1,1
EPackage eSuperPackage,1
EReference eKeys,2,2,2,1,1,1,2,2,2,2,1,2
EDataType eTypeParameters,1
EOperation eContainingClass,1,1,1,1,1,1,1
EAttribute eContainingClass,1,1,1,1,1,1,1,1,1,1,1,1,1,1,1,1,1,1,1,1,1,1,1
EReference eOpposite,1,1,1,1,1,1,1,1,1,1,1,1,1,1,1,1
EPackage eClassifiers,13,6
EDataType ePackage,1
EAttribute eType,1,1,1,1,1,1,1,1,1,1,1,1,1,1,1,1,1,1,1,1,1,1
EOperation eExceptions,1,2,3,1
EEnum eLiterals,4
EOperation eTypeParameters,1,1,1,2
EParameter eType,1,1
EClass eStructuralFeatures,3,8,2,4,4,1,1,8,4,9,5,1,3
EGenericType eClassifier,1,1
EEnumLiteral eEnum,1,1,1,1
EReference eContainingClass,1,1,1,1,1,1,1,1,1,1,1,1,1,1,1,1,1,1,1,1,1,1,1,1,1,1,1,1,1,1
EEnum ePackage,1,1
EEnum eTypeParameters,1,1
EClass eSuperTypes,1,1,1,1,6,5,6,3,7
ETypeParameter eBounds,2
EClass ePackage,1,1,1,1,1,1,1,1,1,1,1,1,1,1,1,1
EOperation eParameters,1,1
EPackage eSubpackages,1
EClass eOperations,1,1,2,1,2
EParameter eOperation,1,1
EReference eType,1,1,1,1,1,1,1
EOperation eType,1
Node Type
EClass,EAttribute,EDataType,EParameter,EGenericType,EEnumLiteral,EOperation,EEnum,EReference,ETypeParameter,EPackage
0.16,0.23000000000000007,0.01,0.02,0.02,0.04,0.07,0.02,0.3000000000000001,0.10999999999999999,0.02
Edge Type
eSuperPackage,eOperation,eUpperBound,eTypeParameter,eSubpackages,eType,eSuperTypes,eParameters,eOpposite,eKeys,eTypeArguments,eModelElement,eAnnotations,ePackage,eLowerBound,eLiterals,details,eStructuralFeatures,eClassifier,eClassifiers,eTypeParameters,eContainingClass,eBounds,eEnum,eOperations,eExceptions
0.003389830508474576,0.006779661016949152,0.0,0.006779661016949152,0.003389830508474576,0.10847457627118644,0.10508474576271186,0.006779661016949152,0.05423728813559322,0.06779661016949153,0.0,0.0,0.0,0.06440677966101695,0.0,0.013559322033898305,0.0,0.17966101694915254,0.006779661016949152,0.06440677966101695,0.03728813559322034,0.2033898305084746,0.006779661016949152,0.013559322033898305,0.023728813559322035,0.023728813559322035
violations,19
