Meta Mode,ecore
Number of Edge types,26
Number Of Nodes,100
State Id,13_1
OutDegreeValue,0,1,2,3,4,5,6,7,8,9,10,12,13,15,19
OutDegreeCount,7,7,51,13,8,1,1,2,2,2,1,1,1,2,1
NAValue,1,2,3,4,5,6,7,8
NACount,6,8,46,18,9,6,4,3
MPCValue,0.00000,0.46694,0.51692,0.52000,0.53926,0.58240,0.58500,0.59429,0.63673,0.65000,0.68760,0.69333,0.71500,0.73125,0.74184,0.74880,0.75077,0.75111,0.75571,0.76375,0.77037,0.77538,0.78000,0.78874,0.80437,0.80889,0.82266,0.82462,0.82867,0.83200,0.84139,0.88111
MPCCount,6,1,1,9,1,4,1,1,2,15,1,26,1,1,1,6,1,1,1,1,1,1,5,1,1,2,1,1,1,3,1,1
Typed Out Degree
EGenericType eTypeParameter,1,1,1,1,1
EClass eTypeParameters,1,1,1,1
EGenericType eTypeArguments,1
EReference eKeys,2,2,2,9,1,2,1,3,2,2,4,2
EOperation eContainingClass,1,1,1,1
EAttribute eContainingClass,1,1,1,1,1,1,1,1,1,1,1,1,1,1,1,1,1,1,1,1,1,1,1
EReference eOpposite,1,1,1,1,1,1,1,1,1,1,1,1,1,1,1,1,1,1,1,1
EPackage eClassifiers,19
EDataType ePackage,1
EAttribute eType,1,1,1,1,1,1,1,1,1,1,1,1,1,1,1,1,1,1,1,1,1,1,1
EOperation eExceptions,6
EEnum eLiterals,6
EOperation eTypeParameters,1,1
EParameter eType,1,1
EClass eStructuralFeatures,5,4,1,5,7,1,2,5,6,9,4,3,1
EGenericType eClassifier,1,1,1,1
EEnumLiteral eEnum,1,1,1,1,1,1
EReference eContainingClass,1,1,1,1,1,1,1,1,1,1,1,1,1,1,1,1,1,1,1,1,1,1,1,1,1,1,1,1,1,1
EEnum ePackage,1
EGenericType eUpperBound,1,1,1
EEnum eTypeParameters,1
EClass eSuperTypes,2,1,3,7,3,2,1,2,4,7,2,1
ETypeParameter eBounds,2
EClass ePackage,1,1,1,1,1,1,1,1,1,1,1,1,1,1,1,1,1
EOperation eParameters,1,1
EGenericType eLowerBound,1,1
EClass eOperations,1,1,1,1
EParameter eOperation,1,1
EReference eType,1,1,1,1,1,1,1,1,1,1,1
EOperation eType,1,1
Node Type
EClass,EAttribute,EDataType,EParameter,EGenericType,EOperation,EEnumLiteral,EEnum,EReference,ETypeParameter,EPackage
0.17,0.23000000000000007,0.01,0.02,0.08,0.04,0.060000000000000005,0.01,0.3000000000000001,0.07,0.01
Edge Type
eSuperPackage,eOperation,eUpperBound,eTypeParameter,eSubpackages,eType,eSuperTypes,eParameters,eOpposite,eKeys,eTypeArguments,eModelElement,eAnnotations,ePackage,eLowerBound,eLiterals,details,eStructuralFeatures,eClassifier,eClassifiers,eTypeParameters,eContainingClass,eBounds,eEnum,eOperations,eExceptions
0.0,0.006191950464396285,0.009287925696594427,0.015479876160990712,0.0,0.11764705882352941,0.10835913312693499,0.006191950464396285,0.06191950464396285,0.09907120743034056,0.0030959752321981426,0.0,0.0,0.058823529411764705,0.006191950464396285,0.018575851393188854,0.0,0.16408668730650156,0.01238390092879257,0.058823529411764705,0.021671826625386997,0.17647058823529413,0.006191950464396285,0.018575851393188854,0.01238390092879257,0.018575851393188854
violations,27
