Meta Mode,ecore
Number of Edge types,26
Number Of Nodes,100
State Id,14_1
OutDegreeValue,0,1,2,3,4,5,6,8,9,10,12
OutDegreeCount,7,9,50,11,8,6,1,2,3,2,1
NAValue,1,2,3,4,5,6,7,8
NACount,6,10,41,24,8,4,2,5
MPCValue,0.00000,0.52000,0.58240,0.58500,0.62272,0.65000,0.66444,0.67654,0.69333,0.74880,0.76729,0.76880,0.77037,0.77538,0.77785,0.78000,0.78766,0.80793,0.80889,0.81250,0.81640,0.82276,0.82333,0.83200,0.84741,0.84927,0.85280,0.89440
MPCCount,6,10,4,1,1,18,1,1,21,10,1,1,1,1,1,9,1,1,2,1,1,1,1,1,1,1,1,1
Typed Out Degree
EGenericType eTypeParameter,1
EClass eTypeParameters,2,1,1,1,1
EPackage eSuperPackage,1,1
EReference eKeys,3,3,1,1,3,1,2,1,2,3,1
EDataType eTypeParameters,1
EOperation eContainingClass,1,1,1,1,1,1
EAttribute eContainingClass,1,1,1,1,1,1,1,1,1,1,1,1,1,1,1,1,1,1,1,1,1,1,1
EReference eOpposite,1,1,1,1,1,1,1,1,1,1,1,1,1,1,1,1,1,1,1,1,1,1
EPackage eClassifiers,10,8
EDataType ePackage,1
EAttribute eType,1,1,1,1,1,1,1,1,1,1,1,1,1,1,1,1,1,1,1,1,1,1,1
EOperation eExceptions,2,2
EEnum eLiterals,3,4
EOperation eTypeParameters,1
EParameter eType,1,1,1
EClass eStructuralFeatures,4,4,7,2,1,7,7,4,6,2,3,1,6
EGenericType eClassifier,1
EEnumLiteral eEnum,1,1,1,1,1,1,1
EReference eContainingClass,1,1,1,1,1,1,1,1,1,1,1,1,1,1,1,1,1,1,1,1,1,1,1,1,1,1,1,1,1,1,1
EEnum ePackage,1,1
EClass eSuperTypes,1,1,1,1,1,1,3,1
ETypeParameter eBounds,1
EClass ePackage,1,1,1,1,1,1,1,1,1,1,1,1,1,1,1
EOperation eParameters,1,2
EPackage eSubpackages,2
EClass eOperations,1,1,2,1,1
EParameter eOperation,1,1,1
EReference eType,1,1,1,1,1,1,1,1
EOperation eType,1,1,1
Node Type
EClass,EAttribute,EDataType,EParameter,EGenericType,EOperation,EEnumLiteral,EEnum,EReference,ETypeParameter,EPackage
0.15,0.23000000000000007,0.01,0.03,0.01,0.060000000000000005,0.07,0.02,0.3100000000000001,0.08,0.03
Edge Type
eSuperPackage,eOperation,eUpperBound,eTypeParameter,eSubpackages,eType,eSuperTypes,eParameters,eOpposite,eKeys,eTypeArguments,eModelElement,eAnnotations,ePackage,eLowerBound,eLiterals,details,eStructuralFeatures,eClassifier,eClassifiers,eTypeParameters,eContainingClass,eBounds,eEnum,eOperations,eExceptions
0.007017543859649123,0.010526315789473684,0.0,0.0035087719298245615,0.007017543859649123,0.12982456140350876,0.03508771929824561,0.010526315789473684,0.07719298245614035,0.07368421052631578,0.0,0.0,0.0,0.06315789473684211,0.0,0.02456140350877193,0.0,0.18947368421052632,0.0035087719298245615,0.06315789473684211,0.028070175438596492,0.21052631578947367,0.0035087719298245615,0.02456140350877193,0.021052631578947368,0.014035087719298246
violations,21
