Meta Mode,ecore
Number of Edge types,26
Number Of Nodes,100
State Id,15_1
OutDegreeValue,0,1,2,3,4,5,6,7,8,10,15,16,19,20,22,23
OutDegreeCount,4,13,47,13,7,3,2,2,1,1,1,1,2,1,1,1
NAValue,1,2,3,4,5,6,7,8
NACount,4,9,48,19,8,5,6,1
MPCValue,0.00000,0.35360,0.42250,0.46222,0.46694,0.48286,0.49349,0.49920,0.52000,0.53926,0.56325,0.58240,0.63673,0.65000,0.68871,0.69333,0.69875,0.70462,0.71500,0.72163,0.73689,0.74880,0.76375,0.76408,0.76421,0.76960,0.77538,0.78000,0.78936,0.80427,0.80653,0.81640,0.83200,0.87309
MPCCount,4,1,1,1,3,1,1,1,8,1,1,2,2,15,1,27,1,1,2,1,1,3,1,1,1,1,1,10,1,1,1,1,1,1
Typed Out Degree
EClass eTypeParameters,1,1
EPackage eSuperPackage,1
EReference eKeys,2,2,2,3,3,2,3,2,1,1,3,1,2
EOperation eContainingClass,1,1,1,1
EAttribute eContainingClass,1,1,1,1,1,1,1,1,1,1,1,1,1,1,1,1,1,1,1,1,1,1,1,1
EReference eOpposite,1,1,1,1,1,1,1,1,1,1,1,1,1,1,1
EPackage eClassifiers,22,3
EDataType ePackage,1,1
EAttribute eType,1,1,1,1,1,1,1,1,1,1,1,1,1,1,1,1,1,1,1,1,1
EOperation eExceptions,2,1
EEnum eLiterals,2,2,3
EParameter eType,1
EClass eStructuralFeatures,4,6,6,1,2,3,9,3,6,4,1,2,3,2,3
EGenericType eClassifier,1
EEnumLiteral eEnum,1,1,1,1,1,1,1
EReference eContainingClass,1,1,1,1,1,1,1,1,1,1,1,1,1,1,1,1,1,1,1,1,1,1,1,1,1,1,1,1,1,1,1
EEnum ePackage,1,1,1
EEnum eTypeParameters,1,1
EClass eSuperTypes,1,1,1,1,2,8,11,1,15,12,6,1,10,2,1,2,15,2,2
ETypeParameter eBounds,2
EClass ePackage,1,1,1,1,1,1,1,1,1,1,1,1,1,1,1,1,1,1,1,1
EOperation eParameters,1
EPackage eSubpackages,1
EClass eOperations,1,2,1
EParameter eOperation,1
EReference eType,1,1,1,1,1,1,1,1,1,1,1,1
EOperation eType,1
Node Type
EAttribute,EClass,EDataType,EParameter,EGenericType,EEnumLiteral,EOperation,EEnum,EReference,ETypeParameter,EPackage
0.24000000000000007,0.20000000000000004,0.02,0.01,0.02,0.07,0.04,0.03,0.3100000000000001,0.04,0.02
Edge Type
eSuperPackage,eOperation,eUpperBound,eTypeParameter,eSubpackages,eType,eSuperTypes,eParameters,eOpposite,eKeys,eTypeArguments,eModelElement,eAnnotations,ePackage,eLowerBound,eLiterals,details,eStructuralFeatures,eClassifier,eClassifiers,eTypeParameters,eContainingClass,eBounds,eEnum,eOperations,eExceptions
0.0027247956403269754,0.0027247956403269754,0.0,0.0,0.0027247956403269754,0.09536784741144415,0.2561307901907357,0.0027247956403269754,0.04087193460490463,0.07356948228882834,0.0,0.0,0.0,0.0681198910081744,0.0,0.01907356948228883,0.0,0.14986376021798364,0.0027247956403269754,0.0681198910081744,0.010899182561307902,0.16076294277929154,0.005449591280653951,0.01907356948228883,0.010899182561307902,0.008174386920980926
violations,30
