Meta Mode,ecore
Number of Edge types,26
Number Of Nodes,100
State Id,16_1
OutDegreeValue,0,1,2,3,4,5,6,7,8,9,10,11,12,17
OutDegreeCount,6,11,46,17,6,3,2,1,1,2,1,1,2,1
NAValue,1,2,3,4,5,6,7,8
NACount,4,10,45,21,10,3,4,3
MPCValue,0.00000,0.52000,0.58240,0.58500,0.59944,0.62272,0.63673,0.65000,0.66560,0.69333,0.73917,0.74389,0.74777,0.74880,0.78000,0.79170,0.79974,0.80653,0.80889,0.81391,0.82173,0.82333,0.82512,0.82694,0.83200,0.87309,0.87750
MPCCount,4,12,1,1,1,1,4,17,1,25,1,1,1,7,7,1,1,1,3,1,1,1,1,1,3,1,1
Typed Out Degree
EGenericType eTypeParameter,1,1
EClass eTypeParameters,1,1,1,1
EPackage eSuperPackage,1
EReference eKeys,2,2,2,1,1,2,1,2,1,2,2,1,2,4,2,2,1
EDataType eTypeParameters,1
EOperation eContainingClass,1,1,1,1,1,1,1
EAttribute eContainingClass,1,1,1,1,1,1,1,1,1,1,1,1,1,1,1,1,1,1,1,1,1,1,1,1
EReference eOpposite,1,1,1,1,1,1,1,1,1,1,1,1
EPackage eClassifiers,11,8
EDataType ePackage,1
EAttribute eType,1,1,1,1,1,1,1,1,1,1,1,1,1,1,1,1,1,1,1,1,1
EOperation eExceptions,1,2,1,2
EEnum eLiterals,4,1
EOperation eTypeParameters,1
EParameter eType,1,1,1,1
EClass eStructuralFeatures,3,1,1,3,5,7,7,6,1,3,4,7,5
EGenericType eClassifier,1,1
EEnumLiteral eEnum,1,1,1,1,1
EReference eContainingClass,1,1,1,1,1,1,1,1,1,1,1,1,1,1,1,1,1,1,1,1,1,1,1,1,1,1,1,1,1
EEnum ePackage,1,1,1
EEnum eTypeParameters,2
EClass eSuperTypes,3,1,4,8,4,3,1,2
ETypeParameter eBounds,1,1
EClass ePackage,1,1,1,1,1,1,1,1,1,1,1,1,1,1,1
EOperation eParameters,1,2,1
EPackage eSubpackages,1
EClass eOperations,1,1,1,2,1,1
EParameter eOperation,1,1,1,1
EReference eType,1,1,1,1,1,1,1
EOperation eType,1,1
Node Type
EAttribute,EClass,EDataType,EParameter,EGenericType,EEnumLiteral,EOperation,EEnum,EReference,ETypeParameter,EPackage
0.24000000000000007,0.15,0.01,0.04,0.02,0.05,0.07,0.03,0.2900000000000001,0.08,0.02
Edge Type
eSuperPackage,eOperation,eUpperBound,eTypeParameter,eSubpackages,eType,eSuperTypes,eParameters,eOpposite,eKeys,eTypeArguments,eModelElement,eAnnotations,ePackage,eLowerBound,eLiterals,details,eStructuralFeatures,eClassifier,eClassifiers,eTypeParameters,eContainingClass,eBounds,eEnum,eOperations,eExceptions
0.0033333333333333335,0.013333333333333334,0.0,0.006666666666666667,0.0033333333333333335,0.11333333333333333,0.08666666666666667,0.013333333333333334,0.04,0.1,0.0,0.0,0.0,0.06333333333333334,0.0,0.016666666666666666,0.0,0.17666666666666667,0.006666666666666667,0.06333333333333334,0.02666666666666667,0.2,0.006666666666666667,0.016666666666666666,0.023333333333333334,0.02
violations,17
