Meta Mode,ecore
Number of Edge types,26
Number Of Nodes,100
State Id,17_1
OutDegreeValue,0,1,2,3,4,5,6,7,9,10,16,17
OutDegreeCount,7,11,47,13,8,2,4,2,2,2,1,1
NAValue,1,2,3,4,5,6,7,8
NACount,7,9,41,25,6,6,5,1
MPCValue,0.00000,0.52000,0.58240,0.62796,0.63673,0.65000,0.66444,0.66560,0.68760,0.69333,0.72163,0.73917,0.74880,0.75111,0.75207,0.78000,0.78215,0.78310,0.78812,0.80653,0.80889,0.81120,0.81784,0.82815,0.83778,0.87309
MPCCount,7,9,5,1,1,17,1,1,1,19,1,3,8,3,1,10,1,1,1,2,1,1,1,1,2,1
Typed Out Degree
EGenericType eTypeParameter,1,1
EClass eTypeParameters,1,1,1,1,1,1
EPackage eSuperPackage,1,1
EGenericType eTypeArguments,1
EReference eKeys,2,2,1,3,2,3,2,2,2,2,1,2,2
EDataType eTypeParameters,1,1
EOperation eContainingClass,1,1
EAttribute eContainingClass,1,1,1,1,1,1,1,1,1,1,1,1,1,1,1,1,1,1,1,1,1,1,1
EReference eOpposite,1,1,1,1,1,1,1,1,1,1,1,1,1,1,1,1,1,1
EPackage eClassifiers,5,15,2
EDataType ePackage,1,1
EAttribute eType,1,1,1,1,1,1,1,1,1,1,1,1,1,1,1,1,1,1,1,1,1
EOperation eExceptions,2
EEnum eLiterals,3,4
EParameter eType,1
EClass eStructuralFeatures,5,2,2,2,7,4,5,5,2,9,2,4,2,1,1
EGenericType eClassifier,1,1
EEnumLiteral eEnum,1,1,1,1,1,1,1
EReference eContainingClass,1,1,1,1,1,1,1,1,1,1,1,1,1,1,1,1,1,1,1,1,1,1,1,1,1,1,1,1,1,1
EEnum ePackage,1,1
EClass eSuperTypes,4,3,1,1,3,1,3,6,3,2,2,2,1,1
ETypeParameter eBounds,2,1
EClass ePackage,1,1,1,1,1,1,1,1,1,1,1,1,1,1,1,1,1,1
EOperation eParameters,1
EPackage eSubpackages,2
EClass eOperations,1,1
EParameter eOperation,1
EReference eType,1,1,1
EOperation eType,1
Node Type
EAttribute,EClass,EDataType,EParameter,EGenericType,EEnumLiteral,EOperation,EEnum,EReference,ETypeParameter,EPackage
0.23000000000000007,0.18000000000000002,0.02,0.01,0.04,0.07,0.02,0.02,0.3000000000000001,0.08,0.03
Edge Type
eSuperPackage,eOperation,eUpperBound,eTypeParameter,eSubpackages,eType,eSuperTypes,eParameters,eOpposite,eKeys,eTypeArguments,eModelElement,eAnnotations,ePackage,eLowerBound,eLiterals,details,eStructuralFeatures,eClassifier,eClassifiers,eTypeParameters,eContainingClass,eBounds,eEnum,eOperations,eExceptions
0.006779661016949152,0.003389830508474576,0.0,0.006779661016949152,0.006779661016949152,0.08813559322033898,0.11186440677966102,0.003389830508474576,0.061016949152542375,0.08813559322033898,0.003389830508474576,0.0,0.0,0.07457627118644068,0.0,0.023728813559322035,0.0,0.17966101694915254,0.006779661016949152,0.07457627118644068,0.02711864406779661,0.1864406779661017,0.010169491525423728,0.023728813559322035,0.006779661016949152,0.006779661016949152
violations,24
