Meta Mode,ecore
Number of Edge types,26
Number Of Nodes,100
State Id,18_1
OutDegreeValue,0,1,2,3,4,5,6,7,8,9,10,11,17,19
OutDegreeCount,8,8,48,13,8,1,2,3,2,2,1,1,2,1
NAValue,1,2,3,4,5,6,7,8
NACount,7,8,44,15,13,5,6,2
MPCValue,0.00000,0.49920,0.52000,0.53926,0.57758,0.58240,0.63673,0.65000,0.66444,0.66765,0.69333,0.71500,0.73185,0.74880,0.75931,0.76308,0.76408,0.76440,0.77928,0.78000,0.78639,0.79040,0.79592,0.80653,0.81203,0.81250,0.82048,0.82333,0.83200,0.84500,0.85280,0.88111
MPCCount,7,1,8,1,1,7,3,11,1,2,27,2,1,2,1,1,1,1,1,4,1,1,1,1,1,1,1,1,6,1,1,1
Typed Out Degree
EGenericType eTypeParameter,1
EClass eTypeParameters,1,1,2,1,1,1
EPackage eSuperPackage,1
EReference eKeys,2,3,2,2,1,2,1,2,1,4,5,1,2,3
EDataType eTypeParameters,1
EOperation eContainingClass,1,1,1,1,1,1
EAttribute eContainingClass,1,1,1,1,1,1,1,1,1,1,1,1,1,1,1,1,1,1,1,1,1,1,1
EReference eOpposite,1,1,1,1,1,1,1,1,1,1,1,1,1,1,1,1,1
EPackage eClassifiers,5,16
EDataType ePackage,1
EAttribute eType,1,1,1,1,1,1,1,1,1,1,1,1,1,1,1,1,1,1,1,1,1,1
EEnum eLiterals,3
EOperation eTypeParameters,1
EParameter eType,1,1
EClass eStructuralFeatures,3,1,3,2,2,1,3,2,6,9,3,5,2,4,4,2,2
EGenericType eClassifier,1,1
EEnumLiteral eEnum,1,1,1
EReference eContainingClass,1,1,1,1,1,1,1,1,1,1,1,1,1,1,1,1,1,1,1,1,1,1,1,1,1,1,1,1,1,1,1
EEnum ePackage,1,1
EEnum eTypeParameters,1
EClass eSuperTypes,3,1,5,3,9,7,3,5,2,5
ETypeParameter eBounds,1,1
EClass ePackage,1,1,1,1,1,1,1,1,1,1,1,1,1,1,1,1,1,1
EOperation eParameters,1,1
EPackage eSubpackages,1
EClass eOperations,1,1,1,1,1,1
EParameter eOperation,1,1
EReference eType,1,1,1,1,1,1,1,1,1,1,1,1
EOperation eType,1,1,1,1,1
Node Type
EClass,EAttribute,EDataType,EParameter,EGenericType,EOperation,EEnumLiteral,EEnum,EReference,EPackage,ETypeParameter
0.18000000000000002,0.23000000000000007,0.01,0.02,0.02,0.060000000000000005,0.03,0.02,0.3100000000000001,0.02,0.09999999999999999
Edge Type
eSuperPackage,eOperation,eUpperBound,eTypeParameter,eSubpackages,eType,eSuperTypes,eParameters,eOpposite,eKeys,eTypeArguments,eModelElement,eAnnotations,ePackage,eLowerBound,eLiterals,details,eStructuralFeatures,eClassifier,eClassifiers,eTypeParameters,eContainingClass,eBounds,eEnum,eOperations,eExceptions
0.003115264797507788,0.006230529595015576,0.0,0.003115264797507788,0.003115264797507788,0.1277258566978193,0.13395638629283488,0.006230529595015576,0.0529595015576324,0.09657320872274143,0.0,0.0,0.0,0.06542056074766354,0.0,0.009345794392523364,0.0,0.16822429906542055,0.006230529595015576,0.06542056074766354,0.03115264797507788,0.18691588785046728,0.006230529595015576,0.009345794392523364,0.018691588785046728,0.0
violations,23
