Meta Mode,ecore
Number of Edge types,26
Number Of Nodes,100
State Id,19_1
OutDegreeValue,0,1,2,3,4,5,6,7,8,10,11,12,16
OutDegreeCount,8,7,53,14,4,4,2,2,2,1,1,1,1
NAValue,1,2,3,4,5,6,7,8,9
NACount,6,9,45,23,6,7,2,1,1
MPCValue,0.00000,0.52000,0.58094,0.58240,0.63556,0.63673,0.65000,0.66444,0.69333,0.71885,0.74880,0.77538,0.77653,0.78000,0.78874,0.79819,0.80653,0.80889,0.81329,0.82333,0.82462,0.82512,0.83200,0.83571,0.84927,0.86667
MPCCount,6,9,1,4,1,3,16,1,25,1,4,1,1,13,1,1,2,1,1,1,1,1,2,1,1,1
Typed Out Degree
EGenericType eTypeParameter,1,1,1,1,1
EClass eTypeParameters,2,1,2
EPackage eSuperPackage,1
EReference eKeys,2,2,2,2,1,1,2,2,2,2,1,1
EDataType eTypeParameters,1,1,2
EOperation eContainingClass,1,1,1,1,1,1,1
EAttribute eContainingClass,1,1,1,1,1,1,1,1,1,1,1,1,1,1,1,1,1,1,1,1,1,1
EReference eOpposite,1,1,1,1,1,1,1,1,1,1,1,1,1,1,1,1,1,1,1,1,1,1,1,1,1,1
EPackage eClassifiers,15
EDataType ePackage,1,1,1
EAttribute eType,1,1,1,1,1,1,1,1,1,1,1,1,1,1,1,1,1,1,1,1,1,1
EOperation eExceptions,1,2,1
EEnum eLiterals,4
EOperation eTypeParameters,1,1
EParameter eType,1,1
EClass eStructuralFeatures,5,2,6,9,7,3,4,8,3,2,5
EGenericType eClassifier,1,1,1,1
EEnumLiteral eEnum,1,1,1,1
EReference eContainingClass,1,1,1,1,1,1,1,1,1,1,1,1,1,1,1,1,1,1,1,1,1,1,1,1,1,1,1,1,1,1,1,1
EEnum ePackage,1
EGenericType eUpperBound,1
EClass eSuperTypes,1,2,1,1,2
ETypeParameter eBounds,1,1,2
EClass ePackage,1,1,1,1,1,1,1,1,1,1,1
EOperation eParameters,1,1
EPackage eSubpackages,1
EClass eOperations,2,2,1,2
EParameter eOperation,1,1
EReference eType,1,1,1,1,1,1,1
EOperation eType,1,1,1
Node Type
EAttribute,EClass,EDataType,EParameter,EGenericType,EEnumLiteral,EOperation,EEnum,EReference,ETypeParameter,EPackage
0.22000000000000006,0.10999999999999999,0.03,0.02,0.05,0.04,0.07,0.01,0.3200000000000001,0.10999999999999999,0.02
Edge Type
eSuperPackage,eOperation,eUpperBound,eTypeParameter,eSubpackages,eType,eSuperTypes,eParameters,eOpposite,eKeys,eTypeArguments,eModelElement,eAnnotations,ePackage,eLowerBound,eLiterals,details,eStructuralFeatures,eClassifier,eClassifiers,eTypeParameters,eContainingClass,eBounds,eEnum,eOperations,eExceptions
0.0035460992907801418,0.0070921985815602835,0.0035460992907801418,0.01773049645390071,0.0035460992907801418,0.12056737588652482,0.024822695035460994,0.0070921985815602835,0.09219858156028368,0.07092198581560284,0.0,0.0,0.0,0.05319148936170213,0.0,0.014184397163120567,0.0,0.19148936170212766,0.014184397163120567,0.05319148936170213,0.03900709219858156,0.21631205673758866,0.014184397163120567,0.014184397163120567,0.024822695035460994,0.014184397163120567
violations,23
