Meta Mode,ecore
Number of Edge types,26
Number Of Nodes,100
State Id,1_1
OutDegreeValue,0,1,2,3,4,5,6,7,8,10,15
OutDegreeCount,7,8,54,14,4,3,3,4,1,1,1
NAValue,1,2,3,4,5,6,7
NACount,4,9,49,20,6,7,5
MPCValue,0.00000,0.46222,0.52000,0.58240,0.63673,0.64018,0.64735,0.65000,0.68862,0.69333,0.73917,0.74880,0.77653,0.78000,0.79074,0.79502,0.81231,0.82048,0.82063,0.82512,0.82776,0.83200,0.84741,0.84898
MPCCount,4,1,8,5,3,1,1,17,1,28,1,6,1,10,1,1,1,1,1,1,1,3,2,1
Typed Out Degree
EGenericType eTypeParameter,1,1,1
EClass eTypeParameters,1,1,1,1
EPackage eSuperPackage,1,1
EReference eKeys,1,2,2,2,1,3,2,1,2,2
EDataType eTypeParameters,1
EOperation eContainingClass,1,1,1,1,1,1,1,1
EAttribute eContainingClass,1,1,1,1,1,1,1,1,1,1,1,1,1,1,1,1,1,1,1,1,1,1
EReference eOpposite,1,1,1,1,1,1,1,1,1,1,1,1,1,1,1,1,1,1
EPackage eClassifiers,13,1,6
EDataType ePackage,1,1
EAttribute eType,1,1,1,1,1,1,1,1,1,1,1,1,1,1,1,1,1,1,1,1,1
EOperation eExceptions,1
EEnum eLiterals,3
EOperation eTypeParameters,1,1,1,1
EParameter eType,1
EClass eStructuralFeatures,1,3,4,5,3,3,4,6,1,4,4,8,2,4,1
EGenericType eClassifier,1,1,1
EEnumLiteral eEnum,1,1,1
EReference eContainingClass,1,1,1,1,1,1,1,1,1,1,1,1,1,1,1,1,1,1,1,1,1,1,1,1,1,1,1,1,1,1,1
EEnum ePackage,1,1
EClass eSuperTypes,1,2
ETypeParameter eBounds,2,1
EClass ePackage,1,1,1,1,1,1,1,1,1,1,1,1,1,1,1,1
EOperation eParameters,1
EPackage eSubpackages,1,1
EClass eOperations,1,1,3,1,1,1
EParameter eOperation,1
EReference eType,1,1,1,1,1,1,1,1,1,1,1
EOperation eType,1,1,1
Node Type
EAttribute,EClass,EDataType,EParameter,EGenericType,EOperation,EEnumLiteral,EEnum,EReference,ETypeParameter,EPackage
0.22000000000000006,0.16,0.02,0.01,0.03,0.08,0.03,0.02,0.3100000000000001,0.09,0.03
Edge Type
eSuperPackage,eOperation,eUpperBound,eTypeParameter,eSubpackages,eType,eSuperTypes,eParameters,eOpposite,eKeys,eTypeArguments,eModelElement,eAnnotations,ePackage,eLowerBound,eLiterals,details,eStructuralFeatures,eClassifier,eClassifiers,eTypeParameters,eContainingClass,eBounds,eEnum,eOperations,eExceptions
0.007462686567164179,0.0037313432835820895,0.0,0.011194029850746268,0.007462686567164179,0.13432835820895522,0.011194029850746268,0.0037313432835820895,0.06716417910447761,0.06716417910447761,0.0,0.0,0.0,0.07462686567164178,0.0,0.011194029850746268,0.0,0.19776119402985073,0.011194029850746268,0.07462686567164178,0.033582089552238806,0.22761194029850745,0.011194029850746268,0.011194029850746268,0.029850746268656716,0.0037313432835820895
violations,15
