Meta Mode,ecore
Number of Edge types,26
Number Of Nodes,100
State Id,20_1
OutDegreeValue,0,1,2,3,4,5,7,8,9,10,11,13,15,18
OutDegreeCount,6,10,48,13,8,4,1,3,2,1,1,1,1,1
NAValue,1,2,3,4,5,6,7,8
NACount,6,8,45,19,9,5,7,1
MPCValue,0.00000,0.46222,0.52000,0.58240,0.58500,0.59385,0.63375,0.63673,0.65000,0.65796,0.68250,0.69333,0.72800,0.74880,0.75111,0.76408,0.76556,0.77037,0.77767,0.78000,0.79504,0.79512,0.79710,0.80889,0.81250,0.83200,0.83866,0.84898,0.87360,0.87750,0.89440
MPCCount,6,1,7,4,1,1,1,1,18,1,1,24,1,5,1,1,1,1,1,9,1,1,1,1,1,4,1,1,1,1,1
Typed Out Degree
EClass eTypeParameters,1,1,1
EPackage eSuperPackage,1
EGenericType eTypeArguments,1
EReference eKeys,1,1,3,1,2,1,2,2,2,2,1,2,1,3
EOperation eContainingClass,1,1,1,1,1,1,1,1
EAttribute eContainingClass,1,1,1,1,1,1,1,1,1,1,1,1,1,1,1,1,1,1,1,1,1,1,1
EReference eOpposite,1,1,1,1,1,1,1,1,1,1,1,1,1,1,1,1,1,1
EPackage eClassifiers,12,7
EDataType ePackage,1
EAttribute eType,1,1,1,1,1,1,1,1,1,1,1,1,1,1,1,1,1,1,1,1,1
EOperation eExceptions,2
EEnum eLiterals,4
EOperation eTypeParameters,1,2
EParameter eType,1,1,1
EClass eStructuralFeatures,1,3,2,2,2,1,1,6,5,3,5,6,1,6,6,4
EGenericType eClassifier,1,1
EEnumLiteral eEnum,1,1,1,1
EReference eContainingClass,1,1,1,1,1,1,1,1,1,1,1,1,1,1,1,1,1,1,1,1,1,1,1,1,1,1,1,1,1,1,1
EEnum ePackage,1
EClass eSuperTypes,1,4,1,1,10,5,1,8,4,2,3,2
ETypeParameter eBounds,2,1
EClass ePackage,1,1,1,1,1,1,1,1,1,1,1,1,1,1,1,1,1
EOperation eParameters,2,1
EPackage eSubpackages,1
EClass eOperations,1,2,1,1,2,1
EParameter eOperation,1,1,1
EReference eType,1,1,1,1,1,1,1,1,1
EOperation eType,1,1,1,1
Node Type
EClass,EAttribute,EDataType,EParameter,EGenericType,EEnumLiteral,EOperation,EEnum,EReference,ETypeParameter,EPackage
0.17,0.23000000000000007,0.01,0.03,0.04,0.04,0.08,0.01,0.3100000000000001,0.060000000000000005,0.02
Edge Type
eSuperPackage,eOperation,eUpperBound,eTypeParameter,eSubpackages,eType,eSuperTypes,eParameters,eOpposite,eKeys,eTypeArguments,eModelElement,eAnnotations,ePackage,eLowerBound,eLiterals,details,eStructuralFeatures,eClassifier,eClassifiers,eTypeParameters,eContainingClass,eBounds,eEnum,eOperations,eExceptions
0.003194888178913738,0.009584664536741214,0.0,0.0,0.003194888178913738,0.1182108626198083,0.134185303514377,0.009584664536741214,0.05750798722044728,0.07667731629392971,0.003194888178913738,0.0,0.0,0.06070287539936102,0.0,0.012779552715654952,0.0,0.17252396166134185,0.006389776357827476,0.06070287539936102,0.019169329073482427,0.19808306709265175,0.009584664536741214,0.012779552715654952,0.025559105431309903,0.006389776357827476
violations,21
