Meta Mode,ecore
Number of Edge types,26
Number Of Nodes,100
State Id,21_1
OutDegreeValue,0,1,2,3,4,5,6,8,9,10,11,21
OutDegreeCount,7,9,48,15,7,5,2,2,2,1,1,1
NAValue,1,2,3,4,5,6,7,8
NACount,6,6,48,18,10,5,4,3
MPCValue,0.00000,0.52000,0.56717,0.58240,0.63673,0.65000,0.68250,0.69333,0.73956,0.74880,0.76556,0.77037,0.77538,0.78000,0.79710,0.80653,0.80889,0.80998,0.82534,0.83200,0.84208,0.84898,0.85280,0.85370,0.86667,0.87360,0.87385
MPCCount,6,8,1,5,2,18,2,24,1,4,1,1,1,9,1,2,1,1,1,3,1,2,1,1,1,1,1
Typed Out Degree
EGenericType eTypeParameter,1,1
EClass eTypeParameters,1,1,1,1,1,1,1,1
EPackage eSuperPackage,1
EReference eKeys,1,2,2,3,2,2,3,3,1,2,1,2
EOperation eContainingClass,1,1,1,1,1,1,1,1
EAttribute eContainingClass,1,1,1,1,1,1,1,1,1,1,1,1,1,1,1,1,1,1,1,1,1,1,1
EReference eOpposite,1,1,1,1,1,1,1,1,1,1,1,1,1,1,1,1
EPackage eClassifiers,20,1
EDataType ePackage,1
EAttribute eType,1,1,1,1,1,1,1,1,1,1,1,1,1,1,1,1,1,1,1,1,1
EOperation eExceptions,2,2
EEnum eLiterals,4
EParameter eType,1,1,1
EClass eStructuralFeatures,2,5,3,1,5,2,3,6,5,4,6,1,2,6,1
EGenericType eClassifier,1,1
EEnumLiteral eEnum,1,1,1,1
EReference eContainingClass,1,1,1,1,1,1,1,1,1,1,1,1,1,1,1,1,1,1,1,1,1,1,1,1,1,1,1,1,1
EEnum ePackage,1,1
EClass eSuperTypes,1,1,1,1,2,1,3,3,2,1
ETypeParameter eBounds,2
EClass ePackage,1,1,1,1,1,1,1,1,1,1,1,1,1,1,1,1,1,1
EOperation eParameters,2,1
EPackage eSubpackages,1
EClass eOperations,1,1,1,1,1,1,2
EParameter eOperation,1,1,1
EReference eType,1,1,1,1,1,1,1,1,1,1,1
EOperation eType,1,1,1,1
Node Type
EAttribute,EClass,EDataType,EParameter,EGenericType,EEnumLiteral,EOperation,EEnum,EReference,ETypeParameter,EPackage
0.23000000000000007,0.18000000000000002,0.01,0.03,0.02,0.04,0.08,0.02,0.2900000000000001,0.08,0.02
Edge Type
eSuperPackage,eOperation,eUpperBound,eTypeParameter,eSubpackages,eType,eSuperTypes,eParameters,eOpposite,eKeys,eTypeArguments,eModelElement,eAnnotations,ePackage,eLowerBound,eLiterals,details,eStructuralFeatures,eClassifier,eClassifiers,eTypeParameters,eContainingClass,eBounds,eEnum,eOperations,eExceptions
0.003436426116838488,0.010309278350515464,0.0,0.006872852233676976,0.003436426116838488,0.13402061855670103,0.054982817869415807,0.010309278350515464,0.054982817869415807,0.08247422680412371,0.0,0.0,0.0,0.07216494845360824,0.0,0.013745704467353952,0.0,0.17869415807560138,0.006872852233676976,0.07216494845360824,0.027491408934707903,0.20618556701030927,0.006872852233676976,0.013745704467353952,0.027491408934707903,0.013745704467353952
violations,23
