Meta Mode,ecore
Number of Edge types,26
Number Of Nodes,100
State Id,22_1
OutDegreeValue,0,1,2,3,4,5,6,7,8,13,14,15,20
OutDegreeCount,8,8,52,15,4,3,3,1,1,2,1,1,1
NAValue,1,2,3,4,5,6,7,8
NACount,7,7,45,20,8,5,4,4
MPCValue,0.00000,0.52000,0.56940,0.58240,0.58500,0.63673,0.65000,0.66765,0.69333,0.74880,0.75111,0.76752,0.77037,0.78000,0.80889,0.80923,0.81250,0.81538,0.81846,0.82160,0.83200,0.84231,0.84923,0.85370,0.86667,0.89143
MPCCount,7,7,1,5,1,1,19,1,21,4,2,1,3,12,2,1,1,1,1,1,3,1,1,1,1,1
Typed Out Degree
EGenericType eTypeParameter,1,1
EClass eTypeParameters,1,1,1,1,2
EPackage eSuperPackage,1
EReference eKeys,2,5,2,2,2,2,1,2,2,2,2
EDataType eTypeParameters,1
EOperation eContainingClass,1,1,1,1,1,1
EAttribute eContainingClass,1,1,1,1,1,1,1,1,1,1,1,1,1,1,1,1,1,1,1,1,1,1
EReference eOpposite,1,1,1,1,1,1,1,1,1,1,1,1,1,1,1,1,1,1,1,1,1,1
EPackage eClassifiers,19,1
EDataType ePackage,1
EAttribute eType,1,1,1,1,1,1,1,1,1,1,1,1,1,1,1,1,1,1,1,1,1
EOperation eExceptions,3
EEnum eLiterals,1,3
EOperation eTypeParameters,1,1,1
EParameter eType,1,1
EClass eStructuralFeatures,1,4,7,1,3,4,1,2,9,2,2,3,5,4,5
EGenericType eClassifier,1,1
EEnumLiteral eEnum,1,1,1,1
EReference eContainingClass,1,1,1,1,1,1,1,1,1,1,1,1,1,1,1,1,1,1,1,1,1,1,1,1,1,1,1,1,1,1,1
EEnum ePackage,1,1
EClass eSuperTypes,1,3,2,7,1,1,3,1,1,6,1,1
ETypeParameter eBounds,1,1,1
EClass ePackage,1,1,1,1,1,1,1,1,1,1,1,1,1,1,1,1,1
EOperation eParameters,1,1
EPackage eSubpackages,1
EClass eOperations,1,2,1,1,1
EParameter eOperation,1,1
EReference eType,1,1,1,1
EOperation eType,1,1,1
Node Type
EAttribute,EClass,EDataType,EParameter,EGenericType,EOperation,EEnumLiteral,EEnum,EReference,EPackage,ETypeParameter
0.22000000000000006,0.17,0.01,0.02,0.03,0.060000000000000005,0.04,0.02,0.3100000000000001,0.02,0.09999999999999999
Edge Type
eSuperPackage,eOperation,eUpperBound,eTypeParameter,eSubpackages,eType,eSuperTypes,eParameters,eOpposite,eKeys,eTypeArguments,eModelElement,eAnnotations,ePackage,eLowerBound,eLiterals,details,eStructuralFeatures,eClassifier,eClassifiers,eTypeParameters,eContainingClass,eBounds,eEnum,eOperations,eExceptions
0.0033783783783783786,0.006756756756756757,0.0,0.006756756756756757,0.0033783783783783786,0.10135135135135136,0.0945945945945946,0.006756756756756757,0.07432432432432433,0.08108108108108109,0.0,0.0,0.0,0.06756756756756757,0.0,0.013513513513513514,0.0,0.17905405405405406,0.006756756756756757,0.06756756756756757,0.033783783783783786,0.19932432432432431,0.010135135135135136,0.013513513513513514,0.02027027027027027,0.010135135135135136
violations,24
