Meta Mode,ecore
Number of Edge types,26
Number Of Nodes,100
State Id,23_1
OutDegreeValue,0,1,2,3,4,5,6,7,8,11,12,14,15,16,19
OutDegreeCount,7,11,47,11,7,3,5,1,1,1,1,1,1,2,1
NAValue,1,2,3,4,5,6,7,8,9
NACount,6,9,43,21,8,5,4,3,1
MPCValue,0.00000,0.52000,0.58094,0.58240,0.58500,0.60938,0.63673,0.65000,0.66444,0.66765,0.67692,0.69333,0.72741,0.73921,0.74880,0.75111,0.76375,0.76408,0.77183,0.77653,0.78000,0.79074,0.79271,0.80653,0.80889,0.81784,0.82333,0.82776,0.83200,0.83720,0.84898,0.85973
MPCCount,6,9,1,6,1,1,2,13,1,1,1,26,1,1,8,1,1,1,1,1,5,1,1,1,1,1,1,1,2,1,1,1
Typed Out Degree
EReference eContainingClass,1,1,1,1,1,1,1,1,1,1,1,1,1,1,1,1,1,1,1,1,1,1,1,1,1,1,1,1,1,1,1
EGenericType eTypeParameter,1,1
EEnum ePackage,1,1
EClass eTypeParameters,2,1,1,2,1,1,1
EPackage eSuperPackage,1
EClass eSuperTypes,6,7,5,4,9,8,2,7,1,3,1,1
ETypeParameter eBounds,1,1
EReference eKeys,1,3,2,3,2,2,3,1,2,2,1,2,1,2,2
EClass ePackage,1,1,1,1,1,1,1,1,1,1,1,1,1,1,1,1,1
EOperation eContainingClass,1,1,1,1,1,1
EAttribute eContainingClass,1,1,1,1,1,1,1,1,1,1,1,1,1,1,1,1,1,1,1,1,1,1,1
EPackage eSubpackages,1
EReference eOpposite,1,1,1,1,1,1,1,1,1,1,1,1,1,1,1,1,1,1
EPackage eClassifiers,5,15
EDataType ePackage,1
EAttribute eType,1,1,1,1,1,1,1,1,1,1,1,1,1,1,1,1,1,1,1,1,1,1
EClass eOperations,1,1,1,1,1,1
EOperation eExceptions,2,1
EEnum eLiterals,4,3
EReference eType,1,1,1,1,1,1,1,1
EClass eStructuralFeatures,1,2,6,1,4,8,5,2,5,4,3,4,2,5,1,1
EGenericType eClassifier,1,1
EEnumLiteral eEnum,1,1,1,1,1,1,1
EOperation eType,1,1,1,1
Node Type
EClass,EAttribute,EDataType,EGenericType,EOperation,EEnumLiteral,EEnum,EReference,EPackage,ETypeParameter
0.17,0.23000000000000007,0.01,0.02,0.060000000000000005,0.07,0.02,0.3100000000000001,0.02,0.09
Edge Type
eSuperPackage,eOperation,eUpperBound,eTypeParameter,eSubpackages,eType,eSuperTypes,eParameters,eOpposite,eKeys,eTypeArguments,eModelElement,eAnnotations,ePackage,eLowerBound,eLiterals,details,eStructuralFeatures,eClassifier,eClassifiers,eTypeParameters,eContainingClass,eBounds,eEnum,eOperations,eExceptions
0.00303951367781155,0.0,0.0,0.0060790273556231,0.00303951367781155,0.1033434650455927,0.1641337386018237,0.0,0.0547112462006079,0.08814589665653495,0.0,0.0,0.0,0.060790273556231005,0.0,0.02127659574468085,0.0,0.1641337386018237,0.0060790273556231,0.060790273556231005,0.02735562310030395,0.182370820668693,0.0060790273556231,0.02127659574468085,0.0182370820668693,0.00911854103343465
violations,23
