Meta Mode,ecore
Number of Edge types,26
Number Of Nodes,100
State Id,24_1
OutDegreeValue,0,1,2,3,4,5,6,7,9,11,13,15
OutDegreeCount,7,11,51,10,9,3,1,1,3,2,1,1
NAValue,1,2,3,4,5,6,7,8
NACount,5,10,43,23,9,2,5,3
MPCValue,0.00000,0.46222,0.52000,0.58240,0.58471,0.63673,0.64735,0.65000,0.67041,0.67654,0.69333,0.74880,0.75111,0.75385,0.77165,0.78000,0.79560,0.80089,0.80653,0.80889,0.81231,0.83200,0.83417,0.83837,0.86667,0.87360,0.87750
MPCCount,5,1,11,4,1,3,1,14,1,1,23,9,1,1,1,8,1,1,1,3,1,3,1,1,1,1,1
Typed Out Degree
EGenericType eTypeParameter,1,1,1,1
EClass eTypeParameters,2,1,1,1,1
EPackage eSuperPackage,1
EReference eKeys,2,1,2,2,2,2,1,2,1,2,2,1
EDataType eTypeParameters,1,1
EOperation eContainingClass,1,1,1,1,1,1
EAttribute eContainingClass,1,1,1,1,1,1,1,1,1,1,1,1,1,1,1,1,1,1,1,1
EReference eOpposite,1,1,1,1,1,1,1,1,1,1,1,1,1,1,1,1,1,1,1,1,1,1,1,1,1
EPackage eClassifiers,1,14
EDataType ePackage,1,1,1
EAttribute eType,1,1,1,1,1,1,1,1,1,1,1,1,1,1,1,1,1,1,1,1
EOperation eExceptions,2,1
EEnum eLiterals,7
EOperation eTypeParameters,1
EParameter eType,1,1,1,1,1
EClass eStructuralFeatures,8,6,10,5,6,1,6,4,4,1
EGenericType eClassifier,1,1,1,1
EEnumLiteral eEnum,1,1,1,1,1,1,1
EReference eContainingClass,1,1,1,1,1,1,1,1,1,1,1,1,1,1,1,1,1,1,1,1,1,1,1,1,1,1,1,1,1,1,1
EEnum ePackage,1,1
EEnum eTypeParameters,1
EClass eSuperTypes,4,1,1
ETypeParameter eBounds,2,1,1
EClass ePackage,1,1,1,1,1,1,1,1,1,1
EOperation eParameters,1,1,2,1
EPackage eSubpackages,1
EClass eOperations,2,1,1,1,1
EParameter eOperation,1,1,1,1,1
EReference eType,1,1,1,1,1,1,1,1,1
EOperation eType,1,1,1,1
Node Type
EClass,EAttribute,EDataType,EParameter,EGenericType,EOperation,EEnumLiteral,EEnum,EReference,EPackage,ETypeParameter
0.09999999999999999,0.20000000000000004,0.03,0.05,0.04,0.060000000000000005,0.07,0.02,0.3100000000000001,0.02,0.09999999999999999
Edge Type
eSuperPackage,eOperation,eUpperBound,eTypeParameter,eSubpackages,eType,eSuperTypes,eParameters,eOpposite,eKeys,eTypeArguments,eModelElement,eAnnotations,ePackage,eLowerBound,eLiterals,details,eStructuralFeatures,eClassifier,eClassifiers,eTypeParameters,eContainingClass,eBounds,eEnum,eOperations,eExceptions
0.0035211267605633804,0.017605633802816902,0.0,0.014084507042253521,0.0035211267605633804,0.13380281690140844,0.02112676056338028,0.017605633802816902,0.0880281690140845,0.07042253521126761,0.0,0.0,0.0,0.0528169014084507,0.0,0.02464788732394366,0.0,0.1795774647887324,0.014084507042253521,0.0528169014084507,0.035211267605633804,0.2007042253521127,0.014084507042253521,0.02464788732394366,0.02112676056338028,0.01056338028169014
violations,24
