Meta Mode,ecore
Number of Edge types,26
Number Of Nodes,100
State Id,25_1
OutDegreeValue,0,1,2,3,4,5,6,7,8,9,10,18
OutDegreeCount,7,8,49,13,8,4,2,4,1,1,2,1
NAValue,1,2,3,4,5,6,7,8,9
NACount,6,8,46,22,5,5,6,1,1
MPCValue,0.00000,0.42250,0.52000,0.58240,0.63673,0.64735,0.65000,0.68250,0.69333,0.73917,0.74880,0.75111,0.76308,0.77037,0.78000,0.78321,0.79238,0.80653,0.80889,0.81531,0.81817,0.82512,0.83200,0.84927,0.85950,0.86667,0.86840,0.87750,0.89877
MPCCount,6,1,8,7,2,1,16,1,26,1,6,1,1,1,7,1,1,2,1,1,1,1,1,1,1,1,1,1,1
Typed Out Degree
EGenericType eTypeParameter,1,1,1
EClass eTypeParameters,1,1,1,1
EReference eKeys,1,3,6,1,2,2,2,2,1,2,2,3,2,1,1
EOperation eContainingClass,1,1,1,1,1
EAttribute eContainingClass,1,1,1,1,1,1,1,1,1,1,1,1,1,1,1,1,1,1,1,1,1,1,1,1,1
EReference eOpposite,1,1,1,1,1,1,1,1,1,1,1,1,1,1,1,1,1,1,1,1,1
EPackage eClassifiers,18
EDataType ePackage,1
EAttribute eType,1,1,1,1,1,1,1,1,1,1,1,1,1,1,1,1,1,1,1,1,1,1,1,1,1
EOperation eExceptions,1,2
EEnum eLiterals,6
EOperation eTypeParameters,3
EParameter eType,1,1
EClass eStructuralFeatures,4,2,5,3,3,4,3,6,6,1,2,6,1,4,5
EGenericType eClassifier,1,1,1,1
EEnumLiteral eEnum,1,1,1,1,1,1
EReference eContainingClass,1,1,1,1,1,1,1,1,1,1,1,1,1,1,1,1,1,1,1,1,1,1,1,1,1,1,1,1,1,1
EEnum ePackage,1
EGenericType eUpperBound,1
EEnum eTypeParameters,1
EClass eSuperTypes,2,2,1,3,1,1,3
ETypeParameter eBounds,1,3
EClass ePackage,1,1,1,1,1,1,1,1,1,1,1,1,1,1,1,1
EOperation eParameters,2
EClass eOperations,1,1,1,1,1
EParameter eOperation,1,1
EReference eType,1,1,1
EOperation eType,1,1
Node Type
EClass,EAttribute,EDataType,EParameter,EGenericType,EEnumLiteral,EOperation,EEnum,EReference,ETypeParameter,EPackage
0.16,0.25000000000000006,0.01,0.02,0.05,0.060000000000000005,0.05,0.01,0.3000000000000001,0.08,0.01
Edge Type
eSuperPackage,eOperation,eUpperBound,eTypeParameter,eSubpackages,eType,eSuperTypes,eParameters,eOpposite,eKeys,eTypeArguments,eModelElement,eAnnotations,ePackage,eLowerBound,eLiterals,details,eStructuralFeatures,eClassifier,eClassifiers,eTypeParameters,eContainingClass,eBounds,eEnum,eOperations,eExceptions
0.0,0.00684931506849315,0.003424657534246575,0.010273972602739725,0.0,0.1095890410958904,0.04452054794520548,0.00684931506849315,0.07191780821917808,0.10616438356164383,0.0,0.0,0.0,0.06164383561643835,0.0,0.02054794520547945,0.0,0.18835616438356165,0.0136986301369863,0.06164383561643835,0.0273972602739726,0.2054794520547945,0.0136986301369863,0.02054794520547945,0.017123287671232876,0.010273972602739725
violations,18
