Meta Mode,ecore
Number of Edge types,26
Number Of Nodes,100
State Id,26_1
OutDegreeValue,0,1,2,3,4,5,6,7,8,10,12,13,14,15,16,18
OutDegreeCount,11,7,44,12,8,1,2,3,2,1,1,2,1,1,2,2
NAValue,1,2,3,4,5,6,7,8,9
NACount,11,7,37,21,7,11,3,2,1
MPCValue,0.00000,0.38519,0.52000,0.53926,0.58240,0.58500,0.63673,0.65000,0.67167,0.69333,0.70479,0.70891,0.71500,0.72198,0.72569,0.72580,0.74389,0.74880,0.75077,0.75111,0.77846,0.78000,0.78402,0.78578,0.78812,0.79074,0.80793,0.80889,0.81231,0.81640,0.83200,0.84231,0.86667
MPCCount,11,1,8,1,4,3,2,11,1,27,1,1,2,1,1,1,1,4,1,1,1,3,1,1,1,1,1,1,1,1,3,1,1
Typed Out Degree
EGenericType eTypeParameter,1
EClass eTypeParameters,1,1,1,1,1,2
EReference eKeys,1,4,2,7,4,2,3,2,2,3,2,1,5,2,4,1,2,1,1
EDataType eTypeParameters,1,1
EOperation eContainingClass,1,1,1,1,1
EAttribute eContainingClass,1,1,1,1,1,1,1,1,1,1,1,1,1,1,1,1,1,1,1,1,1,1,1,1
EReference eOpposite,1,1,1,1,1,1,1,1,1,1,1,1,1,1,1
EPackage eClassifiers,18
EDataType ePackage,1,1
EAttribute eType,1,1,1,1,1,1,1,1,1,1,1,1,1,1,1,1,1,1,1,1,1,1,1
EOperation eExceptions,1,1
EEnum eLiterals,5
EOperation eTypeParameters,1,1
EParameter eType,1,1,1
EClass eStructuralFeatures,4,8,4,2,5,4,4,4,4,2,4,1,7,2
EGenericType eClassifier,1
EEnumLiteral eEnum,1,1,1,1,1
EReference eContainingClass,1,1,1,1,1,1,1,1,1,1,1,1,1,1,1,1,1,1,1,1,1,1,1,1,1,1,1,1,1,1,1
EEnum ePackage,1
EEnum eTypeParameters,1
EClass eSuperTypes,3,9,4,1,9,7,5,7,6,8,1,10
ETypeParameter eBounds,1
EClass ePackage,1,1,1,1,1,1,1,1,1,1,1,1,1,1,1
EOperation eParameters,1,2
EClass eOperations,2,1,1,1
EParameter eOperation,1,1,1
EReference eType,1,1,1,1,1,1,1,1,1,1,1,1
EOperation eType,1
Node Type
EClass,EAttribute,EDataType,EParameter,EGenericType,EOperation,EEnumLiteral,EEnum,EReference,ETypeParameter,EPackage
0.15,0.24000000000000007,0.02,0.03,0.01,0.05,0.05,0.01,0.3100000000000001,0.11999999999999998,0.01
Edge Type
eSuperPackage,eOperation,eUpperBound,eTypeParameter,eSubpackages,eType,eSuperTypes,eParameters,eOpposite,eKeys,eTypeArguments,eModelElement,eAnnotations,ePackage,eLowerBound,eLiterals,details,eStructuralFeatures,eClassifier,eClassifiers,eTypeParameters,eContainingClass,eBounds,eEnum,eOperations,eExceptions
0.0,0.008287292817679558,0.0,0.0027624309392265192,0.0,0.10773480662983426,0.19337016574585636,0.008287292817679558,0.04143646408839779,0.13535911602209943,0.0,0.0,0.0,0.049723756906077346,0.0,0.013812154696132596,0.0,0.15193370165745856,0.0027624309392265192,0.049723756906077346,0.03314917127071823,0.16574585635359115,0.0027624309392265192,0.013812154696132596,0.013812154696132596,0.0055248618784530384
violations,24
