Meta Mode,ecore
Number of Edge types,26
Number Of Nodes,100
State Id,27_1
OutDegreeValue,0,1,2,3,4,5,6,7,8,15,17
OutDegreeCount,6,10,48,13,9,5,2,2,3,1,1
NAValue,1,2,3,4,5,6,7,8
NACount,4,10,45,23,6,7,3,2
MPCValue,0.00000,0.46222,0.52000,0.57758,0.58240,0.63673,0.65000,0.66444,0.68640,0.69333,0.74469,0.74880,0.75111,0.75571,0.78000,0.79733,0.80609,0.80653,0.80793,0.80889,0.82875,0.83200,0.84741,0.84898,0.85222,0.85313
MPCCount,4,1,10,1,5,2,17,1,2,29,1,6,2,1,3,1,1,2,1,1,1,3,1,1,2,1
Typed Out Degree
EGenericType eTypeParameter,1,1,1
EClass eTypeParameters,1
EPackage eSuperPackage,1
EGenericType eTypeArguments,1,2
EReference eKeys,2,1,1,2,3,2,2,3,3,3,1,2,1,3,1,1,4
EDataType eTypeParameters,1
EOperation eContainingClass,1,1,1
EAttribute eContainingClass,1,1,1,1,1,1,1,1,1,1,1,1,1,1,1,1,1,1,1,1,1,1,1,1
EReference eOpposite,1,1,1,1,1,1,1,1,1,1,1,1,1,1,1,1
EPackage eClassifiers,4,16
EDataType ePackage,1,1,1
EAttribute eType,1,1,1,1,1,1,1,1,1,1,1,1,1,1,1,1,1,1,1,1,1,1,1,1
EOperation eExceptions,2
EEnum eLiterals,6
EOperation eTypeParameters,1,1
EParameter eType,1
EClass eStructuralFeatures,3,1,4,2,5,2,3,3,9,6,4,3,2,2,5
EGenericType eClassifier,1,1,1
EEnumLiteral eEnum,1,1,1,1,1,1
EReference eContainingClass,1,1,1,1,1,1,1,1,1,1,1,1,1,1,1,1,1,1,1,1,1,1,1,1,1,1,1,1,1,1
EEnum ePackage,1
EGenericType eUpperBound,1
EEnum eTypeParameters,1
EClass eSuperTypes,1,1,1,3,2,2,3,2
ETypeParameter eBounds,1,1,2
EClass ePackage,1,1,1,1,1,1,1,1,1,1,1,1,1,1,1,1
EOperation eParameters,1
EPackage eSubpackages,1
EGenericType eLowerBound,1
EClass eOperations,1,1,1
EParameter eOperation,1
EReference eType,1,1,1,1,1
Node Type
EAttribute,EClass,EDataType,EParameter,EGenericType,EEnumLiteral,EOperation,EEnum,EReference,EPackage,ETypeParameter
0.24000000000000007,0.16,0.03,0.01,0.09,0.060000000000000005,0.03,0.01,0.3000000000000001,0.02,0.05
Edge Type
eSuperPackage,eOperation,eUpperBound,eTypeParameter,eSubpackages,eType,eSuperTypes,eParameters,eOpposite,eKeys,eTypeArguments,eModelElement,eAnnotations,ePackage,eLowerBound,eLiterals,details,eStructuralFeatures,eClassifier,eClassifiers,eTypeParameters,eContainingClass,eBounds,eEnum,eOperations,eExceptions
0.003472222222222222,0.003472222222222222,0.003472222222222222,0.010416666666666666,0.003472222222222222,0.10416666666666667,0.052083333333333336,0.003472222222222222,0.05555555555555555,0.12152777777777778,0.010416666666666666,0.0,0.0,0.06944444444444445,0.003472222222222222,0.020833333333333332,0.0,0.1875,0.010416666666666666,0.06944444444444445,0.017361111111111112,0.19791666666666666,0.013888888888888888,0.020833333333333332,0.010416666666666666,0.006944444444444444
violations,19
