Meta Mode,ecore
Number of Edge types,26
Number Of Nodes,100
State Id,28_1
OutDegreeValue,0,1,2,3,4,5,6,7,10,13,16,17,18
OutDegreeCount,2,17,48,9,6,8,1,4,1,1,1,1,1
NAValue,1,2,3,4,5,6,7,8
NACount,2,9,51,15,13,7,2,1
MPCValue,0.00000,0.52000,0.58240,0.58446,0.62272,0.63673,0.65000,0.66444,0.66765,0.68640,0.68760,0.69333,0.71500,0.73917,0.74880,0.76000,0.76960,0.77422,0.77936,0.78000,0.78295,0.78450,0.79625,0.80080,0.80653,0.80889,0.81250,0.83200,0.84231
MPCCount,2,10,2,1,1,2,19,1,2,1,1,30,1,1,2,1,1,1,1,6,1,1,1,1,1,4,1,3,1
Typed Out Degree
EClass eTypeParameters,1
EPackage eSuperPackage,1,1,1
EReference eKeys,2,3,2,2,5,1,2,2,2,1,1,2,1,2,2
EDataType eTypeParameters,1
EOperation eContainingClass,1,1,1,1
EAttribute eContainingClass,1,1,1,1,1,1,1,1,1,1,1,1,1,1,1,1,1,1,1,1,1,1,1,1,1,1
EReference eOpposite,1,1,1,1,1,1
EPackage eClassifiers,4,3,3,16
EDataType ePackage,1,1
EAttribute eType,1,1,1,1,1,1,1,1,1,1,1,1,1,1,1,1,1,1,1
EOperation eExceptions,1,2,2
EEnum eLiterals,1,5
EParameter eType,1
EClass eStructuralFeatures,7,4,1,1,1,2,2,1,2,2,4,7,5,7,3,4,3
EEnumLiteral eEnum,1,1,1,1,1,1
EReference eContainingClass,1,1,1,1,1,1,1,1,1,1,1,1,1,1,1,1,1,1,1,1,1,1,1,1,1,1,1,1,1,1
EEnum ePackage,1,1
EClass eSuperTypes,3,5,2,3,2,1,2,2,8,1,8,1,1,4
ETypeParameter eBounds,1
EClass ePackage,1,1,1,1,1,1,1,1,1,1,1,1,1,1,1,1,1,1,1,1,1,1
EOperation eParameters,1
EPackage eSubpackages,1,2
EClass eOperations,1,1,1,1
EParameter eOperation,1
EReference eType,1,1,1,1,1,1,1,1,1,1,1,1
EOperation eType,1
Node Type
EClass,EAttribute,EDataType,EParameter,EGenericType,EEnumLiteral,EOperation,EEnum,EReference,EPackage,ETypeParameter
0.22000000000000006,0.26000000000000006,0.02,0.01,0.01,0.060000000000000005,0.04,0.02,0.3000000000000001,0.04,0.02
Edge Type
eSuperPackage,eOperation,eUpperBound,eTypeParameter,eSubpackages,eType,eSuperTypes,eParameters,eOpposite,eKeys,eTypeArguments,eModelElement,eAnnotations,ePackage,eLowerBound,eLiterals,details,eStructuralFeatures,eClassifier,eClassifiers,eTypeParameters,eContainingClass,eBounds,eEnum,eOperations,eExceptions
0.009615384615384616,0.003205128205128205,0.0,0.0,0.009615384615384616,0.10576923076923077,0.13782051282051283,0.003205128205128205,0.019230769230769232,0.09615384615384616,0.0,0.0,0.0,0.08333333333333333,0.0,0.019230769230769232,0.0,0.1794871794871795,0.0,0.08333333333333333,0.00641025641025641,0.19230769230769232,0.003205128205128205,0.019230769230769232,0.01282051282051282,0.016025641025641024
violations,12
