Meta Mode,ecore
Number of Edge types,26
Number Of Nodes,100
State Id,29_1
OutDegreeValue,0,1,2,3,4,6,7,8,11,14,16,17
OutDegreeCount,8,10,46,17,7,4,2,1,1,1,2,1
NAValue,1,2,3,4,5,6,7,8
NACount,8,7,44,25,5,4,6,1
MPCValue,0.00000,0.52000,0.57758,0.58240,0.58500,0.63673,0.65000,0.66444,0.69333,0.74286,0.74880,0.75111,0.75322,0.76375,0.76960,0.77037,0.77846,0.78000,0.79504,0.79592,0.82970,0.83200,0.84208,0.84898,0.86667,0.87750
MPCCount,8,7,1,6,1,4,14,1,25,1,8,1,1,1,1,2,1,9,1,1,1,1,1,1,1,1
Typed Out Degree
EGenericType eTypeParameter,1
EClass eTypeParameters,1,1,1,2
EPackage eSuperPackage,1
EGenericType eTypeArguments,1,1
EReference eKeys,2,1,1,1,3,2,1,2,3,2,3,1,2,1,3,3,1
EDataType eTypeParameters,1
EOperation eContainingClass,1,1
EAttribute eContainingClass,1,1,1,1,1,1,1,1,1,1,1,1,1,1,1,1,1,1,1,1,1,1,1
EReference eOpposite,1,1,1,1,1,1,1,1,1,1,1,1,1
EPackage eClassifiers,5,16
EDataType ePackage,1,1,1,1
EAttribute eType,1,1,1,1,1,1,1,1,1,1,1,1,1,1,1,1,1,1,1,1,1,1,1
EOperation eExceptions,2
EEnum eLiterals,5,2
EParameter eType,1
EClass eStructuralFeatures,6,6,5,1,5,1,2,4,4,1,2,9,3,4
EGenericType eClassifier,1,1,1,1
EEnumLiteral eEnum,1,1,1,1,1,1,1
EReference eContainingClass,1,1,1,1,1,1,1,1,1,1,1,1,1,1,1,1,1,1,1,1,1,1,1,1,1,1,1,1,1,1
EEnum ePackage,1,1,1
EGenericType eUpperBound,1
EEnum eTypeParameters,1
EClass eSuperTypes,6,1,1,5,1,1,4,6,8
ETypeParameter eBounds,2
EClass ePackage,1,1,1,1,1,1,1,1,1,1,1,1,1,1
EOperation eParameters,1
EPackage eSubpackages,1
EGenericType eLowerBound,1,1
EClass eOperations,1,1
EParameter eOperation,1
EReference eType,1,1,1,1,1,1,1
EOperation eType,1
Node Type
EClass,EAttribute,EDataType,EParameter,EGenericType,EEnumLiteral,EOperation,EEnum,EReference,ETypeParameter,EPackage
0.13999999999999999,0.23000000000000007,0.04,0.01,0.07,0.07,0.02,0.03,0.3000000000000001,0.07,0.02
Edge Type
eSuperPackage,eOperation,eUpperBound,eTypeParameter,eSubpackages,eType,eSuperTypes,eParameters,eOpposite,eKeys,eTypeArguments,eModelElement,eAnnotations,ePackage,eLowerBound,eLiterals,details,eStructuralFeatures,eClassifier,eClassifiers,eTypeParameters,eContainingClass,eBounds,eEnum,eOperations,eExceptions
0.0033222591362126247,0.0033222591362126247,0.0033222591362126247,0.0033222591362126247,0.0033222591362126247,0.10631229235880399,0.10963455149501661,0.0033222591362126247,0.04318936877076412,0.10631229235880399,0.006644518272425249,0.0,0.0,0.06976744186046512,0.006644518272425249,0.023255813953488372,0.0,0.1760797342192691,0.013289036544850499,0.06976744186046512,0.023255813953488372,0.18272425249169436,0.006644518272425249,0.023255813953488372,0.006644518272425249,0.006644518272425249
violations,19
