Meta Mode,ecore
Number of Edge types,26
Number Of Nodes,100
State Id,2_1
OutDegreeValue,0,1,2,3,5,6,9,15,17,21,22
OutDegreeCount,6,8,59,12,4,5,1,1,2,1,1
NAValue,1,2,3,4,5,6,7
NACount,6,8,49,19,5,9,4
MPCValue,0.00000,0.46222,0.52000,0.57758,0.58240,0.63673,0.65000,0.67692,0.69333,0.71219,0.73412,0.74456,0.74880,0.75111,0.76408,0.77730,0.78000,0.78322,0.80653,0.82768,0.83200,0.83778,0.84099,0.84500,0.86667
MPCCount,6,1,8,1,4,3,18,1,27,1,2,1,2,1,1,1,13,1,1,1,2,1,1,1,1
Typed Out Degree
EGenericType eTypeParameter,1,1,1
EClass eTypeParameters,1,2,1
EPackage eSuperPackage,1,1
EGenericType eTypeArguments,1
EReference eKeys,1,3,2,2,4,2,2,2,1,2,1,2,2
EDataType eTypeParameters,1
EOperation eContainingClass,1,1,1,1,1
EAttribute eContainingClass,1,1,1,1,1,1,1,1,1,1,1,1,1,1,1,1,1,1,1,1,1,1,1
EReference eOpposite,1,1,1,1,1,1,1,1,1,1,1,1,1,1,1,1,1
EPackage eClassifiers,2,16
EDataType ePackage,1,1
EAttribute eType,1,1,1,1,1,1,1,1,1,1,1,1,1,1,1,1,1,1,1,1,1,1,1
EOperation eExceptions,1
EEnum eLiterals,4
EOperation eTypeParameters,1
EParameter eType,1,1
EClass eStructuralFeatures,2,1,3,10,2,4,3,3,7,4,5,9,1,1
EGenericType eClassifier,1,1
EEnumLiteral eEnum,1,1,1,1
EReference eContainingClass,1,1,1,1,1,1,1,1,1,1,1,1,1,1,1,1,1,1,1,1,1,1,1,1,1,1,1,1,1,1,1,1
EEnum ePackage,1
EClass eSuperTypes,1,5,9,2,1,2,2,9,8,8
ETypeParameter eBounds,1,2,1,2
EClass ePackage,1,1,1,1,1,1,1,1,1,1,1,1,1,1,1
EOperation eParameters,1,1
EPackage eSubpackages,1,1
EClass eOperations,1,3,1
EParameter eOperation,1,1
EReference eType,1,1,1,1,1
EOperation eType,1,1
Node Type
EAttribute,EClass,EDataType,EParameter,EGenericType,EOperation,EEnumLiteral,EEnum,EReference,ETypeParameter,EPackage
0.23000000000000007,0.15,0.02,0.02,0.07,0.05,0.04,0.01,0.3200000000000001,0.060000000000000005,0.03
Edge Type
eSuperPackage,eOperation,eUpperBound,eTypeParameter,eSubpackages,eType,eSuperTypes,eParameters,eOpposite,eKeys,eTypeArguments,eModelElement,eAnnotations,ePackage,eLowerBound,eLiterals,details,eStructuralFeatures,eClassifier,eClassifiers,eTypeParameters,eContainingClass,eBounds,eEnum,eOperations,eExceptions
0.006389776357827476,0.006389776357827476,0.0,0.009584664536741214,0.006389776357827476,0.10223642172523961,0.1501597444089457,0.006389776357827476,0.054313099041533544,0.08306709265175719,0.003194888178913738,0.0,0.0,0.05750798722044728,0.0,0.012779552715654952,0.0,0.1757188498402556,0.006389776357827476,0.05750798722044728,0.019169329073482427,0.19169329073482427,0.019169329073482427,0.012779552715654952,0.01597444089456869,0.003194888178913738
violations,20
