Meta Mode,ecore
Number of Edge types,26
Number Of Nodes,100
State Id,30_1
OutDegreeValue,0,1,2,3,4,5,6,7,8,9,12,13,15,17
OutDegreeCount,7,10,46,20,3,1,5,1,1,2,1,1,1,1
NAValue,1,2,3,4,5,6,7,8,9
NACount,6,8,45,22,8,6,3,1,1
MPCValue,0.00000,0.46222,0.52000,0.58240,0.58500,0.59385,0.63673,0.65000,0.68640,0.69333,0.72107,0.73224,0.73917,0.74469,0.74880,0.75347,0.76408,0.77660,0.78000,0.78321,0.78796,0.79464,0.80889,0.81250,0.82173,0.83200,0.84426,0.84741,0.84898
MPCCount,6,1,8,4,1,1,2,18,1,23,1,1,1,1,7,1,1,1,8,1,1,1,1,1,1,3,1,1,2
Typed Out Degree
EGenericType eTypeParameter,1
EClass eTypeParameters,1,1,1
EPackage eSuperPackage,1,1
EGenericType eTypeArguments,1
EReference eKeys,3,3,3,2,1,1,4,2,2,2,2,1,2,2,2,4
EDataType eTypeParameters,2
EOperation eContainingClass,1,1,1,1,1,1,1
EAttribute eContainingClass,1,1,1,1,1,1,1,1,1,1,1,1,1,1,1,1,1,1,1,1,1,1,1,1
EReference eOpposite,1,1,1,1,1,1,1,1,1,1,1,1,1
EPackage eClassifiers,5,1,12
EDataType ePackage,1
EAttribute eType,1,1,1,1,1,1,1,1,1,1,1,1,1,1,1,1,1,1,1,1
EOperation eExceptions,2,2
EEnum eLiterals,5,1
EOperation eTypeParameters,1,1
EParameter eType,1,1
EClass eStructuralFeatures,1,9,2,1,6,5,2,1,8,6,4,2,3,3
EGenericType eClassifier,1,1,1
EEnumLiteral eEnum,1,1,1,1,1,1
EReference eContainingClass,1,1,1,1,1,1,1,1,1,1,1,1,1,1,1,1,1,1,1,1,1,1,1,1,1,1,1,1,1
EEnum ePackage,1,1
EGenericType eUpperBound,1
EClass eSuperTypes,6,6,5,1,1,3,2
ETypeParameter eBounds,2
EClass ePackage,1,1,1,1,1,1,1,1,1,1,1,1,1,1,1
EOperation eParameters,1,1
EPackage eSubpackages,1,1
EClass eOperations,1,1,1,1,1,1,1
EParameter eOperation,1,1
EReference eType,1,1,1,1,1,1,1
EOperation eType,1,1
Node Type
EClass,EAttribute,EDataType,EParameter,EGenericType,EEnumLiteral,EOperation,EEnum,EReference,EPackage,ETypeParameter
0.15,0.24000000000000007,0.01,0.02,0.04,0.060000000000000005,0.07,0.02,0.2900000000000001,0.03,0.07
Edge Type
eSuperPackage,eOperation,eUpperBound,eTypeParameter,eSubpackages,eType,eSuperTypes,eParameters,eOpposite,eKeys,eTypeArguments,eModelElement,eAnnotations,ePackage,eLowerBound,eLiterals,details,eStructuralFeatures,eClassifier,eClassifiers,eTypeParameters,eContainingClass,eBounds,eEnum,eOperations,eExceptions
0.006688963210702341,0.006688963210702341,0.0033444816053511705,0.0033444816053511705,0.006688963210702341,0.10367892976588629,0.0802675585284281,0.006688963210702341,0.043478260869565216,0.12040133779264214,0.0033444816053511705,0.0,0.0,0.06020066889632107,0.0,0.020066889632107024,0.0,0.17725752508361203,0.010033444816053512,0.06020066889632107,0.023411371237458192,0.20066889632107024,0.006688963210702341,0.020066889632107024,0.023411371237458192,0.013377926421404682
violations,15
