Meta Mode,ecore
Number of Edge types,26
Number Of Nodes,100
State Id,31_1
OutDegreeValue,0,1,2,3,4,5,6,7,8,9,10,12,15
OutDegreeCount,3,13,48,13,8,3,1,4,1,1,3,1,1
NAValue,1,2,3,4,5,6,7
NACount,3,8,52,13,15,5,4
MPCValue,0.00000,0.52000,0.58240,0.60320,0.61360,0.63673,0.65000,0.68640,0.69333,0.71500,0.72313,0.73917,0.74286,0.74880,0.75937,0.76308,0.76556,0.77037,0.77893,0.78000,0.79032,0.80427,0.80653,0.80889,0.81125,0.81250,0.81391,0.82173,0.83200,0.84923
MPCCount,3,9,3,1,1,1,22,1,28,2,1,1,1,2,1,1,1,1,1,3,1,1,2,3,1,1,1,1,4,1
Typed Out Degree
EReference eContainingClass,1,1,1,1,1,1,1,1,1,1,1,1,1,1,1,1,1,1,1,1,1,1,1,1,1,1,1,1,1,1,1,1
EEnum ePackage,1,1,1
EClass eTypeParameters,1,1
EPackage eSuperPackage,1,1,1
EClass eSuperTypes,1,2,3,3,1,4,2,8,3,2,5,1,1
EReference eKeys,2,2,1,1,1,2,2,2
EClass ePackage,1,1,1,1,1,1,1,1,1,1,1,1,1,1,1,1,1,1,1,1,1
EDataType eTypeParameters,1
EOperation eContainingClass,1,1,1,1
EAttribute eContainingClass,1,1,1,1,1,1,1,1,1,1,1,1,1,1,1,1,1,1,1,1,1,1,1,1,1
EPackage eSubpackages,3
EReference eOpposite,1,1,1,1,1,1,1,1,1,1,1,1,1,1,1,1,1,1,1,1,1,1,1,1,1,1
EPackage eClassifiers,9,3,4,9
EDataType ePackage,1
EAttribute eType,1,1,1,1,1,1,1,1,1,1,1,1,1,1,1,1,1,1,1,1,1
EClass eOperations,2,1,1
EOperation eExceptions,2
EEnum eLiterals,2,4,1
EReference eType,1,1,1,1,1,1,1
EClass eStructuralFeatures,1,5,4,6,4,2,3,4,2,1,5,3,1,4,6,4,1,1
EEnumLiteral eEnum,1,1,1,1,1,1,1
EOperation eType,1,1,1
Node Type
EClass,EAttribute,EDataType,EEnumLiteral,EOperation,EEnum,EReference,EPackage,ETypeParameter
0.21000000000000005,0.25000000000000006,0.01,0.07,0.04,0.03,0.3200000000000001,0.04,0.03
Edge Type
eSuperPackage,eOperation,eUpperBound,eTypeParameter,eSubpackages,eType,eSuperTypes,eParameters,eOpposite,eKeys,eTypeArguments,eModelElement,eAnnotations,ePackage,eLowerBound,eLiterals,details,eStructuralFeatures,eClassifier,eClassifiers,eTypeParameters,eContainingClass,eBounds,eEnum,eOperations,eExceptions
0.009900990099009901,0.0,0.0,0.0,0.009900990099009901,0.10231023102310231,0.1188118811881188,0.0,0.0858085808580858,0.0429042904290429,0.0,0.0,0.0,0.08250825082508251,0.0,0.0231023102310231,0.0,0.18811881188118812,0.0,0.08250825082508251,0.009900990099009901,0.20132013201320131,0.0,0.0231023102310231,0.013201320132013201,0.006600660066006601
violations,32
