Meta Mode,ecore
Number of Edge types,26
Number Of Nodes,100
State Id,32_1
OutDegreeValue,0,1,2,3,4,5,6,7,8,11,16,17,18,19
OutDegreeCount,8,12,44,10,8,1,4,2,5,1,1,2,1,1
NAValue,1,2,3,4,5,6,7,8
NACount,8,9,39,19,10,4,9,2
MPCValue,0.00000,0.52000,0.58240,0.58500,0.63673,0.65000,0.66765,0.69333,0.70617,0.71500,0.72109,0.72163,0.72222,0.73157,0.74880,0.76400,0.76408,0.76960,0.78000,0.78310,0.80000,0.80653,0.82512,0.82970,0.83200,0.86367,0.86667,0.87309,0.89440
MPCCount,8,9,5,1,4,14,1,24,1,1,1,1,1,1,5,1,4,1,5,1,1,1,1,1,3,1,1,1,1
Typed Out Degree
EGenericType eTypeParameter,1
EClass eTypeParameters,2,1,1,2,1,1
EReference eKeys,2,2,3,5,2,2,1,2,3,5,1,3,1,3
EOperation eContainingClass,1,1,1,1,1,1
EAttribute eContainingClass,1,1,1,1,1,1,1,1,1,1,1,1,1,1,1,1,1,1,1,1,1,1
EReference eOpposite,1,1,1,1,1,1,1,1,1,1,1,1,1,1,1,1,1,1,1,1,1,1,1
EPackage eClassifiers,19
EDataType ePackage,1,1
EAttribute eType,1,1,1,1,1,1,1,1,1,1,1,1,1,1,1,1,1,1,1,1,1,1
EOperation eExceptions,1,1
EEnum eLiterals,7
EOperation eTypeParameters,1
EParameter eType,1,1,1
EClass eStructuralFeatures,2,4,1,1,7,9,3,6,6,2,2,4,3,2,2
EGenericType eClassifier,1
EEnumLiteral eEnum,1,1,1,1,1,1,1
EReference eContainingClass,1,1,1,1,1,1,1,1,1,1,1,1,1,1,1,1,1,1,1,1,1,1,1,1,1,1,1,1,1,1,1,1
EEnum ePackage,1,1
EClass eSuperTypes,6,2,1,1,9,6,3,8,9,2,5,1
ETypeParameter eBounds,1
EClass ePackage,1,1,1,1,1,1,1,1,1,1,1,1,1,1,1
EOperation eParameters,1,1,1
EClass eOperations,1,1,1,1,1,1
EParameter eOperation,1,1,1
EReference eType,1,1,1,1,1,1,1,1,1,1,1
EOperation eType,1,1,1,1
Node Type
EClass,EAttribute,EDataType,EParameter,EGenericType,EEnumLiteral,EOperation,EEnum,EReference,ETypeParameter,EPackage
0.15,0.22000000000000006,0.02,0.03,0.01,0.07,0.060000000000000005,0.02,0.3200000000000001,0.09,0.01
Edge Type
eSuperPackage,eOperation,eUpperBound,eTypeParameter,eSubpackages,eType,eSuperTypes,eParameters,eOpposite,eKeys,eTypeArguments,eModelElement,eAnnotations,ePackage,eLowerBound,eLiterals,details,eStructuralFeatures,eClassifier,eClassifiers,eTypeParameters,eContainingClass,eBounds,eEnum,eOperations,eExceptions
0.0,0.008746355685131196,0.0,0.0029154518950437317,0.0,0.11661807580174927,0.15451895043731778,0.008746355685131196,0.06705539358600583,0.10204081632653061,0.0,0.0,0.0,0.05539358600583091,0.0,0.02040816326530612,0.0,0.15743440233236153,0.0029154518950437317,0.05539358600583091,0.026239067055393587,0.1749271137026239,0.0029154518950437317,0.02040816326530612,0.01749271137026239,0.0058309037900874635
violations,34
