Meta Mode,ecore
Number of Edge types,26
Number Of Nodes,100
State Id,33_1
OutDegreeValue,0,1,2,3,5,6,7,8,13,16
OutDegreeCount,7,9,52,20,4,2,2,2,1,1
NAValue,1,2,3,4,5,6,7
NACount,6,8,46,23,8,6,3
MPCValue,0.00000,0.52000,0.58240,0.63375,0.63673,0.65000,0.68640,0.69333,0.71385,0.71500,0.72313,0.74880,0.75111,0.76408,0.76423,0.77037,0.78000,0.79170,0.79502,0.80653,0.81120,0.82333,0.83200,0.84741,0.89143
MPCCount,6,8,1,1,2,17,1,29,1,1,1,7,1,1,1,1,10,1,1,2,1,1,3,1,1
Typed Out Degree
EGenericType eTypeParameter,1,1,1
EClass eTypeParameters,1,1,2,1,1
EPackage eSuperPackage,1,1,1
EGenericType eTypeArguments,1
EReference eKeys,1,2,2,2,1,2,1,1,1,2,1,2
EOperation eContainingClass,1,1,1
EAttribute eContainingClass,1,1,1,1,1,1,1,1,1,1,1,1,1,1,1,1,1,1,1,1,1,1,1
EReference eOpposite,1,1,1,1,1,1,1,1,1,1,1,1,1,1,1,1
EPackage eClassifiers,14,1,6
EDataType ePackage,1
EAttribute eType,1,1,1,1,1,1,1,1,1,1,1,1,1,1,1,1,1,1,1,1,1,1
EOperation eExceptions,1
EEnum eLiterals,2,4
EParameter eType,1
EClass eStructuralFeatures,2,6,1,3,4,2,3,2,3,10,5,5,6
EGenericType eClassifier,1,1
EEnumLiteral eEnum,1,1,1,1,1,1
EReference eContainingClass,1,1,1,1,1,1,1,1,1,1,1,1,1,1,1,1,1,1,1,1,1,1,1,1,1,1,1,1,1
EEnum ePackage,1,1
EGenericType eUpperBound,1
EClass eSuperTypes,1,1,1,1,1,1
ETypeParameter eBounds,2,2
EClass ePackage,1,1,1,1,1,1,1,1,1,1,1,1,1,1,1,1,1,1
EOperation eParameters,1
EPackage eSubpackages,2,1
EGenericType eLowerBound,1
EClass eOperations,1,1,1
EParameter eOperation,1
EReference eType,1,1,1,1,1,1,1,1
EOperation eType,1,1
Node Type
EAttribute,EClass,EDataType,EParameter,EGenericType,EEnumLiteral,EOperation,EEnum,EReference,ETypeParameter,EPackage
0.23000000000000007,0.18000000000000002,0.01,0.01,0.07,0.060000000000000005,0.03,0.02,0.2900000000000001,0.060000000000000005,0.04
Edge Type
eSuperPackage,eOperation,eUpperBound,eTypeParameter,eSubpackages,eType,eSuperTypes,eParameters,eOpposite,eKeys,eTypeArguments,eModelElement,eAnnotations,ePackage,eLowerBound,eLiterals,details,eStructuralFeatures,eClassifier,eClassifiers,eTypeParameters,eContainingClass,eBounds,eEnum,eOperations,eExceptions
0.011363636363636364,0.003787878787878788,0.003787878787878788,0.011363636363636364,0.011363636363636364,0.125,0.022727272727272728,0.003787878787878788,0.06060606060606061,0.06818181818181818,0.003787878787878788,0.0,0.0,0.07954545454545454,0.003787878787878788,0.022727272727272728,0.0,0.19696969696969696,0.007575757575757576,0.07954545454545454,0.022727272727272728,0.20833333333333334,0.015151515151515152,0.022727272727272728,0.011363636363636364,0.003787878787878788
violations,12
