Meta Mode,ecore
Number of Edge types,26
Number Of Nodes,100
State Id,34_1
OutDegreeValue,0,1,2,3,4,5,6,9,10,11,12
OutDegreeCount,5,12,45,13,12,4,3,2,1,1,2
NAValue,1,2,3,4,5,6,7
NACount,5,8,48,20,8,5,6
MPCValue,0.00000,0.46694,0.52000,0.53926,0.58240,0.58500,0.60595,0.63673,0.65000,0.69333,0.69975,0.71500,0.73917,0.74547,0.74880,0.76556,0.77823,0.78000,0.79074,0.79444,0.80000,0.80889,0.81351,0.82333,0.83200,0.83837,0.85280,0.85959,0.86667
MPCCount,5,1,8,1,4,1,1,2,19,24,1,2,1,1,3,1,1,9,2,1,1,3,1,1,2,1,1,1,1
Typed Out Degree
EClass eTypeParameters,2,1,1
EPackage eSuperPackage,1,1,1
EReference eKeys,2,1,3,2,3,2,2,1,2,2,3,2,2,1
EDataType eTypeParameters,1
EOperation eContainingClass,1,1,1,1,1,1
EAttribute eContainingClass,1,1,1,1,1,1,1,1,1,1,1,1,1,1,1,1,1,1,1,1,1,1,1,1
EReference eOpposite,1,1,1,1,1,1,1,1,1,1,1,1,1,1,1,1
EPackage eClassifiers,2,7,3,10
EDataType ePackage,1
EAttribute eType,1,1,1,1,1,1,1,1,1,1,1,1,1,1,1,1,1,1,1,1,1
EOperation eExceptions,1,1
EEnum eLiterals,3,4
EParameter eType,1,1
EClass eStructuralFeatures,3,3,4,2,7,1,9,3,2,3,1,3,6,3,3,1
EEnumLiteral eEnum,1,1,1,1,1,1,1
EReference eContainingClass,1,1,1,1,1,1,1,1,1,1,1,1,1,1,1,1,1,1,1,1,1,1,1,1,1,1,1,1,1,1
EEnum ePackage,1,1
EClass eSuperTypes,3,2,2,2,2,1,2,1,1,3
EClass ePackage,1,1,1,1,1,1,1,1,1,1,1,1,1,1,1,1,1,1,1
EOperation eParameters,1,1
EPackage eSubpackages,1,2
EClass eOperations,1,1,2,2
EParameter eOperation,1,1
EReference eType,1,1,1,1,1,1,1
EOperation eType,1,1
Node Type
EAttribute,EClass,EDataType,EParameter,EOperation,EEnumLiteral,EEnum,EReference,EPackage,ETypeParameter
0.24000000000000007,0.19000000000000003,0.01,0.02,0.060000000000000005,0.07,0.02,0.3000000000000001,0.04,0.05
Edge Type
eSuperPackage,eOperation,eUpperBound,eTypeParameter,eSubpackages,eType,eSuperTypes,eParameters,eOpposite,eKeys,eTypeArguments,eModelElement,eAnnotations,ePackage,eLowerBound,eLiterals,details,eStructuralFeatures,eClassifier,eClassifiers,eTypeParameters,eContainingClass,eBounds,eEnum,eOperations,eExceptions
0.010344827586206896,0.006896551724137931,0.0,0.0,0.010344827586206896,0.1103448275862069,0.06551724137931035,0.006896551724137931,0.05517241379310345,0.09655172413793103,0.0,0.0,0.0,0.07586206896551724,0.0,0.02413793103448276,0.0,0.18620689655172415,0.0,0.07586206896551724,0.017241379310344827,0.20689655172413793,0.0,0.02413793103448276,0.020689655172413793,0.006896551724137931
violations,14
