Meta Mode,ecore
Number of Edge types,26
Number Of Nodes,100
State Id,35_1
OutDegreeValue,0,1,2,3,4,5,6,7,9,10,11,12,14,16
OutDegreeCount,7,11,44,13,8,3,4,2,1,2,2,1,1,1
NAValue,1,2,3,4,5,6,7,8
NACount,7,8,43,21,7,5,6,3
MPCValue,0.00000,0.52000,0.58240,0.62272,0.63673,0.65000,0.65088,0.66444,0.68923,0.69333,0.71500,0.71760,0.72280,0.73751,0.74286,0.74880,0.75111,0.76408,0.77037,0.77191,0.78000,0.78360,0.78796,0.80889,0.82063,0.82173,0.82970,0.83200,0.84500,0.87309,0.88615
MPCCount,7,8,6,1,1,16,1,1,1,22,1,1,1,1,2,8,1,1,1,1,8,1,1,1,1,1,1,1,1,1,1
Typed Out Degree
EClass eTypeParameters,1,1,1,1
EPackage eSuperPackage,1,1
EGenericType eTypeArguments,1
EReference eKeys,1,2,1,3,2,1,1,1,3,2,2,1,3,1,2
EDataType eTypeParameters,1
EOperation eContainingClass,1,1,1,1,1
EAttribute eContainingClass,1,1,1,1,1,1,1,1,1,1,1,1,1,1,1,1,1,1,1,1,1,1
EReference eOpposite,1,1,1,1,1,1,1,1,1,1,1,1,1,1,1,1,1,1,1,1
EPackage eClassifiers,10,3,8
EDataType ePackage,1
EAttribute eType,1,1,1,1,1,1,1,1,1,1,1,1,1,1,1,1,1,1,1
EOperation eExceptions,1,2,4,1
EEnum eLiterals,5,1
EOperation eTypeParameters,1
EParameter eType,1,1
EClass eStructuralFeatures,8,2,2,5,3,3,5,9,4,3,2,1,3,3
EEnumLiteral eEnum,1,1,1,1,1,1
EReference eContainingClass,1,1,1,1,1,1,1,1,1,1,1,1,1,1,1,1,1,1,1,1,1,1,1,1,1,1,1,1,1,1,1
EEnum ePackage,1,1
EGenericType eUpperBound,1
EClass eSuperTypes,6,1,1,1,2,6,3,1,8,1,2,1,7,6
ETypeParameter eBounds,1,1
EClass ePackage,1,1,1,1,1,1,1,1,1,1,1,1,1,1,1,1,1,1
EOperation eParameters,1,1
EPackage eSubpackages,1,1
EClass eOperations,1,1,1,2
EParameter eOperation,1,1
EReference eType,1,1,1,1,1,1
EOperation eType,1
Node Type
EAttribute,EClass,EDataType,EParameter,EGenericType,EOperation,EEnumLiteral,EEnum,EReference,ETypeParameter,EPackage
0.22000000000000006,0.18000000000000002,0.01,0.02,0.04,0.05,0.060000000000000005,0.02,0.3100000000000001,0.060000000000000005,0.03
Edge Type
eSuperPackage,eOperation,eUpperBound,eTypeParameter,eSubpackages,eType,eSuperTypes,eParameters,eOpposite,eKeys,eTypeArguments,eModelElement,eAnnotations,ePackage,eLowerBound,eLiterals,details,eStructuralFeatures,eClassifier,eClassifiers,eTypeParameters,eContainingClass,eBounds,eEnum,eOperations,eExceptions
0.006329113924050633,0.006329113924050633,0.0031645569620253164,0.0,0.006329113924050633,0.08860759493670886,0.14556962025316456,0.006329113924050633,0.06329113924050633,0.08227848101265822,0.0031645569620253164,0.0,0.0,0.06645569620253164,0.0,0.0189873417721519,0.0,0.16772151898734178,0.0,0.06645569620253164,0.0189873417721519,0.18354430379746836,0.006329113924050633,0.0189873417721519,0.015822784810126583,0.02531645569620253
violations,27
