Meta Mode,ecore
Number of Edge types,26
Number Of Nodes,100
State Id,36_1
OutDegreeValue,0,1,2,3,4,5,6,7,8,9,10,11,12,14
OutDegreeCount,8,7,53,10,8,2,2,1,2,2,1,2,1,1
NAValue,1,2,3,4,5,6,7,8,9
NACount,5,11,41,23,9,4,4,2,1
MPCValue,0.00000,0.52000,0.53926,0.58240,0.63673,0.65000,0.69333,0.74880,0.75100,0.77037,0.77538,0.77653,0.78000,0.78520,0.79040,0.80427,0.80653,0.80889,0.83077,0.83200,0.83431,0.84898,0.85521,0.86154,0.87309
MPCCount,5,12,1,1,2,20,21,6,1,1,1,1,13,1,1,1,2,1,1,3,1,1,1,1,1
Typed Out Degree
EGenericType eTypeParameter,1,1,1,1
EClass eTypeParameters,1,2,1,1
EGenericType eTypeArguments,1,1
EReference eKeys,2,1,1,1,1,2,1,2,4,3,2,2,3
EDataType eTypeParameters,1
EOperation eContainingClass,1,1,1,1,1,1
EAttribute eContainingClass,1,1,1,1,1,1,1,1,1,1,1,1,1,1,1,1,1,1,1,1,1,1,1
EReference eOpposite,1,1,1,1,1,1,1,1,1,1,1,1,1,1,1,1,1,1,1,1,1,1,1,1,1
EPackage eClassifiers,14
EDataType ePackage,1
EAttribute eType,1,1,1,1,1,1,1,1,1,1,1,1,1,1,1,1,1,1,1,1,1,1,1
EOperation eExceptions,1,1,1
EEnum eLiterals,3,4
EOperation eTypeParameters,1,1
EParameter eType,1,1,1
EClass eStructuralFeatures,3,7,8,5,1,4,5,3,6,6,6
EGenericType eClassifier,1,1,1,1
EEnumLiteral eEnum,1,1,1,1,1,1,1
EReference eContainingClass,1,1,1,1,1,1,1,1,1,1,1,1,1,1,1,1,1,1,1,1,1,1,1,1,1,1,1,1,1,1,1
EEnum ePackage,1,1
EGenericType eUpperBound,1
EClass eSuperTypes,3,1,2,3,1,2,2,2,1
ETypeParameter eBounds,2
EClass ePackage,1,1,1,1,1,1,1,1,1,1,1
EOperation eParameters,1,2
EGenericType eLowerBound,1,1
EClass eOperations,1,1,1,2,1
EParameter eOperation,1,1,1
EReference eType,1,1,1,1,1,1,1
EOperation eType,1,1
Node Type
EAttribute,EClass,EDataType,EParameter,EGenericType,EEnumLiteral,EOperation,EEnum,EReference,ETypeParameter,EPackage
0.23000000000000007,0.10999999999999999,0.01,0.03,0.07,0.07,0.060000000000000005,0.02,0.3100000000000001,0.08,0.01
Edge Type
eSuperPackage,eOperation,eUpperBound,eTypeParameter,eSubpackages,eType,eSuperTypes,eParameters,eOpposite,eKeys,eTypeArguments,eModelElement,eAnnotations,ePackage,eLowerBound,eLiterals,details,eStructuralFeatures,eClassifier,eClassifiers,eTypeParameters,eContainingClass,eBounds,eEnum,eOperations,eExceptions
0.0,0.010135135135135136,0.0033783783783783786,0.013513513513513514,0.0,0.11824324324324324,0.057432432432432436,0.010135135135135136,0.08445945945945946,0.08445945945945946,0.006756756756756757,0.0,0.0,0.0472972972972973,0.006756756756756757,0.02364864864864865,0.0,0.18243243243243243,0.013513513513513514,0.0472972972972973,0.02702702702702703,0.20270270270270271,0.006756756756756757,0.02364864864864865,0.02027027027027027,0.010135135135135136
violations,30
