Meta Mode,ecore
Number of Edge types,26
Number Of Nodes,100
State Id,37_1
OutDegreeValue,0,1,2,3,4,5,6,8,9,16
OutDegreeCount,9,11,54,9,7,2,2,1,4,1
NAValue,1,2,3,4,5,6,7,8
NACount,9,7,49,18,5,5,6,1
MPCValue,0.00000,0.52000,0.53926,0.58094,0.58240,0.63673,0.65000,0.66444,0.69160,0.69333,0.71500,0.73917,0.74469,0.74880,0.75920,0.77037,0.78000,0.79934,0.80653,0.80889,0.84122,0.84231,0.84898,0.85280,0.87309,0.87750
MPCCount,9,7,1,1,1,2,11,1,1,37,1,1,1,2,1,1,10,1,1,2,1,1,3,1,1,1
Typed Out Degree
EClass eTypeParameters,1,1,1,1
EPackage eSuperPackage,1
EReference eKeys,1,1,2,1,2,1,1,2,1,2,1,1,1
EDataType eTypeParameters,1
EOperation eContainingClass,1,1,1,1,1,1,1,1,1
EAttribute eContainingClass,1,1,1,1,1,1,1,1,1,1,1,1,1,1,1,1,1,1,1,1,1,1,1
EReference eOpposite,1,1,1,1,1,1,1,1,1,1,1,1,1,1
EPackage eClassifiers,3,15
EDataType ePackage,1
EAttribute eType,1,1,1,1,1,1,1,1,1,1,1,1,1,1,1,1,1
EOperation eExceptions,2,1
EEnum eLiterals,3
EOperation eTypeParameters,1,1,1
EParameter eType,1,1
EClass eStructuralFeatures,4,1,1,1,1,6,3,1,5,2,7,4,3,1,8,6
EEnumLiteral eEnum,1,1,1
EReference eContainingClass,1,1,1,1,1,1,1,1,1,1,1,1,1,1,1,1,1,1,1,1,1,1,1,1,1,1,1,1,1,1,1
EEnum ePackage,1
EGenericType eUpperBound,1
EClass eSuperTypes,1,1,1,1,1,3
ETypeParameter eBounds,1
EClass ePackage,1,1,1,1,1,1,1,1,1,1,1,1,1,1,1,1
EOperation eParameters,1,1,1
EPackage eSubpackages,1
EGenericType eLowerBound,1
EClass eOperations,1,1,1,1,1,1,1,2
EParameter eOperation,1,1,1
EReference eType,1,1,1,1,1,1
EOperation eType,1,1
Node Type
EClass,EAttribute,EDataType,EParameter,EGenericType,EEnumLiteral,EOperation,EEnum,EReference,ETypeParameter,EPackage
0.16,0.23000000000000007,0.01,0.03,0.03,0.03,0.09,0.01,0.3100000000000001,0.08,0.02
Edge Type
eSuperPackage,eOperation,eUpperBound,eTypeParameter,eSubpackages,eType,eSuperTypes,eParameters,eOpposite,eKeys,eTypeArguments,eModelElement,eAnnotations,ePackage,eLowerBound,eLiterals,details,eStructuralFeatures,eClassifier,eClassifiers,eTypeParameters,eContainingClass,eBounds,eEnum,eOperations,eExceptions
0.00390625,0.01171875,0.00390625,0.0,0.00390625,0.10546875,0.03125,0.01171875,0.0546875,0.06640625,0.0,0.0,0.0,0.0703125,0.00390625,0.01171875,0.0,0.2109375,0.0,0.0703125,0.03125,0.24609375,0.00390625,0.01171875,0.03515625,0.01171875
violations,15
