Meta Mode,ecore
Number of Edge types,26
Number Of Nodes,100
State Id,38_1
OutDegreeValue,0,1,2,3,4,6,7,8,10,11,12,17
OutDegreeCount,7,10,49,14,6,1,3,3,3,1,2,1
NAValue,1,2,3,4,5,6,7,8
NACount,7,8,43,24,6,6,3,3
MPCValue,0.00000,0.52000,0.53926,0.58240,0.58500,0.63673,0.65000,0.69333,0.72313,0.73840,0.74469,0.74880,0.75111,0.78000,0.78812,0.79040,0.80870,0.80889,0.81184,0.81611,0.81617,0.82333,0.83011,0.83200,0.83692,0.87087
MPCCount,7,8,1,3,1,3,16,24,1,1,1,6,1,14,1,1,1,2,1,1,1,1,1,1,1,1
Typed Out Degree
EGenericType eTypeParameter,1,1,1
EClass eTypeParameters,1,2,1
EGenericType eTypeArguments,1,1
EReference eKeys,2,6,2,3,2,1,3,2,2,2,2,2,1,3,1
EDataType eTypeParameters,1
EOperation eContainingClass,1,1,1,1,1
EAttribute eContainingClass,1,1,1,1,1,1,1,1,1,1,1,1,1,1,1,1,1,1,1,1,1,1,1,1
EReference eOpposite,1,1,1,1,1,1,1,1,1,1,1,1
EPackage eClassifiers,17
EDataType ePackage,1
EAttribute eType,1,1,1,1,1,1,1,1,1,1,1,1,1,1,1,1,1,1,1,1,1,1,1,1
EOperation eExceptions,1,1
EEnum eLiterals,6
EOperation eTypeParameters,1,1
EParameter eType,1,1,1,1
EClass eStructuralFeatures,7,1,6,5,2,3,6,1,6,3,4,3,3,3
EGenericType eClassifier,1,1,1
EEnumLiteral eEnum,1,1,1,1,1,1
EReference eContainingClass,1,1,1,1,1,1,1,1,1,1,1,1,1,1,1,1,1,1,1,1,1,1,1,1,1,1,1,1,1
EEnum ePackage,1,1
EGenericType eUpperBound,1,1
EClass eSuperTypes,4,1,2,2,5,2,3,5,5
ETypeParameter eBounds,1,1
EClass ePackage,1,1,1,1,1,1,1,1,1,1,1,1,1,1
EOperation eParameters,4
EGenericType eLowerBound,1
EClass eOperations,1,1,3
EParameter eOperation,1,1,1,1
EReference eType,1,1,1,1,1,1,1,1,1,1
EOperation eType,1,1
Node Type
EAttribute,EClass,EDataType,EParameter,EGenericType,EOperation,EEnumLiteral,EEnum,EReference,ETypeParameter,EPackage
0.24000000000000007,0.13999999999999999,0.01,0.04,0.07,0.05,0.060000000000000005,0.02,0.2900000000000001,0.07,0.01
Edge Type
eSuperPackage,eOperation,eUpperBound,eTypeParameter,eSubpackages,eType,eSuperTypes,eParameters,eOpposite,eKeys,eTypeArguments,eModelElement,eAnnotations,ePackage,eLowerBound,eLiterals,details,eStructuralFeatures,eClassifier,eClassifiers,eTypeParameters,eContainingClass,eBounds,eEnum,eOperations,eExceptions
0.0,0.013029315960912053,0.006514657980456026,0.009771986970684038,0.0,0.13029315960912052,0.09446254071661238,0.013029315960912053,0.03908794788273615,0.11074918566775244,0.006514657980456026,0.0,0.0,0.05537459283387622,0.003257328990228013,0.019543973941368076,0.0,0.17263843648208468,0.009771986970684038,0.05537459283387622,0.02280130293159609,0.18892508143322476,0.006514657980456026,0.019543973941368076,0.016286644951140065,0.006514657980456026
violations,13
