Meta Mode,ecore
Number of Edge types,26
Number Of Nodes,100
State Id,39_1
OutDegreeValue,0,1,2,3,4,5,6,8,9,11,13,15,19,23
OutDegreeCount,6,10,48,14,8,1,4,1,1,2,1,2,1,1
NAValue,1,2,3,4,5,6,7,9,10
NACount,5,10,43,24,4,7,4,2,1
MPCValue,0.00000,0.35360,0.46222,0.52000,0.57186,0.58240,0.58446,0.58500,0.65000,0.69333,0.71769,0.72163,0.72941,0.73921,0.74286,0.74389,0.74880,0.75804,0.77010,0.78000,0.78246,0.78450,0.78934,0.80653,0.80889,0.81231,0.83688,0.84898,0.92444
MPCCount,5,1,1,9,1,3,1,2,18,23,1,1,1,1,1,1,7,1,2,11,1,1,1,1,1,1,1,1,1
Typed Out Degree
EGenericType eTypeParameter,1,1
EClass eTypeParameters,1,1,1,1
EPackage eSuperPackage,1
EReference eKeys,8,2,2,1,2,2,2,2,2,2,2,1,2,3
EDataType eTypeParameters,3
EOperation eContainingClass,1,1,1,1,1,1
EAttribute eContainingClass,1,1,1,1,1,1,1,1,1,1,1,1,1,1,1,1,1,1,1,1,1,1,1
EReference eOpposite,1,1,1,1,1,1,1,1,1,1,1,1,1
EPackage eClassifiers,1,18
EDataType ePackage,1
EAttribute eType,1,1,1,1,1,1,1,1,1,1,1,1,1,1,1,1,1,1,1,1,1,1
EOperation eExceptions,2,1,2
EEnum eLiterals,4
EOperation eTypeParameters,1
EParameter eType,1,1
EClass eStructuralFeatures,5,1,2,5,1,3,1,2,3,3,3,5,5,1,3,10
EGenericType eClassifier,1,1,1,1
EEnumLiteral eEnum,1,1,1,1
EReference eContainingClass,1,1,1,1,1,1,1,1,1,1,1,1,1,1,1,1,1,1,1,1,1,1,1,1,1,1,1,1,1,1
EEnum ePackage,1,1
EEnum eTypeParameters,1
EClass eSuperTypes,9,1,8,1,4,1,4,8,1,5,1,5,11
ETypeParameter eBounds,1,1,1,2
EClass ePackage,1,1,1,1,1,1,1,1,1,1,1,1,1,1,1,1
EOperation eParameters,1,1
EPackage eSubpackages,1
EClass eOperations,1,1,1,1,1,1
EParameter eOperation,1,1
EReference eType,1,1,1,1,1,1,1
EOperation eType,1,1
Node Type
EAttribute,EClass,EDataType,EParameter,EGenericType,EOperation,EEnumLiteral,EEnum,EReference,ETypeParameter,EPackage
0.23000000000000007,0.16,0.01,0.02,0.05,0.060000000000000005,0.04,0.02,0.3000000000000001,0.09,0.02
Edge Type
eSuperPackage,eOperation,eUpperBound,eTypeParameter,eSubpackages,eType,eSuperTypes,eParameters,eOpposite,eKeys,eTypeArguments,eModelElement,eAnnotations,ePackage,eLowerBound,eLiterals,details,eStructuralFeatures,eClassifier,eClassifiers,eTypeParameters,eContainingClass,eBounds,eEnum,eOperations,eExceptions
0.003003003003003003,0.006006006006006006,0.0,0.006006006006006006,0.003003003003003003,0.0990990990990991,0.17717717717717718,0.006006006006006006,0.03903903903903904,0.0990990990990991,0.0,0.0,0.0,0.057057057057057055,0.0,0.012012012012012012,0.0,0.15915915915915915,0.012012012012012012,0.057057057057057055,0.02702702702702703,0.17717717717717718,0.015015015015015015,0.012012012012012012,0.018018018018018018,0.015015015015015015
violations,16
