Meta Mode,ecore
Number of Edge types,26
Number Of Nodes,100
State Id,3_1
OutDegreeValue,0,1,2,3,4,5,7,8,9,10,13,14,17,20
OutDegreeCount,11,8,47,16,7,2,1,1,1,1,1,1,2,1
NAValue,1,2,3,4,5,6,7
NACount,11,7,38,24,9,6,5
MPCValue,0.00000,0.52000,0.56940,0.58240,0.63673,0.65000,0.66057,0.67654,0.69333,0.73917,0.74880,0.75479,0.77370,0.78000,0.78215,0.78347,0.79074,0.79605,0.80427,0.80653,0.80889,0.81231,0.82173,0.83200,0.84741,0.84898
MPCCount,11,7,1,3,2,16,1,1,21,1,5,1,1,14,1,1,1,2,1,1,2,1,1,1,1,2
Typed Out Degree
EGenericType eTypeParameter,1
EClass eTypeParameters,1,2,1,1,1,2
EPackage eSuperPackage,1
EReference eKeys,1,2,1,2,1,1,2,1,1,2,2,2,2,1,1,2,3
EDataType eTypeParameters,1
EOperation eContainingClass,1,1,1
EAttribute eContainingClass,1,1,1,1,1,1,1,1,1,1,1,1,1,1,1,1,1,1,1,1,1,1
EReference eOpposite,1,1,1,1,1,1,1,1,1,1,1,1,1,1,1,1
EPackage eClassifiers,1,19
EDataType ePackage,1
EAttribute eType,1,1,1,1,1,1,1,1,1,1,1,1,1,1,1,1,1,1,1,1,1
EOperation eExceptions,2
EEnum eLiterals,2,4
EOperation eTypeParameters,1,1
EParameter eType,1,1
EClass eStructuralFeatures,2,3,8,3,2,2,1,5,6,4,2,3,2,3,8
EGenericType eClassifier,1
EEnumLiteral eEnum,1,1,1,1,1,1
EReference eContainingClass,1,1,1,1,1,1,1,1,1,1,1,1,1,1,1,1,1,1,1,1,1,1,1,1,1,1,1,1,1,1,1,1
EEnum ePackage,1,1,1
EClass eSuperTypes,1,7,8,2,4,4,7,7
ETypeParameter eBounds,2
EClass ePackage,1,1,1,1,1,1,1,1,1,1,1,1,1,1,1,1
EOperation eParameters,1,1
EPackage eSubpackages,1
EClass eOperations,1,1,1
EParameter eOperation,1,1
EReference eType,1,1,1,1,1,1,1
EOperation eType,1
Node Type
EAttribute,EClass,EDataType,EParameter,EGenericType,EOperation,EEnumLiteral,EEnum,EReference,ETypeParameter,EPackage
0.22000000000000006,0.16,0.01,0.02,0.02,0.03,0.060000000000000005,0.03,0.3200000000000001,0.10999999999999999,0.02
Edge Type
eSuperPackage,eOperation,eUpperBound,eTypeParameter,eSubpackages,eType,eSuperTypes,eParameters,eOpposite,eKeys,eTypeArguments,eModelElement,eAnnotations,ePackage,eLowerBound,eLiterals,details,eStructuralFeatures,eClassifier,eClassifiers,eTypeParameters,eContainingClass,eBounds,eEnum,eOperations,eExceptions
0.0033003300330033004,0.006600660066006601,0.0,0.0033003300330033004,0.0033003300330033004,0.10231023102310231,0.132013201320132,0.006600660066006601,0.052805280528052806,0.0891089108910891,0.0,0.0,0.0,0.066006600660066,0.0,0.019801980198019802,0.0,0.1782178217821782,0.0033003300330033004,0.066006600660066,0.036303630363036306,0.18811881188118812,0.006600660066006601,0.019801980198019802,0.009900990099009901,0.006600660066006601
violations,18
