Meta Mode,ecore
Number of Edge types,26
Number Of Nodes,100
State Id,40_1
OutDegreeValue,0,1,2,3,4,5,6,7,8,9,11,12,14,17
OutDegreeCount,6,12,53,9,3,5,1,2,2,2,1,2,1,1
NAValue,1,2,3,4,5,6,7,8
NACount,6,10,41,26,5,8,3,1
MPCValue,0.00000,0.52000,0.58240,0.64735,0.65000,0.67447,0.68923,0.69333,0.70617,0.74880,0.75111,0.75479,0.77053,0.78000,0.78639,0.78812,0.79504,0.79560,0.80653,0.81714,0.82048,0.82776,0.83200,0.83778,0.88111
MPCCount,6,10,3,2,20,1,1,19,1,7,1,1,1,16,1,1,1,1,1,1,1,1,1,1,1
Typed Out Degree
EGenericType eTypeParameter,1
EClass eTypeParameters,2,2
EPackage eSuperPackage,1,1
EReference eKeys,2,2,2,2,2,2,3,2,2,1,1,2
EDataType eTypeParameters,1
EOperation eContainingClass,1,1
EAttribute eContainingClass,1,1,1,1,1,1,1,1,1,1,1,1,1,1,1,1,1,1,1,1,1,1,1,1,1,1
EReference eOpposite,1,1,1,1,1,1,1,1,1,1,1,1,1,1,1,1,1,1,1
EPackage eClassifiers,6,12
EDataType ePackage,1
EAttribute eType,1,1,1,1,1,1,1,1,1,1,1,1,1,1,1,1,1,1,1,1,1,1,1,1,1
EEnum eLiterals,7,1
EOperation eTypeParameters,1
EParameter eType,1,1
EClass eStructuralFeatures,3,2,4,4,3,6,6,6,7,4,7,1,3,2
EGenericType eClassifier,1
EEnumLiteral eEnum,1,1,1,1,1,1,1,1
EReference eContainingClass,1,1,1,1,1,1,1,1,1,1,1,1,1,1,1,1,1,1,1,1,1,1,1,1,1,1,1,1,1,1,1,1
EEnum ePackage,1,1,1
EClass eSuperTypes,2,7,2,1,1,1,3,7,7,1,2,1,1
ETypeParameter eBounds,2,1
EClass ePackage,1,1,1,1,1,1,1,1,1,1,1,1,1,1
EOperation eParameters,1,1
EPackage eSubpackages,1,1
EClass eOperations,1,1
EParameter eOperation,1,1
EReference eType,1,1,1,1,1,1
Node Type
EClass,EAttribute,EDataType,EParameter,EGenericType,EEnumLiteral,EOperation,EEnum,EReference,ETypeParameter,EPackage
0.13999999999999999,0.26000000000000006,0.01,0.02,0.03,0.08,0.02,0.03,0.3200000000000001,0.060000000000000005,0.03
Edge Type
eSuperPackage,eOperation,eUpperBound,eTypeParameter,eSubpackages,eType,eSuperTypes,eParameters,eOpposite,eKeys,eTypeArguments,eModelElement,eAnnotations,ePackage,eLowerBound,eLiterals,details,eStructuralFeatures,eClassifier,eClassifiers,eTypeParameters,eContainingClass,eBounds,eEnum,eOperations,eExceptions
0.006622516556291391,0.006622516556291391,0.0,0.0033112582781456954,0.006622516556291391,0.10927152317880795,0.11920529801324503,0.006622516556291391,0.06291390728476821,0.076158940397351,0.0,0.0,0.0,0.059602649006622516,0.0,0.026490066225165563,0.0,0.19205298013245034,0.0033112582781456954,0.059602649006622516,0.019867549668874173,0.1986754966887417,0.009933774834437087,0.026490066225165563,0.006622516556291391,0.0
violations,27
