Meta Mode,ecore
Number of Edge types,26
Number Of Nodes,100
State Id,41_1
OutDegreeValue,0,1,2,3,4,5,6,7,8,11,12,13,14,15
OutDegreeCount,10,8,45,12,9,2,4,2,1,3,1,1,1,1
NAValue,1,2,3,4,5,6,7,8
NACount,9,7,41,21,8,8,5,1
MPCValue,0.00000,0.42250,0.46222,0.52000,0.58240,0.59385,0.60595,0.65000,0.66765,0.68250,0.69333,0.71385,0.71500,0.74547,0.74880,0.75077,0.75833,0.76194,0.76408,0.77653,0.78000,0.80205,0.80889,0.81223,0.81231,0.81250,0.82063,0.82815,0.83200,0.83692,0.86154,0.86667
MPCCount,9,1,1,6,9,1,1,12,1,1,21,1,1,1,8,1,1,1,1,1,8,1,1,1,1,1,2,1,2,1,1,1
Typed Out Degree
EGenericType eTypeParameter,1,1
EClass eTypeParameters,1,1,1,2,1,1
EPackage eSuperPackage,1
EReference eKeys,2,1,3,1,1,1,3,3,2,1,3,2,1
EDataType eTypeParameters,1,1,1
EOperation eContainingClass,1,1
EAttribute eContainingClass,1,1,1,1,1,1,1,1,1,1,1,1,1,1,1,1,1,1,1,1,1,1,1,1
EReference eOpposite,1,1,1,1,1,1,1,1,1,1,1,1,1,1,1,1,1,1,1,1,1,1,1
EPackage eClassifiers,10,12
EDataType ePackage,1,1,1
EAttribute eType,1,1,1,1,1,1,1,1,1,1,1,1,1,1,1,1,1,1,1,1,1,1
EOperation eExceptions,1
EEnum eLiterals,5
EOperation eTypeParameters,1
EParameter eType,1
EClass eStructuralFeatures,3,2,5,3,5,5,5,5,3,7,3,3,2,3
EGenericType eClassifier,1,1
EEnumLiteral eEnum,1,1,1,1,1
EReference eContainingClass,1,1,1,1,1,1,1,1,1,1,1,1,1,1,1,1,1,1,1,1,1,1,1,1,1,1,1,1,1,1
EEnum ePackage,1
EClass eSuperTypes,1,1,1,2,8,3,8,5,1,2,2,3,2,2,2,2
ETypeParameter eBounds,1,2
EClass ePackage,1,1,1,1,1,1,1,1,1,1,1,1,1,1,1,1,1,1
EOperation eParameters,1
EPackage eSubpackages,1
EClass eOperations,1,1
EParameter eOperation,1
EReference eType,1,1,1,1,1,1,1
EOperation eType,1,1
Node Type
EClass,EAttribute,EDataType,EParameter,EGenericType,EEnumLiteral,EOperation,EEnum,EReference,ETypeParameter,EPackage
0.18000000000000002,0.24000000000000007,0.03,0.01,0.03,0.05,0.02,0.01,0.3000000000000001,0.10999999999999999,0.02
Edge Type
eSuperPackage,eOperation,eUpperBound,eTypeParameter,eSubpackages,eType,eSuperTypes,eParameters,eOpposite,eKeys,eTypeArguments,eModelElement,eAnnotations,ePackage,eLowerBound,eLiterals,details,eStructuralFeatures,eClassifier,eClassifiers,eTypeParameters,eContainingClass,eBounds,eEnum,eOperations,eExceptions
0.003194888178913738,0.003194888178913738,0.0,0.006389776357827476,0.003194888178913738,0.10223642172523961,0.14376996805111822,0.003194888178913738,0.07348242811501597,0.07667731629392971,0.0,0.0,0.0,0.07028753993610223,0.0,0.01597444089456869,0.0,0.17252396166134185,0.006389776357827476,0.07028753993610223,0.03514376996805112,0.17891373801916932,0.009584664536741214,0.01597444089456869,0.006389776357827476,0.003194888178913738
violations,33
