Meta Mode,ecore
Number of Edge types,26
Number Of Nodes,100
State Id,42_1
OutDegreeValue,0,1,2,3,4,5,6,7,8,10,11,15,19,21
OutDegreeCount,10,9,44,11,9,3,3,3,1,1,3,1,1,1
NAValue,1,2,3,4,5,6,7
NACount,10,8,38,20,10,9,5
MPCValue,0.00000,0.42250,0.46222,0.52000,0.57186,0.58240,0.58500,0.63673,0.65000,0.66444,0.68250,0.69333,0.71500,0.73412,0.73840,0.73917,0.74522,0.74777,0.74880,0.74903,0.76074,0.76375,0.76408,0.76498,0.78000,0.79560,0.80889,0.81250,0.83200,0.84741,0.84898
MPCCount,10,1,1,9,1,2,1,4,11,1,1,22,1,1,1,1,1,2,4,1,1,1,2,1,9,1,2,2,2,2,1
Typed Out Degree
EClass eTypeParameters,1,1,1,1,1,1
EPackage eSuperPackage,1
EReference eKeys,1,4,3,4,2,2,3,3,1,1
EOperation eContainingClass,1,1,1
EAttribute eContainingClass,1,1,1,1,1,1,1,1,1,1,1,1,1,1,1,1,1,1,1,1,1,1,1,1
EReference eOpposite,1,1,1,1,1,1,1,1,1,1,1,1,1,1,1,1,1,1,1,1,1,1
EPackage eClassifiers,5,18
EDataType ePackage,1,1
EAttribute eType,1,1,1,1,1,1,1,1,1,1,1,1,1,1,1,1,1,1,1,1,1,1,1,1
EEnum eLiterals,5,2
EParameter eType,1
EClass eStructuralFeatures,1,7,4,1,8,3,5,2,2,4,2,5,1,4,3,1
EEnumLiteral eEnum,1,1,1,1,1,1,1
EReference eContainingClass,1,1,1,1,1,1,1,1,1,1,1,1,1,1,1,1,1,1,1,1,1,1,1,1,1,1,1,1,1
EEnum ePackage,1,1
EEnum eTypeParameters,2,1
EClass eSuperTypes,2,5,11,3,2,1,1,4,2,2,5,2,1,9,2,1
ETypeParameter eBounds,2
EClass ePackage,1,1,1,1,1,1,1,1,1,1,1,1,1,1,1,1,1,1,1
EOperation eParameters,1
EPackage eSubpackages,1
EClass eOperations,1,1,1
EParameter eOperation,1
EReference eType,1,1,1,1,1,1,1,1,1,1,1,1
EOperation eType,1,1,1
Node Type
EAttribute,EClass,EDataType,EParameter,EGenericType,EEnumLiteral,EOperation,EEnum,EReference,ETypeParameter,EPackage
0.24000000000000007,0.19000000000000003,0.02,0.01,0.02,0.07,0.03,0.02,0.2900000000000001,0.09,0.02
Edge Type
eSuperPackage,eOperation,eUpperBound,eTypeParameter,eSubpackages,eType,eSuperTypes,eParameters,eOpposite,eKeys,eTypeArguments,eModelElement,eAnnotations,ePackage,eLowerBound,eLiterals,details,eStructuralFeatures,eClassifier,eClassifiers,eTypeParameters,eContainingClass,eBounds,eEnum,eOperations,eExceptions
0.003067484662576687,0.003067484662576687,0.0,0.0,0.003067484662576687,0.12269938650306748,0.16257668711656442,0.003067484662576687,0.06748466257668712,0.0736196319018405,0.0,0.0,0.0,0.0705521472392638,0.0,0.02147239263803681,0.0,0.16257668711656442,0.0,0.0705521472392638,0.027607361963190184,0.17177914110429449,0.006134969325153374,0.02147239263803681,0.009202453987730062,0.0
violations,33
