Meta Mode,ecore
Number of Edge types,26
Number Of Nodes,100
State Id,43_1
OutDegreeValue,0,1,2,3,4,5,6,7,12,13,14,17,18
OutDegreeCount,7,11,44,13,8,2,6,2,1,2,1,2,1
NAValue,1,2,3,4,5,6,7,8
NACount,7,7,45,18,10,8,2,3
MPCValue,0.00000,0.46694,0.52000,0.54568,0.57758,0.58240,0.63673,0.65000,0.66444,0.68640,0.69333,0.70778,0.73846,0.74880,0.75472,0.75562,0.76018,0.76308,0.76408,0.77037,0.77469,0.78000,0.78160,0.80653,0.80889,0.81250,0.82063,0.83113,0.83200,0.83778,0.86667
MPCCount,7,2,8,1,1,6,1,14,1,1,27,1,1,5,1,1,1,1,1,2,1,4,1,1,2,1,1,1,3,1,1
Typed Out Degree
EClass eTypeParameters,1,1,1
EPackage eSuperPackage,1
EReference eKeys,2,1,2,3,2,2,5,3,2,3,2,2,1,5,1,2,2
EDataType eTypeParameters,1,1
EOperation eContainingClass,1,1,1,1,1,1
EAttribute eContainingClass,1,1,1,1,1,1,1,1,1,1,1,1,1,1,1,1,1,1,1,1,1,1,1,1,1
EReference eOpposite,1,1,1,1,1,1,1,1,1,1,1
EPackage eClassifiers,5,16
EDataType ePackage,1,1,1
EAttribute eType,1,1,1,1,1,1,1,1,1,1,1,1,1,1,1,1,1,1,1,1,1
EOperation eExceptions,3,2
EEnum eLiterals,2,4
EOperation eTypeParameters,1,1
EParameter eType,1,1,1,1
EClass eStructuralFeatures,1,3,5,5,3,3,8,2,4,3,2,1,6,8
EEnumLiteral eEnum,1,1,1,1,1,1
EReference eContainingClass,1,1,1,1,1,1,1,1,1,1,1,1,1,1,1,1,1,1,1,1,1,1,1,1,1,1,1,1,1
EEnum ePackage,1,1
EClass eSuperTypes,2,5,2,5,3,8,9,2,1,9,7
EClass ePackage,1,1,1,1,1,1,1,1,1,1,1,1,1,1,1,1
EOperation eParameters,2,1,1
EPackage eSubpackages,1
EClass eOperations,2,1,1,1,1
EParameter eOperation,1,1,1,1
EReference eType,1,1,1,1,1
EOperation eType,1,1,1,1
Node Type
EAttribute,EClass,EDataType,EParameter,EEnumLiteral,EOperation,EEnum,EReference,ETypeParameter,EPackage
0.25000000000000006,0.16,0.03,0.04,0.060000000000000005,0.060000000000000005,0.02,0.2900000000000001,0.07,0.02
Edge Type
eSuperPackage,eOperation,eUpperBound,eTypeParameter,eSubpackages,eType,eSuperTypes,eParameters,eOpposite,eKeys,eTypeArguments,eModelElement,eAnnotations,ePackage,eLowerBound,eLiterals,details,eStructuralFeatures,eClassifier,eClassifiers,eTypeParameters,eContainingClass,eBounds,eEnum,eOperations,eExceptions
0.0029940119760479044,0.011976047904191617,0.0,0.0,0.0029940119760479044,0.10179640718562874,0.15868263473053892,0.011976047904191617,0.03293413173652695,0.11976047904191617,0.0,0.0,0.0,0.06287425149700598,0.0,0.017964071856287425,0.0,0.16167664670658682,0.0,0.06287425149700598,0.020958083832335328,0.17964071856287425,0.0,0.017964071856287425,0.017964071856287425,0.014970059880239521
violations,18
