Meta Mode,ecore
Number of Edge types,26
Number Of Nodes,100
State Id,44_1
OutDegreeValue,0,1,2,3,4,5,6,7,8,9,10,12,15
OutDegreeCount,7,8,58,10,4,2,4,1,1,1,1,1,2
NAValue,1,2,3,4,5,6,7,8
NACount,7,8,47,22,5,4,5,2
MPCValue,0.00000,0.46222,0.52000,0.58240,0.63673,0.64018,0.65000,0.68640,0.69333,0.71385,0.74880,0.78000,0.78215,0.78276,0.78812,0.79040,0.80653,0.81120,0.81714,0.82068,0.82970,0.83200,0.84898,0.85280,0.86313
MPCCount,7,1,7,2,2,1,20,1,26,1,5,13,1,1,1,1,1,1,1,1,1,2,1,1,1
Typed Out Degree
EClass eTypeParameters,1,1,1,1
EPackage eSuperPackage,1,1
EReference eKeys,2,2,2,1,2,1,1,1,2
EDataType eTypeParameters,1
EOperation eContainingClass,1,1,1,1,1,1,1
EAttribute eContainingClass,1,1,1,1,1,1,1,1,1,1,1,1,1,1,1,1,1,1,1,1,1,1,1,1
EReference eOpposite,1,1,1,1,1,1,1,1,1,1,1,1,1,1,1,1,1,1,1,1,1
EPackage eClassifiers,4,1,13
EDataType ePackage,1,1
EAttribute eType,1,1,1,1,1,1,1,1,1,1,1,1,1,1,1,1,1,1,1,1,1,1,1
EOperation eExceptions,2,2
EEnum eLiterals,5
EOperation eTypeParameters,1
EParameter eType,1,1,1,1,1
EClass eStructuralFeatures,6,1,3,5,3,1,5,11,6,1,2,5,5
EEnumLiteral eEnum,1,1,1,1,1
EReference eContainingClass,1,1,1,1,1,1,1,1,1,1,1,1,1,1,1,1,1,1,1,1,1,1,1,1,1,1,1,1,1,1
EEnum ePackage,1
EClass eSuperTypes,1,1,4,1,1,3,5
ETypeParameter eBounds,2
EClass ePackage,1,1,1,1,1,1,1,1,1,1,1,1,1,1,1
EOperation eParameters,2,1,1,1
EPackage eSubpackages,2
EClass eOperations,1,1,2,1,1,1
EParameter eOperation,1,1,1,1,1
EReference eType,1,1,1,1,1
EOperation eType,1,1
Node Type
EAttribute,EClass,EDataType,EParameter,EGenericType,EOperation,EEnumLiteral,EEnum,EReference,ETypeParameter,EPackage
0.24000000000000007,0.15,0.02,0.05,0.02,0.07,0.05,0.01,0.3000000000000001,0.060000000000000005,0.03
Edge Type
eSuperPackage,eOperation,eUpperBound,eTypeParameter,eSubpackages,eType,eSuperTypes,eParameters,eOpposite,eKeys,eTypeArguments,eModelElement,eAnnotations,ePackage,eLowerBound,eLiterals,details,eStructuralFeatures,eClassifier,eClassifiers,eTypeParameters,eContainingClass,eBounds,eEnum,eOperations,eExceptions
0.007142857142857143,0.017857142857142856,0.0,0.0,0.007142857142857143,0.125,0.05714285714285714,0.017857142857142856,0.075,0.05,0.0,0.0,0.0,0.06428571428571428,0.0,0.017857142857142856,0.0,0.19285714285714287,0.0,0.06428571428571428,0.02142857142857143,0.21785714285714286,0.007142857142857143,0.017857142857142856,0.025,0.014285714285714285
violations,22
