Meta Mode,ecore
Number of Edge types,26
Number Of Nodes,100
State Id,45_1
OutDegreeValue,0,1,2,3,4,5,6,7,9,10,13,14,16,18,24
OutDegreeCount,4,13,53,7,7,4,4,1,1,1,1,1,1,1,1
NAValue,1,2,3,4,5,6,7,8
NACount,4,8,49,19,9,5,5,1
MPCValue,0.00000,0.46694,0.52000,0.53926,0.57457,0.58240,0.63673,0.65000,0.66444,0.66778,0.67041,0.69333,0.73917,0.74286,0.74880,0.75610,0.78000,0.78270,0.80628,0.80653,0.80889,0.81231,0.81640,0.82083,0.82776,0.83200,0.84208,0.85950
MPCCount,4,1,9,2,1,4,3,15,1,1,1,29,1,1,4,1,8,1,1,1,1,1,1,1,1,4,1,1
Typed Out Degree
EClass eTypeParameters,1,1,1
EPackage eSuperPackage,1
EReference eKeys,2,1,2,1,3,1,3,2,4,3,3,6,1
EOperation eContainingClass,1,1,1,1,1,1,1,1
EAttribute eContainingClass,1,1,1,1,1,1,1,1,1,1,1,1,1,1,1,1,1,1,1,1,1,1,1,1,1
EReference eOpposite,1,1,1,1,1,1,1,1,1,1,1,1,1,1,1,1,1,1,1
EPackage eClassifiers,5,17
EDataType ePackage,1,1
EAttribute eType,1,1,1,1,1,1,1,1,1,1,1,1,1,1,1,1,1,1,1,1,1,1,1
EEnum eLiterals,5
EOperation eTypeParameters,1
EParameter eType,1
EClass eStructuralFeatures,11,1,5,3,1,3,2,1,3,6,6,4,4,4,2
EEnumLiteral eEnum,1,1,1,1,1
EReference eContainingClass,1,1,1,1,1,1,1,1,1,1,1,1,1,1,1,1,1,1,1,1,1,1,1,1,1,1,1,1,1,1,1
EEnum ePackage,1
EClass eSuperTypes,10,2,2,5,1,1,1,7,1,1,9,1
ETypeParameter eBounds,1
EClass ePackage,1,1,1,1,1,1,1,1,1,1,1,1,1,1,1,1,1,1,1
EOperation eParameters,1,1
EPackage eSubpackages,1
EClass eOperations,2,2,1,1,1,1
EParameter eOperation,1,1
EReference eType,1,1,1,1,1,1,1,1,1,1
EOperation eType,1,1,1,1
Node Type
EAttribute,EClass,EDataType,EParameter,EGenericType,EEnumLiteral,EOperation,EEnum,EReference,EPackage,ETypeParameter
0.25000000000000006,0.19000000000000003,0.02,0.02,0.01,0.05,0.08,0.01,0.3100000000000001,0.02,0.04
Edge Type
eSuperPackage,eOperation,eUpperBound,eTypeParameter,eSubpackages,eType,eSuperTypes,eParameters,eOpposite,eKeys,eTypeArguments,eModelElement,eAnnotations,ePackage,eLowerBound,eLiterals,details,eStructuralFeatures,eClassifier,eClassifiers,eTypeParameters,eContainingClass,eBounds,eEnum,eOperations,eExceptions
0.0030959752321981426,0.006191950464396285,0.0,0.0,0.0030959752321981426,0.11764705882352941,0.12693498452012383,0.006191950464396285,0.058823529411764705,0.09907120743034056,0.0,0.0,0.0,0.06811145510835913,0.0,0.015479876160990712,0.0,0.17337461300309598,0.0,0.06811145510835913,0.01238390092879257,0.19814241486068113,0.0030959752321981426,0.015479876160990712,0.02476780185758514,0.0
violations,23
