Meta Mode,ecore
Number of Edge types,26
Number Of Nodes,100
State Id,46_1
OutDegreeValue,0,1,2,3,4,5,6,7,8,9,10
OutDegreeCount,5,12,48,14,6,5,4,1,3,1,1
NAValue,1,2,3,4,5,6,7
NACount,5,9,45,20,11,5,5
MPCValue,0.00000,0.52000,0.58240,0.61360,0.65000,0.68250,0.68640,0.69333,0.71500,0.72163,0.74880,0.75804,0.76556,0.76960,0.77037,0.78000,0.80000,0.80437,0.80653,0.80889,0.82512,0.83200,0.84923,0.86667,0.87309,0.87360
MPCCount,5,9,6,1,17,1,1,23,2,1,8,1,1,1,1,8,1,1,1,1,2,3,1,1,1,2
Typed Out Degree
EClass eTypeParameters,2,1
EPackage eSuperPackage,1,1,1
EReference eKeys,2,1,1,2,1,3,1,1,1
EOperation eContainingClass,1,1,1
EAttribute eContainingClass,1,1,1,1,1,1,1,1,1,1,1,1,1,1,1,1,1,1,1,1,1,1,1
EReference eOpposite,1,1,1,1,1,1,1,1,1,1,1,1,1,1,1,1,1,1,1,1,1,1,1,1,1,1
EPackage eClassifiers,6,9,6
EDataType ePackage,1
EAttribute eType,1,1,1,1,1,1,1,1,1,1,1,1,1,1,1,1,1,1,1,1,1,1
EOperation eExceptions,2,1
EEnum eLiterals,4,1,2
EParameter eType,1,1
EClass eStructuralFeatures,2,4,1,1,4,3,8,1,3,3,5,6,1,3,6,5
EGenericType eClassifier,1
EEnumLiteral eEnum,1,1,1,1,1,1,1
EReference eContainingClass,1,1,1,1,1,1,1,1,1,1,1,1,1,1,1,1,1,1,1,1,1,1,1,1,1,1,1,1,1,1,1,1,1
EEnum ePackage,1,1,1
EGenericType eUpperBound,1
EEnum eTypeParameters,1,1
EClass eSuperTypes,1,1,1,1,1,1,1
ETypeParameter eBounds,1
EClass ePackage,1,1,1,1,1,1,1,1,1,1,1,1,1,1,1,1,1
EOperation eParameters,1,1
EPackage eSubpackages,1,2
EClass eOperations,1,1,1
EParameter eOperation,1,1
EReference eType,1,1,1,1,1,1,1
EOperation eType,1
Node Type
EClass,EAttribute,EDataType,EParameter,EGenericType,EEnumLiteral,EOperation,EEnum,EReference,ETypeParameter,EPackage
0.17,0.23000000000000007,0.01,0.02,0.02,0.07,0.03,0.03,0.3300000000000001,0.05,0.04
Edge Type
eSuperPackage,eOperation,eUpperBound,eTypeParameter,eSubpackages,eType,eSuperTypes,eParameters,eOpposite,eKeys,eTypeArguments,eModelElement,eAnnotations,ePackage,eLowerBound,eLiterals,details,eStructuralFeatures,eClassifier,eClassifiers,eTypeParameters,eContainingClass,eBounds,eEnum,eOperations,eExceptions
0.01098901098901099,0.007326007326007326,0.003663003663003663,0.0,0.01098901098901099,0.11721611721611722,0.02564102564102564,0.007326007326007326,0.09523809523809523,0.047619047619047616,0.0,0.0,0.0,0.07692307692307693,0.0,0.02564102564102564,0.0,0.20512820512820512,0.003663003663003663,0.07692307692307693,0.018315018315018316,0.21611721611721613,0.003663003663003663,0.02564102564102564,0.01098901098901099,0.01098901098901099
violations,23
