Meta Mode,ecore
Number of Edge types,26
Number Of Nodes,100
State Id,47_1
OutDegreeValue,0,1,2,3,4,5,6,7,11,13,16,18
OutDegreeCount,7,10,51,12,7,2,4,3,1,1,1,1
NAValue,1,2,3,4,5,6,7,8,9
NACount,5,10,43,22,10,3,4,2,1
MPCValue,0.00000,0.39000,0.52000,0.57457,0.58240,0.63673,0.65000,0.69333,0.74880,0.75111,0.75804,0.78000,0.78812,0.79074,0.79502,0.80300,0.80609,0.80653,0.80889,0.81538,0.83200,0.83457,0.85109,0.85800,0.87309
MPCCount,5,1,9,1,2,3,17,24,5,1,1,12,1,1,1,1,1,4,2,1,3,1,1,1,1
Typed Out Degree
EGenericType eTypeParameter,1,1
EClass eTypeParameters,2,2,1,1,1
EPackage eSuperPackage,1,1
EReference eKeys,1,2,2,2,2,3,2,1,2,1,3
EOperation eContainingClass,1,1,1,1,1,1
EAttribute eContainingClass,1,1,1,1,1,1,1,1,1,1,1,1,1,1,1,1,1,1,1,1,1,1,1
EReference eOpposite,1,1,1,1,1,1,1,1,1,1,1,1,1,1,1,1,1,1
EPackage eClassifiers,17,1,1
EDataType ePackage,1
EAttribute eType,1,1,1,1,1,1,1,1,1,1,1,1,1,1,1,1,1,1,1,1,1,1,1
EOperation eExceptions,2
EEnum eLiterals,5
EParameter eType,1,1,1,1
EClass eStructuralFeatures,9,4,2,1,1,7,7,2,3,4,5,5,2
EGenericType eClassifier,1,1
EEnumLiteral eEnum,1,1,1,1,1
EReference eContainingClass,1,1,1,1,1,1,1,1,1,1,1,1,1,1,1,1,1,1,1,1,1,1,1,1,1,1,1,1,1
EEnum ePackage,1,1
EClass eSuperTypes,1,5,1,4,3,1,1
ETypeParameter eBounds,1,3
EClass ePackage,1,1,1,1,1,1,1,1,1,1,1,1,1,1,1,1
EOperation eParameters,1,2,1
EPackage eSubpackages,1,1
EClass eOperations,1,1,1,1,1,1
EParameter eOperation,1,1,1,1
EReference eType,1,1,1,1,1,1,1,1,1,1,1
EOperation eType,1,1,1
Node Type
EClass,EAttribute,EDataType,EParameter,EGenericType,EEnumLiteral,EOperation,EEnum,EReference,ETypeParameter,EPackage
0.16,0.23000000000000007,0.01,0.04,0.04,0.05,0.060000000000000005,0.02,0.2900000000000001,0.07,0.03
Edge Type
eSuperPackage,eOperation,eUpperBound,eTypeParameter,eSubpackages,eType,eSuperTypes,eParameters,eOpposite,eKeys,eTypeArguments,eModelElement,eAnnotations,ePackage,eLowerBound,eLiterals,details,eStructuralFeatures,eClassifier,eClassifiers,eTypeParameters,eContainingClass,eBounds,eEnum,eOperations,eExceptions
0.006920415224913495,0.01384083044982699,0.0,0.006920415224913495,0.006920415224913495,0.14186851211072665,0.05536332179930796,0.01384083044982699,0.06228373702422145,0.0726643598615917,0.0,0.0,0.0,0.0657439446366782,0.0,0.01730103806228374,0.0,0.17993079584775087,0.006920415224913495,0.0657439446366782,0.02422145328719723,0.20069204152249134,0.01384083044982699,0.01730103806228374,0.020761245674740483,0.006920415224913495
violations,18
