Meta Mode,ecore
Number of Edge types,26
Number Of Nodes,100
State Id,48_1
OutDegreeValue,0,1,2,3,4,5,6,7,8,9,12,16,20,22,25
OutDegreeCount,7,9,48,13,8,1,1,4,1,2,1,2,1,1,1
NAValue,1,2,3,4,5,6,7,8
NACount,6,9,43,19,10,9,3,1
MPCValue,0.00000,0.46222,0.48816,0.52000,0.53926,0.58094,0.58240,0.58500,0.62400,0.63673,0.64283,0.65000,0.66444,0.68923,0.69160,0.69333,0.70498,0.70533,0.71760,0.72163,0.73463,0.73578,0.74347,0.74469,0.74880,0.75111,0.75744,0.76408,0.77037,0.78000,0.80653,0.81250,0.82970,0.83200,0.84898,0.86667
MPCCount,6,1,1,8,1,1,6,1,1,2,1,11,1,1,1,29,1,1,1,1,1,1,1,1,3,1,1,1,1,5,1,1,1,3,1,1
Typed Out Degree
EGenericType eTypeParameter,1
EClass eTypeParameters,1,1,2,1,1
EPackage eSuperPackage,1,1
EReference eKeys,2,2,3,3,1,3,4,4,1,3,1
EDataType eTypeParameters,1,1
EOperation eContainingClass,1,1,1,1,1
EAttribute eContainingClass,1,1,1,1,1,1,1,1,1,1,1,1,1,1,1,1,1,1,1,1,1,1,1
EReference eOpposite,1,1,1,1,1,1,1,1,1,1,1,1,1
EPackage eClassifiers,15,10
EDataType ePackage,1,1
EAttribute eType,1,1,1,1,1,1,1,1,1,1,1,1,1,1,1,1,1,1,1,1,1
EEnum eLiterals,3
EParameter eType,1
EClass eStructuralFeatures,3,4,4,1,3,2,2,9,1,7,1,3,1,1,5,4,2
EGenericType eClassifier,1
EEnumLiteral eEnum,1,1,1
EReference eContainingClass,1,1,1,1,1,1,1,1,1,1,1,1,1,1,1,1,1,1,1,1,1,1,1,1,1,1,1,1,1,1
EEnum ePackage,1,1
EClass eSuperTypes,2,1,11,2,1,4,3,10,1,13,1,5,2,2,5,13,1,4,2
ETypeParameter eBounds,2
EClass ePackage,1,1,1,1,1,1,1,1,1,1,1,1,1,1,1,1,1,1,1,1,1
EOperation eParameters,1
EPackage eSubpackages,1,1
EClass eOperations,3,1,1
EParameter eOperation,1
EReference eType,1,1,1,1,1,1,1,1,1,1,1,1
EOperation eType,1,1,1,1,1
Node Type
EClass,EAttribute,EDataType,EParameter,EGenericType,EEnumLiteral,EOperation,EEnum,EReference,EPackage,ETypeParameter
0.21000000000000005,0.23000000000000007,0.02,0.01,0.02,0.03,0.05,0.02,0.3000000000000001,0.03,0.08
Edge Type
eSuperPackage,eOperation,eUpperBound,eTypeParameter,eSubpackages,eType,eSuperTypes,eParameters,eOpposite,eKeys,eTypeArguments,eModelElement,eAnnotations,ePackage,eLowerBound,eLiterals,details,eStructuralFeatures,eClassifier,eClassifiers,eTypeParameters,eContainingClass,eBounds,eEnum,eOperations,eExceptions
0.005681818181818182,0.002840909090909091,0.0,0.002840909090909091,0.005681818181818182,0.11079545454545454,0.23579545454545456,0.002840909090909091,0.036931818181818184,0.07670454545454546,0.0,0.0,0.0,0.07102272727272728,0.0,0.008522727272727272,0.0,0.15056818181818182,0.002840909090909091,0.07102272727272728,0.022727272727272728,0.16477272727272727,0.005681818181818182,0.008522727272727272,0.014204545454545454,0.0
violations,26
