Meta Mode,ecore
Number of Edge types,26
Number Of Nodes,100
State Id,49_1
OutDegreeValue,0,1,2,3,4,5,6,7,8,9,12,16,18
OutDegreeCount,8,8,52,10,9,1,4,2,2,1,1,1,1
NAValue,1,2,3,4,5,6,7,8,9
NACount,7,8,46,22,6,5,4,1,1
MPCValue,0.00000,0.52000,0.53926,0.57457,0.58240,0.58500,0.64735,0.65000,0.68250,0.69333,0.71385,0.72598,0.74880,0.75111,0.78000,0.78352,0.78645,0.79074,0.82333,0.82606,0.82776,0.83200,0.83692,0.85950,0.86154,0.86667,0.88920
MPCCount,7,9,1,1,4,1,1,16,1,27,1,1,2,1,14,1,1,1,1,1,1,2,1,1,1,1,1
Typed Out Degree
EGenericType eTypeParameter,1,1,1
EClass eTypeParameters,3,1,1,1
EPackage eSuperPackage,1
EGenericType eTypeArguments,1,1,1
EReference eKeys,2,3,1,4,3,2,2,2,1,2,2,1
EOperation eContainingClass,1,1,1,1
EAttribute eContainingClass,1,1,1,1,1,1,1,1,1,1,1,1,1,1,1,1,1,1,1,1,1,1,1
EReference eOpposite,1,1,1,1,1,1,1,1,1,1,1,1,1,1,1,1,1,1,1,1,1
EPackage eClassifiers,17
EAttribute eType,1,1,1,1,1,1,1,1,1,1,1,1,1,1,1,1,1,1,1,1,1,1,1
EOperation eExceptions,2
EEnum eLiterals,6
EOperation eTypeParameters,1
EParameter eType,1,1
EClass eStructuralFeatures,3,3,3,3,8,2,3,7,2,3,9,5,3
EGenericType eClassifier,1,1,1,1
EEnumLiteral eEnum,1,1,1,1,1,1
EReference eContainingClass,1,1,1,1,1,1,1,1,1,1,1,1,1,1,1,1,1,1,1,1,1,1,1,1,1,1,1,1,1,1,1
EEnum ePackage,1
EGenericType eUpperBound,1
EClass eSuperTypes,4,1,2,2,1,2,6,1,1
ETypeParameter eBounds,2,1
EClass ePackage,1,1,1,1,1,1,1,1,1,1,1,1,1,1,1,1
EOperation eParameters,1,1
EPackage eSubpackages,1
EGenericType eLowerBound,1
EClass eOperations,1,1,1,1
EParameter eOperation,1,1
EReference eType,1,1,1,1,1,1,1
EOperation eType,1,1
Node Type
EClass,EAttribute,EParameter,EGenericType,EEnumLiteral,EOperation,EEnum,EReference,ETypeParameter,EPackage
0.16,0.23000000000000007,0.02,0.08,0.060000000000000005,0.04,0.01,0.3100000000000001,0.07,0.02
Edge Type
eSuperPackage,eOperation,eUpperBound,eTypeParameter,eSubpackages,eType,eSuperTypes,eParameters,eOpposite,eKeys,eTypeArguments,eModelElement,eAnnotations,ePackage,eLowerBound,eLiterals,details,eStructuralFeatures,eClassifier,eClassifiers,eTypeParameters,eContainingClass,eBounds,eEnum,eOperations,eExceptions
0.003424657534246575,0.00684931506849315,0.003424657534246575,0.010273972602739725,0.003424657534246575,0.11643835616438356,0.0684931506849315,0.00684931506849315,0.07191780821917808,0.08561643835616438,0.010273972602739725,0.0,0.0,0.05821917808219178,0.003424657534246575,0.02054794520547945,0.0,0.18493150684931506,0.0136986301369863,0.05821917808219178,0.023972602739726026,0.19863013698630136,0.010273972602739725,0.02054794520547945,0.0136986301369863,0.00684931506849315
violations,21
