Meta Mode,ecore
Number of Edge types,26
Number Of Nodes,100
State Id,4_1
OutDegreeValue,0,1,2,3,4,5,6,7,8,9,11,12,13,15,16,23
OutDegreeCount,10,9,43,13,8,1,1,2,1,1,2,1,3,1,3,1
NAValue,1,2,3,4,5,6,7,8
NACount,9,10,35,24,7,7,6,2
MPCValue,0.00000,0.42250,0.52000,0.53926,0.54889,0.58240,0.58471,0.58500,0.63380,0.65000,0.67025,0.68809,0.69333,0.69989,0.71500,0.71633,0.71906,0.72413,0.72800,0.74880,0.75111,0.75612,0.76408,0.77653,0.78000,0.79650,0.80889,0.81231,0.82333,0.83200,0.84741,0.86667
MPCCount,9,1,10,1,1,6,1,2,1,11,1,1,24,1,1,1,1,1,1,6,1,1,1,1,6,1,2,1,1,2,1,1
Typed Out Degree
EGenericType eTypeParameter,1
EClass eTypeParameters,1,1,1,2,1
EPackage eSuperPackage,1
EReference eKeys,2,3,6,2,2,1,2,1,3,3,2,8,1,6,1,2,1
EDataType eTypeParameters,2
EOperation eContainingClass,1,1,1,1,1,1
EAttribute eContainingClass,1,1,1,1,1,1,1,1,1,1,1,1,1,1,1,1,1,1,1,1,1,1,1
EReference eOpposite,1,1,1,1,1,1,1,1,1,1,1,1,1,1,1,1,1,1
EPackage eClassifiers,3,14
EDataType ePackage,1
EAttribute eType,1,1,1,1,1,1,1,1,1,1,1,1,1,1,1,1,1,1,1,1,1,1,1
EOperation eExceptions,2,1,1
EEnum eLiterals,5,2
EOperation eTypeParameters,1
EParameter eType,1,1
EClass eStructuralFeatures,2,3,4,6,4,5,3,1,5,3,3,9,5,1
EGenericType eClassifier,1
EEnumLiteral eEnum,1,1,1,1,1,1,1
EReference eContainingClass,1,1,1,1,1,1,1,1,1,1,1,1,1,1,1,1,1,1,1,1,1,1,1,1,1,1,1,1,1,1,1
EEnum ePackage,1,1
EEnum eTypeParameters,2
EClass eSuperTypes,9,6,9,7,6,4,6,8,3,12,8,1
ETypeParameter eBounds,1
EClass ePackage,1,1,1,1,1,1,1,1,1,1,1,1,1,1
EOperation eParameters,1,1
EPackage eSubpackages,1
EClass eOperations,2,1,1,1,1
EParameter eOperation,1,1
EReference eType,1,1,1,1,1
EOperation eType,1,1
Node Type
EAttribute,EClass,EDataType,EParameter,EGenericType,EEnumLiteral,EOperation,EEnum,EReference,ETypeParameter,EPackage
0.23000000000000007,0.13999999999999999,0.01,0.02,0.01,0.07,0.060000000000000005,0.02,0.3100000000000001,0.10999999999999999,0.02
Edge Type
eSuperPackage,eOperation,eUpperBound,eTypeParameter,eSubpackages,eType,eSuperTypes,eParameters,eOpposite,eKeys,eTypeArguments,eModelElement,eAnnotations,ePackage,eLowerBound,eLiterals,details,eStructuralFeatures,eClassifier,eClassifiers,eTypeParameters,eContainingClass,eBounds,eEnum,eOperations,eExceptions
0.0027247956403269754,0.005449591280653951,0.0,0.0027247956403269754,0.0027247956403269754,0.08719346049046321,0.21525885558583105,0.005449591280653951,0.04904632152588556,0.12534059945504086,0.0,0.0,0.0,0.04632152588555858,0.0,0.01907356948228883,0.0,0.14713896457765668,0.0027247956403269754,0.04632152588555858,0.02997275204359673,0.16348773841961853,0.0027247956403269754,0.01907356948228883,0.01634877384196185,0.010899182561307902
violations,25
