Meta Mode,ecore
Number of Edge types,26
Number Of Nodes,100
State Id,50_1
OutDegreeValue,0,1,2,3,4,5,6,7,8,9,10,11,13,16,17
OutDegreeCount,8,11,45,12,6,3,5,2,2,1,1,1,1,1,1
NAValue,1,2,3,4,5,6,7,8
NACount,7,11,37,23,7,8,6,1
MPCValue,0.00000,0.52000,0.58240,0.58500,0.59385,0.65000,0.68049,0.68640,0.69333,0.69975,0.72313,0.73840,0.74880,0.75571,0.76291,0.77653,0.78000,0.78462,0.79040,0.79422,0.79605,0.80889,0.83200,0.84500,0.84741,0.84898,0.84923,0.84927,0.89143
MPCCount,7,13,3,1,1,15,1,1,18,1,1,1,9,1,1,1,10,1,1,1,1,3,1,1,1,2,1,1,1
Typed Out Degree
EGenericType eTypeParameter,1
EClass eTypeParameters,2,1,1,1
EPackage eSuperPackage,1,1
EGenericType eTypeArguments,1
EReference eKeys,4,2,2,1,2,2,1,1,4,1,2,3,1,2,3
EDataType eTypeParameters,1
EOperation eContainingClass,1,1,1
EAttribute eContainingClass,1,1,1,1,1,1,1,1,1,1,1,1,1,1,1,1,1,1,1,1,1
EReference eOpposite,1,1,1,1,1,1,1,1,1,1,1,1,1,1,1,1
EPackage eClassifiers,7,12,1
EDataType ePackage,1,1
EAttribute eType,1,1,1,1,1,1,1,1,1,1,1,1,1,1,1,1,1,1,1,1,1
EOperation eExceptions,2,2
EEnum eLiterals,2,6
EOperation eTypeParameters,1,1
EParameter eType,1,1,1,1
EClass eStructuralFeatures,6,7,1,2,1,2,1,2,3,3,3,8,7,4
EGenericType eClassifier,1,1
EEnumLiteral eEnum,1,1,1,1,1,1,1,1
EReference eContainingClass,1,1,1,1,1,1,1,1,1,1,1,1,1,1,1,1,1,1,1,1,1,1,1,1,1,1,1,1,1
EEnum ePackage,1,1
EEnum eTypeParameters,1
EClass eSuperTypes,8,4,6,3,2,1,7,3,3
ETypeParameter eBounds,1,1
EClass ePackage,1,1,1,1,1,1,1,1,1,1,1,1,1,1,1,1
EOperation eParameters,2,2
EPackage eSubpackages,1,1
EClass eOperations,1,2
EParameter eOperation,1,1,1,1
EReference eType,1,1,1,1,1,1,1,1,1
EOperation eType,1
Node Type
EAttribute,EClass,EDataType,EParameter,EGenericType,EEnumLiteral,EOperation,EEnum,EReference,EPackage,ETypeParameter
0.21000000000000005,0.16,0.02,0.04,0.03,0.08,0.03,0.02,0.2900000000000001,0.03,0.09
Edge Type
eSuperPackage,eOperation,eUpperBound,eTypeParameter,eSubpackages,eType,eSuperTypes,eParameters,eOpposite,eKeys,eTypeArguments,eModelElement,eAnnotations,ePackage,eLowerBound,eLiterals,details,eStructuralFeatures,eClassifier,eClassifiers,eTypeParameters,eContainingClass,eBounds,eEnum,eOperations,eExceptions
0.00641025641025641,0.01282051282051282,0.0,0.003205128205128205,0.00641025641025641,0.11217948717948718,0.11858974358974358,0.01282051282051282,0.05128205128205128,0.09935897435897435,0.003205128205128205,0.0,0.0,0.0641025641025641,0.0,0.02564102564102564,0.0,0.16025641025641027,0.00641025641025641,0.0641025641025641,0.028846153846153848,0.16987179487179488,0.00641025641025641,0.02564102564102564,0.009615384615384616,0.01282051282051282
violations,21
