Meta Mode,ecore
Number of Edge types,26
Number Of Nodes,100
State Id,51_1
OutDegreeValue,0,1,2,3,4,5,6,7,8,9,10,12,13,15,19
OutDegreeCount,6,14,40,13,8,1,4,2,1,2,3,1,1,3,1
NAValue,1,2,3,4,5,6,7,8
NACount,5,10,43,17,11,7,4,3
MPCValue,0.00000,0.46694,0.52000,0.53926,0.58240,0.58446,0.58471,0.58500,0.62272,0.63673,0.65000,0.67041,0.68409,0.68760,0.69333,0.70294,0.70488,0.71253,0.71500,0.72313,0.72800,0.72961,0.73412,0.74286,0.74880,0.76408,0.78000,0.79040,0.80889,0.80949,0.81250,0.81536,0.81770,0.83200,0.83692,0.87669
MPCCount,5,2,12,1,3,1,1,3,1,1,10,1,1,1,28,1,1,1,2,1,1,1,1,1,6,1,3,1,1,1,1,1,1,1,1,1
Typed Out Degree
EGenericType eTypeParameter,1
EClass eTypeParameters,1,2,1,2
EPackage eSuperPackage,1
EReference eKeys,6,1,1,2,1,2,2,4,1,2,3,2,5,4,2,3
EDataType eTypeParameters,1
EOperation eContainingClass,1,1,1,1,1
EAttribute eContainingClass,1,1,1,1,1,1,1,1,1,1,1,1,1,1,1,1,1,1,1,1,1,1,1
EReference eOpposite,1,1,1,1,1,1,1,1,1,1,1,1,1,1
EPackage eClassifiers,8,14
EDataType ePackage,1
EAttribute eType,1,1,1,1,1,1,1,1,1,1,1,1,1,1,1,1,1,1
EOperation eExceptions,2,3
EEnum eLiterals,6
EParameter eType,1,1
EClass eStructuralFeatures,1,1,3,3,5,2,6,9,1,1,1,1,2,2,8,3,1,4
EEnumLiteral eEnum,1,1,1,1,1,1
EReference eContainingClass,1,1,1,1,1,1,1,1,1,1,1,1,1,1,1,1,1,1,1,1,1,1,1,1,1,1,1,1,1,1,1
EEnum ePackage,1
EClass eSuperTypes,6,2,6,7,6,6,8,4,1,5,6,2,5,2
ETypeParameter eBounds,1,1
EClass ePackage,1,1,1,1,1,1,1,1,1,1,1,1,1,1,1,1,1,1,1,1
EOperation eParameters,1,1
EPackage eSubpackages,1
EClass eOperations,1,1,1,1,1
EParameter eOperation,1,1
EReference eType,1,1,1,1,1,1,1,1,1,1,1,1,1,1
EOperation eType,1,1,1
Node Type
EClass,EAttribute,EDataType,EParameter,EGenericType,EOperation,EEnumLiteral,EEnum,EReference,ETypeParameter,EPackage
0.20000000000000004,0.23000000000000007,0.01,0.02,0.02,0.05,0.060000000000000005,0.01,0.3100000000000001,0.07,0.02
Edge Type
eSuperPackage,eOperation,eUpperBound,eTypeParameter,eSubpackages,eType,eSuperTypes,eParameters,eOpposite,eKeys,eTypeArguments,eModelElement,eAnnotations,ePackage,eLowerBound,eLiterals,details,eStructuralFeatures,eClassifier,eClassifiers,eTypeParameters,eContainingClass,eBounds,eEnum,eOperations,eExceptions
0.0028328611898017,0.0056657223796034,0.0,0.0028328611898017,0.0028328611898017,0.1048158640226629,0.18696883852691218,0.0056657223796034,0.039660056657223795,0.11614730878186968,0.0,0.0,0.0,0.06232294617563739,0.0,0.0169971671388102,0.0,0.1529745042492918,0.0,0.06232294617563739,0.019830028328611898,0.1671388101983003,0.0056657223796034,0.0169971671388102,0.014164305949008499,0.014164305949008499
violations,24
