Meta Mode,ecore
Number of Edge types,26
Number Of Nodes,100
State Id,52_1
OutDegreeValue,0,1,2,3,4,6,7,9,13,15,16
OutDegreeCount,8,9,49,16,6,3,4,1,1,2,1
NAValue,1,2,3,4,5,6,7,8
NACount,8,8,41,25,7,5,2,4
MPCValue,0.00000,0.52000,0.58094,0.58240,0.58500,0.63673,0.65000,0.68250,0.69333,0.74286,0.74445,0.74880,0.75111,0.75804,0.76408,0.77210,0.78000,0.79502,0.80653,0.81449,0.83200,0.84124,0.84500,0.84741,0.84760,0.85049,0.86667
MPCCount,8,8,1,3,1,2,18,1,20,1,1,7,1,1,1,1,13,1,1,1,2,1,1,2,1,1,1
Typed Out Degree
EGenericType eTypeParameter,1,1
EClass eTypeParameters,1,1,1
EPackage eSuperPackage,1
EGenericType eTypeArguments,1,1
EReference eKeys,1,2,1,3,1,2,2,1,1,1,2,1,2,2,2,4,3
EDataType eTypeParameters,1
EOperation eContainingClass,1,1,1
EAttribute eContainingClass,1,1,1,1,1,1,1,1,1,1,1,1,1,1,1,1,1,1,1,1,1,1
EReference eOpposite,1,1,1,1,1,1,1,1,1,1,1,1,1,1,1
EPackage eClassifiers,15,1
EDataType ePackage,1
EAttribute eType,1,1,1,1,1,1,1,1,1,1,1,1,1,1,1,1,1,1,1,1,1
EOperation eExceptions,1,2
EEnum eLiterals,5
EOperation eTypeParameters,1,1
EParameter eType,1,1
EClass eStructuralFeatures,2,2,10,3,5,7,6,3,1,2,5,6,2
EGenericType eClassifier,1,1,1,1
EEnumLiteral eEnum,1,1,1,1,1
EReference eContainingClass,1,1,1,1,1,1,1,1,1,1,1,1,1,1,1,1,1,1,1,1,1,1,1,1,1,1,1,1,1,1,1,1
EEnum ePackage,1
EGenericType eUpperBound,1,1,1
EClass eSuperTypes,2,1,1,2,3,2,5,3,9,1
ETypeParameter eBounds,1,1,2,2
EClass ePackage,1,1,1,1,1,1,1,1,1,1,1,1,1,1
EOperation eParameters,1,1
EPackage eSubpackages,1
EGenericType eLowerBound,1
EClass eOperations,1,1,1
EParameter eOperation,1,1
EReference eType,1,1,1,1,1,1
Node Type
EAttribute,EClass,EDataType,EParameter,EGenericType,EEnumLiteral,EOperation,EEnum,EReference,EPackage,ETypeParameter
0.22000000000000006,0.13999999999999999,0.01,0.02,0.11999999999999998,0.05,0.03,0.01,0.3200000000000001,0.02,0.060000000000000005
Edge Type
eSuperPackage,eOperation,eUpperBound,eTypeParameter,eSubpackages,eType,eSuperTypes,eParameters,eOpposite,eKeys,eTypeArguments,eModelElement,eAnnotations,ePackage,eLowerBound,eLiterals,details,eStructuralFeatures,eClassifier,eClassifiers,eTypeParameters,eContainingClass,eBounds,eEnum,eOperations,eExceptions
0.0034129692832764505,0.006825938566552901,0.010238907849829351,0.006825938566552901,0.0034129692832764505,0.09897610921501707,0.09897610921501707,0.006825938566552901,0.051194539249146756,0.10580204778156997,0.006825938566552901,0.0,0.0,0.05460750853242321,0.0034129692832764505,0.017064846416382253,0.0,0.18430034129692832,0.013651877133105802,0.05460750853242321,0.020477815699658702,0.1945392491467577,0.020477815699658702,0.017064846416382253,0.010238907849829351,0.010238907849829351
violations,17
