Meta Mode,ecore
Number of Edge types,26
Number Of Nodes,100
State Id,53_1
OutDegreeValue,0,1,2,3,4,5,6,7,8,11,14,15,19
OutDegreeCount,6,9,49,14,8,2,3,4,1,1,1,1,1
NAValue,1,2,3,4,5,6,7
NACount,4,10,45,17,11,8,5
MPCValue,0.00000,0.46222,0.52000,0.57186,0.58240,0.63673,0.64735,0.65000,0.65088,0.69333,0.73917,0.74880,0.76181,0.76375,0.76395,0.76556,0.78000,0.78722,0.79074,0.79605,0.79625,0.80653,0.80889,0.81250,0.82068,0.82276,0.82512,0.83200,0.85950
MPCCount,4,1,10,1,4,1,1,15,1,25,1,7,1,1,1,1,8,1,1,1,1,1,5,1,1,1,1,1,2
Typed Out Degree
EGenericType eTypeParameter,1,1
EClass eTypeParameters,1,1,1,1
EPackage eSuperPackage,1
EReference eKeys,1,1,2,2,1,2,1,2,2,2
EOperation eContainingClass,1,1,1,1
EAttribute eContainingClass,1,1,1,1,1,1,1,1,1,1,1,1,1,1,1,1,1,1,1,1,1,1,1,1
EReference eOpposite,1,1,1,1,1,1,1,1,1,1,1,1,1,1,1,1,1,1,1,1
EPackage eClassifiers,18,6
EDataType ePackage,1,1
EAttribute eType,1,1,1,1,1,1,1,1,1,1,1,1,1,1,1,1,1,1,1,1,1,1,1
EOperation eExceptions,3,2
EEnum eLiterals,4
EOperation eTypeParameters,1
EParameter eType,1
EClass eStructuralFeatures,3,6,1,3,3,4,1,5,2,2,2,4,2,1,3,4,8,1
EEnumLiteral eEnum,1,1,1,1
EReference eContainingClass,1,1,1,1,1,1,1,1,1,1,1,1,1,1,1,1,1,1,1,1,1,1,1,1,1,1,1,1,1,1,1
EEnum ePackage,1
EGenericType eUpperBound,1
EEnum eTypeParameters,1
EClass eSuperTypes,9,1,1,2,1,1,1,1,1,3,6,6,3
ETypeParameter eBounds,2
EClass ePackage,1,1,1,1,1,1,1,1,1,1,1,1,1,1,1,1,1,1,1,1,1
EOperation eParameters,2
EPackage eSubpackages,1
EClass eOperations,1,1,1,1
EParameter eOperation,1,1
EReference eType,1,1,1,1,1,1,1,1,1,1
EOperation eType,1,1
Node Type
EAttribute,EClass,EDataType,EParameter,EGenericType,EEnumLiteral,EOperation,EEnum,EReference,EPackage,ETypeParameter
0.24000000000000007,0.21000000000000005,0.02,0.02,0.03,0.04,0.04,0.01,0.3100000000000001,0.02,0.060000000000000005
Edge Type
eSuperPackage,eOperation,eUpperBound,eTypeParameter,eSubpackages,eType,eSuperTypes,eParameters,eOpposite,eKeys,eTypeArguments,eModelElement,eAnnotations,ePackage,eLowerBound,eLiterals,details,eStructuralFeatures,eClassifier,eClassifiers,eTypeParameters,eContainingClass,eBounds,eEnum,eOperations,eExceptions
0.003289473684210526,0.006578947368421052,0.003289473684210526,0.006578947368421052,0.003289473684210526,0.11842105263157894,0.11842105263157894,0.006578947368421052,0.06578947368421052,0.05263157894736842,0.0,0.0,0.0,0.07894736842105263,0.0,0.013157894736842105,0.0,0.18092105263157895,0.0,0.07894736842105263,0.019736842105263157,0.19407894736842105,0.006578947368421052,0.013157894736842105,0.013157894736842105,0.01644736842105263
violations,26
