Meta Mode,ecore
Number of Edge types,26
Number Of Nodes,100
State Id,54_1
OutDegreeValue,0,1,2,3,4,5,6,7,8,9,14,15
OutDegreeCount,7,7,52,13,8,3,1,4,1,2,1,1
NAValue,1,2,3,4,5,6,7,8
NACount,5,8,47,20,8,4,4,4
MPCValue,0.00000,0.46694,0.52000,0.58240,0.58898,0.63375,0.64735,0.65000,0.68250,0.69333,0.74880,0.76375,0.76408,0.76556,0.77187,0.78000,0.80889,0.81329,0.81714,0.82512,0.82776,0.83200,0.83778,0.83837,0.86367,0.87309,0.87806,0.89388
MPCCount,5,1,8,5,1,1,1,19,1,23,6,1,1,1,1,9,1,1,1,1,1,5,1,1,1,1,1,1
Typed Out Degree
EGenericType eTypeParameter,1,1,1
EClass eTypeParameters,1,1,1,1,2,1
EPackage eSuperPackage,1
EReference eKeys,1,2,2,2,2,1,1,2,2,1,1
EDataType eTypeParameters,1
EOperation eContainingClass,1,1,1,1,1
EAttribute eContainingClass,1,1,1,1,1,1,1,1,1,1,1,1,1,1,1,1,1,1,1,1,1,1,1
EReference eOpposite,1,1,1,1,1,1,1,1,1,1,1,1,1,1,1,1,1,1,1,1,1,1
EPackage eClassifiers,7,13
EDataType ePackage,1
EAttribute eType,1,1,1,1,1,1,1,1,1,1,1,1,1,1,1,1,1,1,1,1,1,1,1
EOperation eExceptions,1,2,2,3
EEnum eLiterals,5
EOperation eTypeParameters,1
EParameter eType,1
EClass eStructuralFeatures,2,4,4,10,4,6,2,2,3,2,4,4,3,4
EGenericType eClassifier,1,1,1,1
EEnumLiteral eEnum,1,1,1,1,1
EReference eContainingClass,1,1,1,1,1,1,1,1,1,1,1,1,1,1,1,1,1,1,1,1,1,1,1,1,1,1,1,1,1,1,1
EEnum ePackage,1,1
EClass eSuperTypes,1,1,3,2,2,1,1,1,3
ETypeParameter eBounds,2,1
EClass ePackage,1,1,1,1,1,1,1,1,1,1,1,1,1,1,1,1,1
EOperation eParameters,1
EPackage eSubpackages,1
EGenericType eLowerBound,1
EClass eOperations,2,1,1,1
EParameter eOperation,1
EReference eType,1,1,1,1,1,1,1
EOperation eType,1
Node Type
EClass,EAttribute,EDataType,EParameter,EGenericType,EEnumLiteral,EOperation,EEnum,EReference,ETypeParameter,EPackage
0.17,0.23000000000000007,0.01,0.01,0.04,0.05,0.05,0.02,0.3100000000000001,0.09,0.02
Edge Type
eSuperPackage,eOperation,eUpperBound,eTypeParameter,eSubpackages,eType,eSuperTypes,eParameters,eOpposite,eKeys,eTypeArguments,eModelElement,eAnnotations,ePackage,eLowerBound,eLiterals,details,eStructuralFeatures,eClassifier,eClassifiers,eTypeParameters,eContainingClass,eBounds,eEnum,eOperations,eExceptions
0.0034965034965034965,0.0034965034965034965,0.0,0.01048951048951049,0.0034965034965034965,0.11188811188811189,0.05244755244755245,0.0034965034965034965,0.07692307692307693,0.05944055944055944,0.0,0.0,0.0,0.06993006993006994,0.0034965034965034965,0.017482517482517484,0.0,0.1888111888111888,0.013986013986013986,0.06993006993006994,0.03146853146853147,0.2062937062937063,0.01048951048951049,0.017482517482517484,0.017482517482517484,0.027972027972027972
violations,20
