Meta Mode,ecore
Number of Edge types,26
Number Of Nodes,100
State Id,55_1
OutDegreeValue,0,1,2,3,4,5,6,7,10,13,14,16,18
OutDegreeCount,8,10,51,10,4,4,3,4,1,1,2,1,1
NAValue,1,2,3,4,5,6,7,8
NACount,8,8,42,25,4,8,4,1
MPCValue,0.00000,0.52000,0.61360,0.63673,0.65000,0.65538,0.68477,0.69333,0.72713,0.74880,0.75111,0.75804,0.76729,0.78000,0.79170,0.79766,0.80889,0.81120,0.81231,0.81531,0.82044,0.82063,0.82393,0.83200,0.86667
MPCCount,8,10,1,2,19,1,1,22,1,5,1,1,1,16,1,1,1,1,1,1,1,1,1,1,1
Typed Out Degree
EClass eTypeParameters,1,1,1,2,1
EPackage eSuperPackage,1,1
EReference eKeys,2,2,1,1,2,4,2,3,2,2,2
EDataType eTypeParameters,1
EOperation eContainingClass,1,1,1,1
EAttribute eContainingClass,1,1,1,1,1,1,1,1,1,1,1,1,1,1,1,1,1,1,1,1,1,1,1,1,1
EReference eOpposite,1,1,1,1,1,1,1,1,1,1,1,1,1,1,1,1,1
EPackage eClassifiers,11,9,2
EDataType ePackage,1
EAttribute eType,1,1,1,1,1,1,1,1,1,1,1,1,1,1,1,1,1,1,1,1
EOperation eExceptions,3
EEnum eLiterals,3
EOperation eTypeParameters,1
EParameter eType,1,1
EClass eStructuralFeatures,4,1,5,2,4,1,3,5,2,1,5,5,5,2,4,7
EGenericType eClassifier,1
EEnumLiteral eEnum,1,1,1
EReference eContainingClass,1,1,1,1,1,1,1,1,1,1,1,1,1,1,1,1,1,1,1,1,1,1,1,1,1,1,1,1,1,1,1
EEnum ePackage,1
EEnum eTypeParameters,1
EClass eSuperTypes,3,2,10,1,7,8,1,2,10
ETypeParameter eBounds,1
EClass ePackage,1,1,1,1,1,1,1,1,1,1,1,1,1,1,1,1,1,1,1,1
EOperation eParameters,1,1
EPackage eSubpackages,2
EClass eOperations,1,1,1,1
EParameter eOperation,1,1
EReference eType,1,1,1,1,1,1,1,1,1,1
EOperation eType,1
Node Type
EClass,EAttribute,EDataType,EParameter,EGenericType,EEnumLiteral,EOperation,EEnum,EReference,ETypeParameter,EPackage
0.20000000000000004,0.25000000000000006,0.01,0.02,0.01,0.03,0.04,0.01,0.3100000000000001,0.09,0.03
Edge Type
eSuperPackage,eOperation,eUpperBound,eTypeParameter,eSubpackages,eType,eSuperTypes,eParameters,eOpposite,eKeys,eTypeArguments,eModelElement,eAnnotations,ePackage,eLowerBound,eLiterals,details,eStructuralFeatures,eClassifier,eClassifiers,eTypeParameters,eContainingClass,eBounds,eEnum,eOperations,eExceptions
0.006472491909385114,0.006472491909385114,0.0,0.0,0.006472491909385114,0.10679611650485436,0.1423948220064725,0.006472491909385114,0.05501618122977346,0.0744336569579288,0.0,0.0,0.0,0.07119741100323625,0.0,0.009708737864077669,0.0,0.18122977346278318,0.003236245954692557,0.07119741100323625,0.02912621359223301,0.1941747572815534,0.003236245954692557,0.009708737864077669,0.012944983818770227,0.009708737864077669
violations,20
