Meta Mode,ecore
Number of Edge types,26
Number Of Nodes,100
State Id,56_1
OutDegreeValue,0,1,2,3,4,5,6,7,8,9,11,13
OutDegreeCount,8,8,51,13,5,5,3,2,1,2,1,1
NAValue,1,2,3,4,5,6,7,8
NACount,7,8,43,23,5,9,4,1
MPCValue,0.00000,0.52000,0.58240,0.59385,0.62272,0.65000,0.69333,0.74777,0.74880,0.75111,0.75920,0.77538,0.78000,0.78361,0.78769,0.79605,0.80427,0.80653,0.81250,0.81714,0.83200,0.84500,0.84741,0.84898,0.86667,0.89440
MPCCount,7,9,2,1,1,16,24,1,9,1,1,1,12,1,1,1,1,2,1,1,1,2,1,1,1,1
Typed Out Degree
EGenericType eTypeParameter,1
EClass eTypeParameters,1,2,1,1
EPackage eSuperPackage,1
EReference eKeys,4,2,1,1,1,1,2,2,2
EOperation eContainingClass,1,1,1,1,1
EAttribute eContainingClass,1,1,1,1,1,1,1,1,1,1,1,1,1,1,1,1,1,1,1,1,1,1,1,1
EReference eOpposite,1,1,1,1,1,1,1,1,1,1,1,1,1,1,1,1,1,1,1,1
EPackage eClassifiers,8,12
EDataType ePackage,1
EAttribute eType,1,1,1,1,1,1,1,1,1,1,1,1,1,1,1,1,1,1,1,1,1,1,1,1
EOperation eExceptions,1,2
EEnum eLiterals,4,1
EOperation eTypeParameters,1,1
EParameter eType,1,1
EClass eStructuralFeatures,2,4,2,8,7,4,6,3,2,1,1,4,2,1,1,7
EEnumLiteral eEnum,1,1,1,1,1
EReference eContainingClass,1,1,1,1,1,1,1,1,1,1,1,1,1,1,1,1,1,1,1,1,1,1,1,1,1,1,1,1,1,1,1
EEnum ePackage,1,1
EEnum eTypeParameters,1
EClass eSuperTypes,1,1,1,1,1,3,2,1,1,1,1
ETypeParameter eBounds,1,1
EClass ePackage,1,1,1,1,1,1,1,1,1,1,1,1,1,1,1,1,1
EOperation eParameters,2
EPackage eSubpackages,1
EGenericType eLowerBound,1
EClass eOperations,1,1,1,1,1
EParameter eOperation,1,1
EReference eType,1,1,1,1,1,1,1,1
EOperation eType,1
Node Type
EClass,EAttribute,EDataType,EParameter,EGenericType,EEnumLiteral,EOperation,EEnum,EReference,ETypeParameter,EPackage
0.17,0.24000000000000007,0.01,0.02,0.03,0.05,0.05,0.02,0.3100000000000001,0.08,0.02
Edge Type
eSuperPackage,eOperation,eUpperBound,eTypeParameter,eSubpackages,eType,eSuperTypes,eParameters,eOpposite,eKeys,eTypeArguments,eModelElement,eAnnotations,ePackage,eLowerBound,eLiterals,details,eStructuralFeatures,eClassifier,eClassifiers,eTypeParameters,eContainingClass,eBounds,eEnum,eOperations,eExceptions
0.0036231884057971015,0.007246376811594203,0.0,0.0036231884057971015,0.0036231884057971015,0.12681159420289856,0.050724637681159424,0.007246376811594203,0.07246376811594203,0.057971014492753624,0.0,0.0,0.0,0.07246376811594203,0.0036231884057971015,0.018115942028985508,0.0,0.19927536231884058,0.0,0.07246376811594203,0.028985507246376812,0.21739130434782608,0.007246376811594203,0.018115942028985508,0.018115942028985508,0.010869565217391304
violations,17
