Meta Mode,ecore
Number of Edge types,26
Number Of Nodes,100
State Id,57_1
OutDegreeValue,0,1,2,3,4,5,6,7,8,9,11
OutDegreeCount,4,12,48,14,8,5,3,2,2,1,1
NAValue,1,2,3,4,5,6,7,8
NACount,4,9,49,15,9,6,7,1
MPCValue,0.00000,0.52000,0.58240,0.60595,0.63375,0.65000,0.68640,0.69333,0.71972,0.72313,0.73224,0.74286,0.74880,0.75111,0.76408,0.77037,0.78000,0.79605,0.80000,0.80427,0.80653,0.81120,0.81250,0.83200,0.84898,0.85313,0.85950,0.86667,0.87309,0.87360,0.87750
MPCCount,4,9,7,1,1,18,1,24,1,1,1,1,4,1,1,1,7,1,1,1,1,1,1,2,1,1,2,1,1,1,2
Typed Out Degree
EClass eTypeParameters,1,1
EPackage eSuperPackage,1,1
EReference eKeys,2,2,2,1,1,2,2,2,1
EOperation eContainingClass,1,1,1,1,1,1,1
EAttribute eContainingClass,1,1,1,1,1,1,1,1,1,1,1,1,1,1,1,1,1,1,1,1,1,1,1,1,1
EReference eOpposite,1,1,1,1,1,1,1,1,1,1,1,1,1,1,1,1,1,1,1,1,1,1,1
EPackage eClassifiers,5,10,7
EDataType ePackage,1
EAttribute eType,1,1,1,1,1,1,1,1,1,1,1,1,1,1,1,1,1,1,1,1
EOperation eExceptions,2,2,1,2,1
EEnum eLiterals,4,1
EOperation eTypeParameters,1
EParameter eType,1,1
EClass eStructuralFeatures,2,3,2,6,6,3,1,4,3,2,6,2,2,2,4,5,2,1
EEnumLiteral eEnum,1,1,1,1,1
EReference eContainingClass,1,1,1,1,1,1,1,1,1,1,1,1,1,1,1,1,1,1,1,1,1,1,1,1,1,1,1,1,1,1,1
EEnum ePackage,1,1
EEnum eTypeParameters,1
EClass eSuperTypes,2,2,1,1
EClass ePackage,1,1,1,1,1,1,1,1,1,1,1,1,1,1,1,1,1,1,1
EOperation eParameters,1,1,1
EPackage eSubpackages,1,1
EClass eOperations,1,2,1,1,1,1
EParameter eOperation,1,1,1
EReference eType,1,1,1,1,1
EOperation eType,1,1
Node Type
EAttribute,EClass,EDataType,EParameter,EOperation,EEnumLiteral,EEnum,EReference,ETypeParameter,EPackage
0.25000000000000006,0.19000000000000003,0.01,0.03,0.07,0.05,0.02,0.3100000000000001,0.04,0.03
Edge Type
eSuperPackage,eOperation,eUpperBound,eTypeParameter,eSubpackages,eType,eSuperTypes,eParameters,eOpposite,eKeys,eTypeArguments,eModelElement,eAnnotations,ePackage,eLowerBound,eLiterals,details,eStructuralFeatures,eClassifier,eClassifiers,eTypeParameters,eContainingClass,eBounds,eEnum,eOperations,eExceptions
0.007272727272727273,0.01090909090909091,0.0,0.0,0.007272727272727273,0.10545454545454545,0.02181818181818182,0.01090909090909091,0.08363636363636363,0.05454545454545454,0.0,0.0,0.0,0.08,0.0,0.01818181818181818,0.0,0.20363636363636364,0.0,0.08,0.014545454545454545,0.2290909090909091,0.0,0.01818181818181818,0.025454545454545455,0.02909090909090909
violations,19
