Meta Mode,ecore
Number of Edge types,26
Number Of Nodes,100
State Id,58_1
OutDegreeValue,0,1,2,3,4,5,6,7,8,10,14,17
OutDegreeCount,8,9,52,11,6,2,3,2,3,2,1,1
NAValue,1,2,3,4,5,6,7,8
NACount,8,8,42,23,6,7,3,3
MPCValue,0.00000,0.46222,0.52000,0.53926,0.57758,0.58240,0.63673,0.65000,0.68640,0.69333,0.74880,0.74889,0.75347,0.76960,0.77355,0.78000,0.79170,0.79605,0.80437,0.80889,0.81351,0.82173,0.82512,0.83200,0.83778,0.84122,0.87385,0.88615
MPCCount,8,1,7,1,1,4,1,14,1,25,7,1,1,1,1,12,1,1,1,2,1,1,1,2,1,1,1,1
Typed Out Degree
EGenericType eTypeParameter,1
EClass eTypeParameters,2,1,1,2
EPackage eSuperPackage,1
EGenericType eTypeArguments,1
EReference eKeys,2,1,2,1,2,1,1,2,2,1,2,1
EDataType eTypeParameters,1
EOperation eContainingClass,1,1,1,1
EAttribute eContainingClass,1,1,1,1,1,1,1,1,1,1,1,1,1,1,1,1,1,1,1,1,1,1,1,1
EReference eOpposite,1,1,1,1,1,1,1,1,1,1,1,1,1,1,1,1,1,1,1,1
EPackage eClassifiers,16,4
EDataType ePackage,1
EAttribute eType,1,1,1,1,1,1,1,1,1,1,1,1,1,1,1,1,1,1,1,1,1,1,1,1
EOperation eExceptions,2
EEnum eLiterals,5
EOperation eTypeParameters,1,1
EParameter eType,1
EClass eStructuralFeatures,3,3,3,1,1,6,4,2,1,1,4,6,2,3,1,11,2
EGenericType eClassifier,1,1,1
EEnumLiteral eEnum,1,1,1,1,1
EReference eContainingClass,1,1,1,1,1,1,1,1,1,1,1,1,1,1,1,1,1,1,1,1,1,1,1,1,1,1,1,1,1,1
EEnum ePackage,1,1
EClass eSuperTypes,4,1,1,2,3,3,1,2,2,1,3,1,2,1
ETypeParameter eBounds,2,1,1
EClass ePackage,1,1,1,1,1,1,1,1,1,1,1,1,1,1,1,1,1
EOperation eParameters,1
EPackage eSubpackages,1
EClass eOperations,1,1,1,1
EParameter eOperation,1
EReference eType,1,1,1,1,1,1
EOperation eType,1
Node Type
EAttribute,EClass,EDataType,EParameter,EGenericType,EOperation,EEnumLiteral,EEnum,EReference,ETypeParameter,EPackage
0.24000000000000007,0.17,0.01,0.01,0.05,0.04,0.05,0.02,0.3000000000000001,0.09,0.02
Edge Type
eSuperPackage,eOperation,eUpperBound,eTypeParameter,eSubpackages,eType,eSuperTypes,eParameters,eOpposite,eKeys,eTypeArguments,eModelElement,eAnnotations,ePackage,eLowerBound,eLiterals,details,eStructuralFeatures,eClassifier,eClassifiers,eTypeParameters,eContainingClass,eBounds,eEnum,eOperations,eExceptions
0.003484320557491289,0.003484320557491289,0.0,0.003484320557491289,0.003484320557491289,0.11149825783972125,0.09407665505226481,0.003484320557491289,0.06968641114982578,0.0627177700348432,0.003484320557491289,0.0,0.0,0.06968641114982578,0.0,0.017421602787456445,0.0,0.18815331010452963,0.010452961672473868,0.06968641114982578,0.0313588850174216,0.20209059233449478,0.013937282229965157,0.017421602787456445,0.013937282229965157,0.006968641114982578
violations,23
