Meta Mode,ecore
Number of Edge types,26
Number Of Nodes,100
State Id,59_1
OutDegreeValue,0,1,2,3,4,5,6,7,8,9,10,12,14
OutDegreeCount,10,7,51,15,6,1,1,3,2,1,1,1,1
NAValue,1,2,3,4,5,6,7,8
NACount,5,10,44,24,7,5,3,2
MPCValue,0.00000,0.52000,0.58240,0.58898,0.63673,0.65000,0.68250,0.69333,0.71500,0.73125,0.74880,0.76308,0.76408,0.76556,0.78000,0.78321,0.80600,0.80653,0.80889,0.81538,0.82571,0.83200,0.84500,0.84741,0.85841,0.86938
MPCCount,5,10,4,1,2,17,1,24,1,1,7,1,1,1,11,1,1,1,1,1,1,3,1,1,1,1
Typed Out Degree
EGenericType eTypeParameter,1,1,1,1,1,1,1
EClass eTypeParameters,1,1,1,2,2,1
EPackage eSuperPackage,1
EReference eKeys,1,2,2,2,2,1,1,1,3,2,1,4,2,2
EOperation eContainingClass,1,1,1,1,1
EAttribute eContainingClass,1,1,1,1,1,1,1,1,1,1,1,1,1,1,1,1,1,1,1,1,1,1,1
EReference eOpposite,1,1,1,1,1,1,1,1,1,1,1,1,1,1,1
EPackage eClassifiers,13,3
EDataType ePackage,1
EAttribute eType,1,1,1,1,1,1,1,1,1,1,1,1,1,1,1,1,1,1,1,1,1,1
EEnum eLiterals,1
EOperation eTypeParameters,1,2
EParameter eType,1,1
EClass eStructuralFeatures,2,4,5,4,5,1,2,6,3,5,7,6,2
EGenericType eClassifier,1,1,1,1,1
EEnumLiteral eEnum,1
EReference eContainingClass,1,1,1,1,1,1,1,1,1,1,1,1,1,1,1,1,1,1,1,1,1,1,1,1,1,1,1,1,1
EEnum ePackage,1,1
EGenericType eUpperBound,1,1
EEnum eTypeParameters,1
EClass eSuperTypes,2,2,4
ETypeParameter eBounds,2,3
EClass ePackage,1,1,1,1,1,1,1,1,1,1,1,1,1
EOperation eParameters,1,1,1
EPackage eSubpackages,1
EGenericType eLowerBound,1,1
EClass eOperations,1,1,2,1
EParameter eOperation,1,1,1
EReference eType,1,1,1,1,1,1,1,1
EOperation eType,1
Node Type
EAttribute,EClass,EDataType,EParameter,EGenericType,EOperation,EEnumLiteral,EEnum,EReference,ETypeParameter,EPackage
0.23000000000000007,0.12999999999999998,0.01,0.03,0.09,0.05,0.01,0.02,0.2900000000000001,0.11999999999999998,0.02
Edge Type
eSuperPackage,eOperation,eUpperBound,eTypeParameter,eSubpackages,eType,eSuperTypes,eParameters,eOpposite,eKeys,eTypeArguments,eModelElement,eAnnotations,ePackage,eLowerBound,eLiterals,details,eStructuralFeatures,eClassifier,eClassifiers,eTypeParameters,eContainingClass,eBounds,eEnum,eOperations,eExceptions
0.0036900369003690036,0.01107011070110701,0.007380073800738007,0.025830258302583026,0.0036900369003690036,0.12177121771217712,0.02952029520295203,0.01107011070110701,0.055350553505535055,0.0959409594095941,0.0,0.0,0.0,0.05904059040590406,0.007380073800738007,0.0036900369003690036,0.0,0.1918819188191882,0.01845018450184502,0.05904059040590406,0.04428044280442804,0.21033210332103322,0.01845018450184502,0.0036900369003690036,0.01845018450184502,0.0
violations,13
