Meta Mode,ecore
Number of Edge types,26
Number Of Nodes,100
State Id,5_1
OutDegreeValue,0,1,2,3,4,5,6,7,8,10,11,13,15,18
OutDegreeCount,10,9,42,13,8,6,1,1,3,2,2,1,1,1
NAValue,1,2,3,4,5,6,7,8,9
NACount,10,7,39,21,8,6,4,4,1
MPCValue,0.00000,0.52000,0.53926,0.57457,0.58240,0.63673,0.65000,0.66765,0.68250,0.69333,0.71500,0.72163,0.74880,0.76408,0.77037,0.77730,0.78000,0.78406,0.79560,0.79592,0.80653,0.80889,0.81536,0.81653,0.82970,0.83200,0.84500,0.84760,0.84898,0.85800,0.86667
MPCCount,10,8,1,1,4,3,13,1,1,26,1,1,4,1,1,1,5,1,1,1,1,3,1,1,1,1,1,1,2,1,2
Typed Out Degree
EClass eTypeParameters,1,1,1,1,1,1,1
EPackage eSuperPackage,1
EGenericType eTypeArguments,1
EReference eKeys,1,2,3,4,2,2,2,2,2,1,4,2,2,3,1,2,1
EDataType eTypeParameters,1
EOperation eContainingClass,1,1,1,1
EAttribute eContainingClass,1,1,1,1,1,1,1,1,1,1,1,1,1,1,1,1,1,1,1,1,1,1,1
EReference eOpposite,1,1,1,1,1,1,1,1,1,1,1,1,1,1,1
EPackage eClassifiers,17,3
EDataType ePackage,1,1
EAttribute eType,1,1,1,1,1,1,1,1,1,1,1,1,1,1,1,1,1,1,1,1,1,1,1
EOperation eExceptions,2,3,1
EEnum eLiterals,6
EOperation eTypeParameters,1
EParameter eType,1,1,1
EClass eStructuralFeatures,3,1,5,5,8,4,3,2,3,7,1,5,6
EGenericType eClassifier,1
EEnumLiteral eEnum,1,1,1,1,1,1
EReference eContainingClass,1,1,1,1,1,1,1,1,1,1,1,1,1,1,1,1,1,1,1,1,1,1,1,1,1,1,1,1,1,1
EEnum ePackage,1,1
EEnum eTypeParameters,1
EClass eSuperTypes,3,1,1,2,4,3,5,4,1,1,1,3,2,2
ETypeParameter eBounds,1
EClass ePackage,1,1,1,1,1,1,1,1,1,1,1,1,1,1,1,1
EOperation eParameters,1,2
EPackage eSubpackages,1
EClass eOperations,1,1,1,1
EParameter eOperation,1,1,1
EReference eType,1,1,1,1,1,1,1,1,1,1,1,1,1
EOperation eType,1,1,1
Node Type
EAttribute,EClass,EDataType,EParameter,EGenericType,EEnumLiteral,EOperation,EEnum,EReference,ETypeParameter,EPackage
0.23000000000000007,0.16,0.02,0.03,0.02,0.060000000000000005,0.04,0.02,0.3000000000000001,0.09999999999999999,0.02
Edge Type
eSuperPackage,eOperation,eUpperBound,eTypeParameter,eSubpackages,eType,eSuperTypes,eParameters,eOpposite,eKeys,eTypeArguments,eModelElement,eAnnotations,ePackage,eLowerBound,eLiterals,details,eStructuralFeatures,eClassifier,eClassifiers,eTypeParameters,eContainingClass,eBounds,eEnum,eOperations,eExceptions
0.003134796238244514,0.009404388714733543,0.0,0.0,0.003134796238244514,0.13166144200626959,0.10344827586206896,0.009404388714733543,0.047021943573667714,0.11285266457680251,0.003134796238244514,0.0,0.0,0.06269592476489028,0.0,0.018808777429467086,0.0,0.16614420062695925,0.003134796238244514,0.06269592476489028,0.03134796238244514,0.1786833855799373,0.003134796238244514,0.018808777429467086,0.012539184952978056,0.018808777429467086
violations,21
