Meta Mode,ecore
Number of Edge types,26
Number Of Nodes,100
State Id,60_1
OutDegreeValue,0,1,2,3,4,5,6,7,9,10,13,16
OutDegreeCount,9,8,53,13,5,5,1,1,2,1,1,1
NAValue,1,2,3,4,5,6,7,8,9
NACount,7,7,45,24,6,8,1,1,1
MPCValue,0.00000,0.52000,0.58094,0.58240,0.63673,0.65000,0.66260,0.68640,0.69333,0.71500,0.74880,0.75111,0.78000,0.79040,0.80653,0.80889,0.81120,0.81640,0.81714,0.81980,0.82333,0.82512,0.82540,0.83200,0.84741,0.84898
MPCCount,7,7,1,3,2,16,1,1,26,1,5,2,13,1,1,3,1,1,1,1,1,1,1,1,1,1
Typed Out Degree
EGenericType eTypeParameter,1,1,1
EClass eTypeParameters,2,1,1,2,1,1
EPackage eSuperPackage,1
EGenericType eTypeArguments,1
EReference eKeys,1,2,2,2,2,2,1,1,1,1,1,4
EDataType eTypeParameters,2
EOperation eContainingClass,1,1,1,1,1
EAttribute eContainingClass,1,1,1,1,1,1,1,1,1,1,1,1,1,1,1,1,1,1,1,1,1,1
EReference eOpposite,1,1,1,1,1,1,1,1,1,1,1,1,1,1,1,1,1
EPackage eClassifiers,15,4
EDataType ePackage,1
EAttribute eType,1,1,1,1,1,1,1,1,1,1,1,1,1,1,1,1,1,1,1
EParameter eType,1,1,1
EClass eStructuralFeatures,1,3,3,5,8,3,3,2,3,8,4,5,1,2,4
EGenericType eClassifier,1,1,1,1
EReference eContainingClass,1,1,1,1,1,1,1,1,1,1,1,1,1,1,1,1,1,1,1,1,1,1,1,1,1,1,1,1,1,1,1,1,1
EEnum ePackage,1,1
EGenericType eUpperBound,1
EClass eSuperTypes,1,4,1,1
ETypeParameter eBounds,2
EClass ePackage,1,1,1,1,1,1,1,1,1,1,1,1,1,1,1,1
EOperation eParameters,1,1,2
EPackage eSubpackages,1
EGenericType eLowerBound,1
EClass eOperations,1,1,2,1
EParameter eOperation,1,1,1,1
EReference eType,1,1,1,1,1,1,1,1
EOperation eType,1,1,1,1
Node Type
EAttribute,EClass,EDataType,EParameter,EGenericType,EOperation,EEnum,EReference,ETypeParameter,EPackage
0.22000000000000006,0.16,0.01,0.04,0.05,0.05,0.02,0.3300000000000001,0.09999999999999999,0.02
Edge Type
eSuperPackage,eOperation,eUpperBound,eTypeParameter,eSubpackages,eType,eSuperTypes,eParameters,eOpposite,eKeys,eTypeArguments,eModelElement,eAnnotations,ePackage,eLowerBound,eLiterals,details,eStructuralFeatures,eClassifier,eClassifiers,eTypeParameters,eContainingClass,eBounds,eEnum,eOperations,eExceptions
0.0037313432835820895,0.014925373134328358,0.0037313432835820895,0.011194029850746268,0.0037313432835820895,0.12686567164179105,0.026119402985074626,0.014925373134328358,0.06343283582089553,0.07462686567164178,0.0037313432835820895,0.0,0.0,0.0708955223880597,0.0037313432835820895,0.0,0.0,0.20522388059701493,0.014925373134328358,0.0708955223880597,0.03731343283582089,0.22388059701492538,0.007462686567164179,0.0,0.018656716417910446,0.0
violations,14
