Meta Mode,ecore
Number of Edge types,26
Number Of Nodes,100
State Id,61_1
OutDegreeValue,0,1,2,3,4,5,6,7,8,9,11,14,21
OutDegreeCount,8,8,60,10,2,2,1,3,2,1,1,1,1
NAValue,1,2,3,4,5,6,7,8
NACount,8,10,42,23,9,4,2,2
MPCValue,0.00000,0.46222,0.52000,0.56717,0.58240,0.63673,0.65000,0.68250,0.69333,0.72313,0.73917,0.74286,0.74880,0.78000,0.79391,0.79692,0.80653,0.80889,0.81596,0.84099,0.84741,0.85313,0.86667
MPCCount,8,2,8,1,4,1,13,1,27,1,1,1,6,14,1,1,1,3,1,1,1,1,2
Typed Out Degree
EClass eTypeParameters,1,1,1
EPackage eSuperPackage,1,1
EReference eKeys,1,1,1,2,1,1,2,3,1
EDataType eTypeParameters,2,1
EOperation eContainingClass,1,1,1,1
EAttribute eContainingClass,1,1,1,1,1,1,1,1,1,1,1,1,1,1,1,1,1,1,1,1,1,1,1
EReference eOpposite,1,1,1,1,1,1,1,1,1,1,1,1,1,1,1,1,1,1,1,1,1,1,1
EPackage eClassifiers,1,20
EDataType ePackage,1,1,1
EAttribute eType,1,1,1,1,1,1,1,1,1,1,1,1,1,1,1,1,1,1,1,1,1,1
EOperation eExceptions,2
EEnum eLiterals,6
EParameter eType,1,1
EClass eStructuralFeatures,1,1,1,5,4,4,2,1,6,6,3,6,5,9
EEnumLiteral eEnum,1,1,1,1,1,1
EReference eContainingClass,1,1,1,1,1,1,1,1,1,1,1,1,1,1,1,1,1,1,1,1,1,1,1,1,1,1,1,1,1,1,1
EEnum ePackage,1
EClass eSuperTypes,1,2,2,1,5,3,1
ETypeParameter eBounds,2,2
EClass ePackage,1,1,1,1,1,1,1,1,1,1,1,1,1,1,1,1,1
EOperation eParameters,1,1
EPackage eSubpackages,1,1
EClass eOperations,1,1,1,1
EParameter eOperation,1,1
EReference eType,1,1,1,1,1,1,1
EOperation eType,1,1
Node Type
EAttribute,EClass,EDataType,EParameter,EGenericType,EEnumLiteral,EOperation,EEnum,EReference,EPackage,ETypeParameter
0.23000000000000007,0.17,0.03,0.02,0.04,0.060000000000000005,0.04,0.01,0.3100000000000001,0.03,0.060000000000000005
Edge Type
eSuperPackage,eOperation,eUpperBound,eTypeParameter,eSubpackages,eType,eSuperTypes,eParameters,eOpposite,eKeys,eTypeArguments,eModelElement,eAnnotations,ePackage,eLowerBound,eLiterals,details,eStructuralFeatures,eClassifier,eClassifiers,eTypeParameters,eContainingClass,eBounds,eEnum,eOperations,eExceptions
0.0072992700729927005,0.0072992700729927005,0.0,0.0,0.0072992700729927005,0.12043795620437957,0.05474452554744526,0.0072992700729927005,0.08394160583941605,0.04744525547445255,0.0,0.0,0.0,0.07664233576642336,0.0,0.021897810218978103,0.0,0.19708029197080293,0.0,0.07664233576642336,0.021897810218978103,0.2116788321167883,0.014598540145985401,0.021897810218978103,0.014598540145985401,0.0072992700729927005
violations,23
