Meta Mode,ecore
Number of Edge types,26
Number Of Nodes,100
State Id,62_1
OutDegreeValue,0,1,2,3,4,5,7,8,15,17,18
OutDegreeCount,8,8,50,19,6,3,2,1,1,1,1
NAValue,1,2,3,4,5,6,7,8,9
NACount,6,7,47,21,10,3,3,1,2
MPCValue,0.00000,0.52000,0.57758,0.63375,0.65000,0.68640,0.69333,0.71500,0.74880,0.75111,0.76181,0.78000,0.80653,0.80889,0.81120,0.81368,0.82173,0.83200,0.83692,0.83720,0.84741,0.85280,0.85950
MPCCount,6,8,1,1,23,1,24,1,7,3,1,8,1,2,1,1,1,5,1,1,1,1,1
Typed Out Degree
EGenericType eTypeParameter,1,1
EClass eTypeParameters,1,1,1
EPackage eSuperPackage,1
EReference eKeys,2,1,2,1,2,1,2,2,2,1,1,2,1,1,2
EDataType eTypeParameters,2
EOperation eContainingClass,1,1,1,1,1,1,1
EAttribute eContainingClass,1,1,1,1,1,1,1,1,1,1,1,1,1,1,1,1,1,1,1,1,1,1,1
EReference eOpposite,1,1,1,1,1,1,1,1,1,1,1,1,1,1,1
EPackage eClassifiers,16,7
EDataType ePackage,1
EAttribute eType,1,1,1,1,1,1,1,1,1,1,1,1,1,1,1,1,1,1,1
EOperation eExceptions,2,2
EEnum eLiterals,1
EOperation eTypeParameters,1,1,1
EParameter eType,1
EClass eStructuralFeatures,3,2,2,2,4,4,1,1,2,3,8,11,5,1,2,2,1
EGenericType eClassifier,1,1
EEnumLiteral eEnum,1
EReference eContainingClass,1,1,1,1,1,1,1,1,1,1,1,1,1,1,1,1,1,1,1,1,1,1,1,1,1,1,1,1,1,1,1
EEnum ePackage,1,1
EEnum eTypeParameters,1,1
EClass eSuperTypes,2,1,6,1,4,1
ETypeParameter eBounds,1,1
EClass ePackage,1,1,1,1,1,1,1,1,1,1,1,1,1,1,1,1,1,1,1,1
EOperation eParameters,1
EPackage eSubpackages,1
EClass eOperations,1,1,1,1,1,1,1
EParameter eOperation,1
EReference eType,1,1,1,1,1,1,1,1
EOperation eType,1
Node Type
EAttribute,EClass,EDataType,EParameter,EGenericType,EOperation,EEnumLiteral,EEnum,EReference,ETypeParameter,EPackage
0.23000000000000007,0.20000000000000004,0.01,0.01,0.02,0.07,0.01,0.02,0.3100000000000001,0.09999999999999999,0.02
Edge Type
eSuperPackage,eOperation,eUpperBound,eTypeParameter,eSubpackages,eType,eSuperTypes,eParameters,eOpposite,eKeys,eTypeArguments,eModelElement,eAnnotations,ePackage,eLowerBound,eLiterals,details,eStructuralFeatures,eClassifier,eClassifiers,eTypeParameters,eContainingClass,eBounds,eEnum,eOperations,eExceptions
0.0036231884057971015,0.0036231884057971015,0.0,0.007246376811594203,0.0036231884057971015,0.10507246376811594,0.05434782608695652,0.0036231884057971015,0.05434782608695652,0.08333333333333333,0.0,0.0,0.0,0.08333333333333333,0.0,0.0036231884057971015,0.0,0.1956521739130435,0.007246376811594203,0.08333333333333333,0.036231884057971016,0.2210144927536232,0.007246376811594203,0.0036231884057971015,0.025362318840579712,0.014492753623188406
violations,16
