Meta Mode,ecore
Number of Edge types,26
Number Of Nodes,100
State Id,63_1
OutDegreeValue,0,1,2,3,4,5,6,7,8,9,10,15,16
OutDegreeCount,5,11,50,12,7,5,2,1,2,2,1,1,1
NAValue,1,2,3,4,5,6,7,8
NACount,5,8,47,20,8,5,6,1
MPCValue,0.00000,0.52000,0.58094,0.58240,0.63673,0.65000,0.66444,0.67654,0.69333,0.73917,0.74880,0.75465,0.76556,0.76729,0.77853,0.78000,0.78360,0.79592,0.80427,0.80889,0.81231,0.82173,0.82276,0.85383,0.85950,0.86667
MPCCount,5,9,1,3,6,16,1,1,27,1,4,1,1,1,1,8,1,1,1,5,1,1,1,1,1,1
Typed Out Degree
EClass eTypeParameters,1,1,1
EPackage eSuperPackage,1
EGenericType eTypeArguments,1
EReference eKeys,2,1,2,2,3,2,2,4,2,1,2,1,2,2,2
EDataType eTypeParameters,1
EOperation eContainingClass,1,1,1,1,1,1,1
EAttribute eContainingClass,1,1,1,1,1,1,1,1,1,1,1,1,1,1,1,1,1,1,1,1,1,1,1,1,1,1
EReference eOpposite,1,1,1,1,1,1,1,1,1,1,1,1
EPackage eClassifiers,5,15
EDataType ePackage,1,1
EAttribute eType,1,1,1,1,1,1,1,1,1,1,1,1,1,1,1,1,1,1,1,1,1,1,1,1
EOperation eExceptions,2,2
EEnum eLiterals,4,1
EOperation eTypeParameters,1
EParameter eType,1,1
EClass eStructuralFeatures,7,7,1,7,1,4,1,4,4,1,3,7,3,5,2
EGenericType eClassifier,1
EEnumLiteral eEnum,1,1,1,1,1
EReference eContainingClass,1,1,1,1,1,1,1,1,1,1,1,1,1,1,1,1,1,1,1,1,1,1,1,1,1,1,1,1,1,1,1
EEnum ePackage,1,1
EClass eSuperTypes,6,1,1,1,1,2,3,1,1
ETypeParameter eBounds,1
EClass ePackage,1,1,1,1,1,1,1,1,1,1,1,1,1,1,1,1
EOperation eParameters,1,1
EPackage eSubpackages,1
EClass eOperations,1,1,1,1,2,1
EParameter eOperation,1,1
EReference eType,1,1,1,1,1,1,1,1,1,1
EOperation eType,1,1,1
Node Type
EAttribute,EClass,EDataType,EParameter,EGenericType,EEnumLiteral,EOperation,EEnum,EReference,ETypeParameter,EPackage
0.26000000000000006,0.16,0.02,0.02,0.02,0.05,0.07,0.02,0.3100000000000001,0.05,0.02
Edge Type
eSuperPackage,eOperation,eUpperBound,eTypeParameter,eSubpackages,eType,eSuperTypes,eParameters,eOpposite,eKeys,eTypeArguments,eModelElement,eAnnotations,ePackage,eLowerBound,eLiterals,details,eStructuralFeatures,eClassifier,eClassifiers,eTypeParameters,eContainingClass,eBounds,eEnum,eOperations,eExceptions
0.003401360544217687,0.006802721088435374,0.0,0.0,0.003401360544217687,0.1326530612244898,0.05782312925170068,0.006802721088435374,0.04081632653061224,0.10204081632653061,0.003401360544217687,0.0,0.0,0.06802721088435375,0.0,0.017006802721088437,0.0,0.19387755102040816,0.003401360544217687,0.06802721088435375,0.017006802721088437,0.21768707482993196,0.003401360544217687,0.017006802721088437,0.023809523809523808,0.013605442176870748
violations,13
