Meta Mode,ecore
Number of Edge types,26
Number Of Nodes,100
State Id,64_1
OutDegreeValue,0,1,2,3,4,5,6,7,8,10,12,18
OutDegreeCount,10,8,46,17,6,2,1,4,1,1,1,3
NAValue,1,2,3,4,5,6,7
NACount,9,7,41,24,8,5,6
MPCValue,0.00000,0.52000,0.57457,0.58240,0.58500,0.63673,0.65000,0.65796,0.68640,0.68760,0.69333,0.71500,0.73232,0.74880,0.75111,0.75479,0.76729,0.77653,0.78000,0.78446,0.78639,0.80653,0.81391,0.82333,0.83200,0.84500,0.86667,0.87750
MPCCount,9,8,1,2,1,1,17,1,1,1,23,1,1,7,2,1,1,1,9,1,1,1,1,1,4,1,1,1
Typed Out Degree
EGenericType eTypeParameter,1,1
EClass eTypeParameters,1,1,1,2,1,2,1
EPackage eSuperPackage,1
EGenericType eTypeArguments,1
EReference eKeys,1,1,2,1,1,2,3,2,2,3,1,2,2,2
EDataType eTypeParameters,1
EOperation eContainingClass,1,1,1,1
EAttribute eContainingClass,1,1,1,1,1,1,1,1,1,1,1,1,1,1,1,1,1,1,1,1,1,1
EReference eOpposite,1,1,1,1,1,1,1,1,1,1,1,1,1,1,1,1,1,1
EPackage eClassifiers,3,17
EDataType ePackage,1
EAttribute eType,1,1,1,1,1,1,1,1,1,1,1,1,1,1,1,1,1,1,1,1,1
EOperation eExceptions,2
EEnum eLiterals,4,1
EParameter eType,1,1
EClass eStructuralFeatures,9,2,4,2,6,1,4,1,5,1,7,6,2,3
EGenericType eClassifier,1
EEnumLiteral eEnum,1,1,1,1,1
EReference eContainingClass,1,1,1,1,1,1,1,1,1,1,1,1,1,1,1,1,1,1,1,1,1,1,1,1,1,1,1,1,1,1,1
EEnum ePackage,1,1
EEnum eTypeParameters,1
EClass eSuperTypes,8,1,2,2,6,5,9,1,2
ETypeParameter eBounds,1,1
EClass ePackage,1,1,1,1,1,1,1,1,1,1,1,1,1,1,1,1,1
EOperation eParameters,1,1
EPackage eSubpackages,1
EClass eOperations,2,1,1
EParameter eOperation,1,1
EReference eType,1,1,1,1,1,1,1,1,1
EOperation eType,1,1,1
Node Type
EClass,EAttribute,EDataType,EParameter,EGenericType,EEnumLiteral,EOperation,EEnum,EReference,ETypeParameter,EPackage
0.17,0.22000000000000006,0.01,0.02,0.03,0.05,0.04,0.02,0.3100000000000001,0.10999999999999999,0.02
Edge Type
eSuperPackage,eOperation,eUpperBound,eTypeParameter,eSubpackages,eType,eSuperTypes,eParameters,eOpposite,eKeys,eTypeArguments,eModelElement,eAnnotations,ePackage,eLowerBound,eLiterals,details,eStructuralFeatures,eClassifier,eClassifiers,eTypeParameters,eContainingClass,eBounds,eEnum,eOperations,eExceptions
0.0033003300330033004,0.006600660066006601,0.0,0.006600660066006601,0.0033003300330033004,0.11551155115511551,0.1188118811881188,0.006600660066006601,0.0594059405940594,0.08250825082508251,0.0033003300330033004,0.0,0.0,0.066006600660066,0.0,0.0165016501650165,0.0,0.17491749174917492,0.0033003300330033004,0.066006600660066,0.036303630363036306,0.18811881188118812,0.006600660066006601,0.0165016501650165,0.013201320132013201,0.006600660066006601
violations,22
