Meta Mode,ecore
Number of Edge types,26
Number Of Nodes,100
State Id,65_1
OutDegreeValue,0,1,2,3,4,5,6,7,8,10,11,12,19
OutDegreeCount,6,9,55,11,5,4,2,1,2,2,1,1,1
NAValue,1,2,3,4,5,6,7,8
NACount,6,7,47,21,9,3,4,3
MPCValue,0.00000,0.52000,0.58240,0.58500,0.63673,0.65000,0.69333,0.71385,0.73917,0.74880,0.75111,0.75753,0.76181,0.76408,0.78000,0.79625,0.80889,0.81120,0.81250,0.81653,0.83200,0.83692,0.84531,0.84741,0.84898,0.86840
MPCCount,6,8,4,1,1,19,23,1,1,9,1,1,1,1,9,1,2,1,1,1,3,1,1,1,1,1
Typed Out Degree
EGenericType eTypeParameter,1
EClass eTypeParameters,1,1,3
EReference eKeys,2,2,2,2,3,1,1,2,2,2,2,2
EOperation eContainingClass,1,1,1,1,1,1
EAttribute eContainingClass,1,1,1,1,1,1,1,1,1,1,1,1,1,1,1,1,1,1,1,1,1,1,1,1
EReference eOpposite,1,1,1,1,1,1,1,1,1,1,1,1,1,1,1,1,1,1,1,1,1,1
EPackage eClassifiers,19
EDataType ePackage,1,1
EAttribute eType,1,1,1,1,1,1,1,1,1,1,1,1,1,1,1,1,1,1,1,1,1,1,1,1
EOperation eExceptions,2,2
EEnum eLiterals,5
EOperation eTypeParameters,1
EParameter eType,1,1,1
EClass eStructuralFeatures,6,1,6,4,9,1,1,1,3,2,6,3,5,4,4
EGenericType eClassifier,1
EEnumLiteral eEnum,1,1,1,1,1
EReference eContainingClass,1,1,1,1,1,1,1,1,1,1,1,1,1,1,1,1,1,1,1,1,1,1,1,1,1,1,1,1,1,1,1,1
EEnum ePackage,1
EClass eSuperTypes,3,1,2,1,1,2,3,1
ETypeParameter eBounds,1,1
EClass ePackage,1,1,1,1,1,1,1,1,1,1,1,1,1,1,1,1
EOperation eParameters,1,1,1
EGenericType eLowerBound,1,1
EClass eOperations,1,1,1,2,1
EParameter eOperation,1,1,1
EReference eType,1,1,1,1,1,1,1
EOperation eType,1,1
Node Type
EClass,EAttribute,EDataType,EParameter,EGenericType,EEnumLiteral,EOperation,EEnum,EReference,ETypeParameter,EPackage
0.16,0.24000000000000007,0.02,0.03,0.04,0.05,0.060000000000000005,0.01,0.3200000000000001,0.060000000000000005,0.01
Edge Type
eSuperPackage,eOperation,eUpperBound,eTypeParameter,eSubpackages,eType,eSuperTypes,eParameters,eOpposite,eKeys,eTypeArguments,eModelElement,eAnnotations,ePackage,eLowerBound,eLiterals,details,eStructuralFeatures,eClassifier,eClassifiers,eTypeParameters,eContainingClass,eBounds,eEnum,eOperations,eExceptions
0.0,0.010380622837370242,0.0,0.0034602076124567475,0.0,0.1245674740484429,0.04844290657439446,0.010380622837370242,0.07612456747404844,0.07958477508650519,0.0,0.0,0.0,0.0657439446366782,0.006920415224913495,0.01730103806228374,0.0,0.19377162629757785,0.0034602076124567475,0.0657439446366782,0.020761245674740483,0.21453287197231835,0.006920415224913495,0.01730103806228374,0.020761245674740483,0.01384083044982699
violations,22
