Meta Mode,ecore
Number of Edge types,26
Number Of Nodes,100
State Id,66_1
OutDegreeValue,0,1,2,3,4,5,6,7,9,10,15,16,17,18
OutDegreeCount,9,7,48,12,8,6,2,2,1,1,1,1,1,1
NAValue,1,2,3,4,5,6,7,8
NACount,7,8,43,22,6,8,2,4
MPCValue,0.00000,0.52000,0.57758,0.58240,0.58500,0.63673,0.65000,0.66560,0.68250,0.69333,0.74469,0.74880,0.75347,0.75878,0.76960,0.78000,0.78963,0.79265,0.80653,0.80793,0.80889,0.82393,0.83200,0.84741,0.85222,0.85841,0.86025
MPCCount,7,10,1,4,1,3,13,1,1,24,1,8,1,1,1,8,1,1,1,1,4,1,2,1,1,1,1
Typed Out Degree
EGenericType eTypeParameter,1,1,1,1,1
EClass eTypeParameters,1,1,1,1,1
EPackage eSuperPackage,1
EGenericType eTypeArguments,1
EReference eKeys,2,2,2,2,2,2,4,1,2,3,2,3,2,2,3
EDataType eTypeParameters,2
EOperation eContainingClass,1,1,1,1,1,1,1
EAttribute eContainingClass,1,1,1,1,1,1,1,1,1,1,1,1,1,1,1,1,1,1,1,1,1,1,1
EReference eOpposite,1,1,1,1,1,1,1,1,1,1,1,1,1,1,1
EPackage eClassifiers,1,16
EDataType ePackage,1
EAttribute eType,1,1,1,1,1,1,1,1,1,1,1,1,1,1,1,1,1,1,1,1,1,1,1
EOperation eExceptions,2
EEnum eLiterals,5
EOperation eTypeParameters,1,1
EParameter eType,1,1,1
EClass eStructuralFeatures,4,5,9,2,3,1,1,4,4,2,4,5,6
EGenericType eClassifier,1,1,1,1
EEnumLiteral eEnum,1,1,1,1,1
EReference eContainingClass,1,1,1,1,1,1,1,1,1,1,1,1,1,1,1,1,1,1,1,1,1,1,1,1,1,1,1
EEnum ePackage,1,1
EEnum eTypeParameters,1,1
EClass eSuperTypes,9,4,4,1,2,4,1,9
ETypeParameter eBounds,1,2
EClass ePackage,1,1,1,1,1,1,1,1,1,1,1,1,1,1
EOperation eParameters,2,1
EPackage eSubpackages,1
EGenericType eLowerBound,1
EClass eOperations,2,2,2,1
EParameter eOperation,1,1,1
EReference eType,1,1,1,1,1,1,1
EOperation eType,1,1,1
Node Type
EClass,EAttribute,EDataType,EParameter,EGenericType,EOperation,EEnumLiteral,EEnum,EReference,EPackage,ETypeParameter
0.13999999999999999,0.23000000000000007,0.01,0.03,0.05,0.07,0.05,0.02,0.2700000000000001,0.02,0.10999999999999999
Edge Type
eSuperPackage,eOperation,eUpperBound,eTypeParameter,eSubpackages,eType,eSuperTypes,eParameters,eOpposite,eKeys,eTypeArguments,eModelElement,eAnnotations,ePackage,eLowerBound,eLiterals,details,eStructuralFeatures,eClassifier,eClassifiers,eTypeParameters,eContainingClass,eBounds,eEnum,eOperations,eExceptions
0.003205128205128205,0.009615384615384616,0.0,0.016025641025641024,0.003205128205128205,0.11538461538461539,0.10897435897435898,0.009615384615384616,0.04807692307692308,0.10897435897435898,0.003205128205128205,0.0,0.0,0.05448717948717949,0.003205128205128205,0.016025641025641024,0.0,0.16025641025641027,0.01282051282051282,0.05448717948717949,0.035256410256410256,0.18269230769230768,0.009615384615384616,0.016025641025641024,0.022435897435897436,0.00641025641025641
violations,18
