Meta Mode,ecore
Number of Edge types,26
Number Of Nodes,100
State Id,67_1
OutDegreeValue,0,1,2,3,4,5,6,7,8,11,12,17
OutDegreeCount,6,8,53,16,4,2,2,4,2,1,1,1
NAValue,1,2,3,4,5,6,7,9
NACount,4,8,49,21,7,5,5,1
MPCValue,0.00000,0.46222,0.52000,0.53926,0.57758,0.58240,0.63673,0.65000,0.69333,0.71385,0.74286,0.74880,0.76408,0.78000,0.79170,0.79592,0.80889,0.81538,0.82160,0.82512,0.83200,0.83546,0.84500,0.84923,0.85850
MPCCount,4,2,6,1,1,1,2,24,25,2,1,6,1,11,1,1,1,1,1,1,3,1,1,1,1
Typed Out Degree
EGenericType eTypeParameter,1,1,1,1,1
EClass eTypeParameters,1,1,1,1
EPackage eSuperPackage,1
EGenericType eTypeArguments,1
EReference eKeys,1,2,2,1,1,2,2,2,2,1,2,2,3,2,1,2,1,2,1
EOperation eContainingClass,1,1,1,1,1
EAttribute eContainingClass,1,1,1,1,1,1,1,1,1,1,1,1,1,1,1,1,1,1,1,1,1,1,1
EReference eOpposite,1,1,1,1,1,1,1,1,1,1,1,1,1,1
EPackage eClassifiers,1,16
EDataType ePackage,1
EAttribute eType,1,1,1,1,1,1,1,1,1,1,1,1,1,1,1,1,1,1,1,1,1,1,1
EOperation eExceptions,1
EEnum eLiterals,5
EOperation eTypeParameters,1
EParameter eType,1,1,1
EClass eStructuralFeatures,5,10,4,3,1,5,4,4,4,6,5,3
EGenericType eClassifier,1,1,1,1,1
EEnumLiteral eEnum,1,1,1,1,1
EReference eContainingClass,1,1,1,1,1,1,1,1,1,1,1,1,1,1,1,1,1,1,1,1,1,1,1,1,1,1,1,1,1,1,1
EEnum ePackage,1,1
EGenericType eUpperBound,1,1,1
EEnum eTypeParameters,1
EClass eSuperTypes,1,1,1,3,1,4
ETypeParameter eBounds,2
EClass ePackage,1,1,1,1,1,1,1,1,1,1,1,1,1,1
EOperation eParameters,2,1
EPackage eSubpackages,1
EGenericType eLowerBound,1,1
EClass eOperations,1,1,1,1,1
EParameter eOperation,1,1,1
EReference eType,1,1,1
EOperation eType,1,1,1
Node Type
EClass,EAttribute,EDataType,EParameter,EGenericType,EEnumLiteral,EOperation,EEnum,EReference,ETypeParameter,EPackage
0.13999999999999999,0.23000000000000007,0.01,0.03,0.08,0.05,0.05,0.02,0.3100000000000001,0.060000000000000005,0.02
Edge Type
eSuperPackage,eOperation,eUpperBound,eTypeParameter,eSubpackages,eType,eSuperTypes,eParameters,eOpposite,eKeys,eTypeArguments,eModelElement,eAnnotations,ePackage,eLowerBound,eLiterals,details,eStructuralFeatures,eClassifier,eClassifiers,eTypeParameters,eContainingClass,eBounds,eEnum,eOperations,eExceptions
0.0035211267605633804,0.01056338028169014,0.01056338028169014,0.017605633802816902,0.0035211267605633804,0.11267605633802817,0.03873239436619718,0.01056338028169014,0.04929577464788732,0.11267605633802817,0.0035211267605633804,0.0,0.0,0.05985915492957746,0.007042253521126761,0.017605633802816902,0.0,0.19014084507042253,0.017605633802816902,0.05985915492957746,0.02112676056338028,0.20774647887323944,0.007042253521126761,0.017605633802816902,0.017605633802816902,0.0035211267605633804
violations,14
