Meta Mode,ecore
Number of Edge types,26
Number Of Nodes,100
State Id,68_1
OutDegreeValue,0,1,2,3,4,5,6,7,8,9,13,15,17,20
OutDegreeCount,6,14,41,13,8,4,2,1,4,1,1,2,2,1
NAValue,1,2,3,4,5,6,7,8
NACount,6,7,46,18,10,5,6,2
MPCValue,0.00000,0.46694,0.52000,0.57758,0.57837,0.58240,0.58500,0.63673,0.65000,0.68250,0.68640,0.69333,0.70870,0.71612,0.74389,0.74469,0.74880,0.75111,0.76408,0.76748,0.77187,0.77422,0.77538,0.78000,0.78812,0.80653,0.81596,0.82512,0.83200,0.83955,0.84124,0.86667
MPCCount,6,1,10,1,1,3,1,2,16,1,1,24,1,1,1,1,10,1,1,1,1,1,1,1,1,2,1,1,4,1,1,1
Typed Out Degree
EClass eTypeParameters,2,1,2,1
EPackage eSuperPackage,1
EReference eKeys,1,2,2,2,2,2,5,2,1,2,4,2,4,1,2,1,2,3,2
EDataType eTypeParameters,1
EOperation eContainingClass,1,1,1,1,1,1
EAttribute eContainingClass,1,1,1,1,1,1,1,1,1,1,1,1,1,1,1,1,1,1,1,1,1,1,1,1,1
EReference eOpposite,1,1,1,1,1,1,1,1,1,1,1,1,1,1,1,1,1
EPackage eClassifiers,4,16
EDataType ePackage,1
EAttribute eType,1,1,1,1,1,1,1,1,1,1,1,1,1,1,1,1,1
EOperation eExceptions,2
EEnum eLiterals,4
EParameter eType,1,1,1
EClass eStructuralFeatures,2,2,2,4,1,2,7,1,2,4,3,7,1,2,8,2,7
EGenericType eClassifier,1
EEnumLiteral eEnum,1,1,1,1
EReference eContainingClass,1,1,1,1,1,1,1,1,1,1,1,1,1,1,1,1,1,1,1,1,1,1,1,1,1,1,1,1,1,1,1,1
EEnum ePackage,1
EClass eSuperTypes,3,1,2,1,2,4,10,5,2,11,7,1,1,7,5
ETypeParameter eBounds,1
EClass ePackage,1,1,1,1,1,1,1,1,1,1,1,1,1,1,1,1,1,1
EOperation eParameters,1,1,1
EPackage eSubpackages,1
EClass eOperations,1,1,1,1,1,1
EParameter eOperation,1,1,1
EReference eType,1,1,1,1,1
EOperation eType,1,1,1,1,1
Node Type
EAttribute,EClass,EDataType,EParameter,EGenericType,EEnumLiteral,EOperation,EEnum,EReference,ETypeParameter,EPackage
0.25000000000000006,0.18000000000000002,0.01,0.03,0.01,0.04,0.060000000000000005,0.01,0.3200000000000001,0.07,0.02
Edge Type
eSuperPackage,eOperation,eUpperBound,eTypeParameter,eSubpackages,eType,eSuperTypes,eParameters,eOpposite,eKeys,eTypeArguments,eModelElement,eAnnotations,ePackage,eLowerBound,eLiterals,details,eStructuralFeatures,eClassifier,eClassifiers,eTypeParameters,eContainingClass,eBounds,eEnum,eOperations,eExceptions
0.0029069767441860465,0.00872093023255814,0.0,0.0,0.0029069767441860465,0.0872093023255814,0.18023255813953487,0.00872093023255814,0.04941860465116279,0.12209302325581395,0.0,0.0,0.0,0.05813953488372093,0.0,0.011627906976744186,0.0,0.16569767441860464,0.0029069767441860465,0.05813953488372093,0.020348837209302327,0.18313953488372092,0.0029069767441860465,0.011627906976744186,0.01744186046511628,0.005813953488372093
violations,27
