Meta Mode,ecore
Number of Edge types,26
Number Of Nodes,100
State Id,69_1
OutDegreeValue,0,1,2,3,4,5,6,7,9,10,11,12,13,14
OutDegreeCount,6,10,50,14,4,3,2,4,1,1,1,2,1,1
NAValue,1,2,3,4,5,6,7,8
NACount,6,7,54,14,7,5,5,2
MPCValue,0.00000,0.46222,0.46694,0.52000,0.53926,0.58240,0.58500,0.62272,0.65000,0.66444,0.66765,0.69333,0.72313,0.74880,0.74993,0.76308,0.76408,0.78000,0.78769,0.79206,0.79625,0.80889,0.81817,0.82512,0.82743,0.83011,0.83200,0.83546,0.84500,0.84741
MPCCount,6,1,2,7,1,4,2,1,15,1,2,32,1,2,1,1,1,7,1,1,1,2,1,1,1,1,1,1,1,1
Typed Out Degree
EClass eTypeParameters,1,1,1
EPackage eSuperPackage,1,1
EReference eKeys,2,4,2,2,1,2,1,3,1,1,2,5,2,2,2,3
EDataType eTypeParameters,1
EOperation eContainingClass,1,1,1,1,1,1,1,1,1,1,1
EAttribute eContainingClass,1,1,1,1,1,1,1,1,1,1,1,1,1,1,1,1,1,1,1,1,1,1,1,1
EReference eOpposite,1,1,1,1,1,1,1,1,1
EPackage eClassifiers,10,8
EDataType ePackage,1
EAttribute eType,1,1,1,1,1,1,1,1,1,1,1,1,1,1,1,1,1,1,1
EOperation eExceptions,2,1,1,2,1
EEnum eLiterals,3,1
EParameter eType,1,1,1
EClass eStructuralFeatures,1,3,6,5,1,5,7,4,3,5,1,2,5,6
EEnumLiteral eEnum,1,1,1,1
EReference eContainingClass,1,1,1,1,1,1,1,1,1,1,1,1,1,1,1,1,1,1,1,1,1,1,1,1,1,1,1,1,1,1
EEnum ePackage,1,1
EEnum eTypeParameters,1
EClass eSuperTypes,1,2,5,6,1,3,2,2,1,5
ETypeParameter eBounds,2
EClass ePackage,1,1,1,1,1,1,1,1,1,1,1,1,1,1,1
EOperation eParameters,1,1,1
EPackage eSubpackages,1,1
EClass eOperations,1,1,1,1,2,2,1,2
EParameter eOperation,1,1,1
EReference eType,1,1,1,1,1,1,1
EOperation eType,1,1,1,1,1
Node Type
EAttribute,EClass,EDataType,EParameter,EGenericType,EOperation,EEnumLiteral,EEnum,EReference,ETypeParameter,EPackage
0.24000000000000007,0.15,0.01,0.03,0.02,0.10999999999999999,0.04,0.02,0.3000000000000001,0.05,0.03
Edge Type
eSuperPackage,eOperation,eUpperBound,eTypeParameter,eSubpackages,eType,eSuperTypes,eParameters,eOpposite,eKeys,eTypeArguments,eModelElement,eAnnotations,ePackage,eLowerBound,eLiterals,details,eStructuralFeatures,eClassifier,eClassifiers,eTypeParameters,eContainingClass,eBounds,eEnum,eOperations,eExceptions
0.006578947368421052,0.009868421052631578,0.0,0.0,0.006578947368421052,0.1118421052631579,0.09210526315789473,0.009868421052631578,0.029605263157894735,0.11513157894736842,0.0,0.0,0.0,0.05921052631578947,0.0,0.013157894736842105,0.0,0.17763157894736842,0.0,0.05921052631578947,0.01644736842105263,0.2138157894736842,0.006578947368421052,0.013157894736842105,0.03618421052631579,0.023026315789473683
violations,16
