Meta Mode,ecore
Number of Edge types,26
Number Of Nodes,100
State Id,6_1
OutDegreeValue,0,1,2,3,4,5,6,7,8,9,10,12,14,17,19
OutDegreeCount,5,12,46,12,8,1,5,3,1,1,1,1,2,1,1
NAValue,1,2,3,4,5,6,7,9
NACount,4,8,49,15,13,7,3,1
MPCValue,0.00000,0.46694,0.52000,0.57758,0.58240,0.58500,0.63673,0.64091,0.65000,0.66444,0.67041,0.68640,0.69333,0.69813,0.70189,0.71500,0.74707,0.74880,0.75111,0.75434,0.76291,0.76408,0.77037,0.78000,0.79560,0.79605,0.79625,0.80793,0.80889,0.81351,0.83200,0.83692,0.84898
MPCCount,4,1,9,1,6,1,3,1,13,1,1,1,30,1,1,1,1,1,1,1,1,1,1,5,1,1,1,1,2,1,4,1,1
Typed Out Degree
EGenericType eTypeParameter,1,1
EClass eTypeParameters,1,1,1
EPackage eSuperPackage,1,1
EGenericType eTypeArguments,1
EReference eKeys,2,1,3,4,2,1,3,1,6,1,1,2,2
EOperation eContainingClass,1,1,1,1
EAttribute eContainingClass,1,1,1,1,1,1,1,1,1,1,1,1,1,1,1,1,1,1,1,1,1,1,1
EReference eOpposite,1,1,1,1,1,1,1,1,1,1,1,1,1,1,1,1,1,1,1
EPackage eClassifiers,6,2,16
EDataType ePackage,1
EAttribute eType,1,1,1,1,1,1,1,1,1,1,1,1,1,1,1,1,1,1,1
EOperation eExceptions,3
EEnum eLiterals,5
EOperation eTypeParameters,1,1
EParameter eType,1
EClass eStructuralFeatures,1,3,2,4,7,1,2,1,3,4,5,1,3,3,3,1,1,2,2,5
EGenericType eClassifier,1
EEnumLiteral eEnum,1,1,1,1,1
EReference eContainingClass,1,1,1,1,1,1,1,1,1,1,1,1,1,1,1,1,1,1,1,1,1,1,1,1,1,1,1,1,1,1,1
EEnum ePackage,1
EGenericType eUpperBound,1
EClass eSuperTypes,1,4,9,4,3,12,1,8,1,1,1,3,3,6,1
ETypeParameter eBounds,2
EClass ePackage,1,1,1,1,1,1,1,1,1,1,1,1,1,1,1,1,1,1,1,1,1,1
EOperation eParameters,1
EPackage eSubpackages,1,1
EClass eOperations,1,2,1
EParameter eOperation,1
EReference eType,1,1,1,1,1,1,1,1,1
EOperation eType,1
Node Type
EAttribute,EClass,EDataType,EParameter,EGenericType,EEnumLiteral,EOperation,EEnum,EReference,EPackage,ETypeParameter
0.23000000000000007,0.22000000000000006,0.01,0.01,0.04,0.05,0.04,0.01,0.3100000000000001,0.03,0.05
Edge Type
eSuperPackage,eOperation,eUpperBound,eTypeParameter,eSubpackages,eType,eSuperTypes,eParameters,eOpposite,eKeys,eTypeArguments,eModelElement,eAnnotations,ePackage,eLowerBound,eLiterals,details,eStructuralFeatures,eClassifier,eClassifiers,eTypeParameters,eContainingClass,eBounds,eEnum,eOperations,eExceptions
0.006042296072507553,0.0030211480362537764,0.0030211480362537764,0.006042296072507553,0.006042296072507553,0.09063444108761329,0.17522658610271905,0.0030211480362537764,0.05740181268882175,0.08761329305135952,0.0030211480362537764,0.0,0.0,0.07250755287009064,0.0,0.015105740181268883,0.0,0.16314199395770393,0.0030211480362537764,0.07250755287009064,0.015105740181268883,0.17522658610271905,0.006042296072507553,0.015105740181268883,0.012084592145015106,0.00906344410876133
violations,30
