Meta Mode,ecore
Number of Edge types,26
Number Of Nodes,100
State Id,70_1
OutDegreeValue,0,1,2,3,4,5,6,7,8,9,10,11
OutDegreeCount,3,14,51,14,6,3,1,1,1,3,2,1
NAValue,1,2,3,4,5,6,7,8
NACount,3,8,51,18,10,7,2,1
MPCValue,0.00000,0.52000,0.58240,0.61360,0.63673,0.65000,0.68640,0.69333,0.71500,0.72628,0.72800,0.74286,0.74880,0.75111,0.75479,0.75571,0.76556,0.77037,0.78000,0.79605,0.80653,0.80889,0.81250,0.81714,0.82512,0.83200,0.83692,0.84500,0.84898,0.87309
MPCCount,3,8,4,1,2,12,1,35,1,1,1,1,4,2,1,1,1,1,6,1,2,2,1,1,1,2,1,1,1,1
Typed Out Degree
EClass eTypeParameters,1,1
EPackage eSuperPackage,1,1,1,1
EReference eKeys,1,2,2,1,1,3,2,2,1,1
EDataType eTypeParameters,1
EOperation eContainingClass,1,1,1,1
EAttribute eContainingClass,1,1,1,1,1,1,1,1,1,1,1,1,1,1,1,1,1,1,1,1,1,1,1,1
EReference eOpposite,1,1,1,1,1,1,1,1,1,1,1,1,1
EPackage eClassifiers,1,8,9,3,8
EDataType ePackage,1,1,1
EAttribute eType,1,1,1,1,1,1,1,1,1,1,1,1,1,1,1,1,1,1,1
EOperation eExceptions,2
EEnum eLiterals,1,4
EParameter eType,1
EClass eStructuralFeatures,7,3,1,2,5,2,1,2,1,6,6,2,2,1,1,2,6,3
EEnumLiteral eEnum,1,1,1,1,1
EReference eContainingClass,1,1,1,1,1,1,1,1,1,1,1,1,1,1,1,1,1,1,1,1,1,1,1,1,1,1,1,1,1
EEnum ePackage,1,1,1
EClass eSuperTypes,1,2,1,2,2,1,1,1,2,1,2
EClass ePackage,1,1,1,1,1,1,1,1,1,1,1,1,1,1,1,1,1,1,1,1,1,1,1
EOperation eParameters,1
EPackage eSubpackages,1,1,2
EClass eOperations,1,1,1,1
EParameter eOperation,1
EReference eType,1,1,1,1,1,1,1,1,1,1,1
EOperation eType,1,1,1
Node Type
EClass,EAttribute,EDataType,EParameter,EOperation,EEnumLiteral,EEnum,EReference,EPackage,ETypeParameter
0.23000000000000007,0.24000000000000007,0.03,0.01,0.04,0.05,0.03,0.2900000000000001,0.05,0.03
Edge Type
eSuperPackage,eOperation,eUpperBound,eTypeParameter,eSubpackages,eType,eSuperTypes,eParameters,eOpposite,eKeys,eTypeArguments,eModelElement,eAnnotations,ePackage,eLowerBound,eLiterals,details,eStructuralFeatures,eClassifier,eClassifiers,eTypeParameters,eContainingClass,eBounds,eEnum,eOperations,eExceptions
0.014492753623188406,0.0036231884057971015,0.0,0.0,0.014492753623188406,0.12318840579710146,0.057971014492753624,0.0036231884057971015,0.04710144927536232,0.057971014492753624,0.0,0.0,0.0,0.10507246376811594,0.0,0.018115942028985508,0.0,0.19202898550724637,0.0,0.10507246376811594,0.010869565217391304,0.20652173913043478,0.0,0.018115942028985508,0.014492753623188406,0.007246376811594203
violations,15
