Meta Mode,ecore
Number of Edge types,26
Number Of Nodes,100
State Id,71_1
OutDegreeValue,0,1,2,3,4,5,6,7,8,9
OutDegreeCount,8,8,51,17,3,3,3,2,2,3
NAValue,1,2,3,4,5,6,7
NACount,5,8,46,24,7,8,2
MPCValue,0.00000,0.52000,0.58240,0.62272,0.63375,0.63673,0.64735,0.65000,0.66444,0.69333,0.69975,0.71385,0.72313,0.73125,0.74880,0.77037,0.77653,0.78000,0.79074,0.80653,0.80889,0.82333,0.83200,0.84741,0.84923,0.86667
MPCCount,5,8,3,1,1,1,1,21,1,23,1,1,1,1,7,1,1,11,1,1,2,2,1,1,1,2
Typed Out Degree
EGenericType eTypeParameter,1,1,1,1
EClass eTypeParameters,1,1,1,2,1,1
EPackage eSuperPackage,1,1
EGenericType eTypeArguments,1,1
EReference eKeys,2,2,1,1,1,1,2,2,2,2,1,1
EOperation eContainingClass,1,1,1
EAttribute eContainingClass,1,1,1,1,1,1,1,1,1,1,1,1,1,1,1,1,1,1,1,1,1,1,1,1
EReference eOpposite,1,1,1,1,1,1,1,1,1,1,1,1,1,1,1,1,1,1,1,1,1
EPackage eClassifiers,7,7,8
EDataType ePackage,1,1
EAttribute eType,1,1,1,1,1,1,1,1,1,1,1,1,1,1,1,1,1,1,1,1
EOperation eExceptions,2
EEnum eLiterals,1,1
EParameter eType,1,1
EClass eStructuralFeatures,3,6,3,4,5,3,1,3,6,6,5,1,5,3,1
EGenericType eClassifier,1,1
EEnumLiteral eEnum,1,1
EReference eContainingClass,1,1,1,1,1,1,1,1,1,1,1,1,1,1,1,1,1,1,1,1,1,1,1,1,1,1,1,1,1,1,1
EEnum ePackage,1,1,1
EGenericType eUpperBound,1
EEnum eTypeParameters,1
EClass eSuperTypes,1,1
ETypeParameter eBounds,2
EClass ePackage,1,1,1,1,1,1,1,1,1,1,1,1,1,1,1,1,1
EOperation eParameters,2
EPackage eSubpackages,2
EClass eOperations,1,1,1
EParameter eOperation,1,1
EReference eType,1,1,1,1,1
EOperation eType,1,1
Node Type
EAttribute,EClass,EDataType,EParameter,EGenericType,EOperation,EEnumLiteral,EEnum,EReference,ETypeParameter,EPackage
0.24000000000000007,0.17,0.02,0.02,0.05,0.03,0.02,0.03,0.3100000000000001,0.08,0.03
Edge Type
eSuperPackage,eOperation,eUpperBound,eTypeParameter,eSubpackages,eType,eSuperTypes,eParameters,eOpposite,eKeys,eTypeArguments,eModelElement,eAnnotations,ePackage,eLowerBound,eLiterals,details,eStructuralFeatures,eClassifier,eClassifiers,eTypeParameters,eContainingClass,eBounds,eEnum,eOperations,eExceptions
0.0076045627376425855,0.0076045627376425855,0.0038022813688212928,0.015209125475285171,0.0076045627376425855,0.11026615969581749,0.0076045627376425855,0.0076045627376425855,0.07984790874524715,0.06844106463878327,0.0076045627376425855,0.0,0.0,0.08365019011406843,0.0,0.0076045627376425855,0.0,0.20912547528517111,0.0076045627376425855,0.08365019011406843,0.030418250950570342,0.22053231939163498,0.0076045627376425855,0.0076045627376425855,0.011406844106463879,0.0076045627376425855
violations,19
