Meta Mode,ecore
Number of Edge types,26
Number Of Nodes,100
State Id,72_1
OutDegreeValue,0,1,2,3,4,5,6,7,8,9,15,16,18
OutDegreeCount,6,11,54,11,3,3,5,2,1,1,1,1,1
NAValue,1,2,3,4,5,6,7,8
NACount,6,8,52,15,6,6,6,1
MPCValue,0.00000,0.52000,0.58240,0.58500,0.62272,0.63673,0.65000,0.68640,0.69333,0.72757,0.75111,0.76408,0.76880,0.77037,0.78000,0.79040,0.79560,0.80653,0.80889,0.80949,0.81714,0.82333,0.83200,0.84500,0.84741,0.85222,0.85850
MPCCount,6,8,2,1,1,2,19,1,31,1,1,1,1,1,10,1,1,1,2,1,1,1,2,1,1,1,1
Typed Out Degree
EClass eTypeParameters,1,1,1
EPackage eSuperPackage,1,1,1
EReference eKeys,2,1,2,2,1,2,3,1,2,2,1,2,2,1
EDataType eTypeParameters,1,1
EOperation eContainingClass,1,1,1,1,1,1,1,1,1
EAttribute eContainingClass,1,1,1,1,1,1,1,1,1,1,1,1,1,1,1,1,1,1,1,1,1,1,1,1
EReference eOpposite,1,1,1,1,1,1,1,1,1,1,1,1,1,1,1,1
EPackage eClassifiers,4,16
EDataType ePackage,1,1,1
EAttribute eType,1,1,1,1,1,1,1,1,1,1,1,1,1,1,1,1,1,1,1,1,1
EOperation eExceptions,1,1
EEnum eLiterals,2,3
EOperation eTypeParameters,1
EParameter eType,1
EClass eStructuralFeatures,5,3,6,3,6,2,5,3,2,7,1,2,6,3
EEnumLiteral eEnum,1,1,1,1,1
EReference eContainingClass,1,1,1,1,1,1,1,1,1,1,1,1,1,1,1,1,1,1,1,1,1,1,1,1,1,1,1,1,1,1
EEnum ePackage,1,1
EClass eSuperTypes,1,8,1,1,1,7,1,2,1
ETypeParameter eBounds,1
EClass ePackage,1,1,1,1,1,1,1,1,1,1,1,1,1,1,1
EOperation eParameters,1
EPackage eSubpackages,2,1
EClass eOperations,1,1,1,1,1,1,2,1
EParameter eOperation,1
EReference eType,1,1,1,1,1
EOperation eType,1,1,1,1,1,1
Node Type
EAttribute,EClass,EDataType,EParameter,EGenericType,EOperation,EEnumLiteral,EEnum,EReference,ETypeParameter,EPackage
0.24000000000000007,0.15,0.03,0.01,0.01,0.09,0.05,0.02,0.3000000000000001,0.060000000000000005,0.04
Edge Type
eSuperPackage,eOperation,eUpperBound,eTypeParameter,eSubpackages,eType,eSuperTypes,eParameters,eOpposite,eKeys,eTypeArguments,eModelElement,eAnnotations,ePackage,eLowerBound,eLiterals,details,eStructuralFeatures,eClassifier,eClassifiers,eTypeParameters,eContainingClass,eBounds,eEnum,eOperations,eExceptions
0.010380622837370242,0.0034602076124567475,0.0,0.0,0.010380622837370242,0.11418685121107267,0.07958477508650519,0.0034602076124567475,0.05536332179930796,0.08304498269896193,0.0,0.0,0.0,0.06920415224913495,0.0,0.01730103806228374,0.0,0.18685121107266436,0.0,0.06920415224913495,0.020761245674740483,0.2179930795847751,0.0034602076124567475,0.01730103806228374,0.031141868512110725,0.006920415224913495
violations,17
