Meta Mode,ecore
Number of Edge types,26
Number Of Nodes,100
State Id,73_1
OutDegreeValue,0,1,2,3,5,6,8,9,10,12,15
OutDegreeCount,13,13,49,11,3,1,2,3,1,1,3
NAValue,1,2,3,4,5,6,7,8
NACount,13,8,46,19,3,6,3,2
MPCValue,0.00000,0.52000,0.63673,0.65000,0.69333,0.73917,0.74880,0.76576,0.77037,0.78000,0.78360,0.78963,0.79206,0.79504,0.80653,0.80889,0.81531,0.82333,0.82507,0.84426,0.85280
MPCCount,13,8,1,14,33,1,6,1,1,11,1,1,1,1,1,1,1,1,1,1,1
Typed Out Degree
EGenericType eTypeParameter,1
EClass eTypeParameters,1,1,1,1,2
EReference eKeys,1,2,2,1,1,1,1,1,2,1,1,2,1,1,2,1
EDataType eTypeParameters,2
EOperation eContainingClass,1,1,1,1,1
EAttribute eContainingClass,1,1,1,1,1,1,1,1,1,1,1,1,1,1,1,1,1,1,1,1,1,1,1
EReference eOpposite,1,1,1,1,1,1,1,1,1,1,1,1,1,1
EPackage eClassifiers,15
EDataType ePackage,1
EAttribute eType,1,1,1,1,1,1,1,1,1,1,1,1,1,1,1,1,1,1
EOperation eExceptions,1
EEnum eLiterals,6
EOperation eTypeParameters,1,1,1
EParameter eType,1,1,1,1
EClass eStructuralFeatures,7,3,5,1,12,5,5,3,6,5
EGenericType eClassifier,1
EEnumLiteral eEnum,1,1,1,1,1,1
EReference eContainingClass,1,1,1,1,1,1,1,1,1,1,1,1,1,1,1,1,1,1,1,1,1,1,1,1,1,1,1,1,1
EEnum ePackage,1,1
EGenericType eUpperBound,1
EEnum eTypeParameters,1
EClass eSuperTypes,4,3,1,1,6,2,6,1
ETypeParameter eBounds,1,2
EClass ePackage,1,1,1,1,1,1,1,1,1,1,1,1
EOperation eParameters,4
EGenericType eLowerBound,1
EClass eOperations,2,1,1,1
EParameter eOperation,1,1,1,1
EReference eType,1,1,1,1,1,1,1,1,1
EOperation eType,1
Node Type
EClass,EAttribute,EDataType,EParameter,EGenericType,EOperation,EEnumLiteral,EEnum,EReference,ETypeParameter,EPackage
0.11999999999999998,0.23000000000000007,0.01,0.04,0.05,0.05,0.060000000000000005,0.02,0.2900000000000001,0.11999999999999998,0.01
Edge Type
eSuperPackage,eOperation,eUpperBound,eTypeParameter,eSubpackages,eType,eSuperTypes,eParameters,eOpposite,eKeys,eTypeArguments,eModelElement,eAnnotations,ePackage,eLowerBound,eLiterals,details,eStructuralFeatures,eClassifier,eClassifiers,eTypeParameters,eContainingClass,eBounds,eEnum,eOperations,eExceptions
0.0,0.014545454545454545,0.0036363636363636364,0.0036363636363636364,0.0,0.11636363636363636,0.08727272727272728,0.014545454545454545,0.05090909090909091,0.07636363636363637,0.0,0.0,0.0,0.05454545454545454,0.0036363636363636364,0.02181818181818182,0.0,0.1890909090909091,0.0036363636363636364,0.05454545454545454,0.04363636363636364,0.20727272727272728,0.01090909090909091,0.02181818181818182,0.01818181818181818,0.0036363636363636364
violations,19
