Meta Mode,ecore
Number of Edge types,26
Number Of Nodes,100
State Id,74_1
OutDegreeValue,0,1,2,3,4,5,6,8,13,14,15,19
OutDegreeCount,9,8,50,14,3,4,5,2,2,1,1,1
NAValue,1,2,3,4,5,6,7,8
NACount,6,10,42,21,8,7,5,1
MPCValue,0.00000,0.52000,0.57186,0.58240,0.63673,0.65000,0.68250,0.69333,0.71500,0.74880,0.75111,0.77480,0.78000,0.78154,0.78531,0.79560,0.80628,0.80653,0.81047,0.81250,0.82393,0.82512,0.82776,0.82875,0.83200,0.84500
MPCCount,6,10,1,1,4,18,1,23,1,5,1,1,11,1,1,1,1,3,1,1,1,2,1,1,2,1
Typed Out Degree
EGenericType eTypeParameter,1,1,1,1
EClass eTypeParameters,1,2,1,1,1,2
EPackage eSuperPackage,1
EReference eKeys,2,2,2,3,1,2,2,2,3,2,3
EOperation eContainingClass,1,1,1
EAttribute eContainingClass,1,1,1,1,1,1,1,1,1,1,1,1,1,1,1,1,1,1,1,1,1,1,1
EReference eOpposite,1,1,1,1,1,1,1,1,1,1,1,1,1,1,1,1,1,1,1,1,1
EPackage eClassifiers,1,18
EDataType ePackage,1
EAttribute eType,1,1,1,1,1,1,1,1,1,1,1,1,1,1,1,1,1,1,1,1,1,1,1
EOperation eExceptions,1
EEnum eLiterals,3,2
EOperation eTypeParameters,1
EParameter eType,1
EClass eStructuralFeatures,2,4,3,1,4,5,3,2,6,4,3,4,7,1,1,4
EGenericType eClassifier,1,1,1
EEnumLiteral eEnum,1,1,1,1,1
EReference eContainingClass,1,1,1,1,1,1,1,1,1,1,1,1,1,1,1,1,1,1,1,1,1,1,1,1,1,1,1,1,1,1,1
EEnum ePackage,1,1
EGenericType eUpperBound,1
EEnum eTypeParameters,1
EClass eSuperTypes,1,1,6,6,1,1,3,6,6
ETypeParameter eBounds,1,2
EClass ePackage,1,1,1,1,1,1,1,1,1,1,1,1,1,1,1,1
EOperation eParameters,1
EPackage eSubpackages,1
EGenericType eLowerBound,1,1
EClass eOperations,2,1
EParameter eOperation,1
EReference eType,1,1,1,1,1,1,1,1,1,1
EOperation eType,1,1
Node Type
EClass,EAttribute,EDataType,EParameter,EGenericType,EEnumLiteral,EOperation,EEnum,EReference,ETypeParameter,EPackage
0.16,0.23000000000000007,0.01,0.01,0.060000000000000005,0.05,0.03,0.02,0.3100000000000001,0.09999999999999999,0.02
Edge Type
eSuperPackage,eOperation,eUpperBound,eTypeParameter,eSubpackages,eType,eSuperTypes,eParameters,eOpposite,eKeys,eTypeArguments,eModelElement,eAnnotations,ePackage,eLowerBound,eLiterals,details,eStructuralFeatures,eClassifier,eClassifiers,eTypeParameters,eContainingClass,eBounds,eEnum,eOperations,eExceptions
0.0033112582781456954,0.0033112582781456954,0.0033112582781456954,0.013245033112582781,0.0033112582781456954,0.11920529801324503,0.10264900662251655,0.0033112582781456954,0.0695364238410596,0.07947019867549669,0.0,0.0,0.0,0.06291390728476821,0.006622516556291391,0.016556291390728478,0.0,0.17880794701986755,0.009933774834437087,0.06291390728476821,0.033112582781456956,0.18874172185430463,0.009933774834437087,0.016556291390728478,0.009933774834437087,0.0033112582781456954
violations,24
