Meta Mode,ecore
Number of Edge types,26
Number Of Nodes,100
State Id,75_1
OutDegreeValue,0,1,2,3,4,5,6,7,10,11,12
OutDegreeCount,7,8,49,14,8,5,2,1,3,2,1
NAValue,1,2,3,4,5,6,7,9
NACount,6,6,48,20,8,5,6,1
MPCValue,0.00000,0.52000,0.58240,0.61360,0.63673,0.64735,0.65000,0.67471,0.68640,0.68862,0.69333,0.74880,0.75111,0.75347,0.76556,0.77538,0.78000,0.78812,0.79238,0.79605,0.80889,0.82173,0.83200,0.83357,0.85280,0.87669,0.87750,0.88469,0.89143
MPCCount,6,6,6,1,1,1,18,1,1,1,26,6,3,1,1,1,5,1,1,1,1,1,4,1,1,1,1,1,1
Typed Out Degree
EGenericType eTypeParameter,1
EClass eTypeParameters,1,1,1,3
EPackage eSuperPackage,1,1
EReference eKeys,3,3,3,2,1,2,2,1,2,2,2
EDataType eTypeParameters,1,1
EOperation eContainingClass,1,1,1,1
EAttribute eContainingClass,1,1,1,1,1,1,1,1,1,1,1,1,1,1,1,1,1,1,1,1,1,1,1,1
EReference eOpposite,1,1,1,1,1,1,1,1,1,1,1,1,1,1,1
EPackage eClassifiers,6,9,9
EDataType ePackage,1,1,1,1
EAttribute eType,1,1,1,1,1,1,1,1,1,1,1,1,1,1,1,1,1,1,1,1,1,1,1
EOperation eExceptions,2,2,3
EEnum eLiterals,4
EParameter eType,1
EClass eStructuralFeatures,5,4,4,1,5,5,1,2,4,1,1,1,8,6,2,4,1
EGenericType eClassifier,1
EEnumLiteral eEnum,1,1,1,1
EReference eContainingClass,1,1,1,1,1,1,1,1,1,1,1,1,1,1,1,1,1,1,1,1,1,1,1,1,1,1,1,1,1,1,1
EEnum ePackage,1
EClass eSuperTypes,3,2,1,1,1,3,2,3,1
ETypeParameter eBounds,1
EClass ePackage,1,1,1,1,1,1,1,1,1,1,1,1,1,1,1,1,1,1,1
EOperation eParameters,1
EPackage eSubpackages,2
EClass eOperations,1,1,1,1
EParameter eOperation,1
EReference eType,1,1,1,1,1,1,1,1,1,1
EOperation eType,1
Node Type
EAttribute,EClass,EDataType,EParameter,EGenericType,EOperation,EEnumLiteral,EEnum,EReference,ETypeParameter,EPackage
0.24000000000000007,0.19000000000000003,0.04,0.01,0.01,0.04,0.04,0.01,0.3100000000000001,0.08,0.03
Edge Type
eSuperPackage,eOperation,eUpperBound,eTypeParameter,eSubpackages,eType,eSuperTypes,eParameters,eOpposite,eKeys,eTypeArguments,eModelElement,eAnnotations,ePackage,eLowerBound,eLiterals,details,eStructuralFeatures,eClassifier,eClassifiers,eTypeParameters,eContainingClass,eBounds,eEnum,eOperations,eExceptions
0.006944444444444444,0.003472222222222222,0.0,0.003472222222222222,0.006944444444444444,0.12152777777777778,0.059027777777777776,0.003472222222222222,0.052083333333333336,0.0798611111111111,0.0,0.0,0.0,0.08333333333333333,0.0,0.013888888888888888,0.0,0.1909722222222222,0.003472222222222222,0.08333333333333333,0.027777777777777776,0.2048611111111111,0.003472222222222222,0.013888888888888888,0.013888888888888888,0.024305555555555556
violations,15
