Meta Mode,ecore
Number of Edge types,26
Number Of Nodes,100
State Id,76_1
OutDegreeValue,0,1,2,3,4,5,6,7,9,12,15,16
OutDegreeCount,5,8,55,14,7,2,4,1,1,1,1,1
NAValue,1,2,3,4,5,6,7,8,9
NACount,4,7,51,19,9,6,1,2,1
MPCValue,0.00000,0.52000,0.58240,0.63375,0.63673,0.64735,0.65000,0.68640,0.69333,0.74286,0.74880,0.76960,0.77355,0.78000,0.79040,0.80653,0.80889,0.81120,0.82276,0.82512,0.82894,0.83200,0.83688,0.84661,0.86667,0.87309
MPCCount,4,7,3,1,3,1,21,1,27,1,5,1,1,9,2,2,1,1,1,1,1,2,1,1,1,1
Typed Out Degree
EGenericType eTypeParameter,1,1
EClass eTypeParameters,1,1,1
EPackage eSuperPackage,1,1,1
EReference eKeys,2,1,2,2,1,2,2,1,2,1,3,2
EDataType eTypeParameters,1,1
EOperation eContainingClass,1,1,1,1
EAttribute eContainingClass,1,1,1,1,1,1,1,1,1,1,1,1,1,1,1,1,1,1,1,1,1,1,1,1,1
EReference eOpposite,1,1,1,1,1,1,1,1,1,1,1,1,1,1,1
EPackage eClassifiers,2,14,6
EDataType ePackage,1,1,1,1
EAttribute eType,1,1,1,1,1,1,1,1,1,1,1,1,1,1,1,1,1,1,1,1,1,1,1,1
EOperation eExceptions,2,1
EEnum eLiterals,3
EOperation eTypeParameters,1
EParameter eType,1,1,1
EClass eStructuralFeatures,2,3,8,6,2,2,6,4,4,4,2,1,3,5,1,1
EGenericType eClassifier,1,1,1
EEnumLiteral eEnum,1,1,1
EReference eContainingClass,1,1,1,1,1,1,1,1,1,1,1,1,1,1,1,1,1,1,1,1,1,1,1,1,1,1,1,1,1
EEnum ePackage,1
EClass eSuperTypes,2,4,1,5,1
ETypeParameter eBounds,1,2
EClass ePackage,1,1,1,1,1,1,1,1,1,1,1,1,1,1,1,1,1
EOperation eParameters,1,2
EPackage eSubpackages,1,2
EGenericType eLowerBound,1
EClass eOperations,1,1,1,1
EParameter eOperation,1,1,1
EReference eType,1,1,1,1,1,1,1
EOperation eType,1,1
Node Type
EClass,EAttribute,EDataType,EParameter,EGenericType,EEnumLiteral,EOperation,EEnum,EReference,EPackage,ETypeParameter
0.17,0.25000000000000006,0.04,0.03,0.04,0.03,0.04,0.01,0.2900000000000001,0.04,0.060000000000000005
Edge Type
eSuperPackage,eOperation,eUpperBound,eTypeParameter,eSubpackages,eType,eSuperTypes,eParameters,eOpposite,eKeys,eTypeArguments,eModelElement,eAnnotations,ePackage,eLowerBound,eLiterals,details,eStructuralFeatures,eClassifier,eClassifiers,eTypeParameters,eContainingClass,eBounds,eEnum,eOperations,eExceptions
0.010676156583629894,0.010676156583629894,0.0,0.0071174377224199285,0.010676156583629894,0.12811387900355872,0.046263345195729534,0.010676156583629894,0.05338078291814947,0.07473309608540925,0.0,0.0,0.0,0.07829181494661921,0.0035587188612099642,0.010676156583629894,0.0,0.19217081850533807,0.010676156583629894,0.07829181494661921,0.021352313167259787,0.20640569395017794,0.010676156583629894,0.010676156583629894,0.014234875444839857,0.010676156583629894
violations,14
