Meta Mode,ecore
Number of Edge types,26
Number Of Nodes,100
State Id,77_1
OutDegreeValue,0,1,2,3,4,5,6,7,9,11,12,13
OutDegreeCount,9,8,50,9,8,1,5,3,4,1,1,1
NAValue,1,2,3,4,5,6,7,8,9
NACount,8,7,43,18,14,3,3,2,2
MPCValue,0.00000,0.52000,0.53926,0.58240,0.58500,0.59385,0.63673,0.65000,0.66444,0.68640,0.69333,0.71500,0.74880,0.75111,0.75878,0.76375,0.76408,0.78000,0.80889,0.82202,0.82512,0.82964,0.83200,0.84099,0.84741,0.84898,0.85049,0.86667
MPCCount,8,8,1,5,1,1,2,13,2,1,25,1,7,1,1,1,3,3,4,1,1,1,4,1,1,1,1,1
Typed Out Degree
EGenericType eTypeParameter,1,1,1,1
EClass eTypeParameters,1,1,1,1,1
EPackage eSuperPackage,1
EReference eKeys,3,1,2,4,1,1,1,2,2,3,2,4,1,2
EDataType eTypeParameters,1,1,1
EOperation eContainingClass,1,1,1,1,1
EAttribute eContainingClass,1,1,1,1,1,1,1,1,1,1,1,1,1,1,1,1,1,1,1,1,1
EReference eOpposite,1,1,1,1,1,1,1,1,1,1,1,1,1,1,1,1,1,1,1,1,1,1,1
EPackage eClassifiers,5,12
EDataType ePackage,1,1,1
EAttribute eType,1,1,1,1,1,1,1,1,1,1,1,1,1,1,1,1,1,1,1,1,1
EOperation eExceptions,4,3,1
EEnum eLiterals,5
EOperation eTypeParameters,1,2
EParameter eType,1,1
EClass eStructuralFeatures,7,3,1,4,5,5,7,6,10,3
EGenericType eClassifier,1,1,1,1,1
EEnumLiteral eEnum,1,1,1,1,1
EReference eContainingClass,1,1,1,1,1,1,1,1,1,1,1,1,1,1,1,1,1,1,1,1,1,1,1,1,1,1,1,1,1,1
EEnum ePackage,1,1
EGenericType eUpperBound,1
EEnum eTypeParameters,1
EClass eSuperTypes,1,1,1,1,1,1,2,1,1
ETypeParameter eBounds,2,1,1,1
EClass ePackage,1,1,1,1,1,1,1,1,1,1,1,1
EOperation eParameters,1,1
EPackage eSubpackages,1
EClass eOperations,1,1,3
EParameter eOperation,1,1
EReference eType,1,1,1,1,1,1,1,1,1,1,1
EOperation eType,1,1
Node Type
EClass,EAttribute,EDataType,EParameter,EGenericType,EOperation,EEnumLiteral,EEnum,EReference,EPackage,ETypeParameter
0.11999999999999998,0.21000000000000005,0.03,0.02,0.060000000000000005,0.05,0.05,0.02,0.3000000000000001,0.02,0.11999999999999998
Edge Type
eSuperPackage,eOperation,eUpperBound,eTypeParameter,eSubpackages,eType,eSuperTypes,eParameters,eOpposite,eKeys,eTypeArguments,eModelElement,eAnnotations,ePackage,eLowerBound,eLiterals,details,eStructuralFeatures,eClassifier,eClassifiers,eTypeParameters,eContainingClass,eBounds,eEnum,eOperations,eExceptions
0.003389830508474576,0.006779661016949152,0.003389830508474576,0.013559322033898305,0.003389830508474576,0.12203389830508475,0.03389830508474576,0.006779661016949152,0.07796610169491526,0.09830508474576272,0.0,0.0,0.0,0.0576271186440678,0.0,0.01694915254237288,0.0,0.17288135593220338,0.01694915254237288,0.0576271186440678,0.04067796610169491,0.18983050847457628,0.01694915254237288,0.01694915254237288,0.01694915254237288,0.02711864406779661
violations,21
