Meta Mode,ecore
Number of Edge types,26
Number Of Nodes,100
State Id,78_1
OutDegreeValue,0,1,2,3,4,6,7,8,9,11,12,15
OutDegreeCount,8,8,50,16,6,4,1,2,2,1,1,1
NAValue,1,2,3,4,5,6,7,8
NACount,6,10,41,23,7,7,5,1
MPCValue,0.00000,0.46222,0.52000,0.58240,0.62272,0.63673,0.65000,0.66444,0.66765,0.69333,0.72222,0.74880,0.75111,0.76375,0.77653,0.77679,0.78000,0.78578,0.79504,0.80437,0.80889,0.82173,0.83200,0.83457,0.83688,0.84898,0.86667,0.87385,0.87750
MPCCount,6,1,10,5,1,1,15,2,1,21,1,6,1,1,1,1,11,1,1,1,1,1,4,1,1,1,1,1,1
Typed Out Degree
EGenericType eTypeParameter,1,1
EClass eTypeParameters,1,2,1,1
EPackage eSuperPackage,1,1
EReference eKeys,1,2,1,1,3,3,2,2,1,1,1,2,1
EOperation eContainingClass,1,1,1,1
EAttribute eContainingClass,1,1,1,1,1,1,1,1,1,1,1,1,1,1,1,1,1,1,1,1,1,1,1
EReference eOpposite,1,1,1,1,1,1,1,1,1,1,1,1,1,1,1,1,1,1,1,1,1
EPackage eClassifiers,2,8,10
EDataType ePackage,1
EAttribute eType,1,1,1,1,1,1,1,1,1,1,1,1,1,1,1,1,1,1,1,1,1,1,1
EEnum eLiterals,1,5,1
EOperation eTypeParameters,1
EParameter eType,1,1
EClass eStructuralFeatures,5,1,3,6,5,1,8,1,4,7,1,2,4,5
EGenericType eClassifier,1,1
EEnumLiteral eEnum,1,1,1,1,1,1,1
EReference eContainingClass,1,1,1,1,1,1,1,1,1,1,1,1,1,1,1,1,1,1,1,1,1,1,1,1,1,1,1,1,1,1
EEnum ePackage,1,1,1
EEnum eTypeParameters,1,2
EClass eSuperTypes,2,1,1,6,2,2,3
ETypeParameter eBounds,2
EClass ePackage,1,1,1,1,1,1,1,1,1,1,1,1,1,1,1,1
EOperation eParameters,1,1
EPackage eSubpackages,2
EClass eOperations,1,1,1,1
EParameter eOperation,1,1
EReference eType,1,1,1,1,1
EOperation eType,1,1,1
Node Type
EClass,EAttribute,EDataType,EParameter,EGenericType,EEnumLiteral,EOperation,EEnum,EReference,EPackage,ETypeParameter
0.16,0.23000000000000007,0.01,0.02,0.02,0.07,0.04,0.03,0.3000000000000001,0.03,0.09
Edge Type
eSuperPackage,eOperation,eUpperBound,eTypeParameter,eSubpackages,eType,eSuperTypes,eParameters,eOpposite,eKeys,eTypeArguments,eModelElement,eAnnotations,ePackage,eLowerBound,eLiterals,details,eStructuralFeatures,eClassifier,eClassifiers,eTypeParameters,eContainingClass,eBounds,eEnum,eOperations,eExceptions
0.007067137809187279,0.007067137809187279,0.0,0.007067137809187279,0.007067137809187279,0.1166077738515901,0.06007067137809187,0.007067137809187279,0.07420494699646643,0.07420494699646643,0.0,0.0,0.0,0.0706713780918728,0.0,0.024734982332155476,0.0,0.1872791519434629,0.007067137809187279,0.0706713780918728,0.03180212014134275,0.20141342756183744,0.007067137809187279,0.024734982332155476,0.014134275618374558,0.0
violations,18
