Meta Mode,ecore
Number of Edge types,26
Number Of Nodes,100
State Id,79_1
OutDegreeValue,0,1,2,3,4,5,6,7,8,9,10,11,15
OutDegreeCount,8,7,49,14,8,3,2,3,1,2,1,1,1
NAValue,1,2,3,4,5,6,7,8
NACount,6,7,48,18,10,4,4,3
MPCValue,0.00000,0.52000,0.58240,0.60320,0.63673,0.65000,0.66560,0.67692,0.69333,0.74880,0.75111,0.75571,0.76960,0.77538,0.77639,0.77893,0.78000,0.79170,0.79605,0.80653,0.80889,0.83200,0.83802,0.83837,0.84500,0.85049,0.85091,0.86667
MPCCount,6,7,6,1,2,16,1,1,26,4,1,1,1,1,1,1,9,1,1,1,1,5,1,1,1,1,1,1
Typed Out Degree
EGenericType eTypeParameter,1,1,1,1
EClass eTypeParameters,1,1,1,1
EGenericType eTypeArguments,1
EReference eKeys,2,2,2,2,2,1,1,1,2,3,1,2,1,1
EDataType eTypeParameters,3
EOperation eContainingClass,1,1,1,1,1,1
EAttribute eContainingClass,1,1,1,1,1,1,1,1,1,1,1,1,1,1,1,1,1,1,1,1,1,1,1
EReference eOpposite,1,1,1,1,1,1,1,1,1,1,1,1,1,1,1,1,1,1,1,1
EPackage eClassifiers,15
EDataType ePackage,1
EAttribute eType,1,1,1,1,1,1,1,1,1,1,1,1,1,1,1,1,1,1,1,1,1
EOperation eExceptions,1
EEnum eLiterals,2,2
EOperation eTypeParameters,1,1
EParameter eType,1,1,1,1,1,1
EClass eStructuralFeatures,5,5,4,9,7,5,4,6,4,3,2
EGenericType eClassifier,1,1,1
EEnumLiteral eEnum,1,1,1,1
EReference eContainingClass,1,1,1,1,1,1,1,1,1,1,1,1,1,1,1,1,1,1,1,1,1,1,1,1,1,1,1,1,1,1,1
EEnum ePackage,1,1
EGenericType eUpperBound,1
EClass eSuperTypes,1,2,1,2,1,4,3
ETypeParameter eBounds,1,2
EClass ePackage,1,1,1,1,1,1,1,1,1,1,1,1
EOperation eParameters,2,1,1,1,1
EClass eOperations,2,1,2,1
EParameter eOperation,1,1,1,1,1,1
EReference eType,1,1,1,1,1,1,1,1,1
EOperation eType,1,1,1,1
Node Type
EAttribute,EClass,EDataType,EParameter,EGenericType,EOperation,EEnumLiteral,EEnum,EReference,ETypeParameter,EPackage
0.23000000000000007,0.11999999999999998,0.01,0.060000000000000005,0.05,0.060000000000000005,0.04,0.02,0.3100000000000001,0.09,0.01
Edge Type
eSuperPackage,eOperation,eUpperBound,eTypeParameter,eSubpackages,eType,eSuperTypes,eParameters,eOpposite,eKeys,eTypeArguments,eModelElement,eAnnotations,ePackage,eLowerBound,eLiterals,details,eStructuralFeatures,eClassifier,eClassifiers,eTypeParameters,eContainingClass,eBounds,eEnum,eOperations,eExceptions
0.0,0.020761245674740483,0.0034602076124567475,0.01384083044982699,0.0,0.1384083044982699,0.04844290657439446,0.020761245674740483,0.06920415224913495,0.07958477508650519,0.0034602076124567475,0.0,0.0,0.05190311418685121,0.0,0.01384083044982699,0.0,0.18685121107266436,0.010380622837370242,0.05190311418685121,0.031141868512110725,0.20761245674740483,0.010380622837370242,0.01384083044982699,0.020761245674740483,0.0034602076124567475
violations,20
