Meta Mode,ecore
Number of Edge types,26
Number Of Nodes,100
State Id,7_1
OutDegreeValue,0,1,2,3,4,5,6,7,8,9,10,11,19
OutDegreeCount,6,8,51,14,8,2,1,2,2,2,2,1,1
NAValue,1,2,3,4,5,6,7,8
NACount,4,10,45,21,8,5,4,3
MPCValue,0.00000,0.52000,0.58240,0.58446,0.63673,0.64198,0.65000,0.68640,0.69333,0.74880,0.75111,0.77037,0.78000,0.78963,0.79605,0.79625,0.79934,0.80247,0.80889,0.82048,0.82815,0.82875,0.83200,0.84741,0.84930,0.85583,0.86667
MPCCount,4,10,4,1,2,1,19,1,22,5,2,2,11,1,1,1,1,1,3,1,1,1,1,1,1,1,1
Typed Out Degree
EGenericType eTypeParameter,1,1,1,1,1
EClass eTypeParameters,1,2,1,1,1
EGenericType eTypeArguments,1
EReference eKeys,2,2,2,1,2,3,3,2,1
EDataType eTypeParameters,1
EOperation eContainingClass,1,1,1,1
EAttribute eContainingClass,1,1,1,1,1,1,1,1,1,1,1,1,1,1,1,1,1,1,1,1,1,1,1,1
EReference eOpposite,1,1,1,1,1,1,1,1,1,1,1,1,1,1,1,1,1,1,1,1
EPackage eClassifiers,19
EDataType ePackage,1
EAttribute eType,1,1,1,1,1,1,1,1,1,1,1,1,1,1,1,1,1,1,1,1,1,1,1,1
EOperation eExceptions,1,2,2,1
EEnum eLiterals,1,6
EOperation eTypeParameters,1
EParameter eType,1,1
EClass eStructuralFeatures,4,4,2,4,2,1,3,5,3,6,4,6,5,5
EGenericType eClassifier,1,1,1,1
EEnumLiteral eEnum,1,1,1,1,1,1,1
EReference eContainingClass,1,1,1,1,1,1,1,1,1,1,1,1,1,1,1,1,1,1,1,1,1,1,1,1,1,1,1,1,1,1
EEnum ePackage,1,1
EClass eSuperTypes,3,1,3,1,1,2,5,1,2,3,2
ETypeParameter eBounds,3,1
EClass ePackage,1,1,1,1,1,1,1,1,1,1,1,1,1,1,1,1
EOperation eParameters,1,1
EClass eOperations,2,1,1
EParameter eOperation,1,1
EReference eType,1,1,1,1,1,1,1,1,1
EOperation eType,1
Node Type
EAttribute,EClass,EDataType,EParameter,EGenericType,EEnumLiteral,EOperation,EEnum,EReference,ETypeParameter,EPackage
0.24000000000000007,0.16,0.01,0.02,0.05,0.07,0.04,0.02,0.3000000000000001,0.08,0.01
Edge Type
eSuperPackage,eOperation,eUpperBound,eTypeParameter,eSubpackages,eType,eSuperTypes,eParameters,eOpposite,eKeys,eTypeArguments,eModelElement,eAnnotations,ePackage,eLowerBound,eLiterals,details,eStructuralFeatures,eClassifier,eClassifiers,eTypeParameters,eContainingClass,eBounds,eEnum,eOperations,eExceptions
0.0,0.006711409395973154,0.0,0.016778523489932886,0.0,0.12080536912751678,0.08053691275167785,0.006711409395973154,0.06711409395973154,0.06040268456375839,0.003355704697986577,0.0,0.0,0.06375838926174497,0.0,0.02348993288590604,0.0,0.18120805369127516,0.013422818791946308,0.06375838926174497,0.026845637583892617,0.19463087248322147,0.013422818791946308,0.02348993288590604,0.013422818791946308,0.020134228187919462
violations,24
