Meta Mode,ecore
Number of Edge types,26
Number Of Nodes,100
State Id,80_1
OutDegreeValue,0,1,2,3,4,6,7,8,9,12
OutDegreeCount,6,8,59,13,5,2,3,1,1,2
NAValue,1,2,3,4,5,6,8
NACount,6,4,55,17,9,7,2
MPCValue,0.00000,0.52000,0.58240,0.59944,0.65000,0.69333,0.72313,0.74469,0.74880,0.75347,0.76408,0.77037,0.78000,0.78531,0.79040,0.80653,0.80889,0.81640,0.84898,0.86667,0.87669
MPCCount,6,4,4,2,19,33,1,1,5,2,1,1,11,1,2,1,1,1,2,1,1
Typed Out Degree
EGenericType eTypeParameter,1,1,1
EClass eTypeParameters,1,1
EPackage eSuperPackage,1
EGenericType eTypeArguments,1
EReference eKeys,2,2,2,2,2,1,1,1
EOperation eContainingClass,1,1,1,1,1,1,1
EAttribute eContainingClass,1,1,1,1,1,1,1,1,1,1,1,1,1,1,1,1,1,1,1,1,1,1,1
EReference eOpposite,1,1,1,1,1,1,1,1,1,1,1,1,1,1,1,1,1
EPackage eClassifiers,11,11
EDataType ePackage,1,1
EAttribute eType,1,1,1,1,1,1,1,1,1,1,1,1,1,1,1,1,1,1,1,1,1,1
EOperation eExceptions,2
EEnum eLiterals,1,1
EOperation eTypeParameters,1,1
EParameter eType,1
EClass eStructuralFeatures,5,3,5,6,5,2,1,6,1,6,3,1,1,3,2,1,4
EGenericType eClassifier,1
EEnumLiteral eEnum,1,1
EReference eContainingClass,1,1,1,1,1,1,1,1,1,1,1,1,1,1,1,1,1,1,1,1,1,1,1,1,1,1,1,1,1,1,1,1
EEnum ePackage,1,1
EGenericType eUpperBound,1
EEnum eTypeParameters,1
EClass eSuperTypes,1,1,1
ETypeParameter eBounds,3,1
EClass ePackage,1,1,1,1,1,1,1,1,1,1,1,1,1,1,1,1,1,1
EOperation eParameters,1
EPackage eSubpackages,1
EClass eOperations,2,1,1,1,1,1
EParameter eOperation,1
EReference eType,1,1,1,1,1,1,1
EOperation eType,1,1,1
Node Type
EClass,EAttribute,EDataType,EParameter,EGenericType,EOperation,EEnumLiteral,EEnum,EReference,ETypeParameter,EPackage
0.18000000000000002,0.23000000000000007,0.02,0.01,0.060000000000000005,0.07,0.02,0.02,0.3200000000000001,0.05,0.02
Edge Type
eSuperPackage,eOperation,eUpperBound,eTypeParameter,eSubpackages,eType,eSuperTypes,eParameters,eOpposite,eKeys,eTypeArguments,eModelElement,eAnnotations,ePackage,eLowerBound,eLiterals,details,eStructuralFeatures,eClassifier,eClassifiers,eTypeParameters,eContainingClass,eBounds,eEnum,eOperations,eExceptions
0.003861003861003861,0.003861003861003861,0.003861003861003861,0.011583011583011582,0.003861003861003861,0.1274131274131274,0.011583011583011582,0.003861003861003861,0.06563706563706563,0.05019305019305019,0.003861003861003861,0.0,0.0,0.08494208494208494,0.0,0.007722007722007722,0.0,0.21235521235521235,0.003861003861003861,0.08494208494208494,0.019305019305019305,0.23938223938223938,0.015444015444015444,0.007722007722007722,0.02702702702702703,0.007722007722007722
violations,19
