Meta Mode,ecore
Number of Edge types,26
Number Of Nodes,100
State Id,81_1
OutDegreeValue,0,1,2,3,4,5,6,7,8,9,11,18
OutDegreeCount,7,9,51,12,8,4,2,3,1,1,1,1
NAValue,1,2,3,4,5,6,7,8,9
NACount,6,8,45,23,8,3,3,3,1
MPCValue,0.00000,0.52000,0.58240,0.62272,0.63673,0.65000,0.66260,0.66444,0.69333,0.71385,0.73921,0.74880,0.75111,0.76408,0.77037,0.78000,0.79040,0.81120,0.81250,0.81531,0.82333,0.82512,0.83200,0.85274,0.85647,0.87309,0.88615
MPCCount,6,9,4,1,2,17,1,2,24,1,1,8,1,1,1,8,1,1,1,1,1,1,3,1,1,1,1
Typed Out Degree
EGenericType eTypeParameter,1
EClass eTypeParameters,1,1,1,1,1
EPackage eSuperPackage,1,1,1
EReference eKeys,1,2,2,1,2,2,2,2,1,2,3,2,1
EDataType eTypeParameters,1,1
EOperation eContainingClass,1,1,1,1
EAttribute eContainingClass,1,1,1,1,1,1,1,1,1,1,1,1,1,1,1,1,1,1,1,1,1,1
EReference eOpposite,1,1,1,1,1,1,1,1,1,1,1,1,1
EPackage eClassifiers,1,1,5,16
EDataType ePackage,1,1,1
EAttribute eType,1,1,1,1,1,1,1,1,1,1,1,1,1,1,1,1,1,1,1,1,1,1
EOperation eExceptions,3,3,2
EEnum eLiterals,3,3
EParameter eType,1
EClass eStructuralFeatures,5,1,1,3,5,3,2,2,5,8,1,4,5,8
EGenericType eClassifier,1
EEnumLiteral eEnum,1,1,1,1,1,1
EReference eContainingClass,1,1,1,1,1,1,1,1,1,1,1,1,1,1,1,1,1,1,1,1,1,1,1,1,1,1,1,1,1,1,1
EEnum ePackage,1,1
EEnum eTypeParameters,1
EClass eSuperTypes,2,1,1,1,1,1,2,2
ETypeParameter eBounds,1
EClass ePackage,1,1,1,1,1,1,1,1,1,1,1,1,1,1,1,1,1,1
EOperation eParameters,1
EPackage eSubpackages,1,2
EClass eOperations,1,1,1,1
EParameter eOperation,1
EReference eType,1,1,1,1,1,1,1,1
EOperation eType,1
Node Type
EAttribute,EClass,EDataType,EParameter,EGenericType,EEnumLiteral,EOperation,EEnum,EReference,EPackage,ETypeParameter
0.22000000000000006,0.18000000000000002,0.03,0.01,0.01,0.060000000000000005,0.04,0.02,0.3100000000000001,0.04,0.08
Edge Type
eSuperPackage,eOperation,eUpperBound,eTypeParameter,eSubpackages,eType,eSuperTypes,eParameters,eOpposite,eKeys,eTypeArguments,eModelElement,eAnnotations,ePackage,eLowerBound,eLiterals,details,eStructuralFeatures,eClassifier,eClassifiers,eTypeParameters,eContainingClass,eBounds,eEnum,eOperations,eExceptions
0.01079136690647482,0.0035971223021582736,0.0,0.0035971223021582736,0.01079136690647482,0.11510791366906475,0.039568345323741004,0.0035971223021582736,0.046762589928057555,0.08273381294964029,0.0,0.0,0.0,0.08273381294964029,0.0,0.02158273381294964,0.0,0.1906474820143885,0.0035971223021582736,0.08273381294964029,0.02877697841726619,0.20503597122302158,0.0035971223021582736,0.02158273381294964,0.014388489208633094,0.02877697841726619
violations,10
