Meta Mode,ecore
Number of Edge types,26
Number Of Nodes,100
State Id,82_1
OutDegreeValue,0,1,2,3,4,5,6,7,8,9,10,11,12,13,14,15,17
OutDegreeCount,9,8,46,13,8,1,1,2,4,1,1,1,1,1,1,1,1
NAValue,1,2,3,4,5,6,7,8
NACount,8,9,40,21,6,4,7,5
MPCValue,0.00000,0.50381,0.52000,0.58240,0.58500,0.59385,0.61360,0.63673,0.64198,0.65000,0.65722,0.67041,0.69333,0.70837,0.72107,0.74286,0.74880,0.77204,0.78000,0.79040,0.80181,0.80889,0.81250,0.81972,0.82694,0.82776,0.83200,0.84124,0.84898,0.86154,0.86667
MPCCount,8,1,9,2,1,1,1,2,1,14,1,1,26,1,1,1,2,1,11,1,2,1,2,1,1,1,1,1,1,1,2
Typed Out Degree
EGenericType eTypeParameter,1
EClass eTypeParameters,1,1,2,1,1
EPackage eSuperPackage,1
EReference eKeys,1,3,1,2,3,2,1,5,1,2,2
EDataType eTypeParameters,2
EOperation eContainingClass,1,1,1,1
EAttribute eContainingClass,1,1,1,1,1,1,1,1,1,1,1,1,1,1,1,1,1,1,1,1,1,1,1
EReference eOpposite,1,1,1,1,1,1,1,1,1,1,1,1,1,1,1,1,1
EPackage eClassifiers,12,9
EDataType ePackage,1
EAttribute eType,1,1,1,1,1,1,1,1,1,1,1,1,1,1,1,1,1,1,1,1,1,1,1
EOperation eExceptions,2,5,2
EEnum eLiterals,3,3
EOperation eTypeParameters,2
EParameter eType,1,1
EClass eStructuralFeatures,7,2,3,2,2,5,2,2,4,5,5,5,2,2,1,1,1,3
EGenericType eClassifier,1
EEnumLiteral eEnum,1,1,1,1,1,1
EReference eContainingClass,1,1,1,1,1,1,1,1,1,1,1,1,1,1,1,1,1,1,1,1,1,1,1,1,1,1,1,1,1,1,1
EEnum ePackage,1,1
EClass eSuperTypes,8,3,4,1,1,9,3,4,6,8,5,1,3
ETypeParameter eBounds,1
EClass ePackage,1,1,1,1,1,1,1,1,1,1,1,1,1,1,1,1,1,1
EOperation eParameters,2
EPackage eSubpackages,1
EClass eOperations,1,1,1,1
EParameter eOperation,1,1
EReference eType,1,1,1,1,1,1,1,1,1,1
Node Type
EClass,EAttribute,EDataType,EParameter,EGenericType,EEnumLiteral,EOperation,EEnum,EReference,EPackage,ETypeParameter
0.18000000000000002,0.23000000000000007,0.01,0.02,0.01,0.060000000000000005,0.04,0.02,0.3100000000000001,0.02,0.09999999999999999
Edge Type
eSuperPackage,eOperation,eUpperBound,eTypeParameter,eSubpackages,eType,eSuperTypes,eParameters,eOpposite,eKeys,eTypeArguments,eModelElement,eAnnotations,ePackage,eLowerBound,eLiterals,details,eStructuralFeatures,eClassifier,eClassifiers,eTypeParameters,eContainingClass,eBounds,eEnum,eOperations,eExceptions
0.00303951367781155,0.0060790273556231,0.0,0.00303951367781155,0.00303951367781155,0.10638297872340426,0.1702127659574468,0.0060790273556231,0.05167173252279635,0.06990881458966565,0.0,0.0,0.0,0.06382978723404255,0.0,0.0182370820668693,0.0,0.1641337386018237,0.00303951367781155,0.06382978723404255,0.030395136778115502,0.1762917933130699,0.00303951367781155,0.0182370820668693,0.0121580547112462,0.02735562310030395
violations,26
