Meta Mode,ecore
Number of Edge types,26
Number Of Nodes,100
State Id,83_1
OutDegreeValue,0,1,2,3,4,5,6,7,8,9,10,17
OutDegreeCount,7,9,49,15,6,1,4,2,4,1,1,1
NAValue,1,2,3,4,5,6,7,8
NACount,6,7,47,21,9,4,5,1
MPCValue,0.00000,0.52000,0.58240,0.63673,0.64198,0.65000,0.66444,0.67114,0.68250,0.69333,0.74880,0.76375,0.76408,0.77037,0.78000,0.78321,0.78578,0.78963,0.79605,0.80793,0.81250,0.81538,0.82333,0.82815,0.83200,0.84898,0.86938
MPCCount,6,8,6,2,1,16,1,1,1,25,4,1,1,2,11,1,1,1,1,1,1,1,1,2,2,1,1
Typed Out Degree
EGenericType eTypeParameter,1
EClass eTypeParameters,1,1,1,1,1,1
EPackage eSuperPackage,1,1,1
EReference eKeys,2,2,2,2,3,2,1,3,1,3,3,2
EOperation eContainingClass,1,1,1,1
EAttribute eContainingClass,1,1,1,1,1,1,1,1,1,1,1,1,1,1,1,1,1,1,1,1,1,1,1,1,1
EReference eOpposite,1,1,1,1,1,1,1,1,1,1,1,1,1,1,1,1,1,1
EPackage eClassifiers,1,5,14
EDataType ePackage,1
EAttribute eType,1,1,1,1,1,1,1,1,1,1,1,1,1,1,1,1,1,1,1,1,1,1,1,1
EOperation eExceptions,2
EEnum eLiterals,3
EOperation eTypeParameters,1
EParameter eType,1,1,1
EClass eStructuralFeatures,2,2,5,3,5,1,5,6,5,6,5,1,2,6,3
EGenericType eClassifier,1
EEnumLiteral eEnum,1,1,1
EReference eContainingClass,1,1,1,1,1,1,1,1,1,1,1,1,1,1,1,1,1,1,1,1,1,1,1,1,1,1,1,1,1,1,1,1
EEnum ePackage,1,1,1
EEnum eTypeParameters,1
EClass eSuperTypes,1,2,1,1,1,3,2,1,1
ETypeParameter eBounds,1
EClass ePackage,1,1,1,1,1,1,1,1,1,1,1,1,1,1,1,1
EOperation eParameters,3
EPackage eSubpackages,3
EClass eOperations,1,1,1,1
EParameter eOperation,1,1,1
EReference eType,1,1,1,1,1,1,1,1
EOperation eType,1,1
Node Type
EAttribute,EClass,EDataType,EParameter,EGenericType,EEnumLiteral,EOperation,EEnum,EReference,EPackage,ETypeParameter
0.25000000000000006,0.16,0.01,0.03,0.01,0.03,0.04,0.03,0.3200000000000001,0.04,0.08
Edge Type
eSuperPackage,eOperation,eUpperBound,eTypeParameter,eSubpackages,eType,eSuperTypes,eParameters,eOpposite,eKeys,eTypeArguments,eModelElement,eAnnotations,ePackage,eLowerBound,eLiterals,details,eStructuralFeatures,eClassifier,eClassifiers,eTypeParameters,eContainingClass,eBounds,eEnum,eOperations,eExceptions
0.010452961672473868,0.010452961672473868,0.0,0.003484320557491289,0.010452961672473868,0.1289198606271777,0.04529616724738676,0.010452961672473868,0.0627177700348432,0.09059233449477352,0.0,0.0,0.0,0.06968641114982578,0.0,0.010452961672473868,0.0,0.1986062717770035,0.003484320557491289,0.06968641114982578,0.027874564459930314,0.21254355400696864,0.003484320557491289,0.010452961672473868,0.013937282229965157,0.006968641114982578
violations,16
