Meta Mode,ecore
Number of Edge types,26
Number Of Nodes,100
State Id,84_1
OutDegreeValue,0,1,2,3,4,5,6,7,8,9,12,13,16,17,21
OutDegreeCount,6,9,50,13,8,1,2,4,1,1,1,1,1,1,1
NAValue,1,2,3,4,5,6,7,8,9
NACount,4,9,47,22,6,5,3,2,2
MPCValue,0.00000,0.46222,0.52000,0.58240,0.58500,0.60961,0.63673,0.65000,0.69333,0.72107,0.72580,0.74880,0.76423,0.77270,0.78000,0.78246,0.78360,0.80653,0.80889,0.81351,0.83200,0.83778,0.84760,0.85944,0.86154,0.87669
MPCCount,4,2,9,8,1,1,2,15,25,1,1,5,1,1,11,1,1,2,1,1,2,1,1,1,1,1
Typed Out Degree
EGenericType eTypeParameter,1,1
EClass eTypeParameters,1,2,1
EPackage eSuperPackage,1,1
EGenericType eTypeArguments,1,1,1
EReference eKeys,3,5,3,3,1,2,2,2,3,2,3
EDataType eTypeParameters,1,1
EOperation eContainingClass,1,1,1,1,1,1,1
EAttribute eContainingClass,1,1,1,1,1,1,1,1,1,1,1,1,1,1,1,1,1,1,1,1,1,1,1
EReference eOpposite,1,1,1,1,1,1,1,1,1,1,1,1
EPackage eClassifiers,1,1,19
EDataType ePackage,1,1,1,1
EAttribute eType,1,1,1,1,1,1,1,1,1,1,1,1,1,1,1,1,1,1,1,1,1
EOperation eExceptions,1,1,3,2,1
EEnum eLiterals,2
EOperation eTypeParameters,1
EParameter eType,1,1
EClass eStructuralFeatures,5,2,3,5,2,7,3,3,2,7,7,2,4
EGenericType eClassifier,1,1,1,1
EEnumLiteral eEnum,1,1
EReference eContainingClass,1,1,1,1,1,1,1,1,1,1,1,1,1,1,1,1,1,1,1,1,1,1,1,1,1,1,1,1,1
EEnum ePackage,1
EClass eSuperTypes,1,2,3,2,2,2,8,2,1,1,8,5,1,2,7
ETypeParameter eBounds,2,1
EClass ePackage,1,1,1,1,1,1,1,1,1,1,1,1,1,1,1,1
EOperation eParameters,1,1
EPackage eSubpackages,2
EClass eOperations,1,1,3,2
EParameter eOperation,1,1
EReference eType,1,1,1,1,1,1,1,1,1
EOperation eType,1,1
Node Type
EClass,EAttribute,EDataType,EParameter,EGenericType,EOperation,EEnumLiteral,EEnum,EReference,ETypeParameter,EPackage
0.16,0.23000000000000007,0.04,0.02,0.060000000000000005,0.07,0.02,0.01,0.2900000000000001,0.07,0.03
Edge Type
eSuperPackage,eOperation,eUpperBound,eTypeParameter,eSubpackages,eType,eSuperTypes,eParameters,eOpposite,eKeys,eTypeArguments,eModelElement,eAnnotations,ePackage,eLowerBound,eLiterals,details,eStructuralFeatures,eClassifier,eClassifiers,eTypeParameters,eContainingClass,eBounds,eEnum,eOperations,eExceptions
0.006230529595015576,0.006230529595015576,0.0,0.006230529595015576,0.006230529595015576,0.1059190031152648,0.14641744548286603,0.006230529595015576,0.037383177570093455,0.09034267912772585,0.009345794392523364,0.0,0.0,0.06542056074766354,0.0,0.006230529595015576,0.0,0.16199376947040497,0.012461059190031152,0.06542056074766354,0.021806853582554516,0.1838006230529595,0.009345794392523364,0.006230529595015576,0.021806853582554516,0.024922118380062305
violations,19
