Meta Mode,ecore
Number of Edge types,26
Number Of Nodes,100
State Id,85_1
OutDegreeValue,0,1,2,3,4,5,6,7,8,9,10,13,14,18
OutDegreeCount,9,8,51,17,3,2,1,1,1,1,2,1,2,1
NAValue,1,2,3,4,5,6,7
NACount,9,7,42,24,5,11,2
MPCValue,0.00000,0.52000,0.58240,0.58898,0.61360,0.63673,0.65000,0.68760,0.69333,0.71219,0.73917,0.74880,0.75325,0.75479,0.75804,0.76074,0.77679,0.78000,0.79040,0.80427,0.80653,0.80889,0.82063,0.82178,0.83200,0.84500,0.86667
MPCCount,9,7,2,1,1,2,18,1,22,1,1,7,1,1,1,1,1,13,1,1,1,1,1,1,1,1,2
Typed Out Degree
EGenericType eTypeParameter,1,1
EClass eTypeParameters,1,1,1,1
EPackage eSuperPackage,1
EReference eKeys,2,1,2,2,2,2,2,1,2,1,1,2,2
EDataType eTypeParameters,1,1,2
EOperation eContainingClass,1
EAttribute eContainingClass,1,1,1,1,1,1,1,1,1,1,1,1,1,1,1,1,1,1,1,1,1,1,1,1
EReference eOpposite,1,1,1,1,1,1,1,1,1,1,1,1,1
EPackage eClassifiers,9,13
EDataType ePackage,1,1,1
EAttribute eType,1,1,1,1,1,1,1,1,1,1,1,1,1,1,1,1,1,1,1,1,1,1,1,1
EEnum eLiterals,5
EOperation eTypeParameters,1
EParameter eType,1
EClass eStructuralFeatures,4,5,1,2,9,1,1,5,8,4,3,2,1,1,6
EGenericType eClassifier,1,1,1
EEnumLiteral eEnum,1,1,1,1,1
EReference eContainingClass,1,1,1,1,1,1,1,1,1,1,1,1,1,1,1,1,1,1,1,1,1,1,1,1,1,1,1,1,1
EEnum ePackage,1,1
EGenericType eUpperBound,1
EClass eSuperTypes,1,1,1,4,2,7,8,5,1,2,2
ETypeParameter eBounds,2,2
EClass ePackage,1,1,1,1,1,1,1,1,1,1,1,1,1,1,1,1,1
EOperation eParameters,2
EPackage eSubpackages,1
EGenericType eLowerBound,1
EClass eOperations,1
EParameter eOperation,1,1
EReference eType,1,1,1,1,1,1,1,1,1
EOperation eType,1
Node Type
EAttribute,EClass,EDataType,EParameter,EGenericType,EEnumLiteral,EOperation,EEnum,EReference,ETypeParameter,EPackage
0.24000000000000007,0.17,0.03,0.02,0.060000000000000005,0.05,0.01,0.02,0.2900000000000001,0.09,0.02
Edge Type
eSuperPackage,eOperation,eUpperBound,eTypeParameter,eSubpackages,eType,eSuperTypes,eParameters,eOpposite,eKeys,eTypeArguments,eModelElement,eAnnotations,ePackage,eLowerBound,eLiterals,details,eStructuralFeatures,eClassifier,eClassifiers,eTypeParameters,eContainingClass,eBounds,eEnum,eOperations,eExceptions
0.003424657534246575,0.00684931506849315,0.003424657534246575,0.00684931506849315,0.003424657534246575,0.11986301369863013,0.11643835616438356,0.00684931506849315,0.04452054794520548,0.07534246575342465,0.0,0.0,0.0,0.07534246575342465,0.003424657534246575,0.017123287671232876,0.0,0.1815068493150685,0.010273972602739725,0.07534246575342465,0.030821917808219176,0.18493150684931506,0.0136986301369863,0.017123287671232876,0.003424657534246575,0.0
violations,12
