Meta Mode,ecore
Number of Edge types,26
Number Of Nodes,100
State Id,86_1
OutDegreeValue,0,1,2,3,4,5,6,7,8,10,13,14,15
OutDegreeCount,4,15,42,14,8,5,5,2,1,1,1,1,1
NAValue,1,2,3,4,5,6,7
NACount,4,9,47,18,10,5,7
MPCValue,0.00000,0.52000,0.53926,0.58240,0.58471,0.58500,0.63673,0.65000,0.66444,0.69333,0.71385,0.73917,0.74286,0.74880,0.76408,0.77542,0.78000,0.78639,0.79074,0.79890,0.80609,0.80889,0.81531,0.82276,0.82333,0.83200,0.86667,0.87309
MPCCount,4,10,1,5,1,1,3,16,1,25,1,2,1,5,1,1,8,1,1,1,1,3,1,1,1,2,1,1
Typed Out Degree
EGenericType eTypeParameter,1,1
EPackage eSuperPackage,1
EReference eKeys,3,4,1,2,2,2,1,1,1,1,2,2,2,2,3,2,2
EOperation eContainingClass,1,1,1,1,1,1
EAttribute eContainingClass,1,1,1,1,1,1,1,1,1,1,1,1,1,1,1,1,1,1,1,1,1,1,1,1,1
EReference eOpposite,1,1,1,1,1,1,1,1,1,1,1,1,1,1,1,1,1,1,1
EPackage eClassifiers,5,14
EAttribute eType,1,1,1,1,1,1,1,1,1,1,1,1,1,1,1,1,1,1,1,1,1
EOperation eExceptions,2,2
EEnum eLiterals,2,4
EOperation eTypeParameters,1,2,1
EParameter eType,1,1
EClass eStructuralFeatures,3,3,3,5,3,6,1,7,4,3,4,1,5,2,1,5
EEnumLiteral eEnum,1,1,1,1,1,1
EReference eContainingClass,1,1,1,1,1,1,1,1,1,1,1,1,1,1,1,1,1,1,1,1,1,1,1,1,1,1,1,1,1,1,1
EEnum ePackage,1,1,1
EEnum eTypeParameters,1,1
EClass eSuperTypes,1,3,7,1,2,1,1,7,1,1,1
ETypeParameter eBounds,1,1,1
EClass ePackage,1,1,1,1,1,1,1,1,1,1,1,1,1,1,1,1
EOperation eParameters,1,1
EPackage eSubpackages,1
EClass eOperations,1,1,1,1,1,1
EParameter eOperation,1,1
EReference eType,1,1,1,1,1
EOperation eType,1
Node Type
EClass,EAttribute,EParameter,EGenericType,EOperation,EEnumLiteral,EEnum,EReference,ETypeParameter,EPackage
0.16,0.25000000000000006,0.02,0.03,0.060000000000000005,0.060000000000000005,0.03,0.3100000000000001,0.060000000000000005,0.02
Edge Type
eSuperPackage,eOperation,eUpperBound,eTypeParameter,eSubpackages,eType,eSuperTypes,eParameters,eOpposite,eKeys,eTypeArguments,eModelElement,eAnnotations,ePackage,eLowerBound,eLiterals,details,eStructuralFeatures,eClassifier,eClassifiers,eTypeParameters,eContainingClass,eBounds,eEnum,eOperations,eExceptions
0.0033112582781456954,0.006622516556291391,0.0,0.006622516556291391,0.0033112582781456954,0.09602649006622517,0.08609271523178808,0.006622516556291391,0.06291390728476821,0.10927152317880795,0.0,0.0,0.0,0.06291390728476821,0.0,0.019867549668874173,0.0,0.18543046357615894,0.0,0.06291390728476821,0.019867549668874173,0.2052980132450331,0.009933774834437087,0.019867549668874173,0.019867549668874173,0.013245033112582781
violations,24
