Meta Mode,ecore
Number of Edge types,26
Number Of Nodes,100
State Id,87_1
OutDegreeValue,0,1,2,3,4,5,6,7,10,13,15,16,17
OutDegreeCount,3,12,51,13,8,4,2,1,1,1,1,2,1
NAValue,1,2,3,4,5,6,7,8
NACount,3,8,51,17,11,6,2,2
MPCValue,0.00000,0.46222,0.52000,0.53926,0.58240,0.65000,0.67025,0.67692,0.67844,0.68250,0.68640,0.69333,0.71500,0.74880,0.75111,0.75636,0.76960,0.77037,0.77053,0.77594,0.77653,0.78000,0.79425,0.79592,0.80889,0.81351,0.83200,0.83778,0.84231,0.86938
MPCCount,3,1,8,1,5,17,1,1,1,1,1,28,1,5,1,1,2,1,1,1,1,5,1,1,1,1,6,1,1,1
Typed Out Degree
EClass eTypeParameters,1,1
EPackage eSuperPackage,1,1,1,1
EGenericType eTypeArguments,1,1
EReference eKeys,2,2,1,3,1,1,2,2,2,4,1,1
EOperation eContainingClass,1,1,1
EAttribute eContainingClass,1,1,1,1,1,1,1,1,1,1,1,1,1,1,1,1,1,1,1,1,1,1,1,1,1
EReference eOpposite,1,1,1,1,1,1,1,1,1,1,1,1,1,1,1,1
EPackage eClassifiers,2,3,4,13,3
EDataType ePackage,1,1
EAttribute eType,1,1,1,1,1,1,1,1,1,1,1,1,1,1,1,1,1,1,1,1,1,1
EOperation eExceptions,2,1,2
EEnum eLiterals,3
EParameter eType,1
EClass eStructuralFeatures,7,5,1,6,3,2,3,9,3,5,1,1,6,2,2
EGenericType eClassifier,1,1
EEnumLiteral eEnum,1,1,1
EReference eContainingClass,1,1,1,1,1,1,1,1,1,1,1,1,1,1,1,1,1,1,1,1,1,1,1,1,1,1,1,1,1,1,1
EEnum ePackage,1,1,1
EEnum eTypeParameters,1
EClass eSuperTypes,9,1,1,6,2,2,1,1,5,1,1,1,1,9,1,1,2
ETypeParameter eBounds,1
EClass ePackage,1,1,1,1,1,1,1,1,1,1,1,1,1,1,1,1,1,1,1,1
EOperation eParameters,1
EPackage eSubpackages,3,1
EGenericType eLowerBound,1
EClass eOperations,1,1,1
EParameter eOperation,1
EReference eType,1,1,1,1,1,1,1
Node Type
EAttribute,EClass,EDataType,EParameter,EGenericType,EEnumLiteral,EOperation,EEnum,EReference,EPackage,ETypeParameter
0.25000000000000006,0.20000000000000004,0.02,0.01,0.04,0.03,0.03,0.03,0.3100000000000001,0.05,0.03
Edge Type
eSuperPackage,eOperation,eUpperBound,eTypeParameter,eSubpackages,eType,eSuperTypes,eParameters,eOpposite,eKeys,eTypeArguments,eModelElement,eAnnotations,ePackage,eLowerBound,eLiterals,details,eStructuralFeatures,eClassifier,eClassifiers,eTypeParameters,eContainingClass,eBounds,eEnum,eOperations,eExceptions
0.012861736334405145,0.003215434083601286,0.0,0.0,0.012861736334405145,0.09646302250803858,0.14469453376205788,0.003215434083601286,0.05144694533762058,0.0707395498392283,0.006430868167202572,0.0,0.0,0.08038585209003216,0.003215434083601286,0.00964630225080386,0.0,0.18006430868167203,0.006430868167202572,0.08038585209003216,0.00964630225080386,0.18971061093247588,0.003215434083601286,0.00964630225080386,0.00964630225080386,0.01607717041800643
violations,18
