Meta Mode,ecore
Number of Edge types,26
Number Of Nodes,100
State Id,88_1
OutDegreeValue,0,1,2,3,4,5,6,7,8,9,10,13,14,15,16
OutDegreeCount,9,9,47,15,5,4,2,1,1,1,1,2,1,1,1
NAValue,1,2,3,4,5,6,7,8
NACount,8,10,38,26,5,9,3,1
MPCValue,0.00000,0.46222,0.46694,0.52000,0.58240,0.58500,0.63673,0.64018,0.65000,0.69333,0.71339,0.71972,0.73751,0.74880,0.75111,0.77037,0.78000,0.78812,0.79625,0.80665,0.80889,0.81250,0.81598,0.82228,0.83200,0.83885,0.84139,0.84898,0.86667
MPCCount,8,1,1,11,3,1,1,1,15,20,1,1,1,8,1,2,11,1,1,1,1,1,1,1,1,1,1,1,2
Typed Out Degree
EGenericType eTypeParameter,1
EClass eTypeParameters,1,3
EPackage eSuperPackage,1,1,1
EReference eKeys,1,2,1,2,4,4,1,5,2,2,3,3,1,2,2,1,2,2
EOperation eContainingClass,1,1,1,1,1,1
EAttribute eContainingClass,1,1,1,1,1,1,1,1,1,1,1,1,1,1,1,1,1,1,1,1,1,1
EReference eOpposite,1,1,1,1,1,1,1,1,1,1
EPackage eClassifiers,2,1,13
EDataType ePackage,1,1
EAttribute eType,1,1,1,1,1,1,1,1,1,1,1,1,1,1,1,1,1,1,1,1,1,1
EOperation eExceptions,1,1
EEnum eLiterals,7
EOperation eTypeParameters,2,1,1
EParameter eType,1,1,1
EClass eStructuralFeatures,5,4,1,2,6,6,5,1,4,6,3,7,3
EGenericType eClassifier,1
EEnumLiteral eEnum,1,1,1,1,1,1,1
EReference eContainingClass,1,1,1,1,1,1,1,1,1,1,1,1,1,1,1,1,1,1,1,1,1,1,1,1,1,1,1,1,1,1,1
EEnum ePackage,1
EEnum eTypeParameters,1
EClass eSuperTypes,7,1,7,1,3,4,4,1
ETypeParameter eBounds,2
EClass ePackage,1,1,1,1,1,1,1,1,1,1,1,1,1
EOperation eParameters,1,1,1
EPackage eSubpackages,1,2
EClass eOperations,1,2,2,1
EParameter eOperation,1,1,1
EReference eType,1,1,1,1,1,1,1,1
EOperation eType,1,1,1
Node Type
EAttribute,EClass,EDataType,EParameter,EGenericType,EOperation,EEnumLiteral,EEnum,EReference,ETypeParameter,EPackage
0.22000000000000006,0.12999999999999998,0.02,0.03,0.02,0.060000000000000005,0.07,0.01,0.3100000000000001,0.09,0.04
Edge Type
eSuperPackage,eOperation,eUpperBound,eTypeParameter,eSubpackages,eType,eSuperTypes,eParameters,eOpposite,eKeys,eTypeArguments,eModelElement,eAnnotations,ePackage,eLowerBound,eLiterals,details,eStructuralFeatures,eClassifier,eClassifiers,eTypeParameters,eContainingClass,eBounds,eEnum,eOperations,eExceptions
0.009836065573770493,0.009836065573770493,0.0,0.003278688524590164,0.009836065573770493,0.1180327868852459,0.09180327868852459,0.009836065573770493,0.03278688524590164,0.13114754098360656,0.0,0.0,0.0,0.05245901639344262,0.0,0.022950819672131147,0.0,0.1737704918032787,0.003278688524590164,0.05245901639344262,0.029508196721311476,0.19344262295081968,0.006557377049180328,0.022950819672131147,0.019672131147540985,0.006557377049180328
violations,13
