Meta Mode,ecore
Number of Edge types,26
Number Of Nodes,100
State Id,89_1
OutDegreeValue,0,1,2,3,4,5,6,7,8,11,14,17,19
OutDegreeCount,8,9,48,16,5,2,5,1,2,1,1,1,1
NAValue,1,2,3,4,5,6,7,8
NACount,8,7,41,24,9,4,5,2
MPCValue,0.00000,0.52000,0.57186,0.58240,0.58500,0.63673,0.65000,0.67654,0.69333,0.71220,0.71500,0.74131,0.74880,0.75111,0.76000,0.78000,0.78531,0.78812,0.79040,0.80889,0.81049,0.81250,0.82776,0.82970,0.83200,0.85222,0.85959
MPCCount,8,8,1,1,1,2,20,1,20,1,2,1,5,1,1,11,1,1,1,2,1,1,1,1,5,1,1
Typed Out Degree
EGenericType eTypeParameter,1
EClass eTypeParameters,1,1,1,1
EPackage eSuperPackage,1,1,1
EReference eKeys,1,2,2,2,2,2,4,2,2,1,2,2,2
EDataType eTypeParameters,1
EOperation eContainingClass,1,1,1,1
EAttribute eContainingClass,1,1,1,1,1,1,1,1,1,1,1,1,1,1,1,1,1,1,1,1,1,1
EReference eOpposite,1,1,1,1,1,1,1,1,1,1,1,1,1
EPackage eClassifiers,3,1,18,1
EDataType ePackage,1,1,1
EAttribute eType,1,1,1,1,1,1,1,1,1,1,1,1,1,1,1,1,1,1,1,1,1,1
EOperation eExceptions,2,1
EEnum eLiterals,1,5
EOperation eTypeParameters,1,1
EParameter eType,1
EClass eStructuralFeatures,1,7,3,4,2,5,2,1,6,1,7,3,2,3,2,3
EGenericType eClassifier,1
EEnumLiteral eEnum,1,1,1,1,1,1
EReference eContainingClass,1,1,1,1,1,1,1,1,1,1,1,1,1,1,1,1,1,1,1,1,1,1,1,1,1,1,1,1,1,1
EEnum ePackage,1,1,1
EEnum eTypeParameters,1
EClass eSuperTypes,1,6,3,2,1,1,8,1,6,2,1
ETypeParameter eBounds,2
EClass ePackage,1,1,1,1,1,1,1,1,1,1,1,1,1,1,1,1,1
EOperation eParameters,1
EPackage eSubpackages,2,1
EClass eOperations,1,1,1,1
EParameter eOperation,1
EReference eType,1,1,1,1,1,1,1,1
EOperation eType,1,1
Node Type
EAttribute,EClass,EDataType,EParameter,EGenericType,EEnumLiteral,EOperation,EEnum,EReference,ETypeParameter,EPackage
0.22000000000000006,0.17,0.03,0.01,0.02,0.060000000000000005,0.04,0.03,0.3000000000000001,0.08,0.04
Edge Type
eSuperPackage,eOperation,eUpperBound,eTypeParameter,eSubpackages,eType,eSuperTypes,eParameters,eOpposite,eKeys,eTypeArguments,eModelElement,eAnnotations,ePackage,eLowerBound,eLiterals,details,eStructuralFeatures,eClassifier,eClassifiers,eTypeParameters,eContainingClass,eBounds,eEnum,eOperations,eExceptions
0.010101010101010102,0.003367003367003367,0.0,0.003367003367003367,0.010101010101010102,0.1111111111111111,0.10774410774410774,0.003367003367003367,0.04377104377104377,0.08754208754208755,0.0,0.0,0.0,0.07744107744107744,0.0,0.020202020202020204,0.0,0.1750841750841751,0.003367003367003367,0.07744107744107744,0.026936026936026935,0.18855218855218855,0.006734006734006734,0.020202020202020204,0.013468013468013467,0.010101010101010102
violations,15
