Meta Mode,ecore
Number of Edge types,26
Number Of Nodes,100
State Id,8_1
OutDegreeValue,0,1,2,3,4,5,6,9,10,11,12,15,19
OutDegreeCount,8,8,49,19,4,2,3,2,1,1,1,1,1
NAValue,1,2,3,4,5,6,7,9
NACount,7,7,47,19,8,5,6,1
MPCValue,0.00000,0.46694,0.52000,0.58240,0.58500,0.63673,0.65000,0.68640,0.69333,0.74777,0.74880,0.75213,0.76408,0.78000,0.79074,0.80380,0.80600,0.80653,0.80889,0.82815,0.82942,0.83200,0.84500,0.84898,0.86810,0.87360
MPCCount,7,1,7,2,1,2,21,1,23,1,5,1,1,12,1,1,1,1,1,1,1,3,1,2,1,1
Typed Out Degree
EGenericType eTypeParameter,1,1,1,1
EClass eTypeParameters,2,1,1,1,1
EGenericType eTypeArguments,1
EReference eKeys,2,2,1,2,2,2,1,2,1,2,2,2,2,1,2,1
EDataType eTypeParameters,1
EOperation eContainingClass,1,1,1,1,1,1,1
EAttribute eContainingClass,1,1,1,1,1,1,1,1,1,1,1,1,1,1,1,1,1,1,1,1,1,1,1,1
EReference eOpposite,1,1,1,1,1,1,1,1,1,1,1,1,1,1,1
EPackage eClassifiers,19
EDataType ePackage,1,1
EAttribute eType,1,1,1,1,1,1,1,1,1,1,1,1,1,1,1,1,1,1,1,1,1,1
EOperation eExceptions,2
EEnum eLiterals,3
EOperation eTypeParameters,1,2
EParameter eType,1
EClass eStructuralFeatures,5,4,3,1,4,4,2,1,5,8,4,5,7,2
EGenericType eClassifier,1,1
EEnumLiteral eEnum,1,1,1
EReference eContainingClass,1,1,1,1,1,1,1,1,1,1,1,1,1,1,1,1,1,1,1,1,1,1,1,1,1,1,1,1,1,1,1
EEnum ePackage,1
EClass eSuperTypes,1,2,1,1,4,2,4,6,2
ETypeParameter eBounds,1,1
EClass ePackage,1,1,1,1,1,1,1,1,1,1,1,1,1,1,1,1
EOperation eParameters,1
EGenericType eLowerBound,1
EClass eOperations,2,1,2,1,1
EParameter eOperation,1
EReference eType,1,1,1,1,1,1,1,1
EOperation eType,1,1,1,1
Node Type
EClass,EAttribute,EDataType,EParameter,EGenericType,EOperation,EEnumLiteral,EEnum,EReference,ETypeParameter,EPackage
0.16,0.24000000000000007,0.02,0.01,0.04,0.07,0.03,0.01,0.3100000000000001,0.09999999999999999,0.01
Edge Type
eSuperPackage,eOperation,eUpperBound,eTypeParameter,eSubpackages,eType,eSuperTypes,eParameters,eOpposite,eKeys,eTypeArguments,eModelElement,eAnnotations,ePackage,eLowerBound,eLiterals,details,eStructuralFeatures,eClassifier,eClassifiers,eTypeParameters,eContainingClass,eBounds,eEnum,eOperations,eExceptions
0.0,0.003424657534246575,0.0,0.0136986301369863,0.0,0.11986301369863013,0.07876712328767123,0.003424657534246575,0.05136986301369863,0.09246575342465753,0.003424657534246575,0.0,0.0,0.06506849315068493,0.003424657534246575,0.010273972602739725,0.0,0.18835616438356165,0.00684931506849315,0.06506849315068493,0.03424657534246575,0.21232876712328766,0.00684931506849315,0.010273972602739725,0.023972602739726026,0.00684931506849315
violations,15
