Meta Mode,ecore
Number of Edge types,26
Number Of Nodes,100
State Id,90_1
OutDegreeValue,0,1,2,3,4,5,6,7,8,9,10,11
OutDegreeCount,7,8,49,16,8,1,1,2,1,3,2,2
NAValue,1,2,3,4,5,6,7
NACount,6,8,45,19,9,6,7
MPCValue,0.00000,0.52000,0.58240,0.58500,0.62272,0.63375,0.63673,0.65000,0.66857,0.69333,0.69975,0.70041,0.74880,0.77037,0.77480,0.78000,0.79074,0.79605,0.79806,0.80600,0.80653,0.80793,0.80889,0.80998,0.81391,0.81714,0.82512,0.83200,0.84231,0.86667,0.89143
MPCCount,6,8,2,1,1,1,1,18,1,26,1,1,3,1,1,11,1,1,1,1,2,1,1,1,1,1,1,2,1,1,1
Typed Out Degree
EGenericType eTypeParameter,1
EClass eTypeParameters,1,1,1,1
EPackage eSuperPackage,1,1
EReference eKeys,1,2,2,1,1,2,2,2
EDataType eTypeParameters,1
EOperation eContainingClass,1,1,1,1,1,1
EAttribute eContainingClass,1,1,1,1,1,1,1,1,1,1,1,1,1,1,1,1,1,1,1,1,1,1
EReference eOpposite,1,1,1,1,1,1,1,1,1,1,1,1,1,1,1,1,1,1,1,1,1,1
EPackage eClassifiers,7,7,8
EDataType ePackage,1
EAttribute eType,1,1,1,1,1,1,1,1,1,1,1,1,1,1,1,1,1,1,1,1,1
EOperation eExceptions,2
EEnum eLiterals,3,2
EOperation eTypeParameters,1,1,1
EParameter eType,1
EClass eStructuralFeatures,5,5,5,3,2,7,3,2,1,2,6,1,4,1,5,2
EGenericType eClassifier,1
EEnumLiteral eEnum,1,1,1,1,1
EReference eContainingClass,1,1,1,1,1,1,1,1,1,1,1,1,1,1,1,1,1,1,1,1,1,1,1,1,1,1,1,1,1,1,1,1
EEnum ePackage,1,1
EClass eSuperTypes,4,2,3,3,1,1,1,1,2,1,5,1
ETypeParameter eBounds,1
EClass ePackage,1,1,1,1,1,1,1,1,1,1,1,1,1,1,1,1,1,1,1
EOperation eParameters,1
EPackage eSubpackages,1,1
EClass eOperations,1,1,1,1,1,1
EParameter eOperation,1
EReference eType,1,1,1,1,1,1,1,1,1,1,1
EOperation eType,1,1
Node Type
EClass,EAttribute,EDataType,EParameter,EGenericType,EEnumLiteral,EOperation,EEnum,EReference,ETypeParameter,EPackage
0.19000000000000003,0.22000000000000006,0.01,0.01,0.01,0.05,0.060000000000000005,0.02,0.3200000000000001,0.08,0.03
Edge Type
eSuperPackage,eOperation,eUpperBound,eTypeParameter,eSubpackages,eType,eSuperTypes,eParameters,eOpposite,eKeys,eTypeArguments,eModelElement,eAnnotations,ePackage,eLowerBound,eLiterals,details,eStructuralFeatures,eClassifier,eClassifiers,eTypeParameters,eContainingClass,eBounds,eEnum,eOperations,eExceptions
0.006944444444444444,0.003472222222222222,0.0,0.003472222222222222,0.006944444444444444,0.12152777777777778,0.08680555555555555,0.003472222222222222,0.0763888888888889,0.04513888888888889,0.0,0.0,0.0,0.0763888888888889,0.0,0.017361111111111112,0.0,0.1875,0.003472222222222222,0.0763888888888889,0.027777777777777776,0.20833333333333334,0.003472222222222222,0.017361111111111112,0.020833333333333332,0.006944444444444444
violations,25
