Meta Mode,ecore
Number of Edge types,26
Number Of Nodes,100
State Id,91_1
OutDegreeValue,0,1,2,3,4,5,6,7,8,9,12,13,14
OutDegreeCount,7,8,56,11,6,1,1,2,3,2,1,1,1
NAValue,1,2,3,4,5,6,7,8,10
NACount,6,7,48,21,7,6,3,1,1
MPCValue,0.00000,0.46694,0.52000,0.58240,0.59944,0.62272,0.65000,0.66444,0.68250,0.69333,0.73751,0.74880,0.76055,0.76408,0.77037,0.78000,0.79040,0.79074,0.79889,0.80247,0.80653,0.80889,0.81582,0.82048,0.83200,0.84741,0.84898,0.86667,0.89307
MPCCount,6,1,7,4,1,1,18,1,1,25,1,3,1,1,1,14,1,1,1,1,1,1,1,1,2,1,1,1,1
Typed Out Degree
EGenericType eTypeParameter,1
EClass eTypeParameters,1,1,1,1,1
EPackage eSuperPackage,1
EReference eKeys,2,3,1,1,1,1,2,2,2
EOperation eContainingClass,1,1,1,1,1,1,1,1
EAttribute eContainingClass,1,1,1,1,1,1,1,1,1,1,1,1,1,1,1,1,1,1,1,1,1,1
EReference eOpposite,1,1,1,1,1,1,1,1,1,1,1,1,1,1,1,1,1,1
EPackage eClassifiers,8,11
EDataType ePackage,1
EAttribute eType,1,1,1,1,1,1,1,1,1,1,1,1,1,1,1,1,1,1,1,1,1
EOperation eExceptions,2,1,2
EEnum eLiterals,1,3
EOperation eTypeParameters,1
EParameter eType,1,1,1,1
EClass eStructuralFeatures,3,3,5,8,6,4,1,7,3,4,3,6
EGenericType eClassifier,1
EEnumLiteral eEnum,1,1,1,1
EReference eContainingClass,1,1,1,1,1,1,1,1,1,1,1,1,1,1,1,1,1,1,1,1,1,1,1,1,1,1,1,1,1,1,1
EEnum ePackage,1,1
EEnum eTypeParameters,1,1
EClass eSuperTypes,1,1,1,3,1,3,5,1,3
ETypeParameter eBounds,1,1
EClass ePackage,1,1,1,1,1,1,1,1,1,1,1,1,1,1,1,1
EOperation eParameters,1,1,1,1
EPackage eSubpackages,1
EClass eOperations,1,1,2,1,2,1
EParameter eOperation,1,1,1,1
EReference eType,1,1,1,1,1,1,1,1
EOperation eType,1,1,1
Node Type
EAttribute,EClass,EDataType,EParameter,EGenericType,EOperation,EEnumLiteral,EEnum,EReference,ETypeParameter,EPackage
0.22000000000000006,0.16,0.01,0.04,0.02,0.08,0.04,0.02,0.3100000000000001,0.08,0.02
Edge Type
eSuperPackage,eOperation,eUpperBound,eTypeParameter,eSubpackages,eType,eSuperTypes,eParameters,eOpposite,eKeys,eTypeArguments,eModelElement,eAnnotations,ePackage,eLowerBound,eLiterals,details,eStructuralFeatures,eClassifier,eClassifiers,eTypeParameters,eContainingClass,eBounds,eEnum,eOperations,eExceptions
0.0035335689045936395,0.014134275618374558,0.0,0.0035335689045936395,0.0035335689045936395,0.127208480565371,0.06713780918727916,0.014134275618374558,0.0636042402826855,0.053003533568904596,0.0,0.0,0.0,0.06713780918727916,0.0,0.014134275618374558,0.0,0.1872791519434629,0.0035335689045936395,0.06713780918727916,0.028268551236749116,0.21554770318021202,0.007067137809187279,0.014134275618374558,0.028268551236749116,0.0176678445229682
violations,20
