Meta Mode,ecore
Number of Edge types,26
Number Of Nodes,100
State Id,92_1
OutDegreeValue,0,1,2,3,4,5,6,7,8,11,15
OutDegreeCount,6,9,54,17,2,1,6,1,2,1,1
NAValue,1,2,3,4,5,6,7
NACount,5,8,49,20,7,7,4
MPCValue,0.00000,0.52000,0.58240,0.58471,0.63673,0.65000,0.66444,0.69333,0.71385,0.73917,0.74286,0.74880,0.75347,0.76615,0.78000,0.79074,0.80653,0.81120,0.81329,0.83200,0.83457,0.84500,0.84898,0.86667
MPCCount,5,8,2,1,2,21,1,26,1,1,1,6,1,1,11,1,1,1,1,2,1,1,3,1
Typed Out Degree
EGenericType eTypeParameter,1,1
EClass eTypeParameters,1,1,1
EPackage eSuperPackage,1
EGenericType eTypeArguments,1,1
EReference eKeys,2,2,2,1,3,2,2,2,1,1,1,2,2
EOperation eContainingClass,1,1,1
EAttribute eContainingClass,1,1,1,1,1,1,1,1,1,1,1,1,1,1,1,1,1,1,1,1,1,1,1
EReference eOpposite,1,1,1,1,1,1,1,1,1,1,1,1,1,1,1,1
EPackage eClassifiers,5,14
EAttribute eType,1,1,1,1,1,1,1,1,1,1,1,1,1,1,1,1,1,1,1,1,1,1
EEnum eLiterals,3
EParameter eType,1
EClass eStructuralFeatures,4,1,3,1,5,9,5,1,5,2,4,6,3,5,1
EGenericType eClassifier,1,1,1,1,1,1
EEnumLiteral eEnum,1,1,1
EReference eContainingClass,1,1,1,1,1,1,1,1,1,1,1,1,1,1,1,1,1,1,1,1,1,1,1,1,1,1,1,1,1,1,1,1
EEnum ePackage,1,1
EGenericType eUpperBound,1,1,1,1
EEnum eTypeParameters,1
EClass eSuperTypes,2,1,1,1,1,1,1
ETypeParameter eBounds,1,3
EClass ePackage,1,1,1,1,1,1,1,1,1,1,1,1,1,1,1,1,1
EOperation eParameters,1
EPackage eSubpackages,1
EGenericType eLowerBound,1,1,1
EClass eOperations,1,1,1
EParameter eOperation,1
EReference eType,1,1,1,1
EOperation eType,1,1,1
Node Type
EAttribute,EClass,EParameter,EGenericType,EEnumLiteral,EOperation,EEnum,EReference,ETypeParameter,EPackage
0.23000000000000007,0.17,0.01,0.12999999999999998,0.03,0.03,0.02,0.3200000000000001,0.04,0.02
Edge Type
eSuperPackage,eOperation,eUpperBound,eTypeParameter,eSubpackages,eType,eSuperTypes,eParameters,eOpposite,eKeys,eTypeArguments,eModelElement,eAnnotations,ePackage,eLowerBound,eLiterals,details,eStructuralFeatures,eClassifier,eClassifiers,eTypeParameters,eContainingClass,eBounds,eEnum,eOperations,eExceptions
0.0037593984962406013,0.0037593984962406013,0.015037593984962405,0.007518796992481203,0.0037593984962406013,0.11278195488721804,0.03007518796992481,0.0037593984962406013,0.06015037593984962,0.08646616541353383,0.007518796992481203,0.0,0.0,0.07142857142857142,0.011278195488721804,0.011278195488721804,0.0,0.20676691729323307,0.022556390977443608,0.07142857142857142,0.015037593984962405,0.21804511278195488,0.015037593984962405,0.011278195488721804,0.011278195488721804,0.0
violations,15
