Meta Mode,ecore
Number of Edge types,26
Number Of Nodes,100
State Id,93_1
OutDegreeValue,0,1,2,3,4,5,6,8,9,10,11
OutDegreeCount,3,11,52,16,6,1,5,1,2,2,1
NAValue,1,2,3,4,5,6,7
NACount,3,6,54,16,12,5,4
MPCValue,0.00000,0.49920,0.52000,0.58240,0.58500,0.61360,0.63673,0.65000,0.66444,0.67471,0.69333,0.73917,0.74286,0.74880,0.75111,0.75347,0.75465,0.78000,0.78321,0.79605,0.80653,0.80889,0.81250,0.81329,0.82512,0.83200,0.84231,0.84741,0.84898
MPCCount,3,1,7,4,1,2,1,19,1,1,30,2,1,4,1,1,1,4,1,1,3,1,1,1,1,3,1,1,2
Typed Out Degree
EClass eTypeParameters,1,1
EPackage eSuperPackage,1,1
EReference eKeys,2,2,2,1,2,2,2,2,1,2,2,2
EOperation eContainingClass,1,1,1,1
EAttribute eContainingClass,1,1,1,1,1,1,1,1,1,1,1,1,1,1,1,1,1,1,1,1,1,1,1
EReference eOpposite,1,1,1,1,1,1,1,1,1,1,1,1,1
EPackage eClassifiers,9,9,9
EDataType ePackage,1,1,1
EAttribute eType,1,1,1,1,1,1,1,1,1,1,1,1,1,1,1,1,1,1,1,1
EEnum eLiterals,1,1
EOperation eTypeParameters,1
EParameter eType,1,1,1,1
EClass eStructuralFeatures,2,6,2,5,7,1,1,5,1,3,4,2,1,2,4,2,5,2
EEnumLiteral eEnum,1,1
EReference eContainingClass,1,1,1,1,1,1,1,1,1,1,1,1,1,1,1,1,1,1,1,1,1,1,1,1,1,1,1,1,1,1,1,1
EEnum ePackage,1,1
EClass eSuperTypes,1,3,1,2,1,2,1,2,1,1
ETypeParameter eBounds,1
EClass ePackage,1,1,1,1,1,1,1,1,1,1,1,1,1,1,1,1,1,1,1,1,1,1
EOperation eParameters,2,2,1
EPackage eSubpackages,2
EClass eOperations,1,2,1
EParameter eOperation,1,1,1,1,1
EReference eType,1,1,1,1,1,1,1,1,1
EOperation eType,1,1
Node Type
EAttribute,EClass,EDataType,EParameter,EGenericType,EOperation,EEnumLiteral,EEnum,EReference,ETypeParameter,EPackage
0.23000000000000007,0.22000000000000006,0.03,0.05,0.01,0.04,0.02,0.02,0.3200000000000001,0.03,0.03
Edge Type
eSuperPackage,eOperation,eUpperBound,eTypeParameter,eSubpackages,eType,eSuperTypes,eParameters,eOpposite,eKeys,eTypeArguments,eModelElement,eAnnotations,ePackage,eLowerBound,eLiterals,details,eStructuralFeatures,eClassifier,eClassifiers,eTypeParameters,eContainingClass,eBounds,eEnum,eOperations,eExceptions
0.007168458781362007,0.017921146953405017,0.0,0.0,0.007168458781362007,0.12544802867383512,0.053763440860215055,0.017921146953405017,0.04659498207885305,0.07885304659498207,0.0,0.0,0.0,0.0967741935483871,0.0,0.007168458781362007,0.0,0.1971326164874552,0.0,0.0967741935483871,0.010752688172043012,0.2114695340501792,0.0035842293906810036,0.007168458781362007,0.014336917562724014,0.0
violations,10
