Meta Mode,ecore
Number of Edge types,26
Number Of Nodes,100
State Id,94_1
OutDegreeValue,0,1,2,3,4,5,6,9,13,19
OutDegreeCount,8,9,47,15,7,3,6,2,2,1
NAValue,1,2,3,4,5,6,7,8
NACount,8,6,43,19,9,10,3,2
MPCValue,0.00000,0.52000,0.58240,0.61795,0.63673,0.65000,0.66444,0.68250,0.69333,0.71385,0.73751,0.74880,0.75111,0.76960,0.77037,0.78000,0.78722,0.79560,0.80609,0.80653,0.80889,0.81250,0.83200,0.84124,0.84741,0.84832,0.84898,0.85049
MPCCount,8,8,3,1,2,17,1,1,21,1,1,3,2,1,1,9,1,1,1,1,3,1,3,1,3,1,3,1
Typed Out Degree
EClass eTypeParameters,1,1,1,3,1
EPackage eSuperPackage,1,1,1
EReference eKeys,2,2,2,2,2,2,3,2,1,2,1,1,1
EOperation eContainingClass,1,1,1,1,1,1
EAttribute eContainingClass,1,1,1,1,1,1,1,1,1,1,1,1,1,1,1,1,1,1,1,1,1,1,1,1
EReference eOpposite,1,1,1,1,1,1,1,1,1,1,1,1,1,1,1,1,1,1
EPackage eClassifiers,1,2,17,1
EDataType ePackage,1
EAttribute eType,1,1,1,1,1,1,1,1,1,1,1,1,1,1,1,1,1,1,1,1,1,1
EOperation eExceptions,3,2
EEnum eLiterals,1,2,1
EParameter eType,1,1,1
EClass eStructuralFeatures,7,3,2,5,4,2,5,1,7,3,6,7,1
EEnumLiteral eEnum,1,1,1,1
EReference eContainingClass,1,1,1,1,1,1,1,1,1,1,1,1,1,1,1,1,1,1,1,1,1,1,1,1,1,1,1,1,1
EEnum ePackage,1,1,1
EEnum eTypeParameters,1
EClass eSuperTypes,5,1,1,1,2,1,2,1,1,1
ETypeParameter eBounds,1
EClass ePackage,1,1,1,1,1,1,1,1,1,1,1,1,1,1,1,1,1
EOperation eParameters,1,1,1
EPackage eSubpackages,2,1
EClass eOperations,1,2,1,1,1
EParameter eOperation,1,1,1
EReference eType,1,1,1,1,1,1,1,1,1
EOperation eType,1,1,1,1,1
Node Type
EAttribute,EClass,EDataType,EParameter,EGenericType,EOperation,EEnumLiteral,EEnum,EReference,ETypeParameter,EPackage
0.24000000000000007,0.17,0.01,0.03,0.01,0.060000000000000005,0.04,0.03,0.2900000000000001,0.08,0.04
Edge Type
eSuperPackage,eOperation,eUpperBound,eTypeParameter,eSubpackages,eType,eSuperTypes,eParameters,eOpposite,eKeys,eTypeArguments,eModelElement,eAnnotations,ePackage,eLowerBound,eLiterals,details,eStructuralFeatures,eClassifier,eClassifiers,eTypeParameters,eContainingClass,eBounds,eEnum,eOperations,eExceptions
0.010344827586206896,0.010344827586206896,0.0,0.0,0.010344827586206896,0.13448275862068965,0.05517241379310345,0.010344827586206896,0.06206896551724138,0.07931034482758621,0.0,0.0,0.0,0.07241379310344828,0.0,0.013793103448275862,0.0,0.18275862068965518,0.0,0.07241379310344828,0.027586206896551724,0.20344827586206896,0.0034482758620689655,0.013793103448275862,0.020689655172413793,0.017241379310344827
violations,17
