Meta Mode,ecore
Number of Edge types,26
Number Of Nodes,100
State Id,95_1
OutDegreeValue,0,1,2,3,4,5,6,7,8,9,10,11,12,13,14,17,19
OutDegreeCount,6,11,46,13,8,1,2,1,2,2,1,2,1,1,1,1,1
NAValue,1,2,3,4,5,6,7,8,9
NACount,4,12,43,17,10,6,3,4,1
MPCValue,0.00000,0.46222,0.52000,0.55852,0.58240,0.58500,0.58898,0.62272,0.63673,0.65000,0.69333,0.70870,0.72583,0.72719,0.74469,0.74880,0.75111,0.76408,0.76671,0.76917,0.76960,0.78000,0.78361,0.79040,0.79074,0.79170,0.80889,0.81653,0.83009,0.83200,0.84122,0.84500,0.87360,0.89143
MPCCount,4,1,12,1,3,1,1,1,1,17,26,1,1,1,1,4,1,1,1,1,1,4,1,1,1,1,3,1,1,2,1,1,1,1
Typed Out Degree
EGenericType eTypeParameter,1,1
EClass eTypeParameters,1,1,1,1,1,1
EPackage eSuperPackage,1
EReference eKeys,2,2,1,3,2,1,2,3,4,2,2,2,3,2
EOperation eContainingClass,1,1,1,1,1
EAttribute eContainingClass,1,1,1,1,1,1,1,1,1,1,1,1,1,1,1,1,1,1,1,1,1,1,1
EReference eOpposite,1,1,1,1,1,1,1,1,1,1,1,1,1,1,1,1,1,1,1
EPackage eClassifiers,13,8
EDataType ePackage,1
EAttribute eType,1,1,1,1,1,1,1,1,1,1,1,1,1,1,1,1,1,1,1,1,1,1
EOperation eExceptions,2,2,2
EEnum eLiterals,3,2
EParameter eType,1
EClass eStructuralFeatures,1,2,6,7,3,6,1,1,1,5,4,5,1,6,1,4
EGenericType eClassifier,1,1,1
EEnumLiteral eEnum,1,1,1,1,1
EReference eContainingClass,1,1,1,1,1,1,1,1,1,1,1,1,1,1,1,1,1,1,1,1,1,1,1,1,1,1,1,1,1,1,1
EEnum ePackage,1,1
EEnum eTypeParameters,2
EClass eSuperTypes,3,10,8,1,8,3,1,6,1,2,1,5,5,1,5
ETypeParameter eBounds,2,1
EClass ePackage,1,1,1,1,1,1,1,1,1,1,1,1,1,1,1,1,1,1
EOperation eParameters,1
EPackage eSubpackages,1
EGenericType eLowerBound,1
EClass eOperations,1,2,2
EParameter eOperation,1
EReference eType,1,1,1,1,1,1,1,1
EOperation eType,1
Node Type
EClass,EAttribute,EDataType,EParameter,EGenericType,EEnumLiteral,EOperation,EEnum,EReference,EPackage,ETypeParameter
0.18000000000000002,0.23000000000000007,0.01,0.01,0.04,0.05,0.05,0.02,0.3100000000000001,0.02,0.08
Edge Type
eSuperPackage,eOperation,eUpperBound,eTypeParameter,eSubpackages,eType,eSuperTypes,eParameters,eOpposite,eKeys,eTypeArguments,eModelElement,eAnnotations,ePackage,eLowerBound,eLiterals,details,eStructuralFeatures,eClassifier,eClassifiers,eTypeParameters,eContainingClass,eBounds,eEnum,eOperations,eExceptions
0.0029498525073746312,0.0029498525073746312,0.0,0.0058997050147492625,0.0029498525073746312,0.0943952802359882,0.17699115044247787,0.0029498525073746312,0.05604719764011799,0.09144542772861357,0.0,0.0,0.0,0.061946902654867256,0.0029498525073746312,0.014749262536873156,0.0,0.1592920353982301,0.008849557522123894,0.061946902654867256,0.02359882005899705,0.17404129793510326,0.008849557522123894,0.014749262536873156,0.014749262536873156,0.017699115044247787
violations,25
