Meta Mode,ecore
Number of Edge types,26
Number Of Nodes,100
State Id,96_1
OutDegreeValue,0,1,2,3,4,5,6,8,9,12,13,15
OutDegreeCount,4,12,47,14,8,5,3,1,2,1,1,2
NAValue,1,2,3,4,5,6,7,8
NACount,4,9,49,16,11,6,4,1
MPCValue,0.00000,0.52000,0.58240,0.59385,0.59944,0.63673,0.65000,0.67654,0.68250,0.68640,0.69333,0.74880,0.75111,0.76308,0.76556,0.78000,0.78809,0.79502,0.79592,0.80000,0.80461,0.80653,0.81250,0.82048,0.82173,0.82875,0.83200,0.84898,0.87309
MPCCount,4,9,5,1,1,2,15,1,1,1,30,4,2,1,1,4,1,1,1,1,1,5,1,1,1,1,2,1,1
Typed Out Degree
EGenericType eTypeParameter,1
EClass eTypeParameters,1,1
EPackage eSuperPackage,1
EReference eKeys,2,2,4,2,2,2,3,2,1
EDataType eTypeParameters,1
EOperation eContainingClass,1,1,1,1,1
EAttribute eContainingClass,1,1,1,1,1,1,1,1,1,1,1,1,1,1,1,1,1,1,1,1,1,1,1
EReference eOpposite,1,1,1,1,1,1,1,1,1,1,1,1,1,1,1,1,1,1,1
EPackage eClassifiers,11,12
EDataType ePackage,1
EAttribute eType,1,1,1,1,1,1,1,1,1,1,1,1,1,1,1,1,1,1,1,1
EOperation eExceptions,2,1,2
EEnum eLiterals,4,2
EParameter eType,1,1
EClass eStructuralFeatures,3,1,2,3,3,4,2,2,4,2,5,2,6,3,4,5,2
EGenericType eClassifier,1
EEnumLiteral eEnum,1,1,1,1,1,1
EReference eContainingClass,1,1,1,1,1,1,1,1,1,1,1,1,1,1,1,1,1,1,1,1,1,1,1,1,1,1,1,1,1,1
EEnum ePackage,1,1
EGenericType eUpperBound,1
EEnum eTypeParameters,1
EClass eSuperTypes,4,1,2,2,2,4,7,2,8,1,2
ETypeParameter eBounds,2,1
EClass ePackage,1,1,1,1,1,1,1,1,1,1,1,1,1,1,1,1,1,1,1,1
EOperation eParameters,2
EPackage eSubpackages,1
EGenericType eLowerBound,1
EClass eOperations,1,2,1,1
EParameter eOperation,1,1
EReference eType,1,1,1,1,1,1,1,1,1,1
EOperation eType,1,1
Node Type
EClass,EAttribute,EDataType,EParameter,EGenericType,EOperation,EEnumLiteral,EEnum,EReference,EPackage,ETypeParameter
0.20000000000000004,0.23000000000000007,0.01,0.02,0.05,0.05,0.060000000000000005,0.02,0.3000000000000001,0.02,0.04
Edge Type
eSuperPackage,eOperation,eUpperBound,eTypeParameter,eSubpackages,eType,eSuperTypes,eParameters,eOpposite,eKeys,eTypeArguments,eModelElement,eAnnotations,ePackage,eLowerBound,eLiterals,details,eStructuralFeatures,eClassifier,eClassifiers,eTypeParameters,eContainingClass,eBounds,eEnum,eOperations,eExceptions
0.003289473684210526,0.006578947368421052,0.003289473684210526,0.003289473684210526,0.003289473684210526,0.1118421052631579,0.11513157894736842,0.006578947368421052,0.0625,0.06578947368421052,0.0,0.0,0.0,0.0756578947368421,0.003289473684210526,0.019736842105263157,0.0,0.17434210526315788,0.003289473684210526,0.0756578947368421,0.013157894736842105,0.19078947368421054,0.009868421052631578,0.019736842105263157,0.01644736842105263,0.01644736842105263
violations,20
