Meta Mode,ecore
Number of Edge types,26
Number Of Nodes,100
State Id,97_1
OutDegreeValue,0,1,2,3,4,5,6,7,8,9,10,13,19
OutDegreeCount,8,11,46,11,6,6,1,2,3,2,2,1,1
NAValue,1,2,3,4,5,6,7,8,9
NACount,8,8,41,22,7,4,5,4,1
MPCValue,0.00000,0.52000,0.53926,0.58240,0.59385,0.63375,0.63673,0.65000,0.67654,0.68250,0.69333,0.71500,0.73125,0.74880,0.76408,0.78000,0.79074,0.79560,0.80653,0.80889,0.81120,0.81536,0.82160,0.83200,0.83802,0.84231,0.85049,0.85280,0.88593,0.89143,0.89388
MPCCount,8,10,1,3,1,1,2,14,1,1,26,1,1,5,1,7,1,1,1,2,1,1,1,2,1,1,1,1,1,1,1
Typed Out Degree
EGenericType eTypeParameter,1
EClass eTypeParameters,1,1,1,1,1
EPackage eSuperPackage,1
EReference eKeys,1,2,2,4,2,1,4,4,1,1,2,2,3,1,1
EDataType eTypeParameters,1
EOperation eContainingClass,1,1,1,1,1,1
EAttribute eContainingClass,1,1,1,1,1,1,1,1,1,1,1,1,1,1,1,1,1,1,1,1,1,1,1,1,1
EReference eOpposite,1,1,1,1,1,1,1,1,1,1,1,1,1,1,1
EPackage eClassifiers,7,12
EDataType ePackage,1,1,1
EAttribute eType,1,1,1,1,1,1,1,1,1,1,1,1,1,1,1,1,1,1,1,1,1,1,1,1,1
EOperation eExceptions,1,2,2,3
EEnum eLiterals,1,6
EOperation eTypeParameters,1,1
EParameter eType,1,1
EClass eStructuralFeatures,3,3,2,1,7,2,2,4,3,5,3,6,10,2
EGenericType eClassifier,1
EEnumLiteral eEnum,1,1,1,1,1,1,1
EReference eContainingClass,1,1,1,1,1,1,1,1,1,1,1,1,1,1,1,1,1,1,1,1,1,1,1,1,1,1,1,1
EEnum ePackage,1,1
EEnum eTypeParameters,1
EClass eSuperTypes,3,1,1,1,3,2,6,7
ETypeParameter eBounds,1,1
EClass ePackage,1,1,1,1,1,1,1,1,1,1,1,1,1,1
EOperation eParameters,1,1
EPackage eSubpackages,1
EClass eOperations,1,1,1,1,1,1
EParameter eOperation,1,1
EReference eType,1,1,1,1,1,1,1,1
EOperation eType,1,1
Node Type
EAttribute,EClass,EDataType,EParameter,EGenericType,EEnumLiteral,EOperation,EEnum,EReference,ETypeParameter,EPackage
0.25000000000000006,0.13999999999999999,0.03,0.02,0.02,0.07,0.060000000000000005,0.02,0.2800000000000001,0.09,0.02
Edge Type
eSuperPackage,eOperation,eUpperBound,eTypeParameter,eSubpackages,eType,eSuperTypes,eParameters,eOpposite,eKeys,eTypeArguments,eModelElement,eAnnotations,ePackage,eLowerBound,eLiterals,details,eStructuralFeatures,eClassifier,eClassifiers,eTypeParameters,eContainingClass,eBounds,eEnum,eOperations,eExceptions
0.003289473684210526,0.006578947368421052,0.0,0.003289473684210526,0.003289473684210526,0.12171052631578948,0.07894736842105263,0.006578947368421052,0.049342105263157895,0.10197368421052631,0.0,0.0,0.0,0.0625,0.0,0.023026315789473683,0.0,0.17434210526315788,0.003289473684210526,0.0625,0.029605263157894735,0.19407894736842105,0.006578947368421052,0.023026315789473683,0.019736842105263157,0.02631578947368421
violations,18
