Meta Mode,ecore
Number of Edge types,26
Number Of Nodes,100
State Id,98_1
OutDegreeValue,0,1,2,3,4,5,7,8,11,12,13,15,17,19
OutDegreeCount,7,10,46,13,8,2,2,2,4,1,1,1,1,2
NAValue,1,2,3,4,5,6,7,8
NACount,6,8,46,17,11,6,5,1
MPCValue,0.00000,0.52000,0.57186,0.58240,0.58500,0.61360,0.62400,0.63673,0.65000,0.66765,0.68640,0.68809,0.69333,0.69906,0.70720,0.70870,0.71500,0.72222,0.72313,0.72741,0.72800,0.73917,0.74880,0.75111,0.76615,0.77422,0.77730,0.77767,0.78000,0.79425,0.80889,0.82512,0.83200
MPCCount,6,8,1,7,1,1,1,2,14,2,1,1,29,1,1,1,1,1,1,1,1,1,4,1,1,1,1,1,3,1,2,1,1
Typed Out Degree
EGenericType eTypeParameter,1
EClass eTypeParameters,1,2,2,2
EPackage eSuperPackage,1
EReference eKeys,1,2,2,2,1,3,1,3,5,2,3,2,1,3,2
EOperation eContainingClass,1,1,1,1,1
EAttribute eContainingClass,1,1,1,1,1,1,1,1,1,1,1,1,1,1,1,1,1,1,1,1,1,1,1,1
EReference eOpposite,1,1,1,1,1,1,1,1,1,1,1,1,1,1,1,1
EPackage eClassifiers,4,18
EDataType ePackage,1,1
EAttribute eType,1,1,1,1,1,1,1,1,1,1,1,1,1,1,1,1,1,1,1,1,1,1
EOperation eExceptions,2
EEnum eLiterals,4,1
EOperation eTypeParameters,1
EParameter eType,1
EClass eStructuralFeatures,2,4,7,1,6,2,3,3,8,4,3,5,7
EGenericType eClassifier,1,1
EEnumLiteral eEnum,1,1,1,1,1
EReference eContainingClass,1,1,1,1,1,1,1,1,1,1,1,1,1,1,1,1,1,1,1,1,1,1,1,1,1,1,1,1,1,1,1
EEnum ePackage,1,1
EClass eSuperTypes,1,6,6,3,1,9,1,2,4,3,2,9,5,6,7,2,9
ETypeParameter eBounds,1
EClass ePackage,1,1,1,1,1,1,1,1,1,1,1,1,1,1,1,1,1,1
EOperation eParameters,1
EPackage eSubpackages,1
EGenericType eLowerBound,1
EClass eOperations,1,2,1,1
EParameter eOperation,1
EReference eType,1,1,1,1,1,1,1,1
EOperation eType,1,1,1
Node Type
EClass,EAttribute,EDataType,EParameter,EGenericType,EOperation,EEnumLiteral,EEnum,EReference,ETypeParameter,EPackage
0.18000000000000002,0.24000000000000007,0.02,0.01,0.02,0.05,0.05,0.02,0.3100000000000001,0.08,0.02
Edge Type
eSuperPackage,eOperation,eUpperBound,eTypeParameter,eSubpackages,eType,eSuperTypes,eParameters,eOpposite,eKeys,eTypeArguments,eModelElement,eAnnotations,ePackage,eLowerBound,eLiterals,details,eStructuralFeatures,eClassifier,eClassifiers,eTypeParameters,eContainingClass,eBounds,eEnum,eOperations,eExceptions
0.002840909090909091,0.002840909090909091,0.0,0.002840909090909091,0.002840909090909091,0.09659090909090909,0.2159090909090909,0.002840909090909091,0.045454545454545456,0.09375,0.0,0.0,0.0,0.0625,0.002840909090909091,0.014204545454545454,0.0,0.15625,0.005681818181818182,0.0625,0.022727272727272728,0.17045454545454544,0.002840909090909091,0.014204545454545454,0.014204545454545454,0.005681818181818182
violations,31
