Meta Mode,ecore
Number of Edge types,26
Number Of Nodes,100
State Id,99_1
OutDegreeValue,0,1,2,3,4,5,6,7,8,9,11,13,16
OutDegreeCount,11,8,45,15,8,1,1,2,2,3,2,1,1
NAValue,1,2,3,4,5,6,7,8
NACount,9,9,41,24,5,5,4,3
MPCValue,0.00000,0.52000,0.58240,0.63673,0.65000,0.69333,0.69680,0.72222,0.72757,0.74469,0.74880,0.75111,0.77910,0.78000,0.79077,0.80889,0.83200,0.83488,0.83778,0.84000,0.84208,0.84927,0.85383,0.86154,0.86667
MPCCount,9,9,3,1,20,20,1,1,1,1,13,1,1,7,1,1,2,1,1,1,1,1,1,1,1
Typed Out Degree
EGenericType eTypeParameter,1,1,1,1,1
EClass eTypeParameters,1
EGenericType eTypeArguments,1,1,1
EReference eKeys,2,1,2,3,2,1,2,5,2,3,4
EOperation eContainingClass,1,1,1,1,1
EAttribute eContainingClass,1,1,1,1,1,1,1,1,1,1,1,1,1,1,1,1,1,1,1,1,1,1
EReference eOpposite,1,1,1,1,1,1,1,1,1,1,1,1,1,1,1,1,1,1,1,1,1,1
EPackage eClassifiers,13
EDataType ePackage,1
EAttribute eType,1,1,1,1,1,1,1,1,1,1,1,1,1,1,1,1,1,1,1,1,1,1
EOperation eExceptions,1,1,1
EEnum eLiterals,4,2
EOperation eTypeParameters,1
EParameter eType,1,1,1
EClass eStructuralFeatures,8,3,10,3,3,8,2,6,8
EGenericType eClassifier,1,1,1,1,1
EEnumLiteral eEnum,1,1,1,1,1,1
EReference eContainingClass,1,1,1,1,1,1,1,1,1,1,1,1,1,1,1,1,1,1,1,1,1,1,1,1,1,1,1,1,1
EEnum ePackage,1,1
EGenericType eUpperBound,1,1,1,1
EEnum eTypeParameters,4,1
EClass eSuperTypes,3,2,2,7,1,3
ETypeParameter eBounds,1,2
EClass ePackage,1,1,1,1,1,1,1,1,1,1
EOperation eParameters,1,1,1
EGenericType eLowerBound,1,1,1,1
EClass eOperations,2,1,1,1
EParameter eOperation,1,1,1
EReference eType,1,1,1,1,1,1,1,1,1
EOperation eType,1,1,1
Node Type
EClass,EAttribute,EDataType,EParameter,EGenericType,EEnumLiteral,EOperation,EEnum,EReference,ETypeParameter,EPackage
0.09999999999999999,0.22000000000000006,0.01,0.03,0.13999999999999999,0.060000000000000005,0.05,0.02,0.2900000000000001,0.07,0.01
Edge Type
eSuperPackage,eOperation,eUpperBound,eTypeParameter,eSubpackages,eType,eSuperTypes,eParameters,eOpposite,eKeys,eTypeArguments,eModelElement,eAnnotations,ePackage,eLowerBound,eLiterals,details,eStructuralFeatures,eClassifier,eClassifiers,eTypeParameters,eContainingClass,eBounds,eEnum,eOperations,eExceptions
0.0,0.01020408163265306,0.013605442176870748,0.017006802721088437,0.0,0.12585034013605442,0.061224489795918366,0.01020408163265306,0.07482993197278912,0.09183673469387756,0.01020408163265306,0.0,0.0,0.04421768707482993,0.013605442176870748,0.02040816326530612,0.0,0.17346938775510204,0.017006802721088437,0.04421768707482993,0.023809523809523808,0.19047619047619047,0.01020408163265306,0.02040816326530612,0.017006802721088437,0.01020408163265306
violations,21
