Meta Mode,ecore
Number of Edge types,26
Number Of Nodes,100
State Id,9_1
OutDegreeValue,0,1,2,3,4,5,6,7,8,9,12,14,19
OutDegreeCount,5,10,53,14,4,4,2,2,2,1,1,1,1
NAValue,1,2,3,4,5,6,7
NACount,4,8,51,16,11,4,6
MPCValue,0.00000,0.38519,0.52000,0.57186,0.58240,0.63673,0.64735,0.65000,0.69333,0.73917,0.74880,0.76556,0.77469,0.78000,0.78360,0.79040,0.79170,0.79605,0.80000,0.80653,0.80889,0.81250,0.82068,0.82512,0.82815,0.83692,0.84898,0.86667
MPCCount,4,1,9,1,5,1,1,15,29,1,3,1,1,10,1,1,1,1,2,1,4,1,1,1,1,1,1,1
Typed Out Degree
EGenericType eTypeParameter,1
EPackage eSuperPackage,1
EReference eKeys,2,2,1,2,2,2,2
EDataType eTypeParameters,1,1
EOperation eContainingClass,1,1,1,1,1,1,1
EAttribute eContainingClass,1,1,1,1,1,1,1,1,1,1,1,1,1,1,1,1,1,1,1,1,1,1,1,1,1
EReference eOpposite,1,1,1,1,1,1,1,1,1,1,1,1,1,1,1,1,1,1,1,1
EPackage eClassifiers,6,18
EDataType ePackage,1,1
EAttribute eType,1,1,1,1,1,1,1,1,1,1,1,1,1,1,1,1,1,1,1,1,1,1
EOperation eExceptions,2
EEnum eLiterals,1,3
EOperation eTypeParameters,1,1,1
EParameter eType,1
EClass eStructuralFeatures,6,5,5,2,2,1,3,4,1,5,1,2,2,4,7,4
EGenericType eClassifier,1
EEnumLiteral eEnum,1,1,1,1
EReference eContainingClass,1,1,1,1,1,1,1,1,1,1,1,1,1,1,1,1,1,1,1,1,1,1,1,1,1,1,1,1,1
EEnum ePackage,1,1
EEnum eTypeParameters,1
EClass eSuperTypes,6,1,2,3,1,3,3,3,1,3
ETypeParameter eBounds,1
EClass ePackage,1,1,1,1,1,1,1,1,1,1,1,1,1,1,1,1,1,1,1,1
EOperation eParameters,2
EPackage eSubpackages,1
EClass eOperations,1,1,1,1,1,1,1
EParameter eOperation,1,1
EReference eType,1,1,1,1,1,1,1,1
EOperation eType,1,1,1,1,1
Node Type
EClass,EAttribute,EDataType,EParameter,EGenericType,EEnumLiteral,EOperation,EEnum,EReference,EPackage,ETypeParameter
0.20000000000000004,0.25000000000000006,0.02,0.02,0.01,0.04,0.07,0.02,0.2900000000000001,0.02,0.060000000000000005
Edge Type
eSuperPackage,eOperation,eUpperBound,eTypeParameter,eSubpackages,eType,eSuperTypes,eParameters,eOpposite,eKeys,eTypeArguments,eModelElement,eAnnotations,ePackage,eLowerBound,eLiterals,details,eStructuralFeatures,eClassifier,eClassifiers,eTypeParameters,eContainingClass,eBounds,eEnum,eOperations,eExceptions
0.0034482758620689655,0.006896551724137931,0.0,0.0034482758620689655,0.0034482758620689655,0.12413793103448276,0.0896551724137931,0.006896551724137931,0.06896551724137931,0.04482758620689655,0.0,0.0,0.0,0.08275862068965517,0.0,0.013793103448275862,0.0,0.18620689655172415,0.0034482758620689655,0.08275862068965517,0.020689655172413793,0.2103448275862069,0.0034482758620689655,0.013793103448275862,0.02413793103448276,0.006896551724137931
violations,22
