Meta Mode,ecore
Number of Edge types,26
Number Of Nodes,100
State Id,100_1
OutDegreeValue,0,1,2,3,6,7,8,9,14,15
OutDegreeCount,14,59,13,3,2,4,1,2,1,1
NAValue,1,2,3,4,5,6,7
NACount,14,56,10,11,5,2,2
MPCValue,0.00000,0.52000,0.58898,0.65000,0.66444,0.67272,0.69333,0.70041,0.73917,0.75111,0.76556,0.78000,0.78531,0.79170
MPCCount,14,56,1,3,1,1,7,2,1,2,2,8,1,1
Typed Out Degree
EReference eContainingClass,1,1,1,1,1,1,1,1,1,1,1,1,1,1,1,1,1,1,1,1,1,1,1,1,1,1,1,1
EEnum ePackage,1,1,1
EClass eTypeParameters,1,1,2,1,2,2
EEnum eTypeParameters,1,2
EPackage eSuperPackage,1
EClass eSuperTypes,1
EGenericType eTypeArguments,1
ETypeParameter eBounds,1
EReference eKeys,1,1
EClass ePackage,1,1,1,1,1,1,1,1,1,1,1,1,1
EDataType eTypeParameters,2
EOperation eContainingClass,1,1,1,1,1,1,1
EOperation eParameters,1,1,1
EAttribute eContainingClass,1,1,1,1,1,1,1,1,1,1,1,1,1,1,1,1,1,1,1,1,1,1
EPackage eSubpackages,1
EReference eOpposite,1,1,1
EPackage eClassifiers,5,13
EDataType ePackage,1,1
EClass eOperations,1,1,2,1,1,1
EOperation eExceptions,1
EParameter eOperation,1,1,1
EEnum eLiterals,4
EClass eStructuralFeatures,5,6,11,4,5,4,1,4,1,5,2,1,1
EEnumLiteral eEnum,1,1,1,1
Node Type
EClass,EAttribute,EDataType,EParameter,EGenericType,EOperation,EEnumLiteral,EEnum,EReference,ETypeParameter,EPackage
0.12999999999999998,0.22000000000000006,0.02,0.03,0.02,0.07,0.04,0.03,0.2800000000000001,0.13999999999999999,0.02
Edge Type
eSuperPackage,eOperation,eUpperBound,eTypeParameter,eSubpackages,eType,eSuperTypes,eParameters,eOpposite,eKeys,eTypeArguments,eModelElement,eAnnotations,ePackage,eLowerBound,eLiterals,details,eStructuralFeatures,eClassifier,eClassifiers,eTypeParameters,eContainingClass,eBounds,eEnum,eOperations,eExceptions
0.005291005291005291,0.015873015873015872,0.0,0.0,0.005291005291005291,0.0,0.005291005291005291,0.015873015873015872,0.015873015873015872,0.010582010582010581,0.005291005291005291,0.0,0.0,0.09523809523809523,0.0,0.021164021164021163,0.0,0.26455026455026454,0.0,0.09523809523809523,0.07407407407407407,0.30158730158730157,0.005291005291005291,0.021164021164021163,0.037037037037037035,0.005291005291005291
violations,4
