Meta Mode,ecore
Number of Edge types,26
Number Of Nodes,100
State Id,10_1
OutDegreeValue,0,1,2,3,4,5,6,7,9,10,14
OutDegreeCount,11,61,10,5,3,1,1,4,2,1,1
NAValue,1,2,3,4,5,6,7
NACount,13,57,12,8,7,2,1
MPCValue,0.00000,0.46222,0.52000,0.58240,0.65000,0.65088,0.66765,0.69333,0.69975,0.70041,0.71385,0.71500,0.72313,0.73917,0.75111,0.78000,0.79074,0.81714,0.84898
MPCCount,13,1,56,1,1,1,1,10,1,1,1,1,1,1,2,5,1,1,1
Typed Out Degree
EClass eTypeParameters,1,1,1,1
EGenericType eTypeArguments,1,2
EReference eKeys,1,1
EDataType eTypeParameters,1
EOperation eContainingClass,1,1,1,1,1,1,1,1,1
EAttribute eContainingClass,1,1,1,1,1,1,1,1,1,1,1,1,1,1,1,1,1,1,1,1,1,1
EReference eOpposite,1,1,1
EPackage eClassifiers,14
EDataType ePackage,1,1
EAttribute eType,1,1
EEnum eLiterals,3
EOperation eTypeParameters,3,1
EClass eStructuralFeatures,1,5,6,2,9,7,5,6,3,2,4
EGenericType eClassifier,1
EEnumLiteral eEnum,1,1,1
EReference eContainingClass,1,1,1,1,1,1,1,1,1,1,1,1,1,1,1,1,1,1,1,1,1,1,1,1,1,1,1,1
EEnum ePackage,1
EGenericType eUpperBound,1
ETypeParameter eBounds,1,1,1
EClass ePackage,1,1,1,1,1,1,1,1,1,1,1
EOperation eParameters,1,2,1
EGenericType eLowerBound,1,1,1
EClass eOperations,1,2,3,1,1,1
EParameter eOperation,1,1,1,1
EReference eType,1,1
Node Type
EAttribute,EClass,EDataType,EParameter,EGenericType,EOperation,EEnumLiteral,EEnum,EReference,ETypeParameter,EPackage
0.22000000000000006,0.10999999999999999,0.02,0.04,0.09999999999999999,0.09,0.03,0.01,0.2800000000000001,0.09,0.01
Edge Type
eSuperPackage,eOperation,eUpperBound,eTypeParameter,eSubpackages,eType,eSuperTypes,eParameters,eOpposite,eKeys,eTypeArguments,eModelElement,eAnnotations,ePackage,eLowerBound,eLiterals,details,eStructuralFeatures,eClassifier,eClassifiers,eTypeParameters,eContainingClass,eBounds,eEnum,eOperations,eExceptions
0.0,0.021164021164021163,0.005291005291005291,0.0,0.0,0.021164021164021163,0.0,0.021164021164021163,0.015873015873015872,0.010582010582010581,0.015873015873015872,0.0,0.0,0.07407407407407407,0.015873015873015872,0.015873015873015872,0.0,0.26455026455026454,0.005291005291005291,0.07407407407407407,0.047619047619047616,0.31216931216931215,0.015873015873015872,0.015873015873015872,0.047619047619047616,0.0
violations,3
