Meta Mode,ecore
Number of Edge types,26
Number Of Nodes,100
State Id,11_1
OutDegreeValue,0,1,2,3,4,5,6,8,10,11,12
OutDegreeCount,7,59,17,2,5,4,1,1,1,2,1
NAValue,1,2,3,4,5,6
NACount,7,58,12,13,6,4
MPCValue,0.00000,0.52000,0.59944,0.66444,0.67471,0.67629,0.68640,0.69333,0.71500,0.71972,0.73840,0.74880,0.75111,0.77037,0.78000,0.80653,0.81120,0.81250,0.82173,0.83200
MPCCount,7,58,1,1,1,1,1,12,2,1,1,1,1,1,5,1,1,1,1,2
Typed Out Degree
EReference eContainingClass,1,1,1,1,1,1,1,1,1,1,1,1,1,1,1,1,1,1,1,1,1,1,1,1,1,1,1,1,1
EEnum ePackage,1,1,1,1
EClass eTypeParameters,1,1,2,1
EGenericType eUpperBound,1
EEnum eTypeParameters,1
EPackage eSuperPackage,1,1,1,1,1,1
ETypeParameter eBounds,1
EClass ePackage,1,1,1,1,1,1,1,1,1,1,1,1,1,1,1,1,1,1
EOperation eContainingClass,1,1,1,1
EOperation eParameters,1,1
EAttribute eContainingClass,1,1,1,1,1,1,1,1,1,1,1,1,1,1,1,1,1,1,1
EPackage eSubpackages,3,1,1,1
EReference eOpposite,1
EPackage eClassifiers,7,3,1,4,1,9
EDataType ePackage,1,1,1
EAttribute eType,1,1
EClass eOperations,1,1,1,1
EOperation eExceptions,1
EParameter eOperation,1,1
EEnum eLiterals,5
EOperation eTypeParameters,1
EReference eType,1,1,1,1
EClass eStructuralFeatures,1,3,1,9,3,2,3,1,6,2,2,3,11,1
EEnumLiteral eEnum,1,1,1,1,1
Node Type
EClass,EAttribute,EDataType,EParameter,EGenericType,EOperation,EEnumLiteral,EEnum,EReference,EPackage,ETypeParameter
0.18000000000000002,0.19000000000000003,0.03,0.02,0.02,0.04,0.05,0.04,0.2900000000000001,0.07,0.07
Edge Type
eSuperPackage,eOperation,eUpperBound,eTypeParameter,eSubpackages,eType,eSuperTypes,eParameters,eOpposite,eKeys,eTypeArguments,eModelElement,eAnnotations,ePackage,eLowerBound,eLiterals,details,eStructuralFeatures,eClassifier,eClassifiers,eTypeParameters,eContainingClass,eBounds,eEnum,eOperations,eExceptions
0.030456852791878174,0.01015228426395939,0.005076142131979695,0.0,0.030456852791878174,0.030456852791878174,0.0,0.01015228426395939,0.005076142131979695,0.0,0.0,0.0,0.0,0.12690355329949238,0.0,0.025380710659898477,0.0,0.2436548223350254,0.0,0.12690355329949238,0.03553299492385787,0.2639593908629442,0.005076142131979695,0.025380710659898477,0.02030456852791878,0.005076142131979695
violations,1
