Meta Mode,ecore
Number of Edge types,26
Number Of Nodes,100
State Id,12_1
OutDegreeValue,0,1,2,3,4,5,6,7,8,12,15
OutDegreeCount,8,61,13,4,5,1,2,3,1,1,1
NAValue,1,2,3,4,5,6
NACount,9,57,14,10,5,5
MPCValue,0.00000,0.46222,0.52000,0.58471,0.59944,0.64735,0.65000,0.67654,0.68640,0.69333,0.71500,0.76308,0.78000,0.80000,0.80653,0.83200,0.84898,0.86667
MPCCount,9,1,56,1,1,2,1,1,1,13,2,2,4,1,2,1,1,1
Typed Out Degree
EClass eTypeParameters,1,1,1
EPackage eSuperPackage,1
EGenericType eTypeArguments,1,1
EDataType eTypeParameters,1
EOperation eContainingClass,1,1,1,1
EAttribute eContainingClass,1,1,1,1,1,1,1,1,1,1,1,1,1,1,1,1,1,1,1,1,1
EReference eOpposite,1,1,1,1,1
EPackage eClassifiers,11,6
EDataType ePackage,1,1
EAttribute eType,1
EEnum eLiterals,3,1,1,2
EOperation eTypeParameters,1
EClass eStructuralFeatures,2,4,6,4,3,14,1,2,4,4,7
EEnumLiteral eEnum,1,1,1,1,1,1,1
EReference eContainingClass,1,1,1,1,1,1,1,1,1,1,1,1,1,1,1,1,1,1,1,1,1,1,1,1,1,1,1,1,1,1
EEnum ePackage,1,1,1,1
EEnum eTypeParameters,1,1
ETypeParameter eBounds,1,1,1,1,2
EClass ePackage,1,1,1,1,1,1,1,1,1,1,1
EOperation eParameters,1,1
EPackage eSubpackages,1
EGenericType eLowerBound,1,1
EClass eOperations,1,1,1,1
EParameter eOperation,1,1
EReference eType,1,1,1,1,1
Node Type
EAttribute,EClass,EDataType,EParameter,EGenericType,EEnumLiteral,EOperation,EEnum,EReference,ETypeParameter,EPackage
0.21000000000000005,0.10999999999999999,0.02,0.02,0.09999999999999999,0.07,0.04,0.04,0.3000000000000001,0.07,0.02
Edge Type
eSuperPackage,eOperation,eUpperBound,eTypeParameter,eSubpackages,eType,eSuperTypes,eParameters,eOpposite,eKeys,eTypeArguments,eModelElement,eAnnotations,ePackage,eLowerBound,eLiterals,details,eStructuralFeatures,eClassifier,eClassifiers,eTypeParameters,eContainingClass,eBounds,eEnum,eOperations,eExceptions
0.005208333333333333,0.010416666666666666,0.0,0.0,0.005208333333333333,0.03125,0.0,0.010416666666666666,0.026041666666666668,0.0,0.010416666666666666,0.0,0.0,0.08854166666666667,0.010416666666666666,0.036458333333333336,0.0,0.265625,0.0,0.08854166666666667,0.036458333333333336,0.2864583333333333,0.03125,0.036458333333333336,0.020833333333333332,0.0
violations,5
