Meta Mode,ecore
Number of Edge types,26
Number Of Nodes,100
State Id,13_1
OutDegreeValue,0,1,2,3,4,5,6,7,8,10,14,15
OutDegreeCount,12,62,12,1,2,2,2,1,3,1,1,1
NAValue,1,2,3,4,5,6,7
NACount,12,63,8,8,4,2,3
MPCValue,0.00000,0.46222,0.52000,0.63375,0.64018,0.66444,0.69333,0.71385,0.74469,0.76960,0.77037,0.78000,0.78963,0.80653,0.81351,0.83200,0.85280
MPCCount,12,1,62,1,1,2,9,1,1,1,1,3,1,1,1,1,1
Typed Out Degree
EClass eTypeParameters,1,3,2,1
EPackage eSuperPackage,1,1,1,1
EDataType eTypeParameters,1
EOperation eContainingClass,1,1,1,1,1,1
EAttribute eContainingClass,1,1,1,1,1,1,1,1,1,1,1,1,1,1,1,1,1,1,1,1,1,1
EPackage eClassifiers,1,1,13,2
EDataType ePackage,1,1
EAttribute eType,1,1,1
EEnum eLiterals,3
EOperation eTypeParameters,1,1
EParameter eType,1
EClass eStructuralFeatures,2,5,2,7,10,6,4,4,5,6
EEnumLiteral eEnum,1,1,1
EReference eContainingClass,1,1,1,1,1,1,1,1,1,1,1,1,1,1,1,1,1,1,1,1,1,1,1,1,1,1,1,1,1
EEnum ePackage,1,1
EEnum eTypeParameters,1
EClass eSuperTypes,1,1
ETypeParameter eBounds,1,1,2
EClass ePackage,1,1,1,1,1,1,1,1,1,1,1,1,1
EOperation eParameters,1,1
EPackage eSubpackages,2,2
EGenericType eLowerBound,1
EClass eOperations,1,1,1,3
EParameter eOperation,1,1
EReference eType,1
Node Type
EAttribute,EClass,EDataType,EParameter,EGenericType,EOperation,EEnumLiteral,EEnum,EReference,ETypeParameter,EPackage
0.22000000000000006,0.12999999999999998,0.02,0.02,0.05,0.060000000000000005,0.03,0.02,0.2900000000000001,0.10999999999999999,0.05
Edge Type
eSuperPackage,eOperation,eUpperBound,eTypeParameter,eSubpackages,eType,eSuperTypes,eParameters,eOpposite,eKeys,eTypeArguments,eModelElement,eAnnotations,ePackage,eLowerBound,eLiterals,details,eStructuralFeatures,eClassifier,eClassifiers,eTypeParameters,eContainingClass,eBounds,eEnum,eOperations,eExceptions
0.021164021164021163,0.010582010582010581,0.0,0.0,0.021164021164021163,0.026455026455026454,0.010582010582010581,0.010582010582010581,0.0,0.0,0.0,0.0,0.0,0.08994708994708994,0.005291005291005291,0.015873015873015872,0.0,0.2698412698412698,0.0,0.08994708994708994,0.0582010582010582,0.30158730158730157,0.021164021164021163,0.015873015873015872,0.031746031746031744,0.0
violations,0
