Meta Mode,ecore
Number of Edge types,26
Number Of Nodes,100
State Id,14_1
OutDegreeValue,0,1,2,3,4,5,6,7,8,9,15
OutDegreeCount,10,63,7,8,1,2,2,1,2,2,2
NAValue,1,2,3,4,5,6,8
NACount,10,61,7,8,8,5,1
MPCValue,0.00000,0.52000,0.64018,0.65000,0.66219,0.66444,0.67654,0.69333,0.73956,0.74880,0.75111,0.75347,0.77037,0.78000,0.79560,0.81250,0.83200,0.84898
MPCCount,10,61,1,1,1,1,1,6,2,1,1,1,1,6,1,1,3,1
Typed Out Degree
EReference eContainingClass,1,1,1,1,1,1,1,1,1,1,1,1,1,1,1,1,1,1,1,1,1,1,1,1,1,1,1,1,1
EEnum ePackage,1,1,1,1
EClass eTypeParameters,1,2,1,1,1
EEnum eTypeParameters,1
EPackage eSuperPackage,1,1,1
EClass eSuperTypes,1,1
ETypeParameter eBounds,1,1
EReference eKeys,1,1
EClass ePackage,1,1,1,1,1,1,1,1,1,1,1,1,1
EOperation eContainingClass,1,1,1,1,1,1,1,1,1
EOperation eParameters,1,1
EAttribute eContainingClass,1,1,1,1,1,1,1,1,1,1,1,1,1,1,1,1,1,1,1,1,1,1
EPackage eSubpackages,1,2
EReference eOpposite,1,1
EPackage eClassifiers,13,5
EDataType ePackage,1
EClass eOperations,2,1,1,1,1,1,1,1
EOperation eExceptions,1
EParameter eOperation,1,1
EEnum eLiterals,1,3
EOperation eTypeParameters,1,2
EReference eType,1,1,1,1,1
EClass eStructuralFeatures,1,3,5,13,2,1,5,6,5,7,3
EEnumLiteral eEnum,1,1,1,1
Node Type
EAttribute,EClass,EDataType,EParameter,EGenericType,EEnumLiteral,EOperation,EEnum,EReference,ETypeParameter,EPackage
0.22000000000000006,0.12999999999999998,0.01,0.02,0.02,0.04,0.09,0.04,0.2900000000000001,0.09999999999999999,0.04
Edge Type
eSuperPackage,eOperation,eUpperBound,eTypeParameter,eSubpackages,eType,eSuperTypes,eParameters,eOpposite,eKeys,eTypeArguments,eModelElement,eAnnotations,ePackage,eLowerBound,eLiterals,details,eStructuralFeatures,eClassifier,eClassifiers,eTypeParameters,eContainingClass,eBounds,eEnum,eOperations,eExceptions
0.015151515151515152,0.010101010101010102,0.0,0.0,0.015151515151515152,0.025252525252525252,0.010101010101010102,0.010101010101010102,0.010101010101010102,0.010101010101010102,0.0,0.0,0.0,0.09090909090909091,0.0,0.020202020202020204,0.0,0.25757575757575757,0.0,0.09090909090909091,0.050505050505050504,0.30303030303030304,0.010101010101010102,0.020202020202020204,0.045454545454545456,0.005050505050505051
violations,3
