Meta Mode,ecore
Number of Edge types,26
Number Of Nodes,100
State Id,15_1
OutDegreeValue,0,1,2,3,4,5,6,7,8,10,12,15
OutDegreeCount,15,58,11,3,2,2,1,2,2,2,1,1
NAValue,1,2,3,4,5,6,7
NACount,15,53,15,5,7,3,2
MPCValue,0.00000,0.52000,0.58240,0.58471,0.65088,0.68250,0.68640,0.69333,0.70417,0.71385,0.71500,0.74880,0.75347,0.78000,0.79074,0.81120,0.82063,0.83200
MPCCount,15,53,1,1,1,1,1,15,1,1,1,1,1,1,1,1,1,3
Typed Out Degree
EGenericType eTypeParameter,1
EClass eTypeParameters,1,1,1,1,3
EPackage eSuperPackage,1
EGenericType eTypeArguments,1
EReference eKeys,1,1
EOperation eContainingClass,1,1,1,1
EAttribute eContainingClass,1,1,1,1,1,1,1,1,1,1,1,1,1,1,1,1,1,1,1,1,1,1
EReference eOpposite,1,1,1
EPackage eClassifiers,3,14
EDataType ePackage,1,1
EEnum eLiterals,1,5
EOperation eTypeParameters,1,3
EClass eStructuralFeatures,6,9,3,3,6,9,1,5,4,4,1
EEnumLiteral eEnum,1,1,1,1,1,1
EReference eContainingClass,1,1,1,1,1,1,1,1,1,1,1,1,1,1,1,1,1,1,1,1,1,1,1,1,1,1,1,1,1
EEnum ePackage,1,1
EGenericType eUpperBound,1
EEnum eTypeParameters,1,1
EClass eSuperTypes,1,1
ETypeParameter eBounds,1,1,1
EClass ePackage,1,1,1,1,1,1,1,1,1,1,1,1,1
EPackage eSubpackages,1
EGenericType eLowerBound,1,1
EClass eOperations,1,1,1,1
EReference eType,1,1,1
EOperation eType,1
Node Type
EClass,EAttribute,EDataType,EGenericType,EOperation,EEnumLiteral,EEnum,EReference,ETypeParameter,EPackage
0.12999999999999998,0.22000000000000006,0.02,0.07,0.04,0.060000000000000005,0.02,0.2900000000000001,0.12999999999999998,0.02
Edge Type
eSuperPackage,eOperation,eUpperBound,eTypeParameter,eSubpackages,eType,eSuperTypes,eParameters,eOpposite,eKeys,eTypeArguments,eModelElement,eAnnotations,ePackage,eLowerBound,eLiterals,details,eStructuralFeatures,eClassifier,eClassifiers,eTypeParameters,eContainingClass,eBounds,eEnum,eOperations,eExceptions
0.005263157894736842,0.0,0.005263157894736842,0.005263157894736842,0.005263157894736842,0.021052631578947368,0.010526315789473684,0.0,0.015789473684210527,0.010526315789473684,0.005263157894736842,0.0,0.0,0.08947368421052632,0.010526315789473684,0.031578947368421054,0.0,0.26842105263157895,0.0,0.08947368421052632,0.06842105263157895,0.2894736842105263,0.015789473684210527,0.031578947368421054,0.021052631578947368,0.0
violations,3
