Meta Mode,ecore
Number of Edge types,26
Number Of Nodes,100
State Id,16_1
OutDegreeValue,0,1,2,3,4,5,9,10,11,12,17
OutDegreeCount,16,56,12,6,1,3,1,2,1,1,1
NAValue,1,2,3,4,5,6,7
NACount,16,54,12,8,7,2,1
MPCValue,0.00000,0.46222,0.52000,0.59944,0.65000,0.65704,0.69333,0.71500,0.71769,0.74131,0.74880,0.74903,0.75111,0.75804,0.77037,0.78000,0.80889,0.83200
MPCCount,16,2,52,1,2,1,10,1,1,1,2,1,3,1,2,2,1,1
Typed Out Degree
EReference eContainingClass,1,1,1,1,1,1,1,1,1,1,1,1,1,1,1,1,1,1,1,1,1,1,1,1,1,1,1
EEnum ePackage,1,1
EClass eTypeParameters,3,1,1,3,1,1
EGenericType eUpperBound,1
EPackage eSuperPackage,1
EClass eSuperTypes,1
EGenericType eTypeArguments,1,1,1
ETypeParameter eBounds,2,2,1
EReference eKeys,1,1,1,1
EClass ePackage,1,1,1,1,1,1,1,1,1,1,1,1
EOperation eContainingClass,1,1,1,1,1,1,1
EOperation eParameters,1,3
EAttribute eContainingClass,1,1,1,1,1,1,1,1,1,1,1,1,1,1,1,1,1,1,1,1,1,1
EPackage eSubpackages,1
EReference eOpposite,1,1,1,1
EPackage eClassifiers,11,3
EGenericType eLowerBound,1
EClass eOperations,2,1,1,3
EParameter eOperation,1,1,1,1
EEnum eLiterals,2
EOperation eTypeParameters,1,1
EReference eType,1
EClass eStructuralFeatures,5,3,13,3,1,2,2,6,1,8,5
EEnumLiteral eEnum,1,1
Node Type
EAttribute,EClass,EParameter,EGenericType,EOperation,EEnumLiteral,EEnum,EReference,ETypeParameter,EPackage
0.22000000000000006,0.11999999999999998,0.04,0.09999999999999999,0.07,0.02,0.02,0.2700000000000001,0.11999999999999998,0.02
Edge Type
eSuperPackage,eOperation,eUpperBound,eTypeParameter,eSubpackages,eType,eSuperTypes,eParameters,eOpposite,eKeys,eTypeArguments,eModelElement,eAnnotations,ePackage,eLowerBound,eLiterals,details,eStructuralFeatures,eClassifier,eClassifiers,eTypeParameters,eContainingClass,eBounds,eEnum,eOperations,eExceptions
0.005376344086021506,0.021505376344086023,0.005376344086021506,0.0,0.005376344086021506,0.005376344086021506,0.005376344086021506,0.021505376344086023,0.021505376344086023,0.021505376344086023,0.016129032258064516,0.0,0.0,0.07526881720430108,0.005376344086021506,0.010752688172043012,0.0,0.26344086021505375,0.0,0.07526881720430108,0.06451612903225806,0.3010752688172043,0.026881720430107527,0.010752688172043012,0.03763440860215054,0.0
violations,5
