Meta Mode,ecore
Number of Edge types,26
Number Of Nodes,100
State Id,17_1
OutDegreeValue,0,1,2,3,4,6,8,9,10,12,14,15
OutDegreeCount,10,67,11,1,3,1,1,1,2,1,1,1
NAValue,1,2,3,4,5,6,7,8
NACount,11,67,8,6,3,3,1,1
MPCValue,0.00000,0.46222,0.52000,0.58240,0.66444,0.66765,0.69333,0.70571,0.71500,0.73175,0.75111,0.76036,0.76729,0.77730,0.78000,0.80653,0.83200
MPCCount,11,1,66,1,1,1,7,1,2,1,1,1,1,1,2,1,1
Typed Out Degree
EReference eContainingClass,1,1,1,1,1,1,1,1,1,1,1,1,1,1,1,1,1,1,1,1,1,1,1,1,1,1,1,1
EEnum ePackage,1
EClass eTypeParameters,1,1,1,3
EGenericType eUpperBound,1
EClass eSuperTypes,1,1
EGenericType eTypeArguments,1,1
ETypeParameter eBounds,1,1,1
EReference eKeys,1
EClass ePackage,1,1,1,1,1,1,1,1,1,1
EDataType eTypeParameters,1
EOperation eContainingClass,1,1,1,1,1,1,1,1,1,1,1,1
EOperation eParameters,2,3,1,2
EAttribute eContainingClass,1,1,1,1,1,1,1,1,1,1,1,1,1,1,1,1,1,1,1
EReference eOpposite,1,1
EPackage eClassifiers,12
EDataType ePackage,1
EGenericType eLowerBound,1,1
EClass eOperations,2,2,1,2,3,1,1
EParameter eOperation,1,1,1,1,1,1,1,1
EEnum eLiterals,3
EOperation eTypeParameters,1,1
EReference eType,1,1
EClass eStructuralFeatures,10,4,5,7,6,1,9,5
EEnumLiteral eEnum,1,1,1
Node Type
EAttribute,EClass,EDataType,EParameter,EGenericType,EEnumLiteral,EOperation,EEnum,EReference,ETypeParameter,EPackage
0.19000000000000003,0.09999999999999999,0.01,0.08,0.08,0.03,0.11999999999999998,0.01,0.2800000000000001,0.09,0.01
Edge Type
eSuperPackage,eOperation,eUpperBound,eTypeParameter,eSubpackages,eType,eSuperTypes,eParameters,eOpposite,eKeys,eTypeArguments,eModelElement,eAnnotations,ePackage,eLowerBound,eLiterals,details,eStructuralFeatures,eClassifier,eClassifiers,eTypeParameters,eContainingClass,eBounds,eEnum,eOperations,eExceptions
0.0,0.0425531914893617,0.005319148936170213,0.0,0.0,0.010638297872340425,0.010638297872340425,0.0425531914893617,0.010638297872340425,0.005319148936170213,0.010638297872340425,0.0,0.0,0.06382978723404255,0.010638297872340425,0.015957446808510637,0.0,0.25,0.0,0.06382978723404255,0.047872340425531915,0.31382978723404253,0.015957446808510637,0.015957446808510637,0.06382978723404255,0.0
violations,1
