Meta Mode,ecore
Number of Edge types,26
Number Of Nodes,100
State Id,18_1
OutDegreeValue,0,1,2,3,5,6,7,8,12,14,15
OutDegreeCount,9,60,17,3,1,4,1,2,1,1,1
NAValue,1,2,3,4,5,6
NACount,9,57,16,7,7,4
MPCValue,0.00000,0.46222,0.52000,0.64018,0.64735,0.65000,0.65624,0.68640,0.69333,0.71385,0.71972,0.72222,0.73917,0.74851,0.75111,0.78000,0.80889,0.83200
MPCCount,9,2,55,1,1,1,1,1,15,1,1,1,3,1,1,3,1,2
Typed Out Degree
EClass eTypeParameters,2,1,1,1,1
EPackage eSuperPackage,1,1
EGenericType eTypeArguments,2
EReference eKeys,1,1
EOperation eContainingClass,1,1,1,1,1,1,1
EAttribute eContainingClass,1,1,1,1,1,1,1,1,1,1,1,1,1,1,1,1,1,1,1,1,1,1,1,1
EReference eOpposite,1,1,1
EPackage eClassifiers,13,4
EDataType ePackage,1,1,1
EAttribute eType,1,1
EEnum eLiterals,5
EOperation eTypeParameters,1
EClass eStructuralFeatures,7,4,6,11,1,6,2,4,5,4
EEnumLiteral eEnum,1,1,1,1,1
EReference eContainingClass,1,1,1,1,1,1,1,1,1,1,1,1,1,1,1,1,1,1,1,1,1,1,1,1,1,1
EEnum ePackage,1,1,1
ETypeParameter eBounds,2,1
EClass ePackage,1,1,1,1,1,1,1,1,1,1,1
EOperation eParameters,1,1,1,1,1
EPackage eSubpackages,2
EGenericType eLowerBound,1
EClass eOperations,2,1,1,1,2
EParameter eOperation,1,1,1,1,1
EReference eType,1,1,1
EOperation eType,1
Node Type
EAttribute,EClass,EDataType,EParameter,EGenericType,EOperation,EEnumLiteral,EEnum,EReference,ETypeParameter,EPackage
0.24000000000000007,0.10999999999999999,0.03,0.05,0.060000000000000005,0.07,0.05,0.03,0.26000000000000006,0.07,0.03
Edge Type
eSuperPackage,eOperation,eUpperBound,eTypeParameter,eSubpackages,eType,eSuperTypes,eParameters,eOpposite,eKeys,eTypeArguments,eModelElement,eAnnotations,ePackage,eLowerBound,eLiterals,details,eStructuralFeatures,eClassifier,eClassifiers,eTypeParameters,eContainingClass,eBounds,eEnum,eOperations,eExceptions
0.01020408163265306,0.025510204081632654,0.0,0.0,0.01020408163265306,0.030612244897959183,0.0,0.025510204081632654,0.015306122448979591,0.01020408163265306,0.01020408163265306,0.0,0.0,0.08673469387755102,0.00510204081632653,0.025510204081632654,0.0,0.25510204081632654,0.0,0.08673469387755102,0.03571428571428571,0.29081632653061223,0.015306122448979591,0.025510204081632654,0.03571428571428571,0.0
violations,2
