Meta Mode,ecore
Number of Edge types,26
Number Of Nodes,100
State Id,19_1
OutDegreeValue,0,1,2,3,4,6,7,10,11,18
OutDegreeCount,10,62,12,3,4,2,3,2,1,1
NAValue,1,2,3,4,5,6
NACount,11,58,13,6,9,3
MPCValue,0.00000,0.52000,0.67901,0.69333,0.69680,0.70041,0.70617,0.71500,0.73956,0.74880,0.75111,0.77037,0.78000,0.79074,0.83200
MPCCount,11,58,1,14,1,1,1,1,1,1,2,1,4,1,2
Typed Out Degree
EClass eTypeParameters,1,2,1,1,1
EGenericType eTypeArguments,1,2
EReference eKeys,1
EOperation eContainingClass,1,1,1,1,1,1,1,1,1,1
EAttribute eContainingClass,1,1,1,1,1,1,1,1,1,1,1,1,1,1,1,1,1,1,1,1,1
EReference eOpposite,1,1,1
EPackage eClassifiers,18
EDataType ePackage,1
EAttribute eType,1
EEnum eLiterals,3
EOperation eTypeParameters,1,1
EClass eStructuralFeatures,3,8,2,7,5,6,9,5,1,3
EGenericType eClassifier,1
EEnumLiteral eEnum,1,1,1
EReference eContainingClass,1,1,1,1,1,1,1,1,1,1,1,1,1,1,1,1,1,1,1,1,1,1,1,1,1,1,1,1
EEnum ePackage,1,1
EGenericType eUpperBound,1
EClass eSuperTypes,1,1
ETypeParameter eBounds,1
EClass ePackage,1,1,1,1,1,1,1,1,1,1,1,1,1,1,1
EOperation eParameters,1,1,2,1
EGenericType eLowerBound,1
EClass eOperations,1,1,1,3,1,1,2
EParameter eOperation,1,1,1,1,1
EReference eType,1
Node Type
EAttribute,EClass,EDataType,EParameter,EGenericType,EOperation,EEnumLiteral,EEnum,EReference,ETypeParameter,EPackage
0.21000000000000005,0.15,0.01,0.05,0.060000000000000005,0.09999999999999999,0.03,0.02,0.2800000000000001,0.08,0.01
Edge Type
eSuperPackage,eOperation,eUpperBound,eTypeParameter,eSubpackages,eType,eSuperTypes,eParameters,eOpposite,eKeys,eTypeArguments,eModelElement,eAnnotations,ePackage,eLowerBound,eLiterals,details,eStructuralFeatures,eClassifier,eClassifiers,eTypeParameters,eContainingClass,eBounds,eEnum,eOperations,eExceptions
0.0,0.025906735751295335,0.0051813471502590676,0.0,0.0,0.010362694300518135,0.010362694300518135,0.025906735751295335,0.015544041450777202,0.0051813471502590676,0.015544041450777202,0.0,0.0,0.09326424870466321,0.0051813471502590676,0.015544041450777202,0.0,0.2538860103626943,0.0051813471502590676,0.09326424870466321,0.04145077720207254,0.30569948186528495,0.0051813471502590676,0.015544041450777202,0.05181347150259067,0.0
violations,4
