Meta Mode,ecore
Number of Edge types,26
Number Of Nodes,100
State Id,1_1
OutDegreeValue,0,1,2,3,5,6,7,9,10,11,13,15
OutDegreeCount,14,63,9,3,3,2,1,1,1,1,1,1
NAValue,1,2,3,4,5,6
NACount,14,60,11,7,4,4
MPCValue,0.00000,0.46222,0.52000,0.58471,0.66444,0.68640,0.69333,0.69555,0.70041,0.73917,0.74851,0.75111,0.75400,0.77037,0.78000
MPCCount,14,2,58,1,1,1,11,1,1,1,1,2,1,3,2
Typed Out Degree
EReference eContainingClass,1,1,1,1,1,1,1,1,1,1,1,1,1,1,1,1,1,1,1,1,1,1,1,1,1,1,1,1
EEnum ePackage,1,1,1
EClass eTypeParameters,2,2,1,1,1,2
EGenericType eUpperBound,1
EEnum eTypeParameters,1
EPackage eSuperPackage,1
EGenericType eTypeArguments,1,1
ETypeParameter eBounds,1,1,1,2
EReference eKeys,1,1
EClass ePackage,1,1,1,1,1,1,1,1,1,1,1
EOperation eContainingClass,1,1,1,1,1,1,1
EOperation eParameters,1,2
EAttribute eContainingClass,1,1,1,1,1,1,1,1,1,1,1,1,1,1,1,1,1,1,1,1,1
EPackage eSubpackages,1
EReference eOpposite,1,1
EPackage eClassifiers,14
EGenericType eLowerBound,1,1,1
EClass eOperations,2,2,1,2
EParameter eOperation,1,1,1
EEnum eLiterals,3
EOperation eTypeParameters,1
EReference eType,1,1
EClass eStructuralFeatures,10,6,2,4,5,5,4,5,3,5
EEnumLiteral eEnum,1,1,1
Node Type
EAttribute,EClass,EParameter,EGenericType,EEnumLiteral,EOperation,EEnum,EReference,ETypeParameter,EPackage
0.21000000000000005,0.10999999999999999,0.03,0.10999999999999999,0.03,0.07,0.03,0.2800000000000001,0.10999999999999999,0.02
Edge Type
eSuperPackage,eOperation,eUpperBound,eTypeParameter,eSubpackages,eType,eSuperTypes,eParameters,eOpposite,eKeys,eTypeArguments,eModelElement,eAnnotations,ePackage,eLowerBound,eLiterals,details,eStructuralFeatures,eClassifier,eClassifiers,eTypeParameters,eContainingClass,eBounds,eEnum,eOperations,eExceptions
0.005494505494505495,0.016483516483516484,0.005494505494505495,0.0,0.005494505494505495,0.01098901098901099,0.0,0.016483516483516484,0.01098901098901099,0.01098901098901099,0.01098901098901099,0.0,0.0,0.07692307692307693,0.016483516483516484,0.016483516483516484,0.0,0.2692307692307692,0.0,0.07692307692307693,0.06043956043956044,0.3076923076923077,0.027472527472527472,0.016483516483516484,0.038461538461538464,0.0
violations,2
