Meta Mode,ecore
Number of Edge types,26
Number Of Nodes,100
State Id,20_1
OutDegreeValue,0,1,2,3,4,5,6,8,9,12,17
OutDegreeCount,15,55,13,6,2,1,2,2,2,1,1
NAValue,1,2,3,4,5,6,7
NACount,15,54,11,8,8,3,1
MPCValue,0.00000,0.46222,0.52000,0.59944,0.62272,0.62796,0.68250,0.69333,0.73917,0.74286,0.75111,0.78000,0.78812,0.80653,0.80793,0.83200,0.84500,0.85950
MPCCount,15,1,53,1,1,1,1,11,1,1,4,2,1,1,1,3,1,1
Typed Out Degree
EReference eContainingClass,1,1,1,1,1,1,1,1,1,1,1,1,1,1,1,1,1,1,1,1,1,1,1,1,1,1
EEnum ePackage,1,1
EClass eTypeParameters,2,1,1,1,1,2,2
EEnum eTypeParameters,1
EPackage eSuperPackage,1
ETypeParameter eBounds,2
EReference eKeys,1
EClass ePackage,1,1,1,1,1,1,1,1,1,1,1,1,1,1,1
EDataType eTypeParameters,1
EOperation eContainingClass,1,1,1,1,1,1,1,1,1,1
EOperation eParameters,1,1,1
EAttribute eContainingClass,1,1,1,1,1,1,1,1,1,1,1,1,1,1,1,1,1,1,1,1,1,1
EPackage eSubpackages,1
EPackage eClassifiers,11,8
EDataType ePackage,1,1
EGenericType eLowerBound,1
EClass eOperations,2,2,2,2,1,1
EOperation eExceptions,1
EParameter eOperation,1,1,1
EEnum eLiterals,1
EOperation eTypeParameters,1,1
EReference eType,1,1,1,1
EClass eStructuralFeatures,2,4,14,1,2,2,4,2,6,2,2,2,5
EEnumLiteral eEnum,1
Node Type
EAttribute,EClass,EDataType,EParameter,EGenericType,EOperation,EEnumLiteral,EEnum,EReference,ETypeParameter,EPackage
0.22000000000000006,0.15,0.02,0.03,0.03,0.09999999999999999,0.01,0.02,0.26000000000000006,0.13999999999999999,0.02
Edge Type
eSuperPackage,eOperation,eUpperBound,eTypeParameter,eSubpackages,eType,eSuperTypes,eParameters,eOpposite,eKeys,eTypeArguments,eModelElement,eAnnotations,ePackage,eLowerBound,eLiterals,details,eStructuralFeatures,eClassifier,eClassifiers,eTypeParameters,eContainingClass,eBounds,eEnum,eOperations,eExceptions
0.0053475935828877,0.016042780748663103,0.0,0.0,0.0053475935828877,0.0213903743315508,0.0,0.016042780748663103,0.0,0.0053475935828877,0.0,0.0,0.0,0.10160427807486631,0.0053475935828877,0.0053475935828877,0.0,0.25668449197860965,0.0,0.10160427807486631,0.0748663101604278,0.31016042780748665,0.0106951871657754,0.0053475935828877,0.053475935828877004,0.0053475935828877
violations,0
