Meta Mode,ecore
Number of Edge types,26
Number Of Nodes,100
State Id,21_1
OutDegreeValue,0,1,2,3,4,6,7,8,9,11,14
OutDegreeCount,12,55,17,5,1,2,2,1,3,1,1
NAValue,1,2,3,4,5,6,7,8
NACount,12,52,18,7,3,5,2,1
MPCValue,0.00000,0.46222,0.52000,0.65000,0.66444,0.67654,0.69333,0.69680,0.71385,0.73956,0.75111,0.75347,0.77208,0.78000,0.79592,0.79934,0.83200,0.86667
MPCCount,12,2,50,1,1,1,17,1,1,1,1,1,1,5,1,1,1,2
Typed Out Degree
EClass eTypeParameters,1,1,1,1,1,1
EGenericType eTypeArguments,1,1,1,1
EReference eKeys,1,1,1
EOperation eContainingClass,1,1,1,1,1
EAttribute eContainingClass,1,1,1,1,1,1,1,1,1,1,1,1,1,1,1,1,1,1,1,1,1
EReference eOpposite,1,1,1
EPackage eClassifiers,14
EDataType ePackage,1
EAttribute eType,1,1,1
EEnum eLiterals,5
EOperation eTypeParameters,1
EClass eStructuralFeatures,4,2,1,7,6,5,5,1,6,1,8,5
EGenericType eClassifier,1
EEnumLiteral eEnum,1,1,1,1,1
EReference eContainingClass,1,1,1,1,1,1,1,1,1,1,1,1,1,1,1,1,1,1,1,1,1,1,1,1,1,1,1,1,1,1
EEnum ePackage,1
EGenericType eUpperBound,1,1,1
EClass eSuperTypes,1,1,1,1
ETypeParameter eBounds,2,1,2
EClass ePackage,1,1,1,1,1,1,1,1,1,1,1,1
EOperation eParameters,1,1,1
EGenericType eLowerBound,1,1
EClass eOperations,1,1,1,2
EParameter eOperation,1,1,1
EReference eType,1,1,1
Node Type
EClass,EAttribute,EDataType,EParameter,EGenericType,EEnumLiteral,EOperation,EEnum,EReference,EPackage,ETypeParameter
0.11999999999999998,0.21000000000000005,0.01,0.03,0.13999999999999999,0.05,0.05,0.01,0.3000000000000001,0.01,0.07
Edge Type
eSuperPackage,eOperation,eUpperBound,eTypeParameter,eSubpackages,eType,eSuperTypes,eParameters,eOpposite,eKeys,eTypeArguments,eModelElement,eAnnotations,ePackage,eLowerBound,eLiterals,details,eStructuralFeatures,eClassifier,eClassifiers,eTypeParameters,eContainingClass,eBounds,eEnum,eOperations,eExceptions
0.0,0.015463917525773196,0.015463917525773196,0.0,0.0,0.030927835051546393,0.020618556701030927,0.015463917525773196,0.015463917525773196,0.015463917525773196,0.020618556701030927,0.0,0.0,0.07216494845360824,0.010309278350515464,0.02577319587628866,0.0,0.26288659793814434,0.005154639175257732,0.07216494845360824,0.03608247422680412,0.28865979381443296,0.02577319587628866,0.02577319587628866,0.02577319587628866,0.0
violations,4
