Meta Mode,ecore
Number of Edge types,26
Number Of Nodes,100
State Id,22_1
OutDegreeValue,0,1,2,3,4,5,6,8,10,11,13
OutDegreeCount,16,57,13,2,2,1,3,2,1,2,1
NAValue,1,2,3,4,5,6
NACount,17,56,12,3,8,4
MPCValue,0.00000,0.46222,0.52000,0.66260,0.68862,0.69333,0.71500,0.72222,0.74286,0.75111,0.75400,0.77037,0.78000,0.80653,0.80889,0.84741,0.84898
MPCCount,17,2,54,1,1,13,1,1,1,1,1,1,2,1,1,1,1
Typed Out Degree
EReference eContainingClass,1,1,1,1,1,1,1,1,1,1,1,1,1,1,1,1,1,1,1,1,1,1,1,1,1
EEnum ePackage,1
EClass eTypeParameters,2,1,1,1,1,1
EGenericType eUpperBound,1,1
EEnum eTypeParameters,1
EGenericType eTypeArguments,2,2
ETypeParameter eBounds,1,1,2
EReference eKeys,1,1
EClass ePackage,1,1,1,1,1,1,1,1,1,1,1
EOperation eContainingClass,1,1,1,1,1,1,1,1
EOperation eParameters,1,2,1
EAttribute eContainingClass,1,1,1,1,1,1,1,1,1,1,1,1,1,1,1,1,1,1,1,1,1,1,1
EReference eOpposite,1,1
EPackage eClassifiers,13
EDataType ePackage,1
EAttribute eType,1
EClass eOperations,2,1,1,1,2,1
EParameter eOperation,1,1,1,1
EEnum eLiterals,3
EOperation eTypeParameters,1,1,1,2
EClass eStructuralFeatures,6,5,4,8,1,2,1,2,6,5,8
EEnumLiteral eEnum,1,1,1
EOperation eType,1
Node Type
EClass,EAttribute,EDataType,EParameter,EGenericType,EEnumLiteral,EOperation,EEnum,EReference,ETypeParameter,EPackage
0.10999999999999999,0.23000000000000007,0.01,0.04,0.09999999999999999,0.03,0.08,0.01,0.25000000000000006,0.12999999999999998,0.01
Edge Type
eSuperPackage,eOperation,eUpperBound,eTypeParameter,eSubpackages,eType,eSuperTypes,eParameters,eOpposite,eKeys,eTypeArguments,eModelElement,eAnnotations,ePackage,eLowerBound,eLiterals,details,eStructuralFeatures,eClassifier,eClassifiers,eTypeParameters,eContainingClass,eBounds,eEnum,eOperations,eExceptions
0.0,0.022099447513812154,0.011049723756906077,0.0,0.0,0.011049723756906077,0.0,0.022099447513812154,0.011049723756906077,0.011049723756906077,0.022099447513812154,0.0,0.0,0.0718232044198895,0.0,0.016574585635359115,0.0,0.26519337016574585,0.0,0.0718232044198895,0.0718232044198895,0.30939226519337015,0.022099447513812154,0.016574585635359115,0.04419889502762431,0.0
violations,2
