Meta Mode,ecore
Number of Edge types,26
Number Of Nodes,100
State Id,23_1
OutDegreeValue,0,1,2,3,4,5,7,8,9,14,16
OutDegreeCount,14,57,12,6,1,2,3,1,1,2,1
NAValue,1,2,3,4,5,6,7
NACount,14,53,14,11,4,1,3
MPCValue,0.00000,0.52000,0.58240,0.64735,0.65000,0.67022,0.68640,0.69333,0.70571,0.71385,0.71500,0.75111,0.77187,0.77469,0.78000,0.81714,0.83200
MPCCount,14,53,1,1,1,1,2,13,1,1,1,3,1,1,4,1,1
Typed Out Degree
EReference eContainingClass,1,1,1,1,1,1,1,1,1,1,1,1,1,1,1,1,1,1,1,1,1,1,1,1,1,1,1,1
EEnum ePackage,1,1
EClass eTypeParameters,1,1,1,1,2,1
EEnum eTypeParameters,4
EPackage eSuperPackage,1,1
ETypeParameter eBounds,1
EReference eKeys,1,1,1
EClass ePackage,1,1,1,1,1,1,1,1,1,1,1,1
EDataType eTypeParameters,1
EOperation eContainingClass,1,1,1,1,1,1
EOperation eParameters,1,1
EAttribute eContainingClass,1,1,1,1,1,1,1,1,1,1,1,1,1,1,1,1,1,1,1,1,1,1,1,1
EPackage eSubpackages,2
EReference eOpposite,1,1,1,1
EPackage eClassifiers,2,4,12
EDataType ePackage,1,1,1,1
EAttribute eType,1
EClass eOperations,2,2,1,1
EParameter eOperation,1,1
EEnum eLiterals,4
EOperation eTypeParameters,1,1
EReference eType,1,1,1,1
EClass eStructuralFeatures,5,3,6,4,10,2,3,2,12,5
EEnumLiteral eEnum,1,1,1,1
Node Type
EAttribute,EClass,EDataType,EParameter,EGenericType,EOperation,EEnumLiteral,EEnum,EReference,ETypeParameter,EPackage
0.24000000000000007,0.11999999999999998,0.04,0.02,0.01,0.060000000000000005,0.04,0.02,0.2800000000000001,0.13999999999999999,0.03
Edge Type
eSuperPackage,eOperation,eUpperBound,eTypeParameter,eSubpackages,eType,eSuperTypes,eParameters,eOpposite,eKeys,eTypeArguments,eModelElement,eAnnotations,ePackage,eLowerBound,eLiterals,details,eStructuralFeatures,eClassifier,eClassifiers,eTypeParameters,eContainingClass,eBounds,eEnum,eOperations,eExceptions
0.010256410256410256,0.010256410256410256,0.0,0.0,0.010256410256410256,0.02564102564102564,0.0,0.010256410256410256,0.020512820512820513,0.015384615384615385,0.0,0.0,0.0,0.09230769230769231,0.0,0.020512820512820513,0.0,0.26666666666666666,0.0,0.09230769230769231,0.07179487179487179,0.29743589743589743,0.005128205128205128,0.020512820512820513,0.03076923076923077,0.0
violations,3
