Meta Mode,ecore
Number of Edge types,26
Number Of Nodes,100
State Id,24_1
OutDegreeValue,0,1,2,4,5,6,7,9,10,13,14
OutDegreeCount,10,70,7,3,1,1,3,1,2,1,1
NAValue,1,2,3,4,5,6,7
NACount,10,69,6,5,7,2,1
MPCValue,0.00000,0.52000,0.64735,0.64799,0.69333,0.69975,0.70617,0.71385,0.71500,0.74880,0.75920,0.76556,0.78000,0.80653,0.81120
MPCCount,10,69,1,1,6,1,1,1,1,1,1,1,3,2,1
Typed Out Degree
EReference eContainingClass,1,1,1,1,1,1,1,1,1,1,1,1,1,1,1,1,1,1,1,1,1,1,1,1,1,1,1,1
EEnum ePackage,1
EClass eTypeParameters,2,2,1,1
EGenericType eUpperBound,1
EEnum eTypeParameters,1
EGenericType eTypeArguments,1,1
ETypeParameter eBounds,1,1,1,1,1
EClass ePackage,1,1,1,1,1,1,1,1,1,1
EOperation eContainingClass,1,1,1,1,1,1
EOperation eParameters,1,3,2,1
EAttribute eContainingClass,1,1,1,1,1,1,1,1,1,1,1,1,1,1,1,1,1,1,1,1,1,1
EReference eOpposite,1
EPackage eClassifiers,13
EDataType ePackage,1,1
EClass eOperations,1,2,1,2
EParameter eOperation,1,1,1,1,1,1,1
EEnum eLiterals,5
EOperation eTypeParameters,1,1,1
EReference eType,1,1
EClass eStructuralFeatures,3,6,3,7,4,12,6,6,1,2
EEnumLiteral eEnum,1,1,1,1,1
EOperation eType,1
Node Type
EAttribute,EClass,EDataType,EParameter,EGenericType,EEnumLiteral,EOperation,EEnum,EReference,EPackage,ETypeParameter
0.22000000000000006,0.09999999999999999,0.02,0.07,0.08,0.05,0.060000000000000005,0.01,0.2800000000000001,0.01,0.09999999999999999
Edge Type
eSuperPackage,eOperation,eUpperBound,eTypeParameter,eSubpackages,eType,eSuperTypes,eParameters,eOpposite,eKeys,eTypeArguments,eModelElement,eAnnotations,ePackage,eLowerBound,eLiterals,details,eStructuralFeatures,eClassifier,eClassifiers,eTypeParameters,eContainingClass,eBounds,eEnum,eOperations,eExceptions
0.0,0.03804347826086957,0.005434782608695652,0.0,0.0,0.016304347826086956,0.0,0.03804347826086957,0.005434782608695652,0.0,0.010869565217391304,0.0,0.0,0.07065217391304347,0.0,0.02717391304347826,0.0,0.2717391304347826,0.0,0.07065217391304347,0.05434782608695652,0.30434782608695654,0.02717391304347826,0.02717391304347826,0.03260869565217391,0.0
violations,1
