Meta Mode,ecore
Number of Edge types,26
Number Of Nodes,100
State Id,25_1
OutDegreeValue,0,1,2,3,4,5,7,8,9,10,12,13
OutDegreeCount,18,53,16,3,2,1,1,1,2,1,1,1
NAValue,1,2,3,4,5,6,7,8
NACount,20,52,11,7,5,3,1,1
MPCValue,0.00000,0.46222,0.52000,0.59385,0.69333,0.69975,0.70417,0.71385,0.73125,0.73751,0.75111,0.78000,0.80653,0.81250,0.83200,0.84898,0.85313
MPCCount,20,2,50,1,11,1,1,1,1,1,2,4,1,1,1,1,1
Typed Out Degree
EClass eTypeParameters,1,1,2,2,1
EPackage eSuperPackage,1,1
EGenericType eTypeArguments,1,1,1
EReference eKeys,1,1
EDataType eTypeParameters,1
EOperation eContainingClass,1,1,1,1,1,1
EAttribute eContainingClass,1,1,1,1,1,1,1,1,1,1,1,1,1,1,1,1,1,1,1
EReference eOpposite,1
EPackage eClassifiers,12
EDataType ePackage,1
EAttribute eType,1,1
EEnum eLiterals,1,1,2
EOperation eTypeParameters,1,1,1
EClass eStructuralFeatures,5,1,9,2,2,7,6,6
EEnumLiteral eEnum,1,1,1,1
EReference eContainingClass,1,1,1,1,1,1,1,1,1,1,1,1,1,1,1,1,1,1,1
EEnum ePackage,1,1,1
EGenericType eUpperBound,1,1
EEnum eTypeParameters,2,2
EClass eSuperTypes,1
ETypeParameter eBounds,2,1,1,1,1,1,2
EClass ePackage,1,1,1,1,1,1,1,1
EOperation eParameters,2,1,2
EPackage eSubpackages,1,1
EGenericType eLowerBound,1,1,1
EClass eOperations,1,3,2
EParameter eOperation,1,1,1,1,1
EReference eType,1,1,1
Node Type
EAttribute,EClass,EDataType,EParameter,EGenericType,EEnumLiteral,EOperation,EEnum,EReference,EPackage,ETypeParameter
0.19000000000000003,0.08,0.01,0.05,0.17,0.04,0.060000000000000005,0.03,0.19000000000000003,0.03,0.15
Edge Type
eSuperPackage,eOperation,eUpperBound,eTypeParameter,eSubpackages,eType,eSuperTypes,eParameters,eOpposite,eKeys,eTypeArguments,eModelElement,eAnnotations,ePackage,eLowerBound,eLiterals,details,eStructuralFeatures,eClassifier,eClassifiers,eTypeParameters,eContainingClass,eBounds,eEnum,eOperations,eExceptions
0.011428571428571429,0.02857142857142857,0.011428571428571429,0.0,0.011428571428571429,0.02857142857142857,0.005714285714285714,0.02857142857142857,0.005714285714285714,0.011428571428571429,0.017142857142857144,0.0,0.0,0.06857142857142857,0.017142857142857144,0.022857142857142857,0.0,0.21714285714285714,0.0,0.06857142857142857,0.08571428571428572,0.25142857142857145,0.05142857142857143,0.022857142857142857,0.03428571428571429,0.0
violations,1
