Meta Mode,ecore
Number of Edge types,26
Number Of Nodes,100
State Id,26_1
OutDegreeValue,0,1,2,3,4,5,6,7,10,11,14
OutDegreeCount,13,65,9,2,1,1,2,2,2,1,2
NAValue,1,2,3,4,5,6
NACount,13,64,10,3,7,3
MPCValue,0.00000,0.39000,0.52000,0.65265,0.69333,0.70041,0.70294,0.71385,0.72222,0.72598,0.75111,0.76556,0.77037,0.78000
MPCCount,13,1,63,1,10,1,2,1,1,1,1,1,1,3
Typed Out Degree
EReference eContainingClass,1,1,1,1,1,1,1,1,1,1,1,1,1,1,1,1,1,1,1,1,1,1,1,1,1,1,1,1,1,1,1,1,1
EEnum ePackage,1
EClass eTypeParameters,3,1,1,1,2
EGenericType eUpperBound,1
EEnum eTypeParameters,1
EGenericType eTypeArguments,1
ETypeParameter eBounds,1,3,1,1,1
EReference eKeys,1,1
EClass ePackage,1,1,1,1,1,1,1,1,1,1,1
EOperation eContainingClass,1,1,1,1,1
EOperation eParameters,1
EAttribute eContainingClass,1,1,1,1,1,1,1,1,1,1,1,1,1,1,1,1,1,1,1,1,1,1
EReference eOpposite,1,1
EPackage eClassifiers,14
EDataType ePackage,1,1
EGenericType eLowerBound,1
EAttribute eType,1
EClass eOperations,1,1,1,1,1
EParameter eOperation,1
EEnum eLiterals,3
EOperation eTypeParameters,1,1
EReference eType,1
EClass eStructuralFeatures,7,2,5,7,12,4,7,5,4,2
EEnumLiteral eEnum,1,1,1
Node Type
EAttribute,EClass,EDataType,EParameter,EGenericType,EEnumLiteral,EOperation,EEnum,EReference,ETypeParameter,EPackage
0.22000000000000006,0.10999999999999999,0.02,0.01,0.09999999999999999,0.03,0.05,0.01,0.3300000000000001,0.10999999999999999,0.01
Edge Type
eSuperPackage,eOperation,eUpperBound,eTypeParameter,eSubpackages,eType,eSuperTypes,eParameters,eOpposite,eKeys,eTypeArguments,eModelElement,eAnnotations,ePackage,eLowerBound,eLiterals,details,eStructuralFeatures,eClassifier,eClassifiers,eTypeParameters,eContainingClass,eBounds,eEnum,eOperations,eExceptions
0.0,0.00546448087431694,0.00546448087431694,0.0,0.0,0.01092896174863388,0.0,0.00546448087431694,0.01092896174863388,0.01092896174863388,0.00546448087431694,0.0,0.0,0.07650273224043716,0.00546448087431694,0.01639344262295082,0.0,0.3005464480874317,0.0,0.07650273224043716,0.060109289617486336,0.32786885245901637,0.03825136612021858,0.01639344262295082,0.0273224043715847,0.0
violations,2
