Meta Mode,ecore
Number of Edge types,26
Number Of Nodes,100
State Id,27_1
OutDegreeValue,0,1,2,3,4,5,6,7,8,9,10,11,12,14
OutDegreeCount,13,62,10,3,3,1,1,1,1,1,1,1,1,1
NAValue,1,2,3,4,5,6,7
NACount,13,60,9,10,5,2,1
MPCValue,0.00000,0.46222,0.52000,0.58898,0.65000,0.66444,0.68640,0.69333,0.71972,0.72550,0.74880,0.75111,0.76556,0.76960,0.77037,0.78000,0.80653
MPCCount,13,1,59,1,1,1,2,9,1,1,1,2,1,1,1,4,1
Typed Out Degree
EGenericType eTypeParameter,1
EClass eTypeParameters,1,1,2,1,2
EPackage eSuperPackage,1
EGenericType eTypeArguments,2
EDataType eTypeParameters,1
EOperation eContainingClass,1,1,1,1,1,1,1
EAttribute eContainingClass,1,1,1,1,1,1,1,1,1,1,1,1,1,1,1,1,1,1,1,1,1
EReference eOpposite,1
EPackage eClassifiers,13,2
EDataType ePackage,1,1
EEnum eLiterals,5,1
EOperation eTypeParameters,2
EClass eStructuralFeatures,3,6,2,9,5,7,6,4,4,1
EEnumLiteral eEnum,1,1,1,1,1,1
EReference eContainingClass,1,1,1,1,1,1,1,1,1,1,1,1,1,1,1,1,1,1,1,1,1,1,1,1,1,1
EEnum ePackage,1,1,1
EGenericType eUpperBound,1,1,1
ETypeParameter eBounds,1,1,1
EClass ePackage,1,1,1,1,1,1,1,1,1,1
EOperation eParameters,1,2,1
EPackage eSubpackages,1
EGenericType eLowerBound,1
EClass eOperations,1,1,3,2
EParameter eOperation,1,1,1,1
EReference eType,1,1,1
EOperation eType,1
Node Type
EAttribute,EClass,EDataType,EParameter,EGenericType,EEnumLiteral,EOperation,EEnum,EReference,ETypeParameter,EPackage
0.21000000000000005,0.09999999999999999,0.02,0.04,0.09,0.060000000000000005,0.07,0.03,0.26000000000000006,0.09999999999999999,0.02
Edge Type
eSuperPackage,eOperation,eUpperBound,eTypeParameter,eSubpackages,eType,eSuperTypes,eParameters,eOpposite,eKeys,eTypeArguments,eModelElement,eAnnotations,ePackage,eLowerBound,eLiterals,details,eStructuralFeatures,eClassifier,eClassifiers,eTypeParameters,eContainingClass,eBounds,eEnum,eOperations,eExceptions
0.005405405405405406,0.021621621621621623,0.016216216216216217,0.005405405405405406,0.005405405405405406,0.021621621621621623,0.0,0.021621621621621623,0.005405405405405406,0.0,0.010810810810810811,0.0,0.0,0.08108108108108109,0.005405405405405406,0.032432432432432434,0.0,0.25405405405405407,0.0,0.08108108108108109,0.05405405405405406,0.2918918918918919,0.016216216216216217,0.032432432432432434,0.03783783783783784,0.0
violations,1
