Meta Mode,ecore
Number of Edge types,26
Number Of Nodes,100
State Id,28_1
OutDegreeValue,0,1,2,3,4,5,6,7,8,9,13,14
OutDegreeCount,6,62,14,4,4,3,1,2,1,1,1,1
NAValue,1,2,3,4,5,6,7
NACount,6,61,7,14,8,3,1
MPCValue,0.00000,0.46222,0.52000,0.59385,0.64735,0.65000,0.68250,0.68640,0.69231,0.69333,0.71500,0.73917,0.74286,0.75111,0.76960,0.77037,0.78000,0.80653,0.80889,0.83200,0.84898,0.86667
MPCCount,6,1,60,1,1,1,1,1,1,6,2,1,1,1,1,1,7,2,1,1,2,1
Typed Out Degree
EClass eTypeParameters,1,1,1
EPackage eSuperPackage,1,1,1,1,1,1
EGenericType eTypeArguments,1
EOperation eContainingClass,1,1,1,1
EAttribute eContainingClass,1,1,1,1,1,1,1,1,1,1,1,1,1,1,1,1,1
EReference eOpposite,1,1,1
EPackage eClassifiers,3,1,1,6,4,12
EDataType ePackage,1,1
EEnum eLiterals,1,3,1,1
EOperation eTypeParameters,2
EParameter eType,1
EClass eStructuralFeatures,1,4,10,1,1,3,2,1,6,5,2,1,6
EGenericType eClassifier,1
EEnumLiteral eEnum,1,1,1,1,1,1
EReference eContainingClass,1,1,1,1,1,1,1,1,1,1,1,1,1,1,1,1,1,1,1,1,1,1,1,1,1,1
EEnum ePackage,1,1,1,1,1,1,1,1
EGenericType eUpperBound,1
EClass eSuperTypes,1,1,1,1
ETypeParameter eBounds,2
EClass ePackage,1,1,1,1,1,1,1,1,1,1,1,1,1,1,1,1,1
EOperation eParameters,1,1,1
EPackage eSubpackages,1,2,2,1
EGenericType eLowerBound,1
EClass eOperations,1,1,1,1
EParameter eOperation,1,1,1
Node Type
EAttribute,EClass,EDataType,EParameter,EGenericType,EEnumLiteral,EOperation,EEnum,EReference,EPackage,ETypeParameter
0.17,0.17,0.02,0.03,0.05,0.060000000000000005,0.04,0.08,0.26000000000000006,0.07,0.05
Edge Type
eSuperPackage,eOperation,eUpperBound,eTypeParameter,eSubpackages,eType,eSuperTypes,eParameters,eOpposite,eKeys,eTypeArguments,eModelElement,eAnnotations,ePackage,eLowerBound,eLiterals,details,eStructuralFeatures,eClassifier,eClassifiers,eTypeParameters,eContainingClass,eBounds,eEnum,eOperations,eExceptions
0.030456852791878174,0.015228426395939087,0.005076142131979695,0.0,0.030456852791878174,0.005076142131979695,0.02030456852791878,0.015228426395939087,0.015228426395939087,0.0,0.005076142131979695,0.0,0.0,0.13705583756345177,0.005076142131979695,0.030456852791878174,0.0,0.2182741116751269,0.005076142131979695,0.13705583756345177,0.025380710659898477,0.23857868020304568,0.01015228426395939,0.030456852791878174,0.02030456852791878,0.0
violations,4
