Meta Mode,ecore
Number of Edge types,26
Number Of Nodes,100
State Id,29_1
OutDegreeValue,0,1,2,3,4,5,6,7,8,9,13,15
OutDegreeCount,14,60,11,4,1,3,1,1,1,1,2,1
NAValue,1,2,3,4,5,6,7
NACount,14,58,12,8,2,5,1
MPCValue,0.00000,0.39000,0.52000,0.59385,0.63375,0.66447,0.67167,0.68640,0.69333,0.73917,0.75111,0.78000,0.78769,0.80889,0.82173,0.83200
MPCCount,14,1,57,1,1,1,1,1,12,1,4,2,1,1,1,1
Typed Out Degree
EClass eTypeParameters,1,1,1,1,2
EPackage eSuperPackage,1
EGenericType eTypeArguments,1
EReference eKeys,1,1
EDataType eTypeParameters,1
EOperation eContainingClass,1,1,1,1,1,1,1,1
EAttribute eContainingClass,1,1,1,1,1,1,1,1,1,1,1,1,1,1,1,1,1,1,1,1
EReference eOpposite,1
EPackage eClassifiers,12
EDataType ePackage,1
EAttribute eType,1
EEnum eLiterals,2,4
EOperation eTypeParameters,1,2,1
EParameter eType,1
EClass eStructuralFeatures,12,3,2,4,10,7,1,6,2
EEnumLiteral eEnum,1,1,1,1,1,1
EReference eContainingClass,1,1,1,1,1,1,1,1,1,1,1,1,1,1,1,1,1,1,1,1,1,1,1,1,1,1,1
EEnum ePackage,1,1
EGenericType eUpperBound,1
EClass eSuperTypes,1
ETypeParameter eBounds,1,1,1,3
EClass ePackage,1,1,1,1,1,1,1,1,1
EOperation eParameters,1,2,1
EPackage eSubpackages,1
EGenericType eLowerBound,1,1
EClass eOperations,2,2,2,1,1
EParameter eOperation,1,1,1,1
EReference eType,1
Node Type
EAttribute,EClass,EDataType,EParameter,EGenericType,EEnumLiteral,EOperation,EEnum,EReference,ETypeParameter,EPackage
0.20000000000000004,0.09,0.01,0.04,0.09999999999999999,0.060000000000000005,0.08,0.02,0.2700000000000001,0.10999999999999999,0.02
Edge Type
eSuperPackage,eOperation,eUpperBound,eTypeParameter,eSubpackages,eType,eSuperTypes,eParameters,eOpposite,eKeys,eTypeArguments,eModelElement,eAnnotations,ePackage,eLowerBound,eLiterals,details,eStructuralFeatures,eClassifier,eClassifiers,eTypeParameters,eContainingClass,eBounds,eEnum,eOperations,eExceptions
0.005434782608695652,0.021739130434782608,0.005434782608695652,0.0,0.005434782608695652,0.016304347826086956,0.005434782608695652,0.021739130434782608,0.005434782608695652,0.010869565217391304,0.005434782608695652,0.0,0.0,0.06521739130434782,0.010869565217391304,0.03260869565217391,0.0,0.2554347826086957,0.0,0.06521739130434782,0.059782608695652176,0.29891304347826086,0.03260869565217391,0.03260869565217391,0.043478260869565216,0.0
violations,1
