Meta Mode,ecore
Number of Edge types,26
Number Of Nodes,100
State Id,2_1
OutDegreeValue,0,1,2,3,4,6,8,9,12,16
OutDegreeCount,13,61,10,3,3,4,1,2,2,1
NAValue,1,2,3,4,5,6
NACount,13,58,11,6,5,7
MPCValue,0.00000,0.52000,0.63375,0.65000,0.69333,0.70294,0.70382,0.71259,0.71500,0.72222,0.73917,0.75111,0.76375,0.78000,0.79074,0.80653,0.83200,0.84500
MPCCount,13,58,1,2,9,1,1,1,1,1,2,1,1,4,1,1,1,1
Typed Out Degree
EClass eTypeParameters,1,1,1,2,2
EPackage eSuperPackage,1,1
EReference eKeys,1,1
EDataType eTypeParameters,1
EOperation eContainingClass,1,1,1,1,1,1,1,1,1,1,1
EAttribute eContainingClass,1,1,1,1,1,1,1,1,1,1,1,1,1,1,1,1,1,1,1,1,1,1,1
EReference eOpposite,1,1
EPackage eClassifiers,3,14
EDataType ePackage,1,1
EAttribute eType,1
EEnum eLiterals,4
EOperation eTypeParameters,2,1,1
EClass eStructuralFeatures,3,1,4,7,2,2,7,8,5,3,7
EEnumLiteral eEnum,1,1,1,1
EReference eContainingClass,1,1,1,1,1,1,1,1,1,1,1,1,1,1,1,1,1,1,1,1,1,1,1,1,1,1
EEnum ePackage,1,1
EEnum eTypeParameters,1
EClass eSuperTypes,1
ETypeParameter eBounds,1,1
EClass ePackage,1,1,1,1,1,1,1,1,1,1,1,1,1
EOperation eParameters,1
EPackage eSubpackages,2
EClass eOperations,1,1,1,2,1,1,2,2
EParameter eOperation,1
EReference eType,1,1,1
Node Type
EAttribute,EClass,EDataType,EParameter,EGenericType,EEnumLiteral,EOperation,EEnum,EReference,ETypeParameter,EPackage
0.23000000000000007,0.12999999999999998,0.02,0.01,0.02,0.04,0.10999999999999999,0.02,0.26000000000000006,0.12999999999999998,0.03
Edge Type
eSuperPackage,eOperation,eUpperBound,eTypeParameter,eSubpackages,eType,eSuperTypes,eParameters,eOpposite,eKeys,eTypeArguments,eModelElement,eAnnotations,ePackage,eLowerBound,eLiterals,details,eStructuralFeatures,eClassifier,eClassifiers,eTypeParameters,eContainingClass,eBounds,eEnum,eOperations,eExceptions
0.010416666666666666,0.005208333333333333,0.0,0.0,0.010416666666666666,0.020833333333333332,0.005208333333333333,0.005208333333333333,0.010416666666666666,0.010416666666666666,0.0,0.0,0.0,0.08854166666666667,0.0,0.020833333333333332,0.0,0.2552083333333333,0.0,0.08854166666666667,0.06770833333333333,0.3125,0.010416666666666666,0.020833333333333332,0.057291666666666664,0.0
violations,1
