Meta Mode,ecore
Number of Edge types,26
Number Of Nodes,100
State Id,30_1
OutDegreeValue,0,1,2,3,4,6,7,8,9,10,11,13,16
OutDegreeCount,14,64,9,2,2,1,2,1,1,1,1,1,1
NAValue,1,2,3,4,5,6,7
NACount,14,62,10,6,2,5,1
MPCValue,0.00000,0.46222,0.52000,0.58094,0.59385,0.65000,0.66260,0.69333,0.71385,0.71500,0.72800,0.75571,0.76308,0.77187,0.78000,0.80793,0.84500
MPCCount,14,1,61,1,1,2,1,8,1,1,1,1,1,1,3,1,1
Typed Out Degree
EClass eTypeParameters,1,2,1,2,1,1,1
EPackage eSuperPackage,1
EGenericType eTypeArguments,1
EOperation eContainingClass,1,1,1,1,1
EAttribute eContainingClass,1,1,1,1,1,1,1,1,1,1,1,1,1,1,1,1,1,1,1,1,1
EReference eOpposite,1,1,1
EPackage eClassifiers,3,12
EDataType ePackage,1,1,1
EAttribute eType,1
EEnum eLiterals,5
EOperation eTypeParameters,2,2
EClass eStructuralFeatures,2,6,5,1,7,15,2,4,8
EGenericType eClassifier,1
EEnumLiteral eEnum,1,1,1,1,1
EReference eContainingClass,1,1,1,1,1,1,1,1,1,1,1,1,1,1,1,1,1,1,1,1,1,1,1,1,1,1,1,1,1
EEnum ePackage,1
EEnum eTypeParameters,1
ETypeParameter eBounds,1,2,1,1,1
EClass ePackage,1,1,1,1,1,1,1,1,1,1,1
EOperation eParameters,1
EPackage eSubpackages,1
EGenericType eLowerBound,1
EClass eOperations,2,1,1,1
EParameter eOperation,1
EReference eType,1,1
Node Type
EClass,EAttribute,EDataType,EParameter,EGenericType,EEnumLiteral,EOperation,EEnum,EReference,ETypeParameter,EPackage
0.10999999999999999,0.21000000000000005,0.03,0.01,0.08,0.05,0.05,0.01,0.2900000000000001,0.13999999999999999,0.02
Edge Type
eSuperPackage,eOperation,eUpperBound,eTypeParameter,eSubpackages,eType,eSuperTypes,eParameters,eOpposite,eKeys,eTypeArguments,eModelElement,eAnnotations,ePackage,eLowerBound,eLiterals,details,eStructuralFeatures,eClassifier,eClassifiers,eTypeParameters,eContainingClass,eBounds,eEnum,eOperations,eExceptions
0.00546448087431694,0.00546448087431694,0.0,0.0,0.00546448087431694,0.01639344262295082,0.0,0.00546448087431694,0.01639344262295082,0.0,0.00546448087431694,0.0,0.0,0.08196721311475409,0.00546448087431694,0.0273224043715847,0.0,0.273224043715847,0.00546448087431694,0.08196721311475409,0.07650273224043716,0.3005464480874317,0.03278688524590164,0.0273224043715847,0.0273224043715847,0.0
violations,3
