Meta Mode,ecore
Number of Edge types,26
Number Of Nodes,100
State Id,31_1
OutDegreeValue,0,1,2,3,4,5,6,7,8,13,17
OutDegreeCount,11,65,6,6,3,1,2,3,1,1,1
NAValue,1,2,3,4,5,6
NACount,11,65,4,12,6,2
MPCValue,0.00000,0.52000,0.62796,0.64735,0.65000,0.68640,0.69222,0.69333,0.70041,0.71500,0.75111,0.78000,0.79040,0.80653,0.83200
MPCCount,11,65,1,2,1,1,1,4,1,1,4,5,1,1,1
Typed Out Degree
EReference eContainingClass,1,1,1,1,1,1,1,1,1,1,1,1,1,1,1,1,1,1,1,1,1,1,1,1,1,1,1
EEnum ePackage,1,1,1
EClass eTypeParameters,1,2,1,1
EGenericType eUpperBound,1
EEnum eTypeParameters,1
EPackage eSuperPackage,1,1
ETypeParameter eBounds,1,1,1,1
EClass ePackage,1,1,1,1,1,1,1,1,1,1,1,1,1,1
EDataType eTypeParameters,1,2
EOperation eContainingClass,1,1,1,1
EOperation eParameters,1,1
EAttribute eContainingClass,1,1,1,1,1,1,1,1,1,1,1,1,1,1,1,1,1,1,1,1,1,1,1,1
EPackage eSubpackages,2
EPackage eClassifiers,15,3,2
EDataType ePackage,1,1,1
EGenericType eLowerBound,1
EAttribute eType,1
EClass eOperations,2,1,1
EParameter eOperation,1,1
EEnum eLiterals,4
EOperation eTypeParameters,1
EClass eStructuralFeatures,2,6,9,3,6,2,1,2,2,6,5,4,2,1
EEnumLiteral eEnum,1,1,1,1
Node Type
EClass,EAttribute,EDataType,EParameter,EGenericType,EEnumLiteral,EOperation,EEnum,EReference,EPackage,ETypeParameter
0.13999999999999999,0.24000000000000007,0.03,0.02,0.060000000000000005,0.04,0.04,0.03,0.2700000000000001,0.03,0.09999999999999999
Edge Type
eSuperPackage,eOperation,eUpperBound,eTypeParameter,eSubpackages,eType,eSuperTypes,eParameters,eOpposite,eKeys,eTypeArguments,eModelElement,eAnnotations,ePackage,eLowerBound,eLiterals,details,eStructuralFeatures,eClassifier,eClassifiers,eTypeParameters,eContainingClass,eBounds,eEnum,eOperations,eExceptions
0.01092896174863388,0.01092896174863388,0.00546448087431694,0.0,0.01092896174863388,0.00546448087431694,0.0,0.01092896174863388,0.0,0.0,0.0,0.0,0.0,0.1092896174863388,0.00546448087431694,0.02185792349726776,0.0,0.2786885245901639,0.0,0.1092896174863388,0.0546448087431694,0.3005464480874317,0.02185792349726776,0.02185792349726776,0.02185792349726776,0.0
violations,0
