Meta Mode,ecore
Number of Edge types,26
Number Of Nodes,100
State Id,32_1
OutDegreeValue,0,1,2,3,4,5,9,10,11,13
OutDegreeCount,15,60,11,4,1,3,2,2,1,1
NAValue,1,2,3,4,5,6,7
NACount,15,63,8,3,7,2,2
MPCValue,0.00000,0.39000,0.46222,0.52000,0.65520,0.68640,0.69333,0.74469,0.74880,0.75111,0.75400,0.76960,0.78000,0.80653,0.83200
MPCCount,15,1,2,60,1,1,8,1,1,2,1,1,3,1,2
Typed Out Degree
EReference eContainingClass,1,1,1,1,1,1,1,1,1,1,1,1,1,1,1,1,1,1,1,1,1,1,1,1,1,1,1,1
EEnum ePackage,1
EClass eTypeParameters,2,1,1,2,1
EGenericType eUpperBound,1,1,1,1
EGenericType eTypeArguments,1,1,1,1
ETypeParameter eBounds,2,1,1,3
EClass ePackage,1,1,1,1,1,1,1,1,1,1,1
EOperation eContainingClass,1,1,1,1,1,1,1,1,1,1
EOperation eParameters,1,1
EAttribute eContainingClass,1,1,1,1,1,1,1,1,1,1,1,1,1,1,1,1,1
EReference eOpposite,1
EPackage eClassifiers,13
EDataType ePackage,1
EGenericType eLowerBound,1,1,1
EAttribute eType,1,1
EClass eOperations,1,1,1,1,1,2,2,1
EParameter eOperation,1,1
EEnum eLiterals,2
EOperation eTypeParameters,1,1
EReference eType,1
EClass eStructuralFeatures,6,1,4,6,2,8,3,6,1,2,6
EEnumLiteral eEnum,1,1
Node Type
EClass,EAttribute,EDataType,EParameter,EGenericType,EEnumLiteral,EOperation,EEnum,EReference,ETypeParameter,EPackage
0.10999999999999999,0.17,0.01,0.02,0.18000000000000002,0.02,0.09999999999999999,0.01,0.2800000000000001,0.09,0.01
Edge Type
eSuperPackage,eOperation,eUpperBound,eTypeParameter,eSubpackages,eType,eSuperTypes,eParameters,eOpposite,eKeys,eTypeArguments,eModelElement,eAnnotations,ePackage,eLowerBound,eLiterals,details,eStructuralFeatures,eClassifier,eClassifiers,eTypeParameters,eContainingClass,eBounds,eEnum,eOperations,eExceptions
0.0,0.011428571428571429,0.022857142857142857,0.0,0.0,0.017142857142857144,0.0,0.011428571428571429,0.005714285714285714,0.0,0.022857142857142857,0.0,0.0,0.07428571428571429,0.017142857142857144,0.011428571428571429,0.0,0.2571428571428571,0.0,0.07428571428571429,0.05142857142857143,0.3142857142857143,0.04,0.011428571428571429,0.05714285714285714,0.0
violations,1
