Meta Mode,ecore
Number of Edge types,26
Number Of Nodes,100
State Id,33_1
OutDegreeValue,0,1,2,3,4,5,6,7,8,11,16
OutDegreeCount,17,55,12,5,1,1,2,3,1,2,1
NAValue,1,2,3,4,5,6
NACount,17,52,14,5,8,4
MPCValue,0.00000,0.46222,0.52000,0.58094,0.64735,0.65000,0.66444,0.68862,0.69333,0.74880,0.75111,0.75400,0.77037,0.77653,0.78769,0.79040,0.80653,0.83200
MPCCount,17,1,51,1,1,1,1,1,14,1,1,1,1,1,1,1,1,4
Typed Out Degree
EClass eTypeParameters,1,1,1,1,2,1,2,2,1
EPackage eSuperPackage,1
EGenericType eTypeArguments,1,1
EReference eKeys,1,1,1,1
EOperation eContainingClass,1,1,1,1,1,1,1
EAttribute eContainingClass,1,1,1,1,1,1,1,1,1,1,1,1,1,1,1,1,1,1,1,1,1,1
EReference eOpposite,1,1,1
EPackage eClassifiers,15
EDataType ePackage,1
EAttribute eType,1
EEnum eLiterals,3
EOperation eTypeParameters,1,1,1
EClass eStructuralFeatures,6,8,2,5,2,3,1,5,6,6,1
EEnumLiteral eEnum,1,1,1
EReference eContainingClass,1,1,1,1,1,1,1,1,1,1,1,1,1,1,1,1,1,1,1,1,1,1,1
EEnum ePackage,1,1
EEnum eTypeParameters,1
ETypeParameter eBounds,1,2,1,1
EClass ePackage,1,1,1,1,1,1,1,1,1,1,1,1
EOperation eParameters,2,1
EPackage eSubpackages,1
EGenericType eLowerBound,1,1
EClass eOperations,1,1,3,2
EParameter eOperation,1,1,1
EReference eType,1
Node Type
EAttribute,EClass,EDataType,EParameter,EGenericType,EOperation,EEnumLiteral,EEnum,EReference,EPackage,ETypeParameter
0.22000000000000006,0.11999999999999998,0.01,0.03,0.09,0.07,0.03,0.02,0.23000000000000007,0.02,0.16
Edge Type
eSuperPackage,eOperation,eUpperBound,eTypeParameter,eSubpackages,eType,eSuperTypes,eParameters,eOpposite,eKeys,eTypeArguments,eModelElement,eAnnotations,ePackage,eLowerBound,eLiterals,details,eStructuralFeatures,eClassifier,eClassifiers,eTypeParameters,eContainingClass,eBounds,eEnum,eOperations,eExceptions
0.005494505494505495,0.016483516483516484,0.0,0.0,0.005494505494505495,0.01098901098901099,0.0,0.016483516483516484,0.016483516483516484,0.02197802197802198,0.01098901098901099,0.0,0.0,0.08241758241758242,0.01098901098901099,0.016483516483516484,0.0,0.24725274725274726,0.0,0.08241758241758242,0.08791208791208792,0.2857142857142857,0.027472527472527472,0.016483516483516484,0.038461538461538464,0.0
violations,2
