Meta Mode,ecore
Number of Edge types,26
Number Of Nodes,100
State Id,34_1
OutDegreeValue,0,1,2,3,4,5,6,7,8,9,12,14
OutDegreeCount,13,60,11,3,2,1,2,2,3,1,1,1
NAValue,1,2,3,4,5,6,7
NACount,13,58,10,9,7,1,2
MPCValue,0.00000,0.46222,0.52000,0.58898,0.66444,0.66765,0.68250,0.68640,0.69333,0.71385,0.71500,0.75111,0.77187,0.78000,0.80653,0.80889,0.81596,0.83200
MPCCount,13,1,57,1,1,1,1,1,11,2,1,2,1,3,1,1,1,1
Typed Out Degree
EClass eTypeParameters,1,4,2,1
EPackage eSuperPackage,1
EReference eKeys,1,1
EOperation eContainingClass,1,1,1,1,1
EAttribute eContainingClass,1,1,1,1,1,1,1,1,1,1,1,1,1,1,1,1,1,1,1,1,1
EReference eOpposite,1
EPackage eClassifiers,4,13
EDataType ePackage,1
EAttribute eType,1
EEnum eLiterals,2,5
EOperation eTypeParameters,1
EClass eStructuralFeatures,5,1,6,5,2,6,3,5,7,2,6,3
EEnumLiteral eEnum,1,1,1,1,1,1,1
EReference eContainingClass,1,1,1,1,1,1,1,1,1,1,1,1,1,1,1,1,1,1,1,1,1,1,1,1,1,1,1,1,1,1
EEnum ePackage,1,1
EGenericType eUpperBound,1
EEnum eTypeParameters,1,1
EClass eSuperTypes,1
ETypeParameter eBounds,2,1
EClass ePackage,1,1,1,1,1,1,1,1,1,1,1,1,1,1
EOperation eParameters,1,1
EPackage eSubpackages,1
EGenericType eLowerBound,1
EClass eOperations,1,1,1,1,1
EParameter eOperation,1,1
EReference eType,1,1
Node Type
EAttribute,EClass,EDataType,EParameter,EGenericType,EEnumLiteral,EOperation,EEnum,EReference,ETypeParameter,EPackage
0.21000000000000005,0.13999999999999999,0.01,0.02,0.05,0.07,0.05,0.02,0.3000000000000001,0.10999999999999999,0.02
Edge Type
eSuperPackage,eOperation,eUpperBound,eTypeParameter,eSubpackages,eType,eSuperTypes,eParameters,eOpposite,eKeys,eTypeArguments,eModelElement,eAnnotations,ePackage,eLowerBound,eLiterals,details,eStructuralFeatures,eClassifier,eClassifiers,eTypeParameters,eContainingClass,eBounds,eEnum,eOperations,eExceptions
0.005291005291005291,0.010582010582010581,0.005291005291005291,0.0,0.005291005291005291,0.015873015873015872,0.005291005291005291,0.010582010582010581,0.005291005291005291,0.010582010582010581,0.0,0.0,0.0,0.08994708994708994,0.005291005291005291,0.037037037037037035,0.0,0.2698412698412698,0.0,0.08994708994708994,0.0582010582010582,0.2962962962962963,0.015873015873015872,0.037037037037037035,0.026455026455026454,0.0
violations,2
