Meta Mode,ecore
Number of Edge types,26
Number Of Nodes,100
State Id,35_1
OutDegreeValue,0,1,2,3,4,5,6,7,9,11,12,13
OutDegreeCount,13,62,12,2,2,1,1,2,1,1,1,2
NAValue,1,2,3,4,5
NACount,13,62,12,5,8
MPCValue,0.00000,0.46222,0.52000,0.62769,0.64091,0.64735,0.65000,0.66806,0.69333,0.71385,0.71500,0.72543,0.75111,0.76408,0.78000,0.80653
MPCCount,13,3,59,1,1,1,1,1,11,2,1,1,1,1,2,1
Typed Out Degree
EReference eContainingClass,1,1,1,1,1,1,1,1,1,1,1,1,1,1,1,1,1,1,1,1,1,1,1,1,1,1,1,1,1
EEnum ePackage,1
EClass eTypeParameters,1,2,3
EGenericType eUpperBound,1,1,1
EEnum eTypeParameters,1
EGenericType eTypeArguments,1,1,1,1,1
ETypeParameter eBounds,1,2,1
EReference eKeys,1,1,1,1
EClass ePackage,1,1,1,1,1,1,1,1,1,1
EOperation eContainingClass,1,1,1,1,1
EOperation eParameters,2,2
EAttribute eContainingClass,1,1,1,1,1,1,1,1,1,1,1,1,1,1,1,1,1,1,1,1,1,1
EReference eOpposite,1
EPackage eClassifiers,12
EDataType ePackage,1
EGenericType eLowerBound,1,1
EClass eOperations,1,4
EParameter eOperation,1,1,1,1
EEnum eLiterals,5
EOperation eTypeParameters,1
EReference eType,1
EClass eStructuralFeatures,11,3,5,6,1,10,4,10,1
EGenericType eClassifier,1
EEnumLiteral eEnum,1,1,1,1,1
Node Type
EAttribute,EClass,EDataType,EParameter,EGenericType,EEnumLiteral,EOperation,EEnum,EReference,ETypeParameter,EPackage
0.22000000000000006,0.09999999999999999,0.01,0.04,0.13999999999999999,0.05,0.05,0.01,0.2900000000000001,0.08,0.01
Edge Type
eSuperPackage,eOperation,eUpperBound,eTypeParameter,eSubpackages,eType,eSuperTypes,eParameters,eOpposite,eKeys,eTypeArguments,eModelElement,eAnnotations,ePackage,eLowerBound,eLiterals,details,eStructuralFeatures,eClassifier,eClassifiers,eTypeParameters,eContainingClass,eBounds,eEnum,eOperations,eExceptions
0.0,0.02185792349726776,0.01639344262295082,0.0,0.0,0.00546448087431694,0.0,0.02185792349726776,0.00546448087431694,0.02185792349726776,0.0273224043715847,0.0,0.0,0.06557377049180328,0.01092896174863388,0.0273224043715847,0.0,0.2786885245901639,0.00546448087431694,0.06557377049180328,0.04371584699453552,0.30601092896174864,0.02185792349726776,0.0273224043715847,0.0273224043715847,0.0
violations,1
