Meta Mode,ecore
Number of Edge types,26
Number Of Nodes,100
State Id,36_1
OutDegreeValue,0,1,2,4,5,6,7,8,11,14
OutDegreeCount,9,65,12,4,2,1,3,1,1,2
NAValue,1,2,3,4,5,6
NACount,9,64,11,8,3,5
MPCValue,0.00000,0.46222,0.52000,0.63375,0.64091,0.64735,0.68640,0.69333,0.71500,0.72472,0.73917,0.73956,0.78000,0.81250,0.82173,0.84500,0.86667
MPCCount,9,1,63,1,1,2,1,11,1,1,1,1,3,1,1,1,1
Typed Out Degree
EReference eContainingClass,1,1,1,1,1,1,1,1,1,1,1,1,1,1,1,1,1,1,1,1,1,1,1,1,1,1,1,1,1
EEnum ePackage,1
EClass eTypeParameters,1,1,1,2
EGenericType eTypeArguments,1,1
ETypeParameter eBounds,1,1,1,2
EClass ePackage,1,1,1,1,1,1,1,1,1,1,1,1
EOperation eContainingClass,1,1,1,1,1,1,1
EOperation eParameters,1,1,1
EAttribute eContainingClass,1,1,1,1,1,1,1,1,1,1,1,1,1,1,1,1,1,1,1,1,1,1,1,1
EReference eOpposite,1,1,1
EPackage eClassifiers,14
EDataType ePackage,1
EGenericType eLowerBound,1
EAttribute eType,1,1
EClass eOperations,1,5,1
EOperation eExceptions,1
EParameter eOperation,1,1,1
EEnum eLiterals,6
EOperation eTypeParameters,1,1,1
EReference eType,1
EClass eStructuralFeatures,2,3,2,4,7,7,2,4,10,1,5,6
EEnumLiteral eEnum,1,1,1,1,1,1
Node Type
EAttribute,EClass,EDataType,EParameter,EGenericType,EOperation,EEnumLiteral,EEnum,EReference,ETypeParameter,EPackage
0.24000000000000007,0.11999999999999998,0.01,0.03,0.08,0.07,0.060000000000000005,0.01,0.2900000000000001,0.08,0.01
Edge Type
eSuperPackage,eOperation,eUpperBound,eTypeParameter,eSubpackages,eType,eSuperTypes,eParameters,eOpposite,eKeys,eTypeArguments,eModelElement,eAnnotations,ePackage,eLowerBound,eLiterals,details,eStructuralFeatures,eClassifier,eClassifiers,eTypeParameters,eContainingClass,eBounds,eEnum,eOperations,eExceptions
0.0,0.015873015873015872,0.0,0.0,0.0,0.015873015873015872,0.0,0.015873015873015872,0.015873015873015872,0.0,0.010582010582010581,0.0,0.0,0.07407407407407407,0.005291005291005291,0.031746031746031744,0.0,0.2804232804232804,0.0,0.07407407407407407,0.042328042328042326,0.31746031746031744,0.026455026455026454,0.031746031746031744,0.037037037037037035,0.005291005291005291
violations,3
