Meta Mode,ecore
Number of Edge types,26
Number Of Nodes,100
State Id,37_1
OutDegreeValue,0,1,2,3,4,5,6,8,9,11,13
OutDegreeCount,11,61,14,3,1,2,1,2,1,2,2
NAValue,1,2,3,4,5,6,7
NACount,11,59,13,7,4,5,1
MPCValue,0.00000,0.46222,0.52000,0.59385,0.65000,0.66444,0.66560,0.66765,0.67629,0.69333,0.71972,0.74347,0.75111,0.76729,0.78000,0.80653,0.81120,0.81250
MPCCount,11,1,58,1,1,1,1,1,1,12,1,1,1,1,4,2,1,1
Typed Out Degree
EClass eTypeParameters,1,1
EPackage eSuperPackage,1
EReference eKeys,1,1,1
EDataType eTypeParameters,1
EOperation eContainingClass,1,1,1,1,1,1,1,1,1
EAttribute eContainingClass,1,1,1,1,1,1,1,1,1,1,1,1,1,1,1,1,1,1,1,1,1,1,1,1
EReference eOpposite,1
EPackage eClassifiers,12
EDataType ePackage,1
EAttribute eType,1
EEnum eLiterals,2,3
EOperation eTypeParameters,1,1,1,2
EClass eStructuralFeatures,6,9,10,7,4,2,7,5
EEnumLiteral eEnum,1,1,1,1,1
EReference eContainingClass,1,1,1,1,1,1,1,1,1,1,1,1,1,1,1,1,1,1,1,1,1,1,1,1,1,1
EEnum ePackage,1,1
EEnum eTypeParameters,1,1
EClass eSuperTypes,1
ETypeParameter eBounds,1,2,1,1,1
EClass ePackage,1,1,1,1,1,1,1,1,1
EOperation eParameters,2,2,1,1
EPackage eSubpackages,1
EClass eOperations,1,1,1,1,2,2,1
EParameter eOperation,1,1,1,1,1,1
EReference eType,1,1
EOperation eType,1
Node Type
EAttribute,EClass,EDataType,EParameter,EGenericType,EEnumLiteral,EOperation,EEnum,EReference,ETypeParameter,EPackage
0.24000000000000007,0.09,0.01,0.060000000000000005,0.060000000000000005,0.05,0.09,0.02,0.26000000000000006,0.09999999999999999,0.02
Edge Type
eSuperPackage,eOperation,eUpperBound,eTypeParameter,eSubpackages,eType,eSuperTypes,eParameters,eOpposite,eKeys,eTypeArguments,eModelElement,eAnnotations,ePackage,eLowerBound,eLiterals,details,eStructuralFeatures,eClassifier,eClassifiers,eTypeParameters,eContainingClass,eBounds,eEnum,eOperations,eExceptions
0.005235602094240838,0.031413612565445025,0.0,0.0,0.005235602094240838,0.020942408376963352,0.005235602094240838,0.031413612565445025,0.005235602094240838,0.015706806282722512,0.0,0.0,0.0,0.06282722513089005,0.0,0.02617801047120419,0.0,0.2617801047120419,0.0,0.06282722513089005,0.05235602094240838,0.3089005235602094,0.031413612565445025,0.02617801047120419,0.04712041884816754,0.0
violations,1
