Meta Mode,ecore
Number of Edge types,26
Number Of Nodes,100
State Id,38_1
OutDegreeValue,0,1,2,3,4,5,6,7,8,9,10,12
OutDegreeCount,11,60,12,3,1,5,1,2,1,1,2,1
NAValue,1,2,3,4,5,6
NACount,11,56,11,14,4,4
MPCValue,0.00000,0.52000,0.61360,0.63375,0.64735,0.66444,0.68640,0.69333,0.69975,0.70294,0.75111,0.76556,0.76960,0.77037,0.78000,0.84500,0.86667
MPCCount,11,56,1,1,1,1,2,11,1,1,1,1,1,1,8,1,1
Typed Out Degree
EReference eContainingClass,1,1,1,1,1,1,1,1,1,1,1,1,1,1,1,1,1,1,1,1,1,1,1,1,1,1,1,1,1,1
EEnum ePackage,1,1
EClass eTypeParameters,1,1,1,1,2,2
EGenericType eUpperBound,1
EPackage eSuperPackage,1,1,1
ETypeParameter eBounds,1,1
EReference eKeys,1,1
EClass ePackage,1,1,1,1,1,1,1,1,1,1,1,1,1,1
EDataType eTypeParameters,1
EOperation eContainingClass,1,1,1,1,1
EOperation eParameters,1,1
EAttribute eContainingClass,1,1,1,1,1,1,1,1,1,1,1,1,1,1,1,1,1,1,1,1,1,1
EPackage eSubpackages,1,1,1
EReference eOpposite,1,1,1
EPackage eClassifiers,3,7,10
EDataType ePackage,1,1,1,1
EClass eOperations,1,2,1,1
EParameter eOperation,1,1
EEnum eLiterals,2,1
EOperation eTypeParameters,1,1
EReference eType,1
EClass eStructuralFeatures,4,7,4,6,3,4,6,1,1,9,2,4,1
EEnumLiteral eEnum,1,1,1
EOperation eType,1
Node Type
EAttribute,EClass,EDataType,EParameter,EGenericType,EOperation,EEnumLiteral,EEnum,EReference,ETypeParameter,EPackage
0.22000000000000006,0.13999999999999999,0.04,0.02,0.03,0.05,0.03,0.02,0.3000000000000001,0.10999999999999999,0.04
Edge Type
eSuperPackage,eOperation,eUpperBound,eTypeParameter,eSubpackages,eType,eSuperTypes,eParameters,eOpposite,eKeys,eTypeArguments,eModelElement,eAnnotations,ePackage,eLowerBound,eLiterals,details,eStructuralFeatures,eClassifier,eClassifiers,eTypeParameters,eContainingClass,eBounds,eEnum,eOperations,eExceptions
0.015706806282722512,0.010471204188481676,0.005235602094240838,0.0,0.015706806282722512,0.010471204188481676,0.0,0.010471204188481676,0.015706806282722512,0.010471204188481676,0.0,0.0,0.0,0.10471204188481675,0.0,0.015706806282722512,0.0,0.27225130890052357,0.0,0.10471204188481675,0.05759162303664921,0.29842931937172773,0.010471204188481676,0.015706806282722512,0.02617801047120419,0.0
violations,3
