Meta Mode,ecore
Number of Edge types,26
Number Of Nodes,100
State Id,39_1
OutDegreeValue,0,1,2,3,4,5,6,7,8,10,14,17
OutDegreeCount,13,60,10,4,3,3,1,2,1,1,1,1
NAValue,1,2,3,4,5,6
NACount,12,61,7,8,6,6
MPCValue,0.00000,0.46222,0.52000,0.57758,0.69333,0.70306,0.71500,0.73125,0.73917,0.75111,0.77037,0.78000,0.79074,0.80000,0.80427,0.80889,0.82333,0.83200
MPCCount,12,1,60,1,7,1,2,1,1,1,2,4,1,1,1,1,1,2
Typed Out Degree
EReference eContainingClass,1,1,1,1,1,1,1,1,1,1,1,1,1,1,1,1,1,1,1,1,1,1,1,1,1,1
EGenericType eTypeParameter,1
EEnum ePackage,1,1
EClass eTypeParameters,1,2,2,4,1,1
EGenericType eUpperBound,1,1
EPackage eSuperPackage,1,1,1
EClass eSuperTypes,1,1
EGenericType eTypeArguments,1
ETypeParameter eBounds,1,1,1
EClass ePackage,1,1,1,1,1,1,1,1,1,1,1,1,1,1,1,1,1,1,1
EOperation eContainingClass,1,1,1,1,1,1
EOperation eParameters,1
EAttribute eContainingClass,1,1,1,1,1,1,1,1,1,1,1,1,1,1,1,1,1,1,1,1,1,1,1
EPackage eSubpackages,1,2
EPackage eClassifiers,3,16,3
EDataType ePackage,1
EAttribute eType,1,1,1
EClass eOperations,2,1,2,1
EParameter eOperation,1
EOperation eTypeParameters,1
EReference eType,1
EClass eStructuralFeatures,1,6,2,10,3,4,1,1,4,2,4,3,1,3,1,3
EOperation eType,1
Node Type
EClass,EAttribute,EDataType,EParameter,EGenericType,EOperation,EEnum,EReference,ETypeParameter,EPackage
0.19000000000000003,0.23000000000000007,0.01,0.01,0.060000000000000005,0.060000000000000005,0.02,0.26000000000000006,0.11999999999999998,0.04
Edge Type
eSuperPackage,eOperation,eUpperBound,eTypeParameter,eSubpackages,eType,eSuperTypes,eParameters,eOpposite,eKeys,eTypeArguments,eModelElement,eAnnotations,ePackage,eLowerBound,eLiterals,details,eStructuralFeatures,eClassifier,eClassifiers,eTypeParameters,eContainingClass,eBounds,eEnum,eOperations,eExceptions
0.015957446808510637,0.005319148936170213,0.010638297872340425,0.005319148936170213,0.015957446808510637,0.026595744680851064,0.010638297872340425,0.005319148936170213,0.0,0.0,0.005319148936170213,0.0,0.0,0.11702127659574468,0.0,0.0,0.0,0.26063829787234044,0.0,0.11702127659574468,0.06382978723404255,0.2925531914893617,0.015957446808510637,0.0,0.031914893617021274,0.0
violations,1
