Meta Mode,ecore
Number of Edge types,26
Number Of Nodes,100
State Id,3_1
OutDegreeValue,0,1,2,3,4,6,7,9,10,11,14
OutDegreeCount,14,63,6,6,2,2,2,1,1,2,1
NAValue,1,2,3,4,5,6,7
NACount,14,62,10,5,4,4,1
MPCValue,0.00000,0.39000,0.52000,0.62272,0.64463,0.65000,0.68477,0.69333,0.71500,0.72222,0.75111,0.76066,0.76308,0.78000,0.79074,0.83200
MPCCount,14,1,61,1,1,1,1,9,2,1,1,1,1,2,1,2
Typed Out Degree
EReference eContainingClass,1,1,1,1,1,1,1,1,1,1,1,1,1,1,1,1,1,1,1,1,1,1,1,1,1,1,1,1
EEnum ePackage,1
EClass eTypeParameters,1,1,1,1
EGenericType eUpperBound,1,1,1,1
EClass eSuperTypes,1,1
EGenericType eTypeArguments,1
ETypeParameter eBounds,3,1,1
EReference eKeys,1,1
EClass ePackage,1,1,1,1,1,1,1,1,1
EDataType eTypeParameters,1
EOperation eContainingClass,1,1,1,1,1,1,1
EOperation eParameters,1,1,2
EAttribute eContainingClass,1,1,1,1,1,1,1,1,1,1,1,1,1,1,1,1,1,1,1,1,1,1,1,1
EReference eOpposite,1
EPackage eClassifiers,11
EDataType ePackage,1
EGenericType eLowerBound,1,1,1
EClass eOperations,1,1,1,3,1
EParameter eOperation,1,1,1,1
EEnum eLiterals,3
EOperation eTypeParameters,2,1,1
EClass eStructuralFeatures,4,4,11,9,4,6,3,8,3
EEnumLiteral eEnum,1,1,1
EOperation eType,1
Node Type
EAttribute,EClass,EDataType,EParameter,EGenericType,EOperation,EEnumLiteral,EEnum,EReference,ETypeParameter,EPackage
0.24000000000000007,0.09,0.01,0.04,0.12999999999999998,0.07,0.03,0.01,0.2800000000000001,0.09,0.01
Edge Type
eSuperPackage,eOperation,eUpperBound,eTypeParameter,eSubpackages,eType,eSuperTypes,eParameters,eOpposite,eKeys,eTypeArguments,eModelElement,eAnnotations,ePackage,eLowerBound,eLiterals,details,eStructuralFeatures,eClassifier,eClassifiers,eTypeParameters,eContainingClass,eBounds,eEnum,eOperations,eExceptions
0.0,0.02197802197802198,0.02197802197802198,0.0,0.0,0.005494505494505495,0.01098901098901099,0.02197802197802198,0.005494505494505495,0.01098901098901099,0.005494505494505495,0.0,0.0,0.06043956043956044,0.016483516483516484,0.016483516483516484,0.0,0.2857142857142857,0.0,0.06043956043956044,0.04945054945054945,0.3241758241758242,0.027472527472527472,0.016483516483516484,0.038461538461538464,0.0
violations,2
