Meta Mode,ecore
Number of Edge types,26
Number Of Nodes,100
State Id,40_1
OutDegreeValue,0,1,2,3,4,5,6,7,10,11,13,18
OutDegreeCount,14,56,14,6,1,1,3,1,1,1,1,1
NAValue,1,2,3,4,5,6,7
NACount,15,52,17,4,8,2,2
MPCValue,0.00000,0.52000,0.64463,0.65000,0.65538,0.66444,0.69333,0.71385,0.73917,0.75111,0.77037,0.77208,0.78000,0.80889,0.83200,0.83778,0.84741,0.86667
MPCCount,15,52,1,2,1,1,15,1,1,1,1,1,2,1,2,1,1,1
Typed Out Degree
EReference eContainingClass,1,1,1,1,1,1,1,1,1,1,1,1,1,1,1,1,1,1,1,1,1,1,1,1,1,1,1,1,1,1
EEnum ePackage,1,1
EClass eTypeParameters,1,1,2,1,2,1,1
EClass eSuperTypes,1
EGenericType eTypeArguments,1,1
ETypeParameter eBounds,1,1,1
EReference eKeys,1,1,1
EClass ePackage,1,1,1,1,1,1,1,1,1,1,1,1,1,1,1
EDataType eTypeParameters,2
EOperation eContainingClass,1,1,1,1,1,1,1,1
EOperation eParameters,4
EAttribute eContainingClass,1,1,1,1,1,1,1,1,1,1,1,1,1,1,1,1,1,1
EReference eOpposite,1
EPackage eClassifiers,18
EDataType ePackage,1
EGenericType eLowerBound,1,1
EAttribute eType,1,1
EClass eOperations,1,1,1,1,2,2
EParameter eOperation,1,1,1,1
EEnum eLiterals,1
EOperation eTypeParameters,1,1
EReference eType,1,1,1
EClass eStructuralFeatures,9,3,1,2,2,1,5,1,6,10,1,5,2
EEnumLiteral eEnum,1
Node Type
EClass,EAttribute,EDataType,EParameter,EGenericType,EOperation,EEnumLiteral,EEnum,EReference,ETypeParameter,EPackage
0.15,0.18000000000000002,0.01,0.04,0.07,0.08,0.01,0.02,0.3000000000000001,0.12999999999999998,0.01
Edge Type
eSuperPackage,eOperation,eUpperBound,eTypeParameter,eSubpackages,eType,eSuperTypes,eParameters,eOpposite,eKeys,eTypeArguments,eModelElement,eAnnotations,ePackage,eLowerBound,eLiterals,details,eStructuralFeatures,eClassifier,eClassifiers,eTypeParameters,eContainingClass,eBounds,eEnum,eOperations,eExceptions
0.0,0.02127659574468085,0.0,0.0,0.0,0.026595744680851064,0.005319148936170213,0.02127659574468085,0.005319148936170213,0.015957446808510637,0.010638297872340425,0.0,0.0,0.09574468085106383,0.010638297872340425,0.005319148936170213,0.0,0.2553191489361702,0.0,0.09574468085106383,0.06914893617021277,0.2978723404255319,0.015957446808510637,0.005319148936170213,0.0425531914893617,0.0
violations,1
