Meta Mode,ecore
Number of Edge types,26
Number Of Nodes,100
State Id,41_1
OutDegreeValue,0,1,2,3,4,5,6,8,9,10,15
OutDegreeCount,10,64,8,3,5,2,2,1,3,1,1
NAValue,1,2,3,4,5,6,7
NACount,10,63,4,10,10,2,1
MPCValue,0.00000,0.52000,0.61831,0.62272,0.68250,0.69333,0.69975,0.71500,0.75111,0.76375,0.77037,0.78000,0.80653,0.82173,0.82333,0.83200,0.84500
MPCCount,10,63,1,1,1,4,2,2,3,1,1,3,2,1,1,3,1
Typed Out Degree
EReference eContainingClass,1,1,1,1,1,1,1,1,1,1,1,1,1,1,1,1,1,1,1,1,1,1,1,1,1,1,1,1,1,1
EEnum ePackage,1,1
EClass eTypeParameters,1,1,1,1,4,1,1
EEnum eTypeParameters,1
EPackage eSuperPackage,1,1,1
ETypeParameter eBounds,1
EClass ePackage,1,1,1,1,1,1,1,1,1,1,1,1,1,1,1,1,1,1,1
EOperation eContainingClass,1,1,1,1,1
EOperation eParameters,2,1
EAttribute eContainingClass,1,1,1,1,1,1,1,1,1,1,1,1,1,1,1,1,1,1,1,1,1,1,1
EPackage eSubpackages,2,1
EReference eOpposite,1
EPackage eClassifiers,7,8,7
EDataType ePackage,1
EAttribute eType,1
EClass eOperations,1,1,1,2
EParameter eOperation,1,1,1
EEnum eLiterals,1
EReference eType,1
EClass eStructuralFeatures,2,3,3,2,2,1,1,2,6,2,5,3,3,13,1,3,1
EGenericType eClassifier,1
EEnumLiteral eEnum,1
EOperation eType,1
Node Type
EAttribute,EClass,EDataType,EParameter,EGenericType,EOperation,EEnumLiteral,EEnum,EReference,EPackage,ETypeParameter
0.23000000000000007,0.19000000000000003,0.01,0.03,0.01,0.05,0.01,0.02,0.3000000000000001,0.04,0.10999999999999999
Edge Type
eSuperPackage,eOperation,eUpperBound,eTypeParameter,eSubpackages,eType,eSuperTypes,eParameters,eOpposite,eKeys,eTypeArguments,eModelElement,eAnnotations,ePackage,eLowerBound,eLiterals,details,eStructuralFeatures,eClassifier,eClassifiers,eTypeParameters,eContainingClass,eBounds,eEnum,eOperations,eExceptions
0.015706806282722512,0.015706806282722512,0.0,0.0,0.015706806282722512,0.015706806282722512,0.0,0.015706806282722512,0.005235602094240838,0.0,0.0,0.0,0.0,0.11518324607329843,0.0,0.005235602094240838,0.0,0.2774869109947644,0.005235602094240838,0.11518324607329843,0.05759162303664921,0.3036649214659686,0.005235602094240838,0.005235602094240838,0.02617801047120419,0.0
violations,1
