Meta Mode,ecore
Number of Edge types,26
Number Of Nodes,100
State Id,42_1
OutDegreeValue,0,1,2,4,5,6,7,8,9,10,11,12
OutDegreeCount,11,67,7,3,4,1,1,1,1,2,1,1
NAValue,1,2,3,4,5,6
NACount,12,63,7,7,7,4
MPCValue,0.00000,0.52000,0.60595,0.61360,0.67629,0.69333,0.71385,0.71500,0.71972,0.73917,0.74469,0.77037,0.78000,0.79040,0.79074,0.80653,0.81250
MPCCount,12,63,1,1,1,8,1,2,1,1,1,1,3,1,1,1,1
Typed Out Degree
EReference eContainingClass,1,1,1,1,1,1,1,1,1,1,1,1,1,1,1,1,1,1,1,1,1,1,1,1,1,1,1,1,1,1
EEnum ePackage,1,1
EClass eTypeParameters,1,1,2,2,2,1,1,1
EGenericType eUpperBound,1,1
EPackage eSuperPackage,1
ETypeParameter eBounds,1,1,1
EClass ePackage,1,1,1,1,1,1,1,1,1,1,1,1,1,1
EOperation eContainingClass,1,1,1,1
EOperation eParameters,2
EAttribute eContainingClass,1,1,1,1,1,1,1,1,1,1,1,1,1,1,1,1,1,1,1,1,1,1
EPackage eSubpackages,1
EReference eOpposite,1,1,1
EPackage eClassifiers,9,10
EDataType ePackage,1,1,1
EGenericType eLowerBound,1
EClass eOperations,1,1,1,1
EOperation eExceptions,1
EParameter eOperation,1,1
EEnum eLiterals,3,1
EReference eType,1
EClass eStructuralFeatures,1,6,3,3,3,3,2,6,6,5,9,4,1
EEnumLiteral eEnum,1,1,1,1
Node Type
EAttribute,EClass,EDataType,EParameter,EGenericType,EOperation,EEnumLiteral,EEnum,EReference,ETypeParameter,EPackage
0.22000000000000006,0.13999999999999999,0.03,0.02,0.060000000000000005,0.04,0.04,0.02,0.3000000000000001,0.10999999999999999,0.02
Edge Type
eSuperPackage,eOperation,eUpperBound,eTypeParameter,eSubpackages,eType,eSuperTypes,eParameters,eOpposite,eKeys,eTypeArguments,eModelElement,eAnnotations,ePackage,eLowerBound,eLiterals,details,eStructuralFeatures,eClassifier,eClassifiers,eTypeParameters,eContainingClass,eBounds,eEnum,eOperations,eExceptions
0.005376344086021506,0.010752688172043012,0.010752688172043012,0.0,0.005376344086021506,0.005376344086021506,0.0,0.010752688172043012,0.016129032258064516,0.0,0.0,0.0,0.0,0.10215053763440861,0.005376344086021506,0.021505376344086023,0.0,0.27956989247311825,0.0,0.10215053763440861,0.05913978494623656,0.3010752688172043,0.016129032258064516,0.021505376344086023,0.021505376344086023,0.005376344086021506
violations,3
