Meta Mode,ecore
Number of Edge types,26
Number Of Nodes,100
State Id,43_1
OutDegreeValue,0,1,2,3,4,7,8,11,12
OutDegreeCount,18,64,7,2,1,1,2,1,4
NAValue,1,2,3,5,6,7
NACount,21,64,6,5,3,1
MPCValue,0.00000,0.39000,0.46222,0.52000,0.68250,0.69160,0.69333,0.71339,0.72163,0.73224,0.73917,0.77679,0.80653,0.83200
MPCCount,21,1,1,62,1,1,6,1,1,1,1,1,1,1
Typed Out Degree
EReference eContainingClass,1,1,1,1,1,1,1,1,1,1,1,1,1,1,1,1,1,1,1,1,1,1,1
EEnum ePackage,1,1
EClass eTypeParameters,2,2,2,2
EGenericType eUpperBound,1,1,1,1
EEnum eTypeParameters,1
EClass eSuperTypes,1
EGenericType eTypeArguments,1,1,1,1,1
ETypeParameter eBounds,1,1,3,1
EClass ePackage,1,1,1,1,1,1,1
EOperation eContainingClass,1,1,1,1,1,1,1,1
EOperation eParameters,1
EAttribute eContainingClass,1,1,1,1,1,1,1,1,1,1,1,1,1,1,1,1,1,1,1,1,1,1,1
EPackage eClassifiers,12
EDataType ePackage,1,1,1
EGenericType eLowerBound,1,1,1
EClass eOperations,2,1,2,2,1
EParameter eOperation,1
EEnum eLiterals,2
EOperation eTypeParameters,1,1,1
EClass eStructuralFeatures,8,8,5,8,7,4,6
EEnumLiteral eEnum,1,1
EOperation eType,1
Node Type
EClass,EAttribute,EDataType,EParameter,EGenericType,EOperation,EEnumLiteral,EEnum,EReference,ETypeParameter,EPackage
0.07,0.23000000000000007,0.03,0.01,0.18000000000000002,0.08,0.02,0.02,0.23000000000000007,0.11999999999999998,0.01
Edge Type
eSuperPackage,eOperation,eUpperBound,eTypeParameter,eSubpackages,eType,eSuperTypes,eParameters,eOpposite,eKeys,eTypeArguments,eModelElement,eAnnotations,ePackage,eLowerBound,eLiterals,details,eStructuralFeatures,eClassifier,eClassifiers,eTypeParameters,eContainingClass,eBounds,eEnum,eOperations,eExceptions
0.0,0.0058823529411764705,0.023529411764705882,0.0,0.0,0.0058823529411764705,0.0058823529411764705,0.0058823529411764705,0.0,0.0,0.029411764705882353,0.0,0.0,0.07058823529411765,0.01764705882352941,0.011764705882352941,0.0,0.27058823529411763,0.0,0.07058823529411765,0.07058823529411765,0.3176470588235294,0.03529411764705882,0.011764705882352941,0.047058823529411764,0.0
violations,0
