Meta Mode,ecore
Number of Edge types,26
Number Of Nodes,100
State Id,44_1
OutDegreeValue,0,1,2,3,4,5,6,9,11,13,20
OutDegreeCount,17,58,14,2,1,1,3,1,1,1,1
NAValue,1,2,3,4,5,6
NACount,17,58,13,6,4,2
MPCValue,0.00000,0.33280,0.46222,0.52000,0.62272,0.63180,0.65000,0.66444,0.68640,0.68862,0.69222,0.69333,0.73917,0.75111,0.78000,0.79605,0.83200
MPCCount,17,1,3,54,1,1,1,1,1,1,1,12,1,1,2,1,1
Typed Out Degree
EReference eContainingClass,1,1,1,1,1,1,1,1,1,1,1,1,1,1,1,1,1,1,1,1,1
EEnum ePackage,1,1
EClass eTypeParameters,1,1,1
EGenericType eUpperBound,1,1,1,1,1,1
EPackage eSuperPackage,1
EGenericType eTypeArguments,1,1,1,1,1,1
ETypeParameter eBounds,4,1,1
EReference eKeys,1,1,1
EClass ePackage,1,1,1,1,1,1
EOperation eContainingClass,1,1,1,1,1,1
EOperation eParameters,1,1,1,2
EAttribute eContainingClass,1,1,1,1,1,1,1,1,1,1,1,1,1,1,1,1,1,1,1,1,1
EPackage eSubpackages,1
EReference eOpposite,1,1
EPackage eClassifiers,8,2
EDataType ePackage,1,1
EGenericType eLowerBound,1,1,1,1,1,1
EClass eOperations,3,2,1
EParameter eOperation,1,1,1,1,1
EEnum eLiterals,4
EOperation eTypeParameters,1,3
EClass eStructuralFeatures,16,5,9,8,4
EEnumLiteral eEnum,1,1,1,1
Node Type
EAttribute,EClass,EDataType,EParameter,EGenericType,EOperation,EEnumLiteral,EEnum,EReference,ETypeParameter,EPackage
0.21000000000000005,0.060000000000000005,0.02,0.05,0.24000000000000007,0.060000000000000005,0.04,0.02,0.21000000000000005,0.07,0.02
Edge Type
eSuperPackage,eOperation,eUpperBound,eTypeParameter,eSubpackages,eType,eSuperTypes,eParameters,eOpposite,eKeys,eTypeArguments,eModelElement,eAnnotations,ePackage,eLowerBound,eLiterals,details,eStructuralFeatures,eClassifier,eClassifiers,eTypeParameters,eContainingClass,eBounds,eEnum,eOperations,eExceptions
0.005813953488372093,0.029069767441860465,0.03488372093023256,0.0,0.005813953488372093,0.0,0.0,0.029069767441860465,0.011627906976744186,0.01744186046511628,0.03488372093023256,0.0,0.0,0.05813953488372093,0.03488372093023256,0.023255813953488372,0.0,0.2441860465116279,0.0,0.05813953488372093,0.040697674418604654,0.27906976744186046,0.03488372093023256,0.023255813953488372,0.03488372093023256,0.0
violations,2
