Meta Mode,ecore
Number of Edge types,26
Number Of Nodes,100
State Id,45_1
OutDegreeValue,0,1,2,3,4,5,6,7,8,9,13,14
OutDegreeCount,17,56,10,3,5,2,1,1,2,1,1,1
NAValue,1,2,3,4,5,6
NACount,18,52,12,7,4,7
MPCValue,0.00000,0.52000,0.58240,0.59385,0.65265,0.68640,0.69333,0.70041,0.74286,0.74880,0.75111,0.75571,0.76729,0.78000,0.80653,0.82173,0.82512,0.84500
MPCCount,18,52,1,1,1,1,11,1,1,1,2,1,1,2,2,1,1,2
Typed Out Degree
EClass eTypeParameters,1,1,1,2,1,2
EPackage eSuperPackage,1
EGenericType eTypeArguments,1,1,2,2,1
EReference eKeys,1,1
EOperation eContainingClass,1,1,1,1
EAttribute eContainingClass,1,1,1,1,1,1,1,1,1,1,1,1,1,1,1,1,1,1,1
EReference eOpposite,1,1
EPackage eClassifiers,2,12
EDataType ePackage,1
EEnum eLiterals,2
EOperation eTypeParameters,1
EClass eStructuralFeatures,12,2,3,4,5,5,4,2,2,2,6
EGenericType eClassifier,1
EEnumLiteral eEnum,1,1
EReference eContainingClass,1,1,1,1,1,1,1,1,1,1,1,1,1,1,1,1,1,1,1,1,1,1,1,1,1,1,1,1
EEnum ePackage,1
EGenericType eUpperBound,1,1,1,1,1
EEnum eTypeParameters,1
EClass eSuperTypes,1,1
ETypeParameter eBounds,1,1
EClass ePackage,1,1,1,1,1,1,1,1,1,1,1,1
EOperation eParameters,1,2
EPackage eSubpackages,1
EGenericType eLowerBound,1,1,1,1
EClass eOperations,1,2,1
EParameter eOperation,1,1,1
EReference eType,1,1
EOperation eType,1
Node Type
EAttribute,EClass,EDataType,EParameter,EGenericType,EOperation,EEnumLiteral,EEnum,EReference,EPackage,ETypeParameter
0.19000000000000003,0.11999999999999998,0.01,0.03,0.18000000000000002,0.04,0.02,0.01,0.2800000000000001,0.02,0.09999999999999999
Edge Type
eSuperPackage,eOperation,eUpperBound,eTypeParameter,eSubpackages,eType,eSuperTypes,eParameters,eOpposite,eKeys,eTypeArguments,eModelElement,eAnnotations,ePackage,eLowerBound,eLiterals,details,eStructuralFeatures,eClassifier,eClassifiers,eTypeParameters,eContainingClass,eBounds,eEnum,eOperations,eExceptions
0.005555555555555556,0.016666666666666666,0.027777777777777776,0.0,0.005555555555555556,0.016666666666666666,0.011111111111111112,0.016666666666666666,0.011111111111111112,0.011111111111111112,0.03888888888888889,0.0,0.0,0.07777777777777778,0.022222222222222223,0.011111111111111112,0.0,0.2611111111111111,0.005555555555555556,0.07777777777777778,0.05555555555555555,0.2833333333333333,0.011111111111111112,0.011111111111111112,0.022222222222222223,0.0
violations,2
