Meta Mode,ecore
Number of Edge types,26
Number Of Nodes,100
State Id,46_1
OutDegreeValue,0,1,2,3,4,5,6,7,9,11,15,16
OutDegreeCount,16,58,9,2,4,2,3,1,1,2,1,1
NAValue,1,2,3,4,5,6,7
NACount,16,57,11,3,4,5,4
MPCValue,0.00000,0.46222,0.52000,0.65000,0.66664,0.69333,0.70294,0.71385,0.71500,0.73134,0.78000,0.80889,0.81120,0.81250,0.82173,0.83200,0.83692,0.85280,0.85950
MPCCount,16,1,56,2,1,9,1,1,1,1,2,1,2,1,1,1,1,1,1
Typed Out Degree
EReference eContainingClass,1,1,1,1,1,1,1,1,1,1,1,1,1,1,1,1,1,1,1,1,1,1,1,1,1,1,1
EEnum ePackage,1,1
EClass eTypeParameters,1,1,2,1,2,2,1
EEnum eTypeParameters,2
EClass eSuperTypes,1,1,1,1,1,1
ETypeParameter eBounds,2
EReference eKeys,1
EClass ePackage,1,1,1,1,1,1,1,1,1,1,1,1,1
EOperation eContainingClass,1,1,1,1,1,1,1,1
EOperation eParameters,1
EAttribute eContainingClass,1,1,1,1,1,1,1,1,1,1,1,1,1,1,1,1,1,1,1,1,1,1,1,1
EReference eOpposite,1,1,1
EPackage eClassifiers,16
EDataType ePackage,1
EGenericType eLowerBound,1
EAttribute eType,1
EClass eOperations,1,1,1,1,2,1,1
EParameter eOperation,1
EEnum eLiterals,3,2
EOperation eTypeParameters,1,1,1
EReference eType,1
EClass eStructuralFeatures,13,8,5,2,2,3,1,3,5,2,7
EEnumLiteral eEnum,1,1,1,1,1
EOperation eType,1,1,1
Node Type
EAttribute,EClass,EDataType,EParameter,EGenericType,EOperation,EEnumLiteral,EEnum,EReference,ETypeParameter,EPackage
0.24000000000000007,0.12999999999999998,0.01,0.01,0.03,0.08,0.05,0.02,0.2700000000000001,0.15,0.01
Edge Type
eSuperPackage,eOperation,eUpperBound,eTypeParameter,eSubpackages,eType,eSuperTypes,eParameters,eOpposite,eKeys,eTypeArguments,eModelElement,eAnnotations,ePackage,eLowerBound,eLiterals,details,eStructuralFeatures,eClassifier,eClassifiers,eTypeParameters,eContainingClass,eBounds,eEnum,eOperations,eExceptions
0.0,0.005128205128205128,0.0,0.0,0.0,0.02564102564102564,0.03076923076923077,0.005128205128205128,0.015384615384615385,0.005128205128205128,0.0,0.0,0.0,0.08205128205128205,0.005128205128205128,0.02564102564102564,0.0,0.26153846153846155,0.0,0.08205128205128205,0.07692307692307693,0.30256410256410254,0.010256410256410256,0.02564102564102564,0.041025641025641026,0.0
violations,2
