Meta Mode,ecore
Number of Edge types,26
Number Of Nodes,100
State Id,47_1
OutDegreeValue,0,1,2,3,4,5,6,7,8,11,12,15
OutDegreeCount,14,61,10,2,2,1,2,3,2,1,1,1
NAValue,1,2,3,4,5,6
NACount,14,59,10,5,7,5
MPCValue,0.00000,0.46222,0.52000,0.58471,0.66444,0.67901,0.68331,0.69333,0.70041,0.71385,0.76375,0.77037,0.78000,0.79074,0.80000,0.82173,0.83200
MPCCount,14,1,58,1,1,1,1,11,1,1,1,1,4,1,1,1,1
Typed Out Degree
EClass eTypeParameters,2,1,1,1,2,1,1
EPackage eSuperPackage,1
EGenericType eTypeArguments,2,1
EDataType eTypeParameters,1
EOperation eContainingClass,1,1,1,1,1
EAttribute eContainingClass,1,1,1,1,1,1,1,1,1,1,1,1,1,1,1,1,1,1,1,1,1,1,1
EReference eOpposite,1,1,1
EPackage eClassifiers,14,5
EDataType ePackage,1,1,1
EAttribute eType,1
EEnum eLiterals,5
EOperation eTypeParameters,1
EClass eStructuralFeatures,9,9,2,6,5,4,2,3,3,5
EEnumLiteral eEnum,1,1,1,1,1
EReference eContainingClass,1,1,1,1,1,1,1,1,1,1,1,1,1,1,1,1,1,1,1,1,1,1,1,1,1
EEnum ePackage,1,1
EGenericType eUpperBound,1
EEnum eTypeParameters,1
EClass eSuperTypes,1
ETypeParameter eBounds,1,1
EClass ePackage,1,1,1,1,1,1,1,1,1,1,1,1,1,1
EOperation eParameters,1,1
EPackage eSubpackages,1
EGenericType eLowerBound,1
EClass eOperations,1,1,1,1,1
EParameter eOperation,1,1
EReference eType,1,1,1
Node Type
EAttribute,EClass,EDataType,EParameter,EGenericType,EEnumLiteral,EOperation,EEnum,EReference,ETypeParameter,EPackage
0.23000000000000007,0.13999999999999999,0.03,0.02,0.07,0.05,0.05,0.02,0.25000000000000006,0.11999999999999998,0.02
Edge Type
eSuperPackage,eOperation,eUpperBound,eTypeParameter,eSubpackages,eType,eSuperTypes,eParameters,eOpposite,eKeys,eTypeArguments,eModelElement,eAnnotations,ePackage,eLowerBound,eLiterals,details,eStructuralFeatures,eClassifier,eClassifiers,eTypeParameters,eContainingClass,eBounds,eEnum,eOperations,eExceptions
0.0053475935828877,0.0106951871657754,0.0053475935828877,0.0,0.0053475935828877,0.0213903743315508,0.0053475935828877,0.0106951871657754,0.016042780748663103,0.0,0.016042780748663103,0.0,0.0,0.10160427807486631,0.0053475935828877,0.026737967914438502,0.0,0.25668449197860965,0.0,0.10160427807486631,0.06417112299465241,0.28342245989304815,0.0106951871657754,0.026737967914438502,0.026737967914438502,0.0
violations,3
