Meta Mode,ecore
Number of Edge types,26
Number Of Nodes,100
State Id,48_1
OutDegreeValue,0,1,2,3,4,5,7,8,9,11,13,16
OutDegreeCount,12,61,9,6,4,2,1,1,1,1,1,1
NAValue,1,2,3,4,5,6,7
NACount,12,60,9,8,6,4,1
MPCValue,0.00000,0.39000,0.52000,0.58094,0.62272,0.67471,0.69333,0.71500,0.71692,0.73917,0.75111,0.78000,0.78531,0.78769,0.80653,0.82173,0.83200,0.84500
MPCCount,12,1,59,1,1,1,9,2,1,1,2,2,1,1,2,1,2,1
Typed Out Degree
EClass eTypeParameters,2,1,1,1,1,1
EPackage eSuperPackage,1
EReference eKeys,1
EDataType eTypeParameters,1
EOperation eContainingClass,1,1,1,1,1,1,1,1,1
EAttribute eContainingClass,1,1,1,1,1,1,1,1,1,1,1,1,1,1,1,1,1,1,1,1,1,1
EReference eOpposite,1
EPackage eClassifiers,2,15
EDataType ePackage,1
EAttribute eType,1,1
EEnum eLiterals,2
EOperation eTypeParameters,1,1
EParameter eType,1
EClass eStructuralFeatures,4,2,1,9,8,3,4,2,2,1,3,3,8
EEnumLiteral eEnum,1,1
EReference eContainingClass,1,1,1,1,1,1,1,1,1,1,1,1,1,1,1,1,1,1,1,1,1,1,1,1,1,1,1,1
EEnum ePackage,1
EGenericType eUpperBound,1
ETypeParameter eBounds,1,1,1,3
EClass ePackage,1,1,1,1,1,1,1,1,1,1,1,1,1,1,1
EOperation eParameters,1,1,1
EPackage eSubpackages,1
EClass eOperations,1,2,2,2,2
EParameter eOperation,1,1,1
EReference eType,1
Node Type
EAttribute,EClass,EDataType,EParameter,EGenericType,EOperation,EEnumLiteral,EEnum,EReference,ETypeParameter,EPackage
0.22000000000000006,0.15,0.01,0.03,0.07,0.09,0.02,0.01,0.2800000000000001,0.09999999999999999,0.02
Edge Type
eSuperPackage,eOperation,eUpperBound,eTypeParameter,eSubpackages,eType,eSuperTypes,eParameters,eOpposite,eKeys,eTypeArguments,eModelElement,eAnnotations,ePackage,eLowerBound,eLiterals,details,eStructuralFeatures,eClassifier,eClassifiers,eTypeParameters,eContainingClass,eBounds,eEnum,eOperations,eExceptions
0.0053475935828877,0.016042780748663103,0.0053475935828877,0.0,0.0053475935828877,0.0213903743315508,0.0,0.016042780748663103,0.0053475935828877,0.0053475935828877,0.0,0.0,0.0,0.09090909090909091,0.0,0.0106951871657754,0.0,0.26737967914438504,0.0,0.09090909090909091,0.053475935828877004,0.3155080213903743,0.03208556149732621,0.0106951871657754,0.0481283422459893,0.0
violations,1
