Meta Mode,ecore
Number of Edge types,26
Number Of Nodes,100
State Id,49_1
OutDegreeValue,0,1,2,3,4,5,6,10,11,13
OutDegreeCount,16,60,12,3,1,1,1,3,2,1
NAValue,1,2,3,4,5,6,7
NACount,18,58,13,3,4,1,3
MPCValue,0.00000,0.39000,0.52000,0.66260,0.67629,0.69231,0.69333,0.73917,0.75111,0.75920,0.77037,0.77208,0.78000
MPCCount,18,2,56,1,1,1,13,1,1,1,1,1,3
Typed Out Degree
EClass eTypeParameters,1,1,2,1
EGenericType eTypeArguments,1,1,1,1
EReference eKeys,1
EOperation eContainingClass,1,1,1,1,1,1
EAttribute eContainingClass,1,1,1,1,1,1,1,1,1,1,1,1,1,1,1,1,1,1,1,1,1
EReference eOpposite,1
EPackage eClassifiers,10
EDataType ePackage,1
EAttribute eType,1
EEnum eLiterals,4,1
EOperation eTypeParameters,1
EParameter eType,1
EClass eStructuralFeatures,8,6,9,6,2,2,10
EEnumLiteral eEnum,1,1,1,1,1
EReference eContainingClass,1,1,1,1,1,1,1,1,1,1,1,1,1,1,1,1,1,1,1,1,1,1
EEnum ePackage,1,1
EGenericType eUpperBound,1,1,1,1,1
EEnum eTypeParameters,1
EClass eSuperTypes,1
ETypeParameter eBounds,3,1,3
EClass ePackage,1,1,1,1,1,1,1
EOperation eParameters,1,3
EGenericType eLowerBound,1,1,1,1,1,1,1,1
EClass eOperations,2,1,1,1,1
EParameter eOperation,1,1,1,1
EReference eType,1
Node Type
EAttribute,EClass,EDataType,EParameter,EGenericType,EEnumLiteral,EOperation,EEnum,EReference,EPackage,ETypeParameter
0.21000000000000005,0.07,0.01,0.04,0.24000000000000007,0.05,0.060000000000000005,0.02,0.22000000000000006,0.01,0.07
Edge Type
eSuperPackage,eOperation,eUpperBound,eTypeParameter,eSubpackages,eType,eSuperTypes,eParameters,eOpposite,eKeys,eTypeArguments,eModelElement,eAnnotations,ePackage,eLowerBound,eLiterals,details,eStructuralFeatures,eClassifier,eClassifiers,eTypeParameters,eContainingClass,eBounds,eEnum,eOperations,eExceptions
0.0,0.023121387283236993,0.028901734104046242,0.0,0.0,0.017341040462427744,0.005780346820809248,0.023121387283236993,0.005780346820809248,0.005780346820809248,0.023121387283236993,0.0,0.0,0.057803468208092484,0.046242774566473986,0.028901734104046242,0.0,0.24855491329479767,0.0,0.057803468208092484,0.04046242774566474,0.2832369942196532,0.04046242774566474,0.028901734104046242,0.03468208092485549,0.0
violations,1
