Meta Mode,ecore
Number of Edge types,26
Number Of Nodes,100
State Id,4_1
OutDegreeValue,0,1,2,3,4,5,6,7,9,12,14,15
OutDegreeCount,14,64,6,4,1,4,1,2,1,1,1,1
NAValue,1,2,3,4,5,6,7
NACount,14,65,5,5,5,5,1
MPCValue,0.00000,0.46222,0.52000,0.66765,0.67629,0.69333,0.71385,0.73917,0.75111,0.77037,0.78000,0.78769,0.79040,0.79592,0.81120,0.84500
MPCCount,14,1,64,1,1,5,1,1,3,1,3,1,1,1,1,1
Typed Out Degree
EReference eContainingClass,1,1,1,1,1,1,1,1,1,1,1,1,1,1,1,1,1,1,1,1,1,1,1,1,1,1,1,1
EEnum ePackage,1
EClass eTypeParameters,1,1,3,2,1,1,1,1
EClass eSuperTypes,1
EGenericType eTypeArguments,1,1
ETypeParameter eBounds,1,1,1,2
EClass ePackage,1,1,1,1,1,1,1,1,1,1,1,1
EDataType eTypeParameters,1
EOperation eContainingClass,1,1,1,1,1,1
EOperation eParameters,2,1
EAttribute eContainingClass,1,1,1,1,1,1,1,1,1,1,1,1,1,1,1,1,1,1,1,1,1,1,1,1
EReference eOpposite,1
EPackage eClassifiers,15
EDataType ePackage,1,1
EGenericType eLowerBound,1
EClass eOperations,2,1,1,1,1
EOperation eExceptions,1
EParameter eOperation,1,1,1
EEnum eLiterals,2
EOperation eTypeParameters,1
EReference eType,1,1
EClass eStructuralFeatures,2,3,9,10,4,3,3,7,3,2,4,2
EEnumLiteral eEnum,1,1
Node Type
EAttribute,EClass,EDataType,EParameter,EGenericType,EOperation,EEnumLiteral,EEnum,EReference,ETypeParameter,EPackage
0.24000000000000007,0.11999999999999998,0.02,0.03,0.08,0.060000000000000005,0.02,0.01,0.2800000000000001,0.12999999999999998,0.01
Edge Type
eSuperPackage,eOperation,eUpperBound,eTypeParameter,eSubpackages,eType,eSuperTypes,eParameters,eOpposite,eKeys,eTypeArguments,eModelElement,eAnnotations,ePackage,eLowerBound,eLiterals,details,eStructuralFeatures,eClassifier,eClassifiers,eTypeParameters,eContainingClass,eBounds,eEnum,eOperations,eExceptions
0.0,0.016483516483516484,0.0,0.0,0.0,0.01098901098901099,0.005494505494505495,0.016483516483516484,0.005494505494505495,0.0,0.01098901098901099,0.0,0.0,0.08241758241758242,0.005494505494505495,0.01098901098901099,0.0,0.2857142857142857,0.0,0.08241758241758242,0.07142857142857142,0.31868131868131866,0.027472527472527472,0.01098901098901099,0.03296703296703297,0.005494505494505495
violations,1
