Meta Mode,ecore
Number of Edge types,26
Number Of Nodes,100
State Id,50_1
OutDegreeValue,0,1,2,3,4,5,6,7,8,10,14
OutDegreeCount,9,61,10,4,4,1,4,3,1,2,1
NAValue,1,2,3,4,5,6,7
NACount,9,58,9,10,7,4,3
MPCValue,0.00000,0.52000,0.64735,0.65000,0.66260,0.68640,0.69333,0.69510,0.71385,0.71500,0.72222,0.73917,0.74880,0.76308,0.78000,0.78520,0.79592,0.80653,0.82173,0.82333,0.83200,0.84898
MPCCount,9,58,1,1,1,1,9,1,1,1,1,1,1,1,5,1,1,1,1,1,1,2
Typed Out Degree
EReference eContainingClass,1,1,1,1,1,1,1,1,1,1,1,1,1,1,1,1,1,1,1,1,1,1,1,1,1,1,1,1,1,1
EEnum ePackage,1,1,1,1
EClass eTypeParameters,1,1,1,1,1,1,1
EEnum eTypeParameters,1
EPackage eSuperPackage,1,1,1
EClass eSuperTypes,1,1,1,1
ETypeParameter eBounds,1
EReference eKeys,1,1
EClass ePackage,1,1,1,1,1,1,1,1,1,1,1,1,1,1,1,1
EDataType eTypeParameters,1
EOperation eContainingClass,1,1,1,1,1,1,1,1
EOperation eParameters,1
EAttribute eContainingClass,1,1,1,1,1,1,1,1,1,1,1,1,1,1,1,1,1,1,1
EPackage eSubpackages,3
EReference eOpposite,1,1,1
EPackage eClassifiers,6,4,11
EDataType ePackage,1
EClass eOperations,1,1,1,1,1,1,1,1
EParameter eOperation,1
EEnum eLiterals,4,3
EReference eType,1,1,1,1
EClass eStructuralFeatures,6,3,1,1,5,2,4,2,1,8,4,1,4,6,1
EEnumLiteral eEnum,1,1,1,1,1,1,1
Node Type
EAttribute,EClass,EDataType,EParameter,EGenericType,EEnumLiteral,EOperation,EEnum,EReference,EPackage,ETypeParameter
0.19000000000000003,0.16,0.01,0.01,0.01,0.07,0.08,0.04,0.3000000000000001,0.04,0.09
Edge Type
eSuperPackage,eOperation,eUpperBound,eTypeParameter,eSubpackages,eType,eSuperTypes,eParameters,eOpposite,eKeys,eTypeArguments,eModelElement,eAnnotations,ePackage,eLowerBound,eLiterals,details,eStructuralFeatures,eClassifier,eClassifiers,eTypeParameters,eContainingClass,eBounds,eEnum,eOperations,eExceptions
0.014925373134328358,0.004975124378109453,0.0,0.0,0.014925373134328358,0.01990049751243781,0.01990049751243781,0.004975124378109453,0.014925373134328358,0.009950248756218905,0.0,0.0,0.0,0.1044776119402985,0.0,0.03482587064676617,0.0,0.24378109452736318,0.0,0.1044776119402985,0.04477611940298507,0.2835820895522388,0.004975124378109453,0.03482587064676617,0.03980099502487562,0.0
violations,2
