Meta Mode,ecore
Number of Edge types,26
Number Of Nodes,100
State Id,51_1
OutDegreeValue,0,1,2,3,4,5,6,7,8,12,13
OutDegreeCount,8,62,12,6,1,2,3,2,1,2,1
NAValue,1,2,3,4,5,6
NACount,8,60,8,11,9,4
MPCValue,0.00000,0.52000,0.63375,0.65000,0.65538,0.66444,0.66560,0.69333,0.70041,0.70775,0.73917,0.74880,0.75111,0.75347,0.78000,0.80653,0.80889,0.82173,0.83200
MPCCount,8,60,1,1,1,1,1,7,1,1,3,1,2,1,5,1,1,1,3
Typed Out Degree
EClass eTypeParameters,1,1,1,2,1,1
EPackage eSuperPackage,1,1
EGenericType eTypeArguments,1
EReference eKeys,1
EOperation eContainingClass,1,1,1,1,1
EAttribute eContainingClass,1,1,1,1,1,1,1,1,1,1,1,1,1,1,1,1,1,1,1,1,1,1,1,1,1
EReference eOpposite,1,1,1,1
EPackage eClassifiers,11,2,7
EDataType ePackage,1
EOperation eExceptions,1
EEnum eLiterals,1,2
EOperation eTypeParameters,1
EClass eStructuralFeatures,1,5,4,4,10,1,1,2,1,9,4,2,5,5
EEnumLiteral eEnum,1,1,1
EReference eContainingClass,1,1,1,1,1,1,1,1,1,1,1,1,1,1,1,1,1,1,1,1,1,1,1,1,1,1,1,1,1
EEnum ePackage,1,1
EGenericType eUpperBound,1
ETypeParameter eBounds,1
EClass ePackage,1,1,1,1,1,1,1,1,1,1,1,1,1,1,1,1,1
EOperation eParameters,1,1
EPackage eSubpackages,1,1
EGenericType eLowerBound,1,1
EClass eOperations,1,1,1,1,1
EParameter eOperation,1,1
EReference eType,1,1,1
EOperation eType,1
Node Type
EAttribute,EClass,EDataType,EParameter,EGenericType,EOperation,EEnumLiteral,EEnum,EReference,ETypeParameter,EPackage
0.25000000000000006,0.17,0.01,0.02,0.05,0.05,0.03,0.02,0.2900000000000001,0.08,0.03
Edge Type
eSuperPackage,eOperation,eUpperBound,eTypeParameter,eSubpackages,eType,eSuperTypes,eParameters,eOpposite,eKeys,eTypeArguments,eModelElement,eAnnotations,ePackage,eLowerBound,eLiterals,details,eStructuralFeatures,eClassifier,eClassifiers,eTypeParameters,eContainingClass,eBounds,eEnum,eOperations,eExceptions
0.010256410256410256,0.010256410256410256,0.005128205128205128,0.0,0.010256410256410256,0.020512820512820513,0.0,0.010256410256410256,0.020512820512820513,0.005128205128205128,0.005128205128205128,0.0,0.0,0.10256410256410256,0.010256410256410256,0.015384615384615385,0.0,0.27692307692307694,0.0,0.10256410256410256,0.041025641025641026,0.30256410256410254,0.005128205128205128,0.015384615384615385,0.02564102564102564,0.005128205128205128
violations,4
