Meta Mode,ecore
Number of Edge types,26
Number Of Nodes,100
State Id,52_1
OutDegreeValue,0,1,2,3,4,6,7,9,10,17
OutDegreeCount,15,58,10,5,3,3,2,1,2,1
NAValue,1,2,3,4,5,6,7
NACount,15,59,8,6,7,3,2
MPCValue,0.00000,0.46222,0.52000,0.61360,0.65000,0.66444,0.69333,0.69975,0.70041,0.73917,0.74469,0.75111,0.78000,0.79592,0.80653,0.80793,0.80889,0.83200,0.84898,0.87750
MPCCount,15,2,57,1,1,1,7,1,1,1,1,1,3,1,1,1,1,2,1,1
Typed Out Degree
EClass eTypeParameters,1,1,1,1,2,1
EGenericType eTypeArguments,1,2
EReference eKeys,1
EDataType eTypeParameters,1
EOperation eContainingClass,1,1,1,1,1,1,1,1,1,1
EAttribute eContainingClass,1,1,1,1,1,1,1,1,1,1,1,1,1,1,1,1,1,1,1
EReference eOpposite,1
EPackage eClassifiers,17
EDataType ePackage,1
EAttribute eType,1
EEnum eLiterals,2
EOperation eTypeParameters,1
EClass eStructuralFeatures,1,9,5,2,6,1,1,4,1,5,6,4
EEnumLiteral eEnum,1,1
EReference eContainingClass,1,1,1,1,1,1,1,1,1,1,1,1,1,1,1,1,1,1,1,1,1,1,1,1,1,1
EEnum ePackage,1,1,1
EEnum eTypeParameters,1,2
ETypeParameter eBounds,1,1,2
EClass ePackage,1,1,1,1,1,1,1,1,1,1,1,1,1
EOperation eParameters,1,1,2,1
EGenericType eLowerBound,1
EClass eOperations,1,1,2,2,1,1,1,1
EParameter eOperation,1,1,1,1,1
EReference eType,1
EOperation eType,1
Node Type
EAttribute,EClass,EDataType,EParameter,EGenericType,EOperation,EEnumLiteral,EEnum,EReference,ETypeParameter,EPackage
0.19000000000000003,0.12999999999999998,0.01,0.05,0.08,0.09999999999999999,0.02,0.03,0.26000000000000006,0.11999999999999998,0.01
Edge Type
eSuperPackage,eOperation,eUpperBound,eTypeParameter,eSubpackages,eType,eSuperTypes,eParameters,eOpposite,eKeys,eTypeArguments,eModelElement,eAnnotations,ePackage,eLowerBound,eLiterals,details,eStructuralFeatures,eClassifier,eClassifiers,eTypeParameters,eContainingClass,eBounds,eEnum,eOperations,eExceptions
0.0,0.0273224043715847,0.0,0.0,0.0,0.01639344262295082,0.0,0.0273224043715847,0.00546448087431694,0.00546448087431694,0.01639344262295082,0.0,0.0,0.09289617486338798,0.00546448087431694,0.01092896174863388,0.0,0.2459016393442623,0.0,0.09289617486338798,0.06557377049180328,0.3005464480874317,0.02185792349726776,0.01092896174863388,0.0546448087431694,0.0
violations,1
