Meta Mode,ecore
Number of Edge types,26
Number Of Nodes,100
State Id,53_1
OutDegreeValue,0,1,2,3,4,5,8,11,14,16
OutDegreeCount,12,62,11,3,4,2,3,1,1,1
NAValue,1,2,3,4,5,6
NACount,13,60,9,11,5,2
MPCValue,0.00000,0.39000,0.52000,0.63375,0.65000,0.66857,0.68250,0.69160,0.69333,0.71500,0.73956,0.74880,0.75111,0.76960,0.78000,0.86667
MPCCount,13,1,59,2,1,1,1,1,9,3,1,1,1,1,4,1
Typed Out Degree
EClass eTypeParameters,1,1,2
EPackage eSuperPackage,1,1
EGenericType eTypeArguments,1
EReference eKeys,1,1,1
EDataType eTypeParameters,1,1
EOperation eContainingClass,1,1,1,1,1,1,1,1
EAttribute eContainingClass,1,1,1,1,1,1,1,1,1,1,1,1,1,1,1,1,1,1,1
EReference eOpposite,1
EPackage eClassifiers,14
EDataType ePackage,1,1
EAttribute eType,1,1
EEnum eLiterals,3,3
EOperation eTypeParameters,3,1
EClass eStructuralFeatures,5,1,10,7,2,6,8,2,2,3
EEnumLiteral eEnum,1,1,1,1,1,1
EReference eContainingClass,1,1,1,1,1,1,1,1,1,1,1,1,1,1,1,1,1,1,1,1,1,1,1,1,1,1,1
EEnum ePackage,1,1
EGenericType eUpperBound,1,1,1,1
ETypeParameter eBounds,1,1,3
EClass ePackage,1,1,1,1,1,1,1,1,1,1
EOperation eParameters,1,1
EPackage eSubpackages,2
EGenericType eLowerBound,1
EClass eOperations,1,3,1,1,2
EParameter eOperation,1,1
EOperation eType,1
Node Type
EAttribute,EClass,EDataType,EParameter,EGenericType,EOperation,EEnumLiteral,EEnum,EReference,EPackage,ETypeParameter
0.19000000000000003,0.09999999999999999,0.02,0.02,0.10999999999999999,0.08,0.060000000000000005,0.02,0.2700000000000001,0.03,0.09999999999999999
Edge Type
eSuperPackage,eOperation,eUpperBound,eTypeParameter,eSubpackages,eType,eSuperTypes,eParameters,eOpposite,eKeys,eTypeArguments,eModelElement,eAnnotations,ePackage,eLowerBound,eLiterals,details,eStructuralFeatures,eClassifier,eClassifiers,eTypeParameters,eContainingClass,eBounds,eEnum,eOperations,eExceptions
0.010869565217391304,0.010869565217391304,0.021739130434782608,0.0,0.010869565217391304,0.016304347826086956,0.0,0.010869565217391304,0.005434782608695652,0.016304347826086956,0.005434782608695652,0.0,0.0,0.07608695652173914,0.005434782608695652,0.03260869565217391,0.0,0.25,0.0,0.07608695652173914,0.05434782608695652,0.29347826086956524,0.02717391304347826,0.03260869565217391,0.043478260869565216,0.0
violations,0
