Meta Mode,ecore
Number of Edge types,26
Number Of Nodes,100
State Id,54_1
OutDegreeValue,0,1,2,3,4,5,6,7,8,9,11,17
OutDegreeCount,14,57,12,3,2,4,1,3,1,1,1,1
NAValue,1,2,3,4,5,6,7,8
NACount,14,54,11,10,6,3,1,1
MPCValue,0.00000,0.52000,0.57758,0.63375,0.65000,0.69333,0.71385,0.71500,0.72313,0.72800,0.73917,0.75111,0.76556,0.77037,0.78000,0.82173,0.82333,0.87669
MPCCount,14,54,1,1,1,10,1,1,1,1,2,1,1,1,7,1,1,1
Typed Out Degree
EClass eTypeParameters,2,1,1,1,2,2,1,1
EPackage eSuperPackage,1
EReference eKeys,1,1,1
EDataType eTypeParameters,1
EOperation eContainingClass,1,1,1,1
EAttribute eContainingClass,1,1,1,1,1,1,1,1,1,1,1,1,1,1,1,1,1,1,1,1,1,1,1
EReference eOpposite,1
EPackage eClassifiers,1,16
EDataType ePackage,1
EAttribute eType,1,1
EEnum eLiterals,4
EOperation eTypeParameters,2
EClass eStructuralFeatures,7,7,4,3,5,4,6,4,3,3,2,2,1,1
EGenericType eClassifier,1
EEnumLiteral eEnum,1,1,1,1
EReference eContainingClass,1,1,1,1,1,1,1,1,1,1,1,1,1,1,1,1,1,1,1,1,1,1,1,1,1,1,1,1,1
EEnum ePackage,1,1
EEnum eTypeParameters,1
EClass eSuperTypes,1
ETypeParameter eBounds,1,1,1,1
EClass ePackage,1,1,1,1,1,1,1,1,1,1,1,1,1,1
EOperation eParameters,2
EPackage eSubpackages,1
EClass eOperations,1,1,1,1
EParameter eOperation,1,1
EReference eType,1,1,1
Node Type
EAttribute,EClass,EDataType,EParameter,EGenericType,EEnumLiteral,EOperation,EEnum,EReference,EPackage,ETypeParameter
0.23000000000000007,0.13999999999999999,0.01,0.02,0.04,0.04,0.04,0.02,0.2900000000000001,0.02,0.15
Edge Type
eSuperPackage,eOperation,eUpperBound,eTypeParameter,eSubpackages,eType,eSuperTypes,eParameters,eOpposite,eKeys,eTypeArguments,eModelElement,eAnnotations,ePackage,eLowerBound,eLiterals,details,eStructuralFeatures,eClassifier,eClassifiers,eTypeParameters,eContainingClass,eBounds,eEnum,eOperations,eExceptions
0.005263157894736842,0.010526315789473684,0.0,0.0,0.005263157894736842,0.02631578947368421,0.005263157894736842,0.010526315789473684,0.005263157894736842,0.015789473684210527,0.0,0.0,0.0,0.08947368421052632,0.0,0.021052631578947368,0.0,0.2736842105263158,0.005263157894736842,0.08947368421052632,0.07894736842105263,0.29473684210526313,0.021052631578947368,0.021052631578947368,0.021052631578947368,0.0
violations,1
