Meta Mode,ecore
Number of Edge types,26
Number Of Nodes,100
State Id,55_1
OutDegreeValue,0,1,2,3,4,5,6,8,9,10,12
OutDegreeCount,8,61,14,4,2,2,3,1,1,3,1
NAValue,1,2,3,4,5,6,7
NACount,8,60,10,11,7,2,2
MPCValue,0.00000,0.46222,0.52000,0.61360,0.62272,0.66444,0.69333,0.73840,0.73917,0.75111,0.75400,0.76544,0.78000,0.80653,0.80889,0.82173,0.83200,0.87669
MPCCount,8,1,59,1,1,1,11,1,3,2,1,1,5,1,1,1,1,1
Typed Out Degree
EClass eTypeParameters,2,1,1,1
EPackage eSuperPackage,1,1,1
EOperation eContainingClass,1,1,1,1,1,1,1
EAttribute eContainingClass,1,1,1,1,1,1,1,1,1,1,1,1,1,1,1,1,1,1,1,1,1,1
EReference eOpposite,1
EPackage eClassifiers,8,7,1,2
EDataType ePackage,1
EOperation eExceptions,1
EEnum eLiterals,4,1
EOperation eTypeParameters,1
EClass eStructuralFeatures,1,2,2,7,4,6,9,6,2,2,4,1,5,1
EEnumLiteral eEnum,1,1,1,1,1
EReference eContainingClass,1,1,1,1,1,1,1,1,1,1,1,1,1,1,1,1,1,1,1,1,1,1,1,1,1,1,1,1,1,1
EEnum ePackage,1,1,1
EGenericType eUpperBound,1
EEnum eTypeParameters,1
EClass eSuperTypes,1,1
ETypeParameter eBounds,1,2
EClass ePackage,1,1,1,1,1,1,1,1,1,1,1,1,1,1
EOperation eParameters,1,1
EPackage eSubpackages,1,2
EGenericType eLowerBound,1
EClass eOperations,1,3,2,1
EParameter eOperation,1,1
EReference eType,1,1,1,1,1,1
Node Type
EAttribute,EClass,EDataType,EParameter,EGenericType,EOperation,EEnumLiteral,EEnum,EReference,EPackage,ETypeParameter
0.22000000000000006,0.13999999999999999,0.01,0.02,0.05,0.07,0.05,0.03,0.3000000000000001,0.04,0.07
Edge Type
eSuperPackage,eOperation,eUpperBound,eTypeParameter,eSubpackages,eType,eSuperTypes,eParameters,eOpposite,eKeys,eTypeArguments,eModelElement,eAnnotations,ePackage,eLowerBound,eLiterals,details,eStructuralFeatures,eClassifier,eClassifiers,eTypeParameters,eContainingClass,eBounds,eEnum,eOperations,eExceptions
0.015306122448979591,0.01020408163265306,0.00510204081632653,0.0,0.015306122448979591,0.030612244897959183,0.01020408163265306,0.01020408163265306,0.00510204081632653,0.0,0.0,0.0,0.0,0.09183673469387756,0.00510204081632653,0.025510204081632654,0.0,0.2653061224489796,0.0,0.09183673469387756,0.03571428571428571,0.3010204081632653,0.015306122448979591,0.025510204081632654,0.03571428571428571,0.00510204081632653
violations,1
