Meta Mode,ecore
Number of Edge types,26
Number Of Nodes,100
State Id,56_1
OutDegreeValue,0,1,2,3,6,7,8,9,11,12,13
OutDegreeCount,13,62,13,2,2,1,1,1,1,3,1
NAValue,1,2,3,4,5,6,7
NACount,13,62,12,3,3,6,1
MPCValue,0.00000,0.46222,0.52000,0.65000,0.66560,0.69333,0.71339,0.71385,0.73306,0.74851,0.75111,0.75347,0.76308,0.76960,0.78000,0.83200
MPCCount,13,2,60,1,1,12,1,1,1,1,1,1,1,1,2,1
Typed Out Degree
EReference eContainingClass,1,1,1,1,1,1,1,1,1,1,1,1,1,1,1,1,1,1,1,1,1,1,1,1,1,1,1,1,1,1,1
EEnum ePackage,1,1
EClass eTypeParameters,1,1,2,1,1,2
EEnum eTypeParameters,1,1
EClass eSuperTypes,1
ETypeParameter eBounds,2,2,1
EClass ePackage,1,1,1,1,1,1,1,1,1
EDataType eTypeParameters,1
EOperation eContainingClass,1,1,1,1,1,1,1,1
EOperation eParameters,1,1
EAttribute eContainingClass,1,1,1,1,1,1,1,1,1,1,1,1,1,1,1,1,1,1,1,1,1,1,1
EReference eOpposite,1,1,1,1
EPackage eClassifiers,12
EDataType ePackage,1
EGenericType eLowerBound,1
EAttribute eType,1,1,1
EClass eOperations,2,3,1,1,1
EOperation eExceptions,1
EParameter eOperation,1,1
EEnum eLiterals,1,5
EClass eStructuralFeatures,2,6,5,5,5,10,9,8,4
EEnumLiteral eEnum,1,1,1,1,1,1
Node Type
EAttribute,EClass,EDataType,EParameter,EGenericType,EOperation,EEnumLiteral,EEnum,EReference,ETypeParameter,EPackage
0.23000000000000007,0.09,0.01,0.02,0.060000000000000005,0.08,0.060000000000000005,0.02,0.3100000000000001,0.10999999999999999,0.01
Edge Type
eSuperPackage,eOperation,eUpperBound,eTypeParameter,eSubpackages,eType,eSuperTypes,eParameters,eOpposite,eKeys,eTypeArguments,eModelElement,eAnnotations,ePackage,eLowerBound,eLiterals,details,eStructuralFeatures,eClassifier,eClassifiers,eTypeParameters,eContainingClass,eBounds,eEnum,eOperations,eExceptions
0.0,0.010526315789473684,0.0,0.0,0.0,0.015789473684210527,0.005263157894736842,0.010526315789473684,0.021052631578947368,0.0,0.0,0.0,0.0,0.06315789473684211,0.005263157894736842,0.031578947368421054,0.0,0.28421052631578947,0.0,0.06315789473684211,0.05789473684210526,0.3263157894736842,0.02631578947368421,0.031578947368421054,0.042105263157894736,0.005263157894736842
violations,4
