Meta Mode,ecore
Number of Edge types,26
Number Of Nodes,100
State Id,57_1
OutDegreeValue,0,1,2,3,4,6,7,8,9,11,15
OutDegreeCount,11,67,7,4,1,2,1,1,4,1,1
NAValue,1,2,3,4,5,6,7
NACount,11,64,6,10,5,3,1
MPCValue,0.00000,0.52000,0.58471,0.62272,0.63375,0.69333,0.69975,0.71385,0.71972,0.74880,0.78000,0.79074,0.80181,0.80653,0.83200
MPCCount,11,64,1,1,1,6,2,1,1,1,7,1,1,1,1
Typed Out Degree
EClass eTypeParameters,3,1,1,1
EPackage eSuperPackage,1
EGenericType eTypeArguments,1
EReference eKeys,1
EOperation eContainingClass,1,1,1,1,1,1,1
EAttribute eContainingClass,1,1,1,1,1,1,1,1,1,1,1,1,1,1,1,1,1,1,1,1,1,1
EReference eOpposite,1,1,1
EPackage eClassifiers,14
EDataType ePackage,1,1,1
EAttribute eType,1
EEnum eLiterals,4,2,1
EOperation eTypeParameters,1,1,1
EClass eStructuralFeatures,6,6,6,7,5,6,3,8
EEnumLiteral eEnum,1,1,1,1,1,1,1
EReference eContainingClass,1,1,1,1,1,1,1,1,1,1,1,1,1,1,1,1,1,1,1,1,1,1,1,1,1
EEnum ePackage,1,1,1
EGenericType eUpperBound,1,1,1
EEnum eTypeParameters,1,1
ETypeParameter eBounds,1,1,1
EClass ePackage,1,1,1,1,1,1,1,1
EOperation eParameters,1,1,1,1
EPackage eSubpackages,1
EGenericType eLowerBound,1
EClass eOperations,1,1,2,2,1
EParameter eOperation,1,1,1,1
EReference eType,1,1
Node Type
EAttribute,EClass,EDataType,EParameter,EGenericType,EOperation,EEnumLiteral,EEnum,EReference,ETypeParameter,EPackage
0.22000000000000006,0.08,0.03,0.04,0.08,0.07,0.07,0.03,0.25000000000000006,0.10999999999999999,0.02
Edge Type
eSuperPackage,eOperation,eUpperBound,eTypeParameter,eSubpackages,eType,eSuperTypes,eParameters,eOpposite,eKeys,eTypeArguments,eModelElement,eAnnotations,ePackage,eLowerBound,eLiterals,details,eStructuralFeatures,eClassifier,eClassifiers,eTypeParameters,eContainingClass,eBounds,eEnum,eOperations,eExceptions
0.005376344086021506,0.021505376344086023,0.016129032258064516,0.0,0.005376344086021506,0.016129032258064516,0.0,0.021505376344086023,0.016129032258064516,0.005376344086021506,0.005376344086021506,0.0,0.0,0.07526881720430108,0.005376344086021506,0.03763440860215054,0.0,0.25268817204301075,0.0,0.07526881720430108,0.05913978494623656,0.2903225806451613,0.016129032258064516,0.03763440860215054,0.03763440860215054,0.0
violations,3
