Meta Mode,ecore
Number of Edge types,26
Number Of Nodes,100
State Id,58_1
OutDegreeValue,0,1,2,3,4,5,6,7,8,9,14
OutDegreeCount,7,62,14,5,2,1,2,2,1,1,3
NAValue,1,2,3,4,5,6,7,8
NACount,7,55,18,12,3,3,1,1
MPCValue,0.00000,0.52000,0.58240,0.62486,0.64735,0.65000,0.68640,0.69333,0.70294,0.71500,0.75111,0.75612,0.76308,0.78000,0.83200,0.83778
MPCCount,7,55,1,1,2,1,1,16,1,3,2,1,1,6,1,1
Typed Out Degree
EClass eTypeParameters,1,2,1,2
EPackage eSuperPackage,1,1
EReference eKeys,1,1,1,1
EOperation eContainingClass,1,1,1,1,1,1,1,1,1
EAttribute eContainingClass,1,1,1,1,1,1,1,1,1,1,1,1,1,1,1,1,1,1,1,1,1,1,1
EReference eOpposite,1,1,1,1
EPackage eClassifiers,4,3,12
EDataType ePackage,1,1,1
EAttribute eType,1,1,1
EOperation eExceptions,1
EEnum eLiterals,4
EClass eStructuralFeatures,2,12,9,6,2,7,1,4,5,2
EEnumLiteral eEnum,1,1,1,1
EReference eContainingClass,1,1,1,1,1,1,1,1,1,1,1,1,1,1,1,1,1,1,1,1,1,1,1,1,1,1,1
EEnum ePackage,1,1
EEnum eTypeParameters,1
EClass eSuperTypes,1
ETypeParameter eBounds,1
EClass ePackage,1,1,1,1,1,1,1,1,1,1,1,1,1,1
EOperation eParameters,3,1,1,1
EPackage eSubpackages,2
EGenericType eLowerBound,1
EClass eOperations,2,2,1,1,1,2
EParameter eOperation,1,1,1,1,1,1
EOperation eType,1
Node Type
EClass,EAttribute,EDataType,EParameter,EGenericType,EOperation,EEnumLiteral,EEnum,EReference,ETypeParameter,EPackage
0.13999999999999999,0.23000000000000007,0.03,0.060000000000000005,0.02,0.09,0.04,0.02,0.2700000000000001,0.07,0.03
Edge Type
eSuperPackage,eOperation,eUpperBound,eTypeParameter,eSubpackages,eType,eSuperTypes,eParameters,eOpposite,eKeys,eTypeArguments,eModelElement,eAnnotations,ePackage,eLowerBound,eLiterals,details,eStructuralFeatures,eClassifier,eClassifiers,eTypeParameters,eContainingClass,eBounds,eEnum,eOperations,eExceptions
0.009852216748768473,0.029556650246305417,0.0,0.0,0.009852216748768473,0.019704433497536946,0.0049261083743842365,0.029556650246305417,0.019704433497536946,0.019704433497536946,0.0,0.0,0.0,0.09359605911330049,0.0049261083743842365,0.019704433497536946,0.0,0.24630541871921183,0.0,0.09359605911330049,0.034482758620689655,0.29064039408866993,0.0049261083743842365,0.019704433497536946,0.04433497536945813,0.0049261083743842365
violations,4
