Meta Mode,ecore
Number of Edge types,26
Number Of Nodes,100
State Id,59_1
OutDegreeValue,0,1,2,3,4,5,6,8,10,11,15,16
OutDegreeCount,16,60,9,5,1,1,1,3,1,1,1,1
NAValue,1,2,3,4,5,6,7
NACount,16,58,9,8,6,2,1
MPCValue,0.00000,0.33280,0.52000,0.58471,0.63375,0.65000,0.68862,0.69333,0.71500,0.73157,0.73175,0.73917,0.74286,0.75111,0.78000,0.80889,0.81250,0.83200
MPCCount,16,1,57,1,1,1,1,8,1,1,1,1,1,2,4,1,1,1
Typed Out Degree
EClass eTypeParameters,1,2,2,1,1,2
EPackage eSuperPackage,1
EGenericType eTypeArguments,1
EReference eKeys,1,1
EOperation eContainingClass,1,1,1,1,1,1,1,1,1,1,1,1
EAttribute eContainingClass,1,1,1,1,1,1,1,1,1,1,1,1,1,1,1,1,1,1,1,1
EReference eOpposite,1,1
EPackage eClassifiers,14
EDataType ePackage,1
EOperation eExceptions,1
EEnum eLiterals,4
EOperation eTypeParameters,1
EClass eStructuralFeatures,8,10,5,1,1,5,2,6,7
EEnumLiteral eEnum,1,1,1,1
EReference eContainingClass,1,1,1,1,1,1,1,1,1,1,1,1,1,1,1,1,1,1,1,1,1,1,1,1,1
EEnum ePackage,1
EGenericType eUpperBound,1,1
EEnum eTypeParameters,1
ETypeParameter eBounds,4
EClass ePackage,1,1,1,1,1,1,1,1,1,1,1,1
EOperation eParameters,2,1,1
EPackage eSubpackages,1
EGenericType eLowerBound,1
EClass eOperations,1,3,1,2,2,1,2
EParameter eOperation,1,1,1,1
Node Type
EAttribute,EClass,EDataType,EParameter,EGenericType,EEnumLiteral,EOperation,EEnum,EReference,ETypeParameter,EPackage
0.20000000000000004,0.11999999999999998,0.01,0.04,0.08,0.04,0.11999999999999998,0.01,0.25000000000000006,0.10999999999999999,0.02
Edge Type
eSuperPackage,eOperation,eUpperBound,eTypeParameter,eSubpackages,eType,eSuperTypes,eParameters,eOpposite,eKeys,eTypeArguments,eModelElement,eAnnotations,ePackage,eLowerBound,eLiterals,details,eStructuralFeatures,eClassifier,eClassifiers,eTypeParameters,eContainingClass,eBounds,eEnum,eOperations,eExceptions
0.005434782608695652,0.021739130434782608,0.010869565217391304,0.0,0.005434782608695652,0.0,0.0,0.021739130434782608,0.010869565217391304,0.010869565217391304,0.005434782608695652,0.0,0.0,0.07608695652173914,0.005434782608695652,0.021739130434782608,0.0,0.24456521739130435,0.0,0.07608695652173914,0.059782608695652176,0.30978260869565216,0.021739130434782608,0.021739130434782608,0.06521739130434782,0.005434782608695652
violations,1
