Meta Mode,ecore
Number of Edge types,26
Number Of Nodes,100
State Id,5_1
OutDegreeValue,0,1,2,3,4,5,6,7,8,11,14,23
OutDegreeCount,9,65,13,2,2,2,1,2,1,1,1,1
NAValue,1,2,3,4,5,6,7
NACount,9,65,11,7,3,3,2
MPCValue,0.00000,0.46222,0.52000,0.64735,0.67138,0.69333,0.71500,0.73917,0.73956,0.74347,0.75111,0.78000,0.81120
MPCCount,9,2,63,1,1,11,1,1,1,1,3,5,1
Typed Out Degree
EReference eContainingClass,1,1,1,1,1,1,1,1,1,1,1,1,1,1,1,1,1,1,1,1,1,1,1,1,1,1,1,1
EEnum ePackage,1,1
EClass eTypeParameters,1,1,1,1,1
EClass eSuperTypes,1
EGenericType eTypeArguments,2
ETypeParameter eBounds,2,1
EReference eKeys,1
EClass ePackage,1,1,1,1,1,1,1,1,1,1,1
EOperation eContainingClass,1,1,1,1,1,1,1,1,1,1,1
EOperation eParameters,1,1,2
EAttribute eContainingClass,1,1,1,1,1,1,1,1,1,1,1,1,1,1,1,1,1,1,1,1,1,1
EReference eOpposite,1,1
EPackage eClassifiers,14
EDataType ePackage,1
EGenericType eLowerBound,1,1
EAttribute eType,1
EClass eOperations,1,1,2,4,3
EParameter eOperation,1,1,1,1
EEnum eLiterals,6
EOperation eTypeParameters,1,1
EReference eType,1
EClass eStructuralFeatures,3,2,4,5,3,1,7,17,4,2,2
EGenericType eClassifier,1
EEnumLiteral eEnum,1,1,1,1,1,1
Node Type
EAttribute,EClass,EDataType,EParameter,EGenericType,EOperation,EEnumLiteral,EEnum,EReference,ETypeParameter,EPackage
0.22000000000000006,0.10999999999999999,0.01,0.04,0.07,0.10999999999999999,0.060000000000000005,0.02,0.2800000000000001,0.07,0.01
Edge Type
eSuperPackage,eOperation,eUpperBound,eTypeParameter,eSubpackages,eType,eSuperTypes,eParameters,eOpposite,eKeys,eTypeArguments,eModelElement,eAnnotations,ePackage,eLowerBound,eLiterals,details,eStructuralFeatures,eClassifier,eClassifiers,eTypeParameters,eContainingClass,eBounds,eEnum,eOperations,eExceptions
0.0,0.020942408376963352,0.0,0.0,0.0,0.010471204188481676,0.005235602094240838,0.020942408376963352,0.010471204188481676,0.005235602094240838,0.010471204188481676,0.0,0.0,0.07329842931937172,0.010471204188481676,0.031413612565445025,0.0,0.2617801047120419,0.005235602094240838,0.07329842931937172,0.03664921465968586,0.3193717277486911,0.015706806282722512,0.031413612565445025,0.05759162303664921,0.0
violations,2
