Meta Mode,ecore
Number of Edge types,26
Number Of Nodes,100
State Id,60_1
OutDegreeValue,0,1,2,3,4,5,6,7,11,12,13
OutDegreeCount,13,56,14,5,1,2,2,4,1,1,1
NAValue,1,2,3,4,5,6,7
NACount,14,50,17,10,3,4,2
MPCValue,0.00000,0.46222,0.52000,0.64735,0.65000,0.66444,0.68640,0.69333,0.70056,0.71769,0.75111,0.76308,0.77037,0.78000,0.78769,0.79074,0.83200,0.87750
MPCCount,14,1,49,2,1,1,1,16,1,1,4,1,1,2,1,1,2,1
Typed Out Degree
EReference eContainingClass,1,1,1,1,1,1,1,1,1,1,1,1,1,1,1,1,1,1,1,1,1,1,1,1,1,1,1,1
EEnum ePackage,1
EClass eTypeParameters,1,1,1,1,2,1,1
EPackage eSuperPackage,1,1,1
ETypeParameter eBounds,1,1,2
EReference eKeys,1,1
EClass ePackage,1,1,1,1,1,1,1,1,1,1,1,1,1
EOperation eContainingClass,1,1,1,1,1,1,1
EOperation eParameters,2,1
EAttribute eContainingClass,1,1,1,1,1,1,1,1,1,1,1,1,1,1,1,1,1,1,1,1,1
EPackage eSubpackages,1,2
EReference eOpposite,1,1,1,1
EPackage eClassifiers,4,10,1
EDataType ePackage,1
EGenericType eLowerBound,1,1
EAttribute eType,1
EClass eOperations,1,1,1,1,1,2
EParameter eOperation,1,1,1
EEnum eLiterals,4
EOperation eTypeParameters,2,1,1
EReference eType,1
EClass eStructuralFeatures,3,2,4,8,1,3,2,9,6,1,1,3,6
EGenericType eClassifier,1
EEnumLiteral eEnum,1,1,1,1
Node Type
EAttribute,EClass,EDataType,EParameter,EGenericType,EEnumLiteral,EOperation,EEnum,EReference,EPackage,ETypeParameter
0.21000000000000005,0.12999999999999998,0.01,0.03,0.060000000000000005,0.04,0.07,0.01,0.2800000000000001,0.04,0.11999999999999998
Edge Type
eSuperPackage,eOperation,eUpperBound,eTypeParameter,eSubpackages,eType,eSuperTypes,eParameters,eOpposite,eKeys,eTypeArguments,eModelElement,eAnnotations,ePackage,eLowerBound,eLiterals,details,eStructuralFeatures,eClassifier,eClassifiers,eTypeParameters,eContainingClass,eBounds,eEnum,eOperations,eExceptions
0.015873015873015872,0.015873015873015872,0.0,0.0,0.015873015873015872,0.010582010582010581,0.0,0.015873015873015872,0.021164021164021163,0.010582010582010581,0.0,0.0,0.0,0.07936507936507936,0.010582010582010581,0.021164021164021163,0.0,0.25925925925925924,0.005291005291005291,0.07936507936507936,0.06349206349206349,0.2962962962962963,0.021164021164021163,0.021164021164021163,0.037037037037037035,0.0
violations,4
