Meta Mode,ecore
Number of Edge types,26
Number Of Nodes,100
State Id,61_1
OutDegreeValue,0,1,2,3,4,5,6,7,8,9,10,13
OutDegreeCount,18,62,4,3,3,1,1,2,3,1,1,1
NAValue,1,2,3,4,5,6
NACount,18,65,3,4,8,2
MPCValue,0.00000,0.39000,0.46222,0.52000,0.63375,0.67654,0.68640,0.69333,0.71385,0.71500,0.74131,0.74286,0.75111,0.78531,0.79074,0.80653,0.82173,0.83200
MPCCount,18,1,1,63,1,1,1,3,2,1,1,1,1,1,1,1,1,1
Typed Out Degree
EReference eContainingClass,1,1,1,1,1,1,1,1,1,1,1,1,1,1,1,1,1,1,1,1,1,1,1,1,1,1,1
EEnum ePackage,1,1
EClass eTypeParameters,3,2,1,1,3
EGenericType eUpperBound,1,1,1,1
EEnum eTypeParameters,1,2
ETypeParameter eBounds,1,2,1,3
EClass ePackage,1,1,1,1,1,1,1,1,1,1
EOperation eContainingClass,1,1
EOperation eParameters,2,2
EAttribute eContainingClass,1,1,1,1,1,1,1,1,1,1,1,1,1,1,1,1,1,1,1
EPackage eClassifiers,13
EDataType ePackage,1
EGenericType eLowerBound,1,1,1
EAttribute eType,1,1
EClass eOperations,1,1
EParameter eOperation,1,1,1,1
EEnum eLiterals,1,5
EOperation eTypeParameters,1
EClass eStructuralFeatures,6,3,4,7,5,4,5,3,2,7
EEnumLiteral eEnum,1,1,1,1,1,1
Node Type
EClass,EAttribute,EDataType,EParameter,EGenericType,EEnumLiteral,EOperation,EEnum,EReference,ETypeParameter,EPackage
0.09999999999999999,0.19000000000000003,0.01,0.04,0.13999999999999999,0.060000000000000005,0.02,0.02,0.2700000000000001,0.13999999999999999,0.01
Edge Type
eSuperPackage,eOperation,eUpperBound,eTypeParameter,eSubpackages,eType,eSuperTypes,eParameters,eOpposite,eKeys,eTypeArguments,eModelElement,eAnnotations,ePackage,eLowerBound,eLiterals,details,eStructuralFeatures,eClassifier,eClassifiers,eTypeParameters,eContainingClass,eBounds,eEnum,eOperations,eExceptions
0.0,0.023255813953488372,0.023255813953488372,0.0,0.0,0.011627906976744186,0.0,0.023255813953488372,0.0,0.0,0.0,0.0,0.0,0.0755813953488372,0.01744186046511628,0.03488372093023256,0.0,0.26744186046511625,0.0,0.0755813953488372,0.08139534883720931,0.27906976744186046,0.040697674418604654,0.03488372093023256,0.011627906976744186,0.0
violations,0
