Meta Mode,ecore
Number of Edge types,26
Number Of Nodes,100
State Id,62_1
OutDegreeValue,0,1,2,3,4,5,6,11,13
OutDegreeCount,7,64,11,3,4,2,6,1,2
NAValue,1,2,3,4,5,6
NACount,7,62,8,15,4,4
MPCValue,0.00000,0.52000,0.59385,0.62769,0.65000,0.66444,0.67471,0.68640,0.69333,0.71500,0.73917,0.75111,0.78000,0.79074,0.80653,0.81120,0.84500
MPCCount,7,62,1,1,1,1,1,1,7,3,2,2,7,1,1,1,1
Typed Out Degree
EReference eContainingClass,1,1,1,1,1,1,1,1,1,1,1,1,1,1,1,1,1,1,1,1,1,1,1,1,1,1,1,1
EEnum ePackage,1,1
EClass eTypeParameters,1,1,1,1,1
EGenericType eUpperBound,1,1
EPackage eSuperPackage,1,1,1
EClass eSuperTypes,1
EGenericType eTypeArguments,1
ETypeParameter eBounds,1
EClass ePackage,1,1,1,1,1,1,1,1,1,1,1,1,1,1,1,1,1,1,1,1
EDataType eTypeParameters,1
EOperation eContainingClass,1,1
EAttribute eContainingClass,1,1,1,1,1,1,1,1,1,1,1,1,1,1,1,1,1,1,1,1,1,1,1,1,1
EPackage eSubpackages,1,1,1
EReference eOpposite,1,1
EPackage eClassifiers,4,12,3,9
EDataType ePackage,1,1,1,1,1,1
EGenericType eLowerBound,1,1
EAttribute eType,1
EClass eOperations,1,1
EEnum eLiterals,1
EReference eType,1,1,1
EClass eStructuralFeatures,5,4,3,3,4,4,2,1,4,2,3,1,1,3,11,2
EGenericType eClassifier,1
EEnumLiteral eEnum,1
Node Type
EClass,EAttribute,EDataType,EGenericType,EEnumLiteral,EOperation,EEnum,EReference,ETypeParameter,EPackage
0.20000000000000004,0.25000000000000006,0.060000000000000005,0.060000000000000005,0.01,0.02,0.02,0.2800000000000001,0.060000000000000005,0.04
Edge Type
eSuperPackage,eOperation,eUpperBound,eTypeParameter,eSubpackages,eType,eSuperTypes,eParameters,eOpposite,eKeys,eTypeArguments,eModelElement,eAnnotations,ePackage,eLowerBound,eLiterals,details,eStructuralFeatures,eClassifier,eClassifiers,eTypeParameters,eContainingClass,eBounds,eEnum,eOperations,eExceptions
0.015463917525773196,0.0,0.010309278350515464,0.0,0.015463917525773196,0.020618556701030927,0.005154639175257732,0.0,0.010309278350515464,0.0,0.005154639175257732,0.0,0.0,0.14432989690721648,0.010309278350515464,0.005154639175257732,0.0,0.27319587628865977,0.005154639175257732,0.14432989690721648,0.030927835051546393,0.28350515463917525,0.005154639175257732,0.005154639175257732,0.010309278350515464,0.0
violations,2
