Meta Mode,ecore
Number of Edge types,26
Number Of Nodes,100
State Id,63_1
OutDegreeValue,0,1,2,3,4,5,6,7,9,11,12,13
OutDegreeCount,17,59,11,2,2,1,1,2,1,1,1,2
NAValue,1,2,3,4,5,6,7
NACount,17,57,15,2,6,2,1
MPCValue,0.00000,0.46222,0.52000,0.64735,0.65000,0.65088,0.65538,0.69333,0.70382,0.71972,0.77037,0.80653,0.80889,0.83200,0.85950
MPCCount,17,2,55,2,1,1,1,14,1,1,1,1,1,1,1
Typed Out Degree
EGenericType eTypeParameter,1
EClass eTypeParameters,1,1,2,1,1
EGenericType eTypeArguments,1,1
EReference eKeys,1,1
EDataType eTypeParameters,1
EOperation eContainingClass,1,1,1,1,1,1
EAttribute eContainingClass,1,1,1,1,1,1,1,1,1,1,1,1,1,1,1,1,1,1,1,1,1,1
EReference eOpposite,1,1
EPackage eClassifiers,13
EDataType ePackage,1,1,1
EAttribute eType,1
EEnum eLiterals,6,1
EOperation eTypeParameters,2,2,1
EClass eStructuralFeatures,10,8,6,6,2,3,9
EEnumLiteral eEnum,1,1,1,1,1,1,1
EReference eContainingClass,1,1,1,1,1,1,1,1,1,1,1,1,1,1,1,1,1,1,1,1,1,1
EEnum ePackage,1,1
EGenericType eUpperBound,1,1
EEnum eTypeParameters,1
ETypeParameter eBounds,1,1,1,2,2
EClass ePackage,1,1,1,1,1,1,1,1
EOperation eParameters,1,2
EGenericType eLowerBound,1,1
EClass eOperations,2,2,1,1
EParameter eOperation,1,1,1
Node Type
EClass,EAttribute,EDataType,EParameter,EGenericType,EOperation,EEnumLiteral,EEnum,EReference,EPackage,ETypeParameter
0.08,0.22000000000000006,0.03,0.03,0.12999999999999998,0.060000000000000005,0.07,0.02,0.22000000000000006,0.01,0.12999999999999998
Edge Type
eSuperPackage,eOperation,eUpperBound,eTypeParameter,eSubpackages,eType,eSuperTypes,eParameters,eOpposite,eKeys,eTypeArguments,eModelElement,eAnnotations,ePackage,eLowerBound,eLiterals,details,eStructuralFeatures,eClassifier,eClassifiers,eTypeParameters,eContainingClass,eBounds,eEnum,eOperations,eExceptions
0.0,0.016853932584269662,0.011235955056179775,0.0056179775280898875,0.0,0.0056179775280898875,0.0,0.016853932584269662,0.011235955056179775,0.011235955056179775,0.011235955056179775,0.0,0.0,0.07303370786516854,0.011235955056179775,0.03932584269662921,0.0,0.24719101123595505,0.0,0.07303370786516854,0.07303370786516854,0.2808988764044944,0.03932584269662921,0.03932584269662921,0.033707865168539325,0.0
violations,2
