Meta Mode,ecore
Number of Edge types,26
Number Of Nodes,100
State Id,64_1
OutDegreeValue,0,1,2,3,4,5,7,10,11,16
OutDegreeCount,17,60,11,2,1,1,3,1,3,1
NAValue,1,2,3,4,5,6,7
NACount,17,62,10,2,5,3,1
MPCValue,0.00000,0.39000,0.46222,0.52000,0.58240,0.64091,0.68862,0.69333,0.70041,0.71385,0.71426,0.76960,0.78000,0.79074,0.83200
MPCCount,17,1,2,59,1,1,2,9,1,1,1,1,2,1,1
Typed Out Degree
EClass eTypeParameters,2,1,1
EGenericType eTypeArguments,1,1
EReference eKeys,1,1
EDataType eTypeParameters,3
EOperation eContainingClass,1,1,1,1,1,1
EAttribute eContainingClass,1,1,1,1,1,1,1,1,1,1,1,1,1,1,1,1,1,1,1,1,1,1
EPackage eClassifiers,11
EDataType ePackage,1,1
EAttribute eType,1
EOperation eExceptions,1
EEnum eLiterals,2
EOperation eTypeParameters,1
EClass eStructuralFeatures,11,10,8,3,8,5,5
EGenericType eClassifier,1
EEnumLiteral eEnum,1,1
EReference eContainingClass,1,1,1,1,1,1,1,1,1,1,1,1,1,1,1,1,1,1,1,1,1,1,1,1,1,1,1,1
EEnum ePackage,1,1
EGenericType eUpperBound,1,1
EEnum eTypeParameters,4
ETypeParameter eBounds,2,3,2,1
EClass ePackage,1,1,1,1,1,1,1
EOperation eParameters,1,1,1
EGenericType eLowerBound,1,1,1
EClass eOperations,2,1,1,1,1
EParameter eOperation,1,1,1
EReference eType,1
Node Type
EClass,EAttribute,EDataType,EParameter,EGenericType,EOperation,EEnumLiteral,EEnum,EReference,ETypeParameter,EPackage
0.07,0.22000000000000006,0.02,0.03,0.15,0.060000000000000005,0.02,0.02,0.2800000000000001,0.11999999999999998,0.01
Edge Type
eSuperPackage,eOperation,eUpperBound,eTypeParameter,eSubpackages,eType,eSuperTypes,eParameters,eOpposite,eKeys,eTypeArguments,eModelElement,eAnnotations,ePackage,eLowerBound,eLiterals,details,eStructuralFeatures,eClassifier,eClassifiers,eTypeParameters,eContainingClass,eBounds,eEnum,eOperations,eExceptions
0.0,0.01694915254237288,0.011299435028248588,0.0,0.0,0.011299435028248588,0.0,0.01694915254237288,0.0,0.011299435028248588,0.011299435028248588,0.0,0.0,0.062146892655367235,0.01694915254237288,0.011299435028248588,0.0,0.2824858757062147,0.005649717514124294,0.062146892655367235,0.06779661016949153,0.3163841807909605,0.04519774011299435,0.011299435028248588,0.03389830508474576,0.005649717514124294
violations,0
