Meta Mode,ecore
Number of Edge types,26
Number Of Nodes,100
State Id,65_1
OutDegreeValue,0,1,2,3,4,5,6,7,8,13,17
OutDegreeCount,14,67,6,4,1,1,1,2,1,1,2
NAValue,1,2,3,4,5,6,7
NACount,16,66,5,3,7,2,1
MPCValue,0.00000,0.33280,0.39000,0.52000,0.66219,0.68250,0.69333,0.70041,0.70479,0.73917,0.78000,0.82173,0.83200
MPCCount,16,1,1,64,1,1,5,2,1,1,3,1,3
Typed Out Degree
EGenericType eTypeParameter,1
EClass eTypeParameters,2,1,1,1
EGenericType eTypeArguments,1,3,1
EReference eKeys,1
EDataType eTypeParameters,1
EOperation eContainingClass,1,1,1,1,1,1,1,1
EAttribute eContainingClass,1,1,1,1,1,1,1,1,1,1,1,1,1,1,1,1,1,1,1,1,1
EPackage eClassifiers,13
EDataType ePackage,1,1
EEnum eLiterals,1,4
EOperation eTypeParameters,1
EClass eStructuralFeatures,1,5,6,13,2,12,5
EGenericType eClassifier,1
EEnumLiteral eEnum,1,1,1,1,1
EReference eContainingClass,1,1,1,1,1,1,1,1,1,1,1,1,1,1,1,1,1,1,1,1,1,1,1
EEnum ePackage,1,1,1
EGenericType eUpperBound,1,1,1,1,1
EEnum eTypeParameters,1
EClass eSuperTypes,1
ETypeParameter eBounds,1,4,1
EClass ePackage,1,1,1,1,1,1,1,1
EOperation eParameters,1,1
EGenericType eLowerBound,1,1,1
EClass eOperations,1,1,1,1,1,2,1
EParameter eOperation,1,1
Node Type
EClass,EAttribute,EDataType,EParameter,EGenericType,EOperation,EEnumLiteral,EEnum,EReference,ETypeParameter,EPackage
0.08,0.21000000000000005,0.02,0.02,0.19000000000000003,0.08,0.05,0.03,0.23000000000000007,0.08,0.01
Edge Type
eSuperPackage,eOperation,eUpperBound,eTypeParameter,eSubpackages,eType,eSuperTypes,eParameters,eOpposite,eKeys,eTypeArguments,eModelElement,eAnnotations,ePackage,eLowerBound,eLiterals,details,eStructuralFeatures,eClassifier,eClassifiers,eTypeParameters,eContainingClass,eBounds,eEnum,eOperations,eExceptions
0.0,0.011428571428571429,0.02857142857142857,0.005714285714285714,0.0,0.0,0.005714285714285714,0.011428571428571429,0.0,0.005714285714285714,0.02857142857142857,0.0,0.0,0.07428571428571429,0.017142857142857144,0.02857142857142857,0.0,0.25142857142857145,0.005714285714285714,0.07428571428571429,0.045714285714285714,0.29714285714285715,0.03428571428571429,0.02857142857142857,0.045714285714285714,0.0
violations,1
