Meta Mode,ecore
Number of Edge types,26
Number Of Nodes,100
State Id,66_1
OutDegreeValue,0,1,2,3,5,6,9,10,11,12,18
OutDegreeCount,11,59,18,2,3,1,1,2,1,1,1
NAValue,1,2,3,4,5,6
NACount,12,56,16,6,2,8
MPCValue,0.00000,0.46222,0.52000,0.58240,0.59944,0.65000,0.66260,0.67629,0.69333,0.70975,0.73175,0.73751,0.76556,0.78000,0.79074,0.82173,0.84500,0.86667
MPCCount,12,2,54,1,1,1,1,1,14,1,1,1,1,5,1,1,1,1
Typed Out Degree
EGenericType eTypeParameter,1
EClass eTypeParameters,1,1,1,1,1
EPackage eSuperPackage,1
EGenericType eTypeArguments,1,1,2
EReference eKeys,1,1,1
EDataType eTypeParameters,1
EOperation eContainingClass,1,1,1,1,1,1,1,1
EAttribute eContainingClass,1,1,1,1,1,1,1,1,1,1,1,1,1,1,1,1,1,1,1
EReference eOpposite,1,1,1,1
EPackage eClassifiers,11,1
EDataType ePackage,1
EOperation eExceptions,1,1,1
EEnum eLiterals,4
EOperation eTypeParameters,1,1,1
EClass eStructuralFeatures,1,7,1,8,2,9,12,6,3
EGenericType eClassifier,1
EEnumLiteral eEnum,1,1,1,1
EReference eContainingClass,1,1,1,1,1,1,1,1,1,1,1,1,1,1,1,1,1,1,1,1,1,1,1,1,1,1,1,1,1,1
EEnum ePackage,1
EGenericType eUpperBound,1
EClass eSuperTypes,2
ETypeParameter eBounds,2,1,1
EClass ePackage,1,1,1,1,1,1,1,1,1,1
EOperation eParameters,1,2
EPackage eSubpackages,1
EGenericType eLowerBound,1,1,1,1
EClass eOperations,1,1,3,2,1
EParameter eOperation,1,1,1
EReference eType,1,1
Node Type
EAttribute,EClass,EDataType,EParameter,EGenericType,EEnumLiteral,EOperation,EEnum,EReference,ETypeParameter,EPackage
0.19000000000000003,0.09999999999999999,0.01,0.03,0.12999999999999998,0.04,0.08,0.01,0.3000000000000001,0.09,0.02
Edge Type
eSuperPackage,eOperation,eUpperBound,eTypeParameter,eSubpackages,eType,eSuperTypes,eParameters,eOpposite,eKeys,eTypeArguments,eModelElement,eAnnotations,ePackage,eLowerBound,eLiterals,details,eStructuralFeatures,eClassifier,eClassifiers,eTypeParameters,eContainingClass,eBounds,eEnum,eOperations,eExceptions
0.005208333333333333,0.015625,0.005208333333333333,0.005208333333333333,0.005208333333333333,0.010416666666666666,0.010416666666666666,0.015625,0.020833333333333332,0.015625,0.020833333333333332,0.0,0.0,0.0625,0.020833333333333332,0.020833333333333332,0.0,0.2552083333333333,0.005208333333333333,0.0625,0.046875,0.296875,0.020833333333333332,0.020833333333333332,0.041666666666666664,0.015625
violations,5
