Meta Mode,ecore
Number of Edge types,26
Number Of Nodes,100
State Id,67_1
OutDegreeValue,0,1,2,3,4,5,8,11,15
OutDegreeCount,15,59,13,3,1,2,3,3,1
NAValue,1,2,3,4,5,6,7,8
NACount,15,59,12,6,4,2,1,1
MPCValue,0.00000,0.46222,0.52000,0.60595,0.68640,0.69333,0.69564,0.75111,0.75937,0.76055,0.78000,0.80653
MPCCount,15,3,56,1,1,15,1,3,1,1,2,1
Typed Out Degree
EClass eTypeParameters,1,1,3,1,1
EPackage eSuperPackage,1,1,1
EGenericType eTypeArguments,1,1,1
EReference eKeys,1
EDataType eTypeParameters,1
EOperation eContainingClass,1,1,1,1
EAttribute eContainingClass,1,1,1,1,1,1,1,1,1,1,1,1,1,1,1,1,1,1,1,1,1
EReference eOpposite,1,1
EPackage eClassifiers,10,1,1
EDataType ePackage,1
EOperation eExceptions,1
EEnum eLiterals,2,4
EOperation eTypeParameters,1
EClass eStructuralFeatures,6,7,2,6,4,6,11,6
EEnumLiteral eEnum,1,1,1,1,1,1
EReference eContainingClass,1,1,1,1,1,1,1,1,1,1,1,1,1,1,1,1,1,1,1,1,1,1,1,1,1,1,1
EEnum ePackage,1,1
EGenericType eUpperBound,1,1,1,1,1
EEnum eTypeParameters,1
EClass eSuperTypes,1,1
ETypeParameter eBounds,2,2,1
EClass ePackage,1,1,1,1,1,1,1,1,1
EOperation eParameters,1
EPackage eSubpackages,1,1,1
EGenericType eLowerBound,1,1
EClass eOperations,1,1,2
EParameter eOperation,1
EReference eType,1
Node Type
EClass,EAttribute,EDataType,EParameter,EGenericType,EOperation,EEnumLiteral,EEnum,EReference,EPackage,ETypeParameter
0.09,0.21000000000000005,0.01,0.01,0.15,0.04,0.060000000000000005,0.02,0.2700000000000001,0.04,0.09999999999999999
Edge Type
eSuperPackage,eOperation,eUpperBound,eTypeParameter,eSubpackages,eType,eSuperTypes,eParameters,eOpposite,eKeys,eTypeArguments,eModelElement,eAnnotations,ePackage,eLowerBound,eLiterals,details,eStructuralFeatures,eClassifier,eClassifiers,eTypeParameters,eContainingClass,eBounds,eEnum,eOperations,eExceptions
0.016666666666666666,0.005555555555555556,0.027777777777777776,0.0,0.016666666666666666,0.005555555555555556,0.011111111111111112,0.005555555555555556,0.011111111111111112,0.005555555555555556,0.016666666666666666,0.0,0.0,0.06666666666666667,0.011111111111111112,0.03333333333333333,0.0,0.26666666666666666,0.0,0.06666666666666667,0.05555555555555555,0.28888888888888886,0.027777777777777776,0.03333333333333333,0.022222222222222223,0.005555555555555556
violations,2
