Meta Mode,ecore
Number of Edge types,26
Number Of Nodes,100
State Id,68_1
OutDegreeValue,0,1,2,3,4,5,6,7,10,18
OutDegreeCount,11,64,8,2,2,3,4,4,1,1
NAValue,1,2,3,4,5,6,7
NACount,11,62,9,6,8,3,1
MPCValue,0.00000,0.52000,0.57457,0.64735,0.66260,0.68640,0.69333,0.70041,0.73917,0.75111,0.75347,0.78000,0.79074,0.80653,0.80889,0.82333,0.83200
MPCCount,11,62,1,1,1,3,9,1,1,1,2,1,1,2,1,1,1
Typed Out Degree
EReference eContainingClass,1,1,1,1,1,1,1,1,1,1,1,1,1,1,1,1,1,1,1,1,1,1,1,1,1,1,1,1,1,1,1
EEnum ePackage,1
EClass eTypeParameters,1,1,1,1,1,1,1
EEnum eTypeParameters,1
EPackage eSuperPackage,1
ETypeParameter eBounds,1,1,1
EReference eKeys,1
EClass ePackage,1,1,1,1,1,1,1,1,1,1,1,1,1,1,1
EOperation eContainingClass,1,1,1,1,1,1,1,1
EOperation eParameters,1
EAttribute eContainingClass,1,1,1,1,1,1,1,1,1,1,1,1,1,1,1,1,1,1,1,1,1
EPackage eSubpackages,1
EReference eOpposite,1
EPackage eClassifiers,1,17
EDataType ePackage,1,1
EAttribute eType,1
EClass eOperations,1,1,2,1,2,1
EParameter eOperation,1
EEnum eLiterals,5
EOperation eTypeParameters,1,1,1
EReference eType,1,1
EClass eStructuralFeatures,2,5,1,4,4,8,4,3,3,4,5,6,3
EEnumLiteral eEnum,1,1,1,1,1
Node Type
EAttribute,EClass,EDataType,EParameter,EGenericType,EEnumLiteral,EOperation,EEnum,EReference,EPackage,ETypeParameter
0.21000000000000005,0.15,0.02,0.01,0.03,0.05,0.08,0.01,0.3100000000000001,0.02,0.10999999999999999
Edge Type
eSuperPackage,eOperation,eUpperBound,eTypeParameter,eSubpackages,eType,eSuperTypes,eParameters,eOpposite,eKeys,eTypeArguments,eModelElement,eAnnotations,ePackage,eLowerBound,eLiterals,details,eStructuralFeatures,eClassifier,eClassifiers,eTypeParameters,eContainingClass,eBounds,eEnum,eOperations,eExceptions
0.005291005291005291,0.005291005291005291,0.0,0.0,0.005291005291005291,0.015873015873015872,0.0,0.005291005291005291,0.005291005291005291,0.005291005291005291,0.0,0.0,0.0,0.09523809523809523,0.0,0.026455026455026454,0.0,0.2751322751322751,0.0,0.09523809523809523,0.0582010582010582,0.31746031746031744,0.015873015873015872,0.026455026455026454,0.042328042328042326,0.0
violations,1
