Meta Mode,ecore
Number of Edge types,26
Number Of Nodes,100
State Id,69_1
OutDegreeValue,0,1,2,3,4,5,6,9,10,12,16
OutDegreeCount,14,59,9,4,3,4,2,1,2,1,1
NAValue,1,2,3,4,5,6,7
NACount,14,56,12,6,5,6,1
MPCValue,0.00000,0.52000,0.58094,0.65000,0.67901,0.69333,0.70294,0.71500,0.71972,0.72163,0.73917,0.75111,0.76308,0.77037,0.78000,0.80653,0.83200,0.84500,0.87750
MPCCount,14,56,1,2,1,10,1,1,1,1,1,2,1,1,3,1,1,1,1
Typed Out Degree
EReference eContainingClass,1,1,1,1,1,1,1,1,1,1,1,1,1,1,1,1,1,1,1,1,1,1,1,1,1,1,1,1
EEnum ePackage,1,1,1
EClass eTypeParameters,1,1,1,1,1,2,1,1
EEnum eTypeParameters,1
EPackage eSuperPackage,1,1
EClass eSuperTypes,2,1
ETypeParameter eBounds,1,1,1
EReference eKeys,1,1
EClass ePackage,1,1,1,1,1,1,1,1,1,1,1,1,1
EDataType eTypeParameters,1
EOperation eContainingClass,1,1,1,1,1,1
EOperation eParameters,2,1
EAttribute eContainingClass,1,1,1,1,1,1,1,1,1,1,1,1,1,1,1,1,1,1,1,1,1,1,1
EPackage eSubpackages,1,1
EReference eOpposite,1,1
EPackage eClassifiers,2,15
EDataType ePackage,1
EAttribute eType,1,1
EClass eOperations,1,1,1,1,1,1
EParameter eOperation,1,1,1
EEnum eLiterals,3
EOperation eTypeParameters,2,1
EClass eStructuralFeatures,4,2,2,4,1,6,1,4,7,3,9,8
EEnumLiteral eEnum,1,1,1
Node Type
EAttribute,EClass,EDataType,EParameter,EGenericType,EOperation,EEnumLiteral,EEnum,EReference,EPackage,ETypeParameter
0.23000000000000007,0.12999999999999998,0.01,0.03,0.03,0.060000000000000005,0.03,0.03,0.2800000000000001,0.03,0.13999999999999999
Edge Type
eSuperPackage,eOperation,eUpperBound,eTypeParameter,eSubpackages,eType,eSuperTypes,eParameters,eOpposite,eKeys,eTypeArguments,eModelElement,eAnnotations,ePackage,eLowerBound,eLiterals,details,eStructuralFeatures,eClassifier,eClassifiers,eTypeParameters,eContainingClass,eBounds,eEnum,eOperations,eExceptions
0.010526315789473684,0.015789473684210527,0.0,0.0,0.010526315789473684,0.010526315789473684,0.015789473684210527,0.015789473684210527,0.010526315789473684,0.010526315789473684,0.0,0.0,0.0,0.08947368421052632,0.0,0.015789473684210527,0.0,0.26842105263157895,0.0,0.08947368421052632,0.07368421052631578,0.3,0.015789473684210527,0.015789473684210527,0.031578947368421054,0.0
violations,1
