Meta Mode,ecore
Number of Edge types,26
Number Of Nodes,100
State Id,6_1
OutDegreeValue,0,1,2,3,4,5,6,7,8,9,11,16
OutDegreeCount,18,57,11,2,1,2,2,2,1,1,1,2
NAValue,1,2,3,4,5,6,7
NACount,17,55,13,6,3,4,2
MPCValue,0.00000,0.46222,0.52000,0.58094,0.58240,0.64735,0.65000,0.66444,0.67654,0.68331,0.69333,0.70240,0.76408,0.77037,0.78000,0.82462,0.82512,0.87360
MPCCount,17,1,54,1,1,1,1,1,1,1,11,1,1,1,4,1,1,1
Typed Out Degree
EGenericType eTypeParameter,1
EClass eTypeParameters,1,2,2,3,1,1,1,1
EPackage eSuperPackage,1
EDataType eTypeParameters,3
EOperation eContainingClass,1,1,1
EAttribute eContainingClass,1,1,1,1,1,1,1,1,1,1,1,1,1,1,1,1,1,1,1
EReference eOpposite,1,1,1,1,1
EPackage eClassifiers,15
EDataType ePackage,1,1
EAttribute eType,1
EOperation eExceptions,1
EEnum eLiterals,5,1
EOperation eTypeParameters,3
EClass eStructuralFeatures,7,6,11,2,3,2,4,9,3
EEnumLiteral eEnum,1,1,1,1,1,1
EReference eContainingClass,1,1,1,1,1,1,1,1,1,1,1,1,1,1,1,1,1,1,1,1,1,1,1,1,1,1,1,1
EEnum ePackage,1,1,1
EGenericType eUpperBound,1,1
EClass eSuperTypes,1,1,1
ETypeParameter eBounds,1,1,1
EClass ePackage,1,1,1,1,1,1,1,1,1,1
EOperation eParameters,1,1
EPackage eSubpackages,1
EGenericType eLowerBound,1,1
EClass eOperations,1,2
EParameter eOperation,1,1
EReference eType,1
Node Type
EClass,EAttribute,EDataType,EParameter,EGenericType,EOperation,EEnumLiteral,EEnum,EReference,EPackage,ETypeParameter
0.09999999999999999,0.19000000000000003,0.02,0.02,0.07,0.03,0.060000000000000005,0.03,0.2800000000000001,0.02,0.18000000000000002
Edge Type
eSuperPackage,eOperation,eUpperBound,eTypeParameter,eSubpackages,eType,eSuperTypes,eParameters,eOpposite,eKeys,eTypeArguments,eModelElement,eAnnotations,ePackage,eLowerBound,eLiterals,details,eStructuralFeatures,eClassifier,eClassifiers,eTypeParameters,eContainingClass,eBounds,eEnum,eOperations,eExceptions
0.005405405405405406,0.010810810810810811,0.010810810810810811,0.005405405405405406,0.005405405405405406,0.010810810810810811,0.016216216216216217,0.010810810810810811,0.02702702702702703,0.0,0.0,0.0,0.0,0.08108108108108109,0.010810810810810811,0.032432432432432434,0.0,0.25405405405405407,0.0,0.08108108108108109,0.0972972972972973,0.2702702702702703,0.016216216216216217,0.032432432432432434,0.016216216216216217,0.005405405405405406
violations,5
