Meta Mode,ecore
Number of Edge types,26
Number Of Nodes,100
State Id,70_1
OutDegreeValue,0,1,2,3,4,5,6,11,14,15,17
OutDegreeCount,14,56,15,5,2,2,2,1,1,1,1
NAValue,1,2,3,4,5,6,7
NACount,14,53,14,12,3,2,2
MPCValue,0.00000,0.52000,0.58471,0.64463,0.65000,0.66444,0.68184,0.68640,0.69333,0.70479,0.71500,0.75111,0.76960,0.78000,0.82512,0.83200,0.84898
MPCCount,14,53,1,1,1,1,1,1,13,1,1,1,1,6,1,2,1
Typed Out Degree
EClass eTypeParameters,2,2,2,1
EPackage eSuperPackage,1,1,1
EGenericType eTypeArguments,1
EReference eKeys,1,1,1,1
EDataType eTypeParameters,1
EOperation eContainingClass,1,1,1,1,1
EAttribute eContainingClass,1,1,1,1,1,1,1,1,1,1,1,1,1,1,1,1,1,1,1,1,1
EReference eOpposite,1
EPackage eClassifiers,3,14
EDataType ePackage,1,1,1,1,1
EAttribute eType,1,1,1
EEnum eLiterals,1,3
EOperation eTypeParameters,1,2,1,1
EClass eStructuralFeatures,3,5,9,12,1,2,11,4
EEnumLiteral eEnum,1,1,1,1
EReference eContainingClass,1,1,1,1,1,1,1,1,1,1,1,1,1,1,1,1,1,1,1,1,1,1,1,1,1,1
EEnum ePackage,1,1
EGenericType eUpperBound,1
ETypeParameter eBounds,1,1,1,1,1
EClass ePackage,1,1,1,1,1,1,1,1,1,1
EOperation eParameters,1,1
EPackage eSubpackages,1,1,1
EGenericType eLowerBound,1
EClass eOperations,1,2,1,1
EParameter eOperation,1,1
EReference eType,1,1,1
Node Type
EAttribute,EClass,EDataType,EParameter,EGenericType,EEnumLiteral,EOperation,EEnum,EReference,ETypeParameter,EPackage
0.21000000000000005,0.09999999999999999,0.05,0.02,0.08,0.04,0.05,0.02,0.26000000000000006,0.12999999999999998,0.04
Edge Type
eSuperPackage,eOperation,eUpperBound,eTypeParameter,eSubpackages,eType,eSuperTypes,eParameters,eOpposite,eKeys,eTypeArguments,eModelElement,eAnnotations,ePackage,eLowerBound,eLiterals,details,eStructuralFeatures,eClassifier,eClassifiers,eTypeParameters,eContainingClass,eBounds,eEnum,eOperations,eExceptions
0.015957446808510637,0.010638297872340425,0.005319148936170213,0.0,0.015957446808510637,0.031914893617021274,0.0,0.010638297872340425,0.005319148936170213,0.02127659574468085,0.005319148936170213,0.0,0.0,0.09042553191489362,0.005319148936170213,0.02127659574468085,0.0,0.25,0.0,0.09042553191489362,0.06914893617021277,0.2765957446808511,0.026595744680851064,0.02127659574468085,0.026595744680851064,0.0
violations,1
