Meta Mode,ecore
Number of Edge types,26
Number Of Nodes,100
State Id,71_1
OutDegreeValue,0,1,2,3,5,6,7,12,14,17
OutDegreeCount,11,61,13,5,3,1,2,2,1,1
NAValue,1,2,3,4,5,6,7
NACount,12,56,15,8,3,5,1
MPCValue,0.00000,0.52000,0.63232,0.65000,0.68640,0.69333,0.70993,0.72429,0.74880,0.75111,0.76375,0.78000,0.80889,0.83200,0.84500
MPCCount,12,56,1,1,2,14,1,1,1,2,1,4,1,2,1
Typed Out Degree
EReference eContainingClass,1,1,1,1,1,1,1,1,1,1,1,1,1,1,1,1,1,1,1,1,1,1,1,1,1,1,1,1
EEnum ePackage,1,1
EClass eTypeParameters,2,1,1,3
EGenericType eUpperBound,1,1
EGenericType eTypeArguments,1
ETypeParameter eBounds,1,1,1
EReference eKeys,1,1,1,1,1
EClass ePackage,1,1,1,1,1,1,1,1,1
EOperation eContainingClass,1,1,1,1,1,1,1
EOperation eParameters,1,1,1,2
EAttribute eContainingClass,1,1,1,1,1,1,1,1,1,1,1,1,1,1,1,1,1,1,1,1,1,1
EReference eOpposite,1,1,1
EPackage eClassifiers,12
EDataType ePackage,1
EGenericType eLowerBound,1,1,1
EAttribute eType,1
EClass eOperations,1,3,2,1
EParameter eOperation,1,1,1,1,1
EEnum eLiterals,2,4
EOperation eTypeParameters,1,1,1
EReference eType,1,1,1
EClass eStructuralFeatures,3,1,9,4,4,11,2,11,5
EEnumLiteral eEnum,1,1,1,1,1,1
EOperation eType,1
Node Type
EClass,EAttribute,EDataType,EParameter,EGenericType,EEnumLiteral,EOperation,EEnum,EReference,ETypeParameter,EPackage
0.09,0.22000000000000006,0.01,0.05,0.09,0.060000000000000005,0.07,0.02,0.2800000000000001,0.09999999999999999,0.01
Edge Type
eSuperPackage,eOperation,eUpperBound,eTypeParameter,eSubpackages,eType,eSuperTypes,eParameters,eOpposite,eKeys,eTypeArguments,eModelElement,eAnnotations,ePackage,eLowerBound,eLiterals,details,eStructuralFeatures,eClassifier,eClassifiers,eTypeParameters,eContainingClass,eBounds,eEnum,eOperations,eExceptions
0.0,0.026041666666666668,0.010416666666666666,0.0,0.0,0.026041666666666668,0.0,0.026041666666666668,0.015625,0.026041666666666668,0.005208333333333333,0.0,0.0,0.0625,0.015625,0.03125,0.0,0.2604166666666667,0.0,0.0625,0.052083333333333336,0.296875,0.015625,0.03125,0.036458333333333336,0.0
violations,2
