Meta Mode,ecore
Number of Edge types,26
Number Of Nodes,100
State Id,72_1
OutDegreeValue,0,1,2,3,4,6,7,8,10,13,14
OutDegreeCount,22,53,10,6,2,1,1,2,1,1,1
NAValue,1,2,3,4,5,6,7
NACount,24,57,8,6,3,1,1
MPCValue,0.00000,0.39000,0.46222,0.52000,0.63375,0.65000,0.66154,0.66444,0.69333,0.70041,0.71331,0.71500,0.75111,0.78000,0.83200
MPCCount,24,3,1,53,1,1,1,1,7,1,1,2,1,2,1
Typed Out Degree
EReference eContainingClass,1,1,1,1,1,1,1,1,1,1,1,1,1,1,1,1,1,1,1,1,1,1,1,1,1,1
EEnum ePackage,1
EClass eTypeParameters,1,2
EGenericType eUpperBound,1,1,1,1,1
EEnum eTypeParameters,4
EGenericType eTypeArguments,2,1,1,2,3
ETypeParameter eBounds,1,3,3
EReference eKeys,1
EClass ePackage,1,1,1,1,1,1,1,1
EDataType eTypeParameters,2
EOperation eContainingClass,1,1
EOperation eParameters,1,1
EAttribute eContainingClass,1,1,1,1,1,1,1,1,1,1,1,1,1,1,1,1,1,1,1,1
EPackage eClassifiers,10
EDataType ePackage,1
EGenericType eLowerBound,1,1,1,1,1,1
EClass eOperations,1,1
EParameter eOperation,1,1
EEnum eLiterals,3
EReference eType,1
EClass eStructuralFeatures,11,7,5,3,10,2,3,5
EEnumLiteral eEnum,1,1,1
EOperation eType,1
Node Type
EAttribute,EClass,EDataType,EParameter,EGenericType,EEnumLiteral,EOperation,EEnum,EReference,ETypeParameter,EPackage
0.20000000000000004,0.08,0.01,0.02,0.2700000000000001,0.03,0.02,0.01,0.26000000000000006,0.09,0.01
Edge Type
eSuperPackage,eOperation,eUpperBound,eTypeParameter,eSubpackages,eType,eSuperTypes,eParameters,eOpposite,eKeys,eTypeArguments,eModelElement,eAnnotations,ePackage,eLowerBound,eLiterals,details,eStructuralFeatures,eClassifier,eClassifiers,eTypeParameters,eContainingClass,eBounds,eEnum,eOperations,eExceptions
0.0,0.012121212121212121,0.030303030303030304,0.0,0.0,0.012121212121212121,0.0,0.012121212121212121,0.0,0.006060606060606061,0.05454545454545454,0.0,0.0,0.06060606060606061,0.03636363636363636,0.01818181818181818,0.0,0.2787878787878788,0.0,0.06060606060606061,0.05454545454545454,0.2909090909090909,0.04242424242424243,0.01818181818181818,0.012121212121212121,0.0
violations,0
