Meta Mode,ecore
Number of Edge types,26
Number Of Nodes,100
State Id,73_1
OutDegreeValue,0,1,2,4,5,7,9,10,12,15
OutDegreeCount,15,57,18,1,2,1,1,2,2,1
NAValue,1,2,3,4,5,6,7
NACount,15,57,15,4,3,3,3
MPCValue,0.00000,0.46222,0.52000,0.62272,0.67253,0.69333,0.70417,0.71500,0.74469,0.78000,0.79238,0.80889,0.81250,0.83200,0.84741
MPCCount,15,2,55,1,1,15,1,1,1,2,1,1,1,2,1
Typed Out Degree
EClass eTypeParameters,2,2,1,1
EGenericType eTypeArguments,1,1,1,2
EReference eKeys,1,1
EDataType eTypeParameters,1
EOperation eContainingClass,1,1,1,1,1,1,1,1
EAttribute eContainingClass,1,1,1,1,1,1,1,1,1,1,1,1,1,1,1,1,1,1,1,1,1,1
EReference eOpposite,1
EPackage eClassifiers,12
EDataType ePackage,1
EAttribute eType,1,1,1,1
EEnum eLiterals,2,1
EOperation eTypeParameters,2,1
EParameter eType,1
EClass eStructuralFeatures,6,3,12,8,9,3,5,1
EEnumLiteral eEnum,1,1,1
EReference eContainingClass,1,1,1,1,1,1,1,1,1,1,1,1,1,1,1,1,1,1,1,1,1,1,1,1,1
EEnum ePackage,1,1
EGenericType eUpperBound,1,1
EEnum eTypeParameters,2
EClass eSuperTypes,1
ETypeParameter eBounds,1,1,1,1,1,1
EClass ePackage,1,1,1,1,1,1,1,1,1
EOperation eParameters,2,1
EGenericType eLowerBound,1
EClass eOperations,1,1,1,1,1,3
EParameter eOperation,1,1,1
EReference eType,1
Node Type
EAttribute,EClass,EDataType,EParameter,EGenericType,EOperation,EEnumLiteral,EEnum,EReference,ETypeParameter,EPackage
0.22000000000000006,0.09,0.01,0.03,0.13999999999999999,0.08,0.03,0.02,0.25000000000000006,0.11999999999999998,0.01
Edge Type
eSuperPackage,eOperation,eUpperBound,eTypeParameter,eSubpackages,eType,eSuperTypes,eParameters,eOpposite,eKeys,eTypeArguments,eModelElement,eAnnotations,ePackage,eLowerBound,eLiterals,details,eStructuralFeatures,eClassifier,eClassifiers,eTypeParameters,eContainingClass,eBounds,eEnum,eOperations,eExceptions
0.0,0.016483516483516484,0.01098901098901099,0.0,0.0,0.03296703296703297,0.005494505494505495,0.016483516483516484,0.005494505494505495,0.01098901098901099,0.027472527472527472,0.0,0.0,0.06593406593406594,0.005494505494505495,0.016483516483516484,0.0,0.25824175824175827,0.0,0.06593406593406594,0.06593406593406594,0.3021978021978022,0.03296703296703297,0.016483516483516484,0.04395604395604396,0.0
violations,1
