Meta Mode,ecore
Number of Edge types,26
Number Of Nodes,100
State Id,74_1
OutDegreeValue,0,1,2,3,5,6,7,8,9,10,14
OutDegreeCount,11,64,12,3,2,1,1,1,1,2,2
NAValue,1,2,3,4,5,6,8
NACount,14,60,13,5,5,2,1
MPCValue,0.00000,0.46222,0.52000,0.62082,0.62272,0.65000,0.66444,0.69333,0.71692,0.73917,0.75347,0.77037,0.78000,0.83200,0.83457
MPCCount,14,3,57,1,1,2,1,12,1,1,1,1,3,1,1
Typed Out Degree
EGenericType eTypeParameter,1
EClass eTypeParameters,1,1,2,1
EGenericType eTypeArguments,1
EReference eKeys,1,1,1
EOperation eContainingClass,1,1,1,1,1
EAttribute eContainingClass,1,1,1,1,1,1,1,1,1,1,1,1,1,1,1,1,1,1,1,1
EReference eOpposite,1,1
EPackage eClassifiers,14
EDataType ePackage,1
EAttribute eType,1,1
EEnum eLiterals,5
EOperation eTypeParameters,2
EClass eStructuralFeatures,1,3,8,6,4,4,7,12,5
EGenericType eClassifier,1
EEnumLiteral eEnum,1,1,1,1,1
EReference eContainingClass,1,1,1,1,1,1,1,1,1,1,1,1,1,1,1,1,1,1,1,1,1,1,1,1,1,1,1,1,1,1
EEnum ePackage,1,1,1
EGenericType eUpperBound,1,1,1,1,1,1
EClass eSuperTypes,1
ETypeParameter eBounds,2,2
EClass ePackage,1,1,1,1,1,1,1,1,1,1
EOperation eParameters,1
EGenericType eLowerBound,1,1,1,1,1,1
EClass eOperations,2,2,1
EParameter eOperation,1
EReference eType,1
Node Type
EAttribute,EClass,EDataType,EParameter,EGenericType,EEnumLiteral,EOperation,EEnum,EReference,ETypeParameter,EPackage
0.20000000000000004,0.09999999999999999,0.01,0.01,0.17,0.05,0.05,0.03,0.3000000000000001,0.07,0.01
Edge Type
eSuperPackage,eOperation,eUpperBound,eTypeParameter,eSubpackages,eType,eSuperTypes,eParameters,eOpposite,eKeys,eTypeArguments,eModelElement,eAnnotations,ePackage,eLowerBound,eLiterals,details,eStructuralFeatures,eClassifier,eClassifiers,eTypeParameters,eContainingClass,eBounds,eEnum,eOperations,eExceptions
0.0,0.005405405405405406,0.032432432432432434,0.005405405405405406,0.0,0.016216216216216217,0.005405405405405406,0.005405405405405406,0.010810810810810811,0.016216216216216217,0.005405405405405406,0.0,0.0,0.07567567567567568,0.032432432432432434,0.02702702702702703,0.0,0.2702702702702703,0.005405405405405406,0.07567567567567568,0.03783783783783784,0.2972972972972973,0.021621621621621623,0.02702702702702703,0.02702702702702703,0.0
violations,2
