Meta Mode,ecore
Number of Edge types,26
Number Of Nodes,100
State Id,75_1
OutDegreeValue,0,1,2,3,5,6,7,8,9,10,12,13,14
OutDegreeCount,11,66,8,4,2,2,1,1,1,1,1,1,1
NAValue,1,2,3,4,5,6,8
NACount,13,61,11,2,8,4,1
MPCValue,0.00000,0.52000,0.59385,0.62082,0.65000,0.68640,0.69333,0.70041,0.71385,0.71972,0.72222,0.74286,0.78295,0.82173,0.83011,0.83200,0.84898
MPCCount,13,61,1,1,1,1,10,1,1,1,1,1,1,1,1,3,1
Typed Out Degree
EClass eTypeParameters,1,2,3,2
EPackage eSuperPackage,1
EGenericType eTypeArguments,1,1
EOperation eContainingClass,1,1,1,1,1,1,1,1,1,1,1
EAttribute eContainingClass,1,1,1,1,1,1,1,1,1,1,1,1,1,1,1,1,1,1,1,1,1
EReference eOpposite,1,1,1,1
EPackage eClassifiers,12
EDataType ePackage,1
EAttribute eType,1
EOperation eExceptions,1
EEnum eLiterals,4
EOperation eTypeParameters,1,1,1
EClass eStructuralFeatures,2,4,6,5,12,1,5,5,5,5
EEnumLiteral eEnum,1,1,1,1
EReference eContainingClass,1,1,1,1,1,1,1,1,1,1,1,1,1,1,1,1,1,1,1,1,1,1,1,1,1,1,1,1,1
EEnum ePackage,1
EClass eSuperTypes,1
ETypeParameter eBounds,1,1,1
EClass ePackage,1,1,1,1,1,1,1,1,1,1
EOperation eParameters,1,1,1
EPackage eSubpackages,1
EGenericType eLowerBound,1,1
EClass eOperations,1,1,1,1,1,3,2,1
EParameter eOperation,1,1,1
EReference eType,1,1
Node Type
EAttribute,EClass,EDataType,EParameter,EGenericType,EOperation,EEnumLiteral,EEnum,EReference,ETypeParameter,EPackage
0.21000000000000005,0.09999999999999999,0.01,0.03,0.07,0.10999999999999999,0.04,0.01,0.2900000000000001,0.10999999999999999,0.02
Edge Type
eSuperPackage,eOperation,eUpperBound,eTypeParameter,eSubpackages,eType,eSuperTypes,eParameters,eOpposite,eKeys,eTypeArguments,eModelElement,eAnnotations,ePackage,eLowerBound,eLiterals,details,eStructuralFeatures,eClassifier,eClassifiers,eTypeParameters,eContainingClass,eBounds,eEnum,eOperations,eExceptions
0.005291005291005291,0.015873015873015872,0.0,0.0,0.005291005291005291,0.015873015873015872,0.005291005291005291,0.015873015873015872,0.021164021164021163,0.0,0.010582010582010581,0.0,0.0,0.06349206349206349,0.010582010582010581,0.021164021164021163,0.0,0.26455026455026454,0.0,0.06349206349206349,0.0582010582010582,0.32275132275132273,0.015873015873015872,0.021164021164021163,0.0582010582010582,0.005291005291005291
violations,4
