Meta Mode,ecore
Number of Edge types,26
Number Of Nodes,100
State Id,76_1
OutDegreeValue,0,1,2,3,4,5,7,8,10,13,14
OutDegreeCount,15,61,9,5,2,1,2,1,1,2,1
NAValue,1,2,3,4,5,6,7
NACount,17,58,11,7,3,3,1
MPCValue,0.00000,0.46222,0.52000,0.59385,0.61360,0.64735,0.65000,0.69333,0.69555,0.71500,0.74286,0.74880,0.75111,0.75347,0.77037,0.78000,0.82173,0.83200
MPCCount,17,4,54,1,1,1,3,8,1,1,1,1,1,1,1,2,1,1
Typed Out Degree
EGenericType eTypeParameter,1
EClass eTypeParameters,1,2,1,1
EPackage eSuperPackage,1
EGenericType eTypeArguments,1,1,1,1,1,1
EReference eKeys,2
EDataType eTypeParameters,2
EOperation eContainingClass,1,1,1
EAttribute eContainingClass,1,1,1,1,1,1,1,1,1,1,1,1,1,1,1,1,1
EReference eOpposite,1,1,1
EPackage eClassifiers,12
EDataType ePackage,1,1
EEnum eLiterals,5
EOperation eTypeParameters,1
EClass eStructuralFeatures,5,1,2,9,2,8,10,3,6
EGenericType eClassifier,1
EEnumLiteral eEnum,1,1,1,1,1
EReference eContainingClass,1,1,1,1,1,1,1,1,1,1,1,1,1,1,1,1,1,1,1,1,1,1,1,1,1,1,1,1,1
EEnum ePackage,1
EGenericType eUpperBound,1,1,1,1
EEnum eTypeParameters,2
EClass eSuperTypes,1,1
ETypeParameter eBounds,1,2,2
EClass ePackage,1,1,1,1,1,1,1,1,1
EOperation eParameters,3,1
EPackage eSubpackages,1
EGenericType eLowerBound,1,1,1
EClass eOperations,1,2
EParameter eOperation,1,1,1,1
Node Type
EAttribute,EClass,EDataType,EParameter,EGenericType,EEnumLiteral,EOperation,EEnum,EReference,ETypeParameter,EPackage
0.17,0.09,0.02,0.04,0.18000000000000002,0.05,0.03,0.01,0.2900000000000001,0.09999999999999999,0.02
Edge Type
eSuperPackage,eOperation,eUpperBound,eTypeParameter,eSubpackages,eType,eSuperTypes,eParameters,eOpposite,eKeys,eTypeArguments,eModelElement,eAnnotations,ePackage,eLowerBound,eLiterals,details,eStructuralFeatures,eClassifier,eClassifiers,eTypeParameters,eContainingClass,eBounds,eEnum,eOperations,eExceptions
0.00558659217877095,0.0223463687150838,0.0223463687150838,0.00558659217877095,0.00558659217877095,0.0,0.0111731843575419,0.0223463687150838,0.01675977653631285,0.0111731843575419,0.0335195530726257,0.0,0.0,0.0670391061452514,0.01675977653631285,0.027932960893854747,0.0,0.2569832402234637,0.00558659217877095,0.0670391061452514,0.055865921787709494,0.2737430167597765,0.027932960893854747,0.027932960893854747,0.01675977653631285,0.0
violations,4
