Meta Mode,ecore
Number of Edge types,26
Number Of Nodes,100
State Id,77_1
OutDegreeValue,0,1,2,3,4,6,7,9,12,13,15
OutDegreeCount,16,60,11,3,2,2,2,1,1,1,1
NAValue,1,2,3,4,5,6
NACount,16,61,8,8,3,4
MPCValue,0.00000,0.46222,0.52000,0.59944,0.64799,0.66444,0.66765,0.69333,0.71500,0.73956,0.74522,0.75111,0.78000,0.86667
MPCCount,16,3,58,1,1,2,1,8,1,1,1,1,5,1
Typed Out Degree
EClass eTypeParameters,1,1,1,5,1
EPackage eSuperPackage,1
EGenericType eTypeArguments,2,1,1
EReference eKeys,1
EOperation eContainingClass,1,1,1,1,1
EAttribute eContainingClass,1,1,1,1,1,1,1,1,1,1,1,1,1,1,1,1,1
EPackage eClassifiers,11,3
EDataType ePackage,1,1
EAttribute eType,1
EEnum eLiterals,5
EOperation eTypeParameters,1
EClass eStructuralFeatures,12,7,5,5,2,4,2,7
EGenericType eClassifier,1
EEnumLiteral eEnum,1,1,1,1,1
EReference eContainingClass,1,1,1,1,1,1,1,1,1,1,1,1,1,1,1,1,1,1,1,1,1,1,1,1,1,1,1
EEnum ePackage,1,1
EGenericType eUpperBound,1,1,1,1,1
EClass eSuperTypes,1
ETypeParameter eBounds,1,2,2
EClass ePackage,1,1,1,1,1,1,1,1,1,1
EOperation eParameters,1,1
EPackage eSubpackages,1
EGenericType eLowerBound,1,1,1,1
EClass eOperations,1,1,1,1,1
EParameter eOperation,1,1
Node Type
EClass,EAttribute,EDataType,EParameter,EGenericType,EEnumLiteral,EOperation,EEnum,EReference,ETypeParameter,EPackage
0.09999999999999999,0.17,0.02,0.02,0.18000000000000002,0.05,0.05,0.02,0.2700000000000001,0.09999999999999999,0.02
Edge Type
eSuperPackage,eOperation,eUpperBound,eTypeParameter,eSubpackages,eType,eSuperTypes,eParameters,eOpposite,eKeys,eTypeArguments,eModelElement,eAnnotations,ePackage,eLowerBound,eLiterals,details,eStructuralFeatures,eClassifier,eClassifiers,eTypeParameters,eContainingClass,eBounds,eEnum,eOperations,eExceptions
0.005747126436781609,0.011494252873563218,0.028735632183908046,0.0,0.005747126436781609,0.005747126436781609,0.005747126436781609,0.011494252873563218,0.0,0.005747126436781609,0.022988505747126436,0.0,0.0,0.08045977011494253,0.022988505747126436,0.028735632183908046,0.0,0.25287356321839083,0.005747126436781609,0.08045977011494253,0.05747126436781609,0.28160919540229884,0.028735632183908046,0.028735632183908046,0.028735632183908046,0.0
violations,0
