Meta Mode,ecore
Number of Edge types,26
Number Of Nodes,100
State Id,78_1
OutDegreeValue,0,1,2,3,4,5,6,7,8,9,12,15
OutDegreeCount,18,56,11,2,3,3,1,1,2,1,1,1
NAValue,1,2,3,4,5,6,7
NACount,18,56,12,4,8,1,1
MPCValue,0.00000,0.46222,0.52000,0.64735,0.65000,0.66260,0.66444,0.69333,0.71769,0.74286,0.75111,0.77037,0.78000,0.80653,0.80889,0.82173,0.83200
MPCCount,18,2,55,1,3,1,1,8,1,2,1,2,1,1,1,1,1
Typed Out Degree
EReference eContainingClass,1,1,1,1,1,1,1,1,1,1,1,1,1,1,1,1,1,1,1,1,1,1,1
EEnum ePackage,1,1,1,1
EClass eTypeParameters,1,1,1,1,2,2
EGenericType eUpperBound,1,1
EEnum eTypeParameters,1
EClass eSuperTypes,1
EGenericType eTypeArguments,1,1
ETypeParameter eBounds,1,2,1,1,1,2
EClass ePackage,1,1,1,1,1,1,1,1,1,1
EDataType eTypeParameters,4
EOperation eContainingClass,1,1
EOperation eParameters,1
EAttribute eContainingClass,1,1,1,1,1,1,1,1,1,1,1,1,1,1,1,1,1,1,1,1,1,1
EReference eOpposite,1,1,1,1,1,1
EPackage eClassifiers,15
EDataType ePackage,1
EGenericType eLowerBound,1,1,1
EClass eOperations,1,1
EParameter eOperation,1
EEnum eLiterals,1,3,2
EOperation eTypeParameters,2
EClass eStructuralFeatures,3,8,2,8,5,6,1,2,5,5
EGenericType eClassifier,1
EEnumLiteral eEnum,1,1,1,1,1,1
Node Type
EAttribute,EClass,EDataType,EParameter,EGenericType,EEnumLiteral,EOperation,EEnum,EReference,EPackage,ETypeParameter
0.22000000000000006,0.09999999999999999,0.01,0.01,0.15,0.060000000000000005,0.02,0.04,0.23000000000000007,0.01,0.15
Edge Type
eSuperPackage,eOperation,eUpperBound,eTypeParameter,eSubpackages,eType,eSuperTypes,eParameters,eOpposite,eKeys,eTypeArguments,eModelElement,eAnnotations,ePackage,eLowerBound,eLiterals,details,eStructuralFeatures,eClassifier,eClassifiers,eTypeParameters,eContainingClass,eBounds,eEnum,eOperations,eExceptions
0.0,0.005681818181818182,0.011363636363636364,0.0,0.0,0.0,0.005681818181818182,0.005681818181818182,0.03409090909090909,0.0,0.011363636363636364,0.0,0.0,0.08522727272727272,0.017045454545454544,0.03409090909090909,0.0,0.2556818181818182,0.005681818181818182,0.08522727272727272,0.08522727272727272,0.26704545454545453,0.045454545454545456,0.03409090909090909,0.011363636363636364,0.0
violations,6
