Meta Mode,ecore
Number of Edge types,26
Number Of Nodes,100
State Id,79_1
OutDegreeValue,0,1,2,3,4,6,8,10,12,14
OutDegreeCount,15,56,15,2,5,1,1,1,3,1
NAValue,1,2,3,4,5,6,8
NACount,17,53,17,2,7,2,2
MPCValue,0.00000,0.46222,0.52000,0.63556,0.64091,0.65000,0.69333,0.71500,0.73175,0.75111,0.76308,0.77037,0.78000,0.78178,0.80653,0.80889,0.83200,0.86898
MPCCount,17,3,50,1,1,1,16,1,1,1,1,1,1,1,1,1,1,1
Typed Out Degree
EClass eTypeParameters,1,2,3
EGenericType eTypeArguments,1,1,1,1
EReference eKeys,1,1
EOperation eContainingClass,1,1,1,1,1,1,1,1
EAttribute eContainingClass,1,1,1,1,1,1,1,1,1,1,1,1,1,1,1,1,1,1,1,1,1,1
EReference eOpposite,1,1,1
EPackage eClassifiers,12
EDataType ePackage,1
EAttribute eType,1,1,1
EEnum eLiterals,1,3,3
EOperation eTypeParameters,1,2,1
EParameter eType,1
EClass eStructuralFeatures,10,3,4,2,6,10,8
EEnumLiteral eEnum,1,1,1,1,1,1,1
EReference eContainingClass,1,1,1,1,1,1,1,1,1,1,1,1,1,1,1,1,1,1,1,1,1
EEnum ePackage,1,1,1
EEnum eTypeParameters,1
EClass eSuperTypes,1,1
ETypeParameter eBounds,2,2,1,2
EClass ePackage,1,1,1,1,1,1,1,1
EOperation eParameters,2,1,2
EGenericType eLowerBound,1,1
EClass eOperations,1,1,1,2,1,2
EParameter eOperation,1,1,1,1,1
EReference eType,1
Node Type
EClass,EAttribute,EDataType,EParameter,EGenericType,EEnumLiteral,EOperation,EEnum,EReference,ETypeParameter,EPackage
0.08,0.22000000000000006,0.01,0.05,0.12999999999999998,0.07,0.08,0.03,0.21000000000000005,0.10999999999999999,0.01
Edge Type
eSuperPackage,eOperation,eUpperBound,eTypeParameter,eSubpackages,eType,eSuperTypes,eParameters,eOpposite,eKeys,eTypeArguments,eModelElement,eAnnotations,ePackage,eLowerBound,eLiterals,details,eStructuralFeatures,eClassifier,eClassifiers,eTypeParameters,eContainingClass,eBounds,eEnum,eOperations,eExceptions
0.0,0.026881720430107527,0.0,0.0,0.0,0.026881720430107527,0.010752688172043012,0.026881720430107527,0.016129032258064516,0.010752688172043012,0.021505376344086023,0.0,0.0,0.06451612903225806,0.010752688172043012,0.03763440860215054,0.0,0.23118279569892472,0.0,0.06451612903225806,0.05913978494623656,0.27419354838709675,0.03763440860215054,0.03763440860215054,0.043010752688172046,0.0
violations,2
