Meta Mode,ecore
Number of Edge types,26
Number Of Nodes,100
State Id,7_1
OutDegreeValue,0,1,2,3,4,5,6,8,9,11,13,19
OutDegreeCount,8,70,8,4,1,1,2,2,1,1,1,1
NAValue,1,2,3,4,5,6
NACount,9,67,9,9,3,3
MPCValue,0.00000,0.39000,0.52000,0.59385,0.60595,0.62272,0.65000,0.66260,0.66444,0.69333,0.73956,0.74880,0.75111,0.76729,0.78000,0.80889
MPCCount,9,1,66,1,1,1,1,1,2,8,1,1,1,1,4,1
Typed Out Degree
EReference eContainingClass,1,1,1,1,1,1,1,1,1,1,1,1,1,1,1,1,1,1,1,1,1,1,1,1,1,1,1,1,1
EEnum ePackage,1,1
EClass eTypeParameters,1,1
EGenericType eUpperBound,1,1
EPackage eSuperPackage,1
EClass eSuperTypes,1
EGenericType eTypeArguments,1,1
ETypeParameter eBounds,1,3
EClass ePackage,1,1,1,1,1,1,1,1,1,1
EDataType eTypeParameters,2
EOperation eContainingClass,1,1,1,1,1,1,1,1,1,1
EOperation eParameters,1,1
EAttribute eContainingClass,1,1,1,1,1,1,1,1,1,1,1,1,1,1,1,1,1,1,1,1,1,1,1,1
EPackage eSubpackages,1
EReference eOpposite,1,1,1
EPackage eClassifiers,1,12
EDataType ePackage,1
EGenericType eLowerBound,1
EClass eOperations,1,2,2,1,1,2,1
EParameter eOperation,1,1
EEnum eLiterals,5
EOperation eTypeParameters,1,1
EClass eStructuralFeatures,3,15,4,5,2,8,5,10,1
EEnumLiteral eEnum,1,1,1,1,1
Node Type
EClass,EAttribute,EDataType,EParameter,EGenericType,EEnumLiteral,EOperation,EEnum,EReference,EPackage,ETypeParameter
0.09999999999999999,0.24000000000000007,0.01,0.02,0.09,0.05,0.09999999999999999,0.02,0.2900000000000001,0.02,0.060000000000000005
Edge Type
eSuperPackage,eOperation,eUpperBound,eTypeParameter,eSubpackages,eType,eSuperTypes,eParameters,eOpposite,eKeys,eTypeArguments,eModelElement,eAnnotations,ePackage,eLowerBound,eLiterals,details,eStructuralFeatures,eClassifier,eClassifiers,eTypeParameters,eContainingClass,eBounds,eEnum,eOperations,eExceptions
0.0053475935828877,0.0106951871657754,0.0106951871657754,0.0,0.0053475935828877,0.0,0.0053475935828877,0.0106951871657754,0.016042780748663103,0.0,0.0106951871657754,0.0,0.0,0.06951871657754011,0.0053475935828877,0.026737967914438502,0.0,0.28342245989304815,0.0,0.06951871657754011,0.03208556149732621,0.33689839572192515,0.0213903743315508,0.026737967914438502,0.053475935828877004,0.0
violations,4
