Meta Mode,ecore
Number of Edge types,26
Number Of Nodes,100
State Id,80_1
OutDegreeValue,0,1,2,3,4,5,7,8,12,13,14
OutDegreeCount,11,60,16,3,2,1,1,1,3,1,1
NAValue,1,2,3,4,5,6,7,8
NACount,11,56,20,4,3,4,1,1
MPCValue,0.00000,0.46222,0.52000,0.65000,0.66444,0.67629,0.69333,0.71500,0.72429,0.75111,0.75347,0.76877,0.77037,0.78000,0.78769,0.83200,0.84741
MPCCount,11,1,55,2,1,1,18,1,1,2,1,1,1,1,1,1,1
Typed Out Degree
EClass eTypeParameters,1,1,1,1,1
EGenericType eTypeArguments,1,1,1
EReference eKeys,1
EDataType eTypeParameters,1
EOperation eContainingClass,1,1,1,1,1,1,1,1,1,1,1
EAttribute eContainingClass,1,1,1,1,1,1,1,1,1,1,1,1,1,1,1,1,1,1,1,1,1,1,1
EReference eOpposite,1,1,1,1,1,1
EPackage eClassifiers,13
EDataType ePackage,1,1
EAttribute eType,1,1
EOperation eExceptions,1
EEnum eLiterals,2,2
EOperation eTypeParameters,1
EClass eStructuralFeatures,3,2,9,7,1,9,5,3,9
EGenericType eClassifier,1
EEnumLiteral eEnum,1,1,1,1
EReference eContainingClass,1,1,1,1,1,1,1,1,1,1,1,1,1,1,1,1,1,1,1,1,1,1,1,1,1
EEnum ePackage,1,1
EGenericType eUpperBound,1,1
EEnum eTypeParameters,2
EClass eSuperTypes,1
ETypeParameter eBounds,1,1,2
EClass ePackage,1,1,1,1,1,1,1,1,1
EOperation eParameters,1,3
EGenericType eLowerBound,1
EClass eOperations,2,2,3,1,3
EParameter eOperation,1,1,1,1
EReference eType,1
Node Type
EClass,EAttribute,EDataType,EParameter,EGenericType,EOperation,EEnumLiteral,EEnum,EReference,ETypeParameter,EPackage
0.09,0.23000000000000007,0.02,0.04,0.09999999999999999,0.10999999999999999,0.04,0.02,0.25000000000000006,0.09,0.01
Edge Type
eSuperPackage,eOperation,eUpperBound,eTypeParameter,eSubpackages,eType,eSuperTypes,eParameters,eOpposite,eKeys,eTypeArguments,eModelElement,eAnnotations,ePackage,eLowerBound,eLiterals,details,eStructuralFeatures,eClassifier,eClassifiers,eTypeParameters,eContainingClass,eBounds,eEnum,eOperations,eExceptions
0.0,0.020833333333333332,0.010416666666666666,0.0,0.0,0.015625,0.005208333333333333,0.020833333333333332,0.03125,0.005208333333333333,0.015625,0.0,0.0,0.06770833333333333,0.005208333333333333,0.020833333333333332,0.0,0.25,0.005208333333333333,0.06770833333333333,0.046875,0.3072916666666667,0.020833333333333332,0.020833333333333332,0.057291666666666664,0.005208333333333333
violations,6
