Meta Mode,ecore
Number of Edge types,26
Number Of Nodes,100
State Id,81_1
OutDegreeValue,0,1,2,3,4,5,6,7,8,9,11
OutDegreeCount,11,65,5,4,3,3,2,2,1,3,1
NAValue,1,2,3,4,5,6,7
NACount,12,64,3,7,10,2,2
MPCValue,0.00000,0.46222,0.52000,0.60595,0.62272,0.67654,0.69333,0.70041,0.71500,0.73917,0.75111,0.77037,0.77653,0.78000,0.80653,0.82173,0.83200,0.85280
MPCCount,12,1,63,1,2,1,4,1,2,1,1,1,1,1,1,1,4,2
Typed Out Degree
EReference eContainingClass,1,1,1,1,1,1,1,1,1,1,1,1,1,1,1,1,1,1,1,1,1,1,1
EEnum ePackage,1,1
EClass eTypeParameters,1,1,1,1,1,1,1,1
EGenericType eUpperBound,1,1,1,1
EPackage eSuperPackage,1
EClass eSuperTypes,1
ETypeParameter eBounds,1
EClass ePackage,1,1,1,1,1,1,1,1,1,1,1,1,1,1
EOperation eContainingClass,1,1,1,1,1,1,1,1
EOperation eParameters,1,1,1,1,2
EAttribute eContainingClass,1,1,1,1,1,1,1,1,1,1,1,1,1,1,1,1,1,1,1,1,1,1,1
EPackage eSubpackages,1
EReference eOpposite,1
EPackage eClassifiers,10,8
EDataType ePackage,1,1
EGenericType eLowerBound,1
EClass eOperations,1,3,1,1,2
EOperation eExceptions,1
EParameter eOperation,1,1,1,1,1,1
EEnum eLiterals,1,3
EOperation eTypeParameters,1,1
EClass eStructuralFeatures,3,6,5,7,4,3,2,2,3,8,2,1
EEnumLiteral eEnum,1,1,1,1
EOperation eType,1
Node Type
EClass,EAttribute,EDataType,EParameter,EGenericType,EOperation,EEnumLiteral,EEnum,EReference,ETypeParameter,EPackage
0.13999999999999999,0.23000000000000007,0.02,0.060000000000000005,0.060000000000000005,0.08,0.04,0.02,0.23000000000000007,0.09999999999999999,0.02
Edge Type
eSuperPackage,eOperation,eUpperBound,eTypeParameter,eSubpackages,eType,eSuperTypes,eParameters,eOpposite,eKeys,eTypeArguments,eModelElement,eAnnotations,ePackage,eLowerBound,eLiterals,details,eStructuralFeatures,eClassifier,eClassifiers,eTypeParameters,eContainingClass,eBounds,eEnum,eOperations,eExceptions
0.005376344086021506,0.03225806451612903,0.021505376344086023,0.0,0.005376344086021506,0.005376344086021506,0.005376344086021506,0.03225806451612903,0.005376344086021506,0.0,0.0,0.0,0.0,0.0967741935483871,0.005376344086021506,0.021505376344086023,0.0,0.24731182795698925,0.0,0.0967741935483871,0.053763440860215055,0.2903225806451613,0.005376344086021506,0.021505376344086023,0.043010752688172046,0.005376344086021506
violations,1
