Meta Mode,ecore
Number of Edge types,26
Number Of Nodes,100
State Id,82_1
OutDegreeValue,0,1,2,3,4,5,7,8,10,11,13,16
OutDegreeCount,10,62,13,2,2,3,3,1,1,1,1,1
NAValue,1,2,3,4,5,6,7,8
NACount,10,61,11,6,7,3,1,1
MPCValue,0.00000,0.46222,0.52000,0.65000,0.66447,0.69333,0.70041,0.70382,0.73917,0.74286,0.75111,0.75465,0.77037,0.78000,0.80889,0.86154,0.86667
MPCCount,10,2,59,1,1,11,1,1,2,1,1,1,1,5,1,1,1
Typed Out Degree
EClass eTypeParameters,1,2,1,1
EGenericType eTypeArguments,1,1
EReference eKeys,1
EOperation eContainingClass,1,1,1,1,1,1,1,1
EAttribute eContainingClass,1,1,1,1,1,1,1,1,1,1,1,1,1,1,1,1,1,1,1,1,1
EReference eOpposite,1,1,1,1,1
EPackage eClassifiers,13
EDataType ePackage,1
EAttribute eType,1,1
EOperation eExceptions,1
EEnum eLiterals,1,6
EOperation eTypeParameters,2,1
EClass eStructuralFeatures,2,5,12,4,8,3,5,7,4
EEnumLiteral eEnum,1,1,1,1,1,1,1
EReference eContainingClass,1,1,1,1,1,1,1,1,1,1,1,1,1,1,1,1,1,1,1,1,1,1,1,1,1,1,1,1,1
EEnum ePackage,1,1
EGenericType eUpperBound,1
EClass eSuperTypes,1,1
ETypeParameter eBounds,1,2
EClass ePackage,1,1,1,1,1,1,1,1,1,1
EOperation eParameters,1,2,1,1,1
EGenericType eLowerBound,1
EClass eOperations,2,2,2,1,1
EParameter eOperation,1,1,1,1,1,1
EReference eType,1
EOperation eType,1
Node Type
EAttribute,EClass,EDataType,EParameter,EGenericType,EEnumLiteral,EOperation,EEnum,EReference,ETypeParameter,EPackage
0.21000000000000005,0.09999999999999999,0.01,0.060000000000000005,0.07,0.07,0.08,0.02,0.2900000000000001,0.08,0.01
Edge Type
eSuperPackage,eOperation,eUpperBound,eTypeParameter,eSubpackages,eType,eSuperTypes,eParameters,eOpposite,eKeys,eTypeArguments,eModelElement,eAnnotations,ePackage,eLowerBound,eLiterals,details,eStructuralFeatures,eClassifier,eClassifiers,eTypeParameters,eContainingClass,eBounds,eEnum,eOperations,eExceptions
0.0,0.030612244897959183,0.00510204081632653,0.0,0.0,0.02040816326530612,0.01020408163265306,0.030612244897959183,0.025510204081632654,0.00510204081632653,0.01020408163265306,0.0,0.0,0.0663265306122449,0.00510204081632653,0.03571428571428571,0.0,0.25510204081632654,0.0,0.0663265306122449,0.04081632653061224,0.29591836734693877,0.015306122448979591,0.03571428571428571,0.04081632653061224,0.00510204081632653
violations,5
