Meta Mode,ecore
Number of Edge types,26
Number Of Nodes,100
State Id,83_1
OutDegreeValue,0,1,2,3,5,6,7,8,10,11,13
OutDegreeCount,13,62,11,1,3,2,1,3,1,1,2
NAValue,1,2,3,4,5,6
NACount,13,59,12,5,7,4
MPCValue,0.00000,0.52000,0.63375,0.65000,0.69160,0.69222,0.69333,0.71972,0.73175,0.74880,0.75347,0.77037,0.78000,0.79040,0.79605
MPCCount,13,59,1,3,1,1,10,1,1,1,1,1,4,2,1
Typed Out Degree
EReference eContainingClass,1,1,1,1,1,1,1,1,1,1,1,1,1,1,1,1,1,1,1,1,1,1,1,1,1,1,1,1,1,1
EEnum ePackage,1,1
EClass eTypeParameters,3,1,2,1,1
EEnum eTypeParameters,2
EClass eSuperTypes,1,1
ETypeParameter eBounds,1,1,1
EReference eKeys,1,1,1
EClass ePackage,1,1,1,1,1,1,1,1,1,1
EOperation eContainingClass,1,1,1,1,1,1
EOperation eParameters,1,3,1
EAttribute eContainingClass,1,1,1,1,1,1,1,1,1,1,1,1,1,1,1,1,1,1,1,1,1,1,1,1,1
EReference eOpposite,1,1,1,1
EPackage eClassifiers,13
EDataType ePackage,1
EClass eOperations,1,2,2,1
EParameter eOperation,1,1,1,1,1
EEnum eLiterals,3,1
EOperation eTypeParameters,1,2
EReference eType,1
EClass eStructuralFeatures,2,6,6,8,6,9,3,5,3,7
EEnumLiteral eEnum,1,1,1,1
Node Type
EAttribute,EClass,EDataType,EParameter,EGenericType,EOperation,EEnumLiteral,EEnum,EReference,EPackage,ETypeParameter
0.25000000000000006,0.09999999999999999,0.01,0.05,0.03,0.060000000000000005,0.04,0.02,0.3000000000000001,0.01,0.12999999999999998
Edge Type
eSuperPackage,eOperation,eUpperBound,eTypeParameter,eSubpackages,eType,eSuperTypes,eParameters,eOpposite,eKeys,eTypeArguments,eModelElement,eAnnotations,ePackage,eLowerBound,eLiterals,details,eStructuralFeatures,eClassifier,eClassifiers,eTypeParameters,eContainingClass,eBounds,eEnum,eOperations,eExceptions
0.0,0.026041666666666668,0.0,0.0,0.0,0.005208333333333333,0.010416666666666666,0.026041666666666668,0.020833333333333332,0.015625,0.0,0.0,0.0,0.06770833333333333,0.0,0.020833333333333332,0.0,0.2864583333333333,0.0,0.06770833333333333,0.06770833333333333,0.3177083333333333,0.015625,0.020833333333333332,0.03125,0.0
violations,4
