Meta Mode,ecore
Number of Edge types,26
Number Of Nodes,100
State Id,84_1
OutDegreeValue,0,1,2,3,4,6,7,8,9,10,11,13
OutDegreeCount,13,65,6,5,1,2,2,1,1,1,2,1
NAValue,1,2,3,4,5,6,7,8
NACount,13,64,8,3,6,4,1,1
MPCValue,0.00000,0.46222,0.52000,0.60595,0.65000,0.69222,0.69333,0.71385,0.71500,0.73917,0.73921,0.73956,0.78000,0.78295,0.78812,0.83200
MPCCount,13,1,63,1,1,1,7,1,2,1,1,1,2,1,1,3
Typed Out Degree
EClass eTypeParameters,1,2,1,1
EPackage eSuperPackage,1
EGenericType eTypeArguments,1,1,1
EOperation eContainingClass,1,1,1,1,1,1,1,1,1,1
EAttribute eContainingClass,1,1,1,1,1,1,1,1,1,1,1,1,1,1,1,1,1,1,1,1,1,1,1
EReference eOpposite,1,1
EPackage eClassifiers,10
EOperation eExceptions,1
EEnum eLiterals,4
EOperation eTypeParameters,1,1,1,1,2
EClass eStructuralFeatures,6,5,8,5,4,4,5,9
EEnumLiteral eEnum,1,1,1,1
EReference eContainingClass,1,1,1,1,1,1,1,1,1,1,1,1,1,1,1,1,1,1,1,1,1,1,1
EEnum ePackage,1,1
EGenericType eUpperBound,1
EEnum eTypeParameters,1
EClass eSuperTypes,1,1
ETypeParameter eBounds,1,1,2,1
EClass ePackage,1,1,1,1,1,1,1,1
EOperation eParameters,1,1,1,3
EPackage eSubpackages,1
EGenericType eLowerBound,1
EClass eOperations,2,2,1,2,1,2
EParameter eOperation,1,1,1,1,1,1
EReference eType,1,1,1
Node Type
EClass,EAttribute,EParameter,EGenericType,EOperation,EEnumLiteral,EEnum,EReference,ETypeParameter,EPackage
0.08,0.23000000000000007,0.060000000000000005,0.09999999999999999,0.09999999999999999,0.04,0.02,0.23000000000000007,0.11999999999999998,0.02
Edge Type
eSuperPackage,eOperation,eUpperBound,eTypeParameter,eSubpackages,eType,eSuperTypes,eParameters,eOpposite,eKeys,eTypeArguments,eModelElement,eAnnotations,ePackage,eLowerBound,eLiterals,details,eStructuralFeatures,eClassifier,eClassifiers,eTypeParameters,eContainingClass,eBounds,eEnum,eOperations,eExceptions
0.005434782608695652,0.03260869565217391,0.005434782608695652,0.0,0.005434782608695652,0.016304347826086956,0.010869565217391304,0.03260869565217391,0.010869565217391304,0.0,0.016304347826086956,0.0,0.0,0.05434782608695652,0.005434782608695652,0.021739130434782608,0.0,0.25,0.0,0.05434782608695652,0.06521739130434782,0.30434782608695654,0.02717391304347826,0.021739130434782608,0.05434782608695652,0.005434782608695652
violations,3
