Meta Mode,ecore
Number of Edge types,26
Number Of Nodes,100
State Id,85_1
OutDegreeValue,0,1,2,3,4,6,7,8,11,12,15
OutDegreeCount,16,56,10,4,4,2,2,3,1,1,1
NAValue,1,2,3,4,5,6,7
NACount,16,47,19,7,7,3,1
MPCValue,0.00000,0.46222,0.52000,0.58471,0.60595,0.65000,0.69333,0.71385,0.71500,0.72222,0.73917,0.73921,0.73956,0.74880,0.75111,0.76308,0.77037,0.78000,0.80653,0.80889,0.83200
MPCCount,16,1,46,1,1,1,19,1,1,1,1,1,1,1,1,1,1,2,1,1,1
Typed Out Degree
EReference eContainingClass,1,1,1,1,1,1,1,1,1,1,1,1,1,1,1,1,1,1,1,1,1,1,1,1,1,1,1,1,1,1
EEnum ePackage,1
EClass eTypeParameters,1,1,1,1,2,2
EEnum eTypeParameters,1
EPackage eSuperPackage,1
ETypeParameter eBounds,2,1,1
EReference eKeys,1,1,1,1,1,2
EClass ePackage,1,1,1,1,1,1,1,1,1,1,1
EDataType eTypeParameters,1
EOperation eContainingClass,1,1,1,1,1,1
EOperation eParameters,1,1
EAttribute eContainingClass,1,1,1,1,1,1,1,1,1,1,1,1,1,1,1,1,1,1,1,1,1,1,1
EPackage eSubpackages,1
EReference eOpposite,1,1,1
EPackage eClassifiers,14
EDataType ePackage,1,1
EClass eOperations,1,1,1,2,1
EOperation eExceptions,1
EParameter eOperation,1,1
EEnum eLiterals,4
EOperation eTypeParameters,2,1,2
EReference eType,1,1
EClass eStructuralFeatures,6,4,3,10,4,5,2,5,3,8,3
EEnumLiteral eEnum,1,1,1,1
Node Type
EClass,EAttribute,EDataType,EParameter,EGenericType,EEnumLiteral,EOperation,EEnum,EReference,ETypeParameter,EPackage
0.10999999999999999,0.23000000000000007,0.02,0.02,0.04,0.04,0.060000000000000005,0.01,0.3000000000000001,0.15,0.02
Edge Type
eSuperPackage,eOperation,eUpperBound,eTypeParameter,eSubpackages,eType,eSuperTypes,eParameters,eOpposite,eKeys,eTypeArguments,eModelElement,eAnnotations,ePackage,eLowerBound,eLiterals,details,eStructuralFeatures,eClassifier,eClassifiers,eTypeParameters,eContainingClass,eBounds,eEnum,eOperations,eExceptions
0.005208333333333333,0.010416666666666666,0.0,0.0,0.005208333333333333,0.010416666666666666,0.0,0.010416666666666666,0.015625,0.036458333333333336,0.0,0.0,0.0,0.07291666666666667,0.0,0.020833333333333332,0.0,0.2760416666666667,0.0,0.07291666666666667,0.078125,0.3072916666666667,0.020833333333333332,0.020833333333333332,0.03125,0.005208333333333333
violations,3
