Meta Mode,ecore
Number of Edge types,26
Number Of Nodes,100
State Id,86_1
OutDegreeValue,0,1,2,3,4,5,6,7,9,11,12,19
OutDegreeCount,9,62,12,7,1,2,1,1,2,1,1,1
NAValue,1,2,3,4,5,6,7
NACount,9,60,10,12,5,3,1
MPCValue,0.00000,0.46222,0.52000,0.59634,0.60595,0.69333,0.71259,0.71500,0.75111,0.77037,0.77679,0.78000,0.80000,0.80653,0.80889,0.83200,0.83692,0.84898
MPCCount,9,1,59,1,1,10,1,1,5,1,1,4,1,1,1,1,1,1
Typed Out Degree
EClass eTypeParameters,1,1
EPackage eSuperPackage,1,1,1,1,1,1,1,1
EDataType eTypeParameters,1
EOperation eContainingClass,1,1,1
EAttribute eContainingClass,1,1,1,1,1,1,1,1,1,1,1,1,1,1,1,1,1,1,1,1,1,1,1
EReference eOpposite,1
EPackage eClassifiers,1,1,5,8,2,1,1
EDataType ePackage,1,1,1
EAttribute eType,1,1
EEnum eLiterals,4,1,1
EOperation eTypeParameters,2
EParameter eType,1,1
EClass eStructuralFeatures,1,2,10,2,7,3,17,3,2
EEnumLiteral eEnum,1,1,1,1,1,1
EReference eContainingClass,1,1,1,1,1,1,1,1,1,1,1,1,1,1,1,1,1,1,1,1,1,1,1,1
EEnum ePackage,1,1,1,1
EEnum eTypeParameters,2,1
EClass eSuperTypes,1
ETypeParameter eBounds,2,1
EClass ePackage,1,1,1,1,1,1,1,1,1,1,1,1
EOperation eParameters,1,3
EPackage eSubpackages,3,4,1
EGenericType eLowerBound,1
EClass eOperations,1,1,1
EParameter eOperation,1,1,1,1
EReference eType,1
EOperation eType,1
Node Type
EAttribute,EClass,EDataType,EParameter,EGenericType,EEnumLiteral,EOperation,EEnum,EReference,EPackage,ETypeParameter
0.23000000000000007,0.11999999999999998,0.03,0.04,0.04,0.060000000000000005,0.03,0.04,0.24000000000000007,0.09,0.08
Edge Type
eSuperPackage,eOperation,eUpperBound,eTypeParameter,eSubpackages,eType,eSuperTypes,eParameters,eOpposite,eKeys,eTypeArguments,eModelElement,eAnnotations,ePackage,eLowerBound,eLiterals,details,eStructuralFeatures,eClassifier,eClassifiers,eTypeParameters,eContainingClass,eBounds,eEnum,eOperations,eExceptions
0.041237113402061855,0.020618556701030927,0.0,0.0,0.041237113402061855,0.030927835051546393,0.005154639175257732,0.020618556701030927,0.005154639175257732,0.0,0.0,0.0,0.0,0.0979381443298969,0.005154639175257732,0.030927835051546393,0.0,0.2422680412371134,0.0,0.0979381443298969,0.041237113402061855,0.25773195876288657,0.015463917525773196,0.030927835051546393,0.015463917525773196,0.0
violations,2
