Meta Mode,ecore
Number of Edge types,26
Number Of Nodes,100
State Id,87_1
OutDegreeValue,0,1,2,3,4,5,7,8,9,12
OutDegreeCount,13,62,6,6,1,3,3,4,1,1
NAValue,1,2,3,4,5,6
NACount,13,60,8,6,10,3
MPCValue,0.00000,0.39000,0.52000,0.62272,0.64091,0.64735,0.65000,0.68250,0.69333,0.70041,0.71500,0.73956,0.74880,0.75111,0.76729,0.77037,0.78000,0.80889,0.81120,0.83200
MPCCount,13,1,59,1,1,1,1,2,7,1,1,1,1,1,1,1,3,1,1,2
Typed Out Degree
EClass eTypeParameters,1,1,1,1
EPackage eSuperPackage,1
EReference eKeys,1
EDataType eTypeParameters,1
EOperation eContainingClass,1,1,1,1,1,1,1,1,1
EAttribute eContainingClass,1,1,1,1,1,1,1,1,1,1,1,1,1,1,1,1,1,1,1,1,1,1,1
EReference eOpposite,1,1
EPackage eClassifiers,8,6
EDataType ePackage,1,1
EEnum eLiterals,1
EOperation eTypeParameters,2,1,2
EParameter eType,1
EClass eStructuralFeatures,4,6,6,10,3,5,3,5,3,5,2
EEnumLiteral eEnum,1
EReference eContainingClass,1,1,1,1,1,1,1,1,1,1,1,1,1,1,1,1,1,1,1,1,1,1,1,1,1,1,1,1,1
EEnum ePackage,1
EGenericType eUpperBound,1,1
EEnum eTypeParameters,1
ETypeParameter eBounds,1,1,3
EClass ePackage,1,1,1,1,1,1,1,1,1,1,1
EOperation eParameters,1,1,1,1
EPackage eSubpackages,1
EClass eOperations,2,1,1,1,1,2,1
EParameter eOperation,1,1,1,1
EReference eType,1
Node Type
EAttribute,EClass,EDataType,EParameter,EGenericType,EOperation,EEnumLiteral,EEnum,EReference,EPackage,ETypeParameter
0.23000000000000007,0.10999999999999999,0.02,0.04,0.07,0.09,0.01,0.01,0.2900000000000001,0.02,0.10999999999999999
Edge Type
eSuperPackage,eOperation,eUpperBound,eTypeParameter,eSubpackages,eType,eSuperTypes,eParameters,eOpposite,eKeys,eTypeArguments,eModelElement,eAnnotations,ePackage,eLowerBound,eLiterals,details,eStructuralFeatures,eClassifier,eClassifiers,eTypeParameters,eContainingClass,eBounds,eEnum,eOperations,eExceptions
0.005405405405405406,0.021621621621621623,0.010810810810810811,0.0,0.005405405405405406,0.010810810810810811,0.0,0.021621621621621623,0.010810810810810811,0.005405405405405406,0.0,0.0,0.0,0.07567567567567568,0.0,0.005405405405405406,0.0,0.2810810810810811,0.0,0.07567567567567568,0.05945945945945946,0.32972972972972975,0.02702702702702703,0.005405405405405406,0.04864864864864865,0.0
violations,2
