Meta Mode,ecore
Number of Edge types,26
Number Of Nodes,100
State Id,88_1
OutDegreeValue,0,1,2,3,4,5,7,10,12,14,16
OutDegreeCount,17,54,13,4,1,3,4,1,1,1,1
NAValue,1,2,3,4,5,6,7
NACount,17,49,20,6,3,3,2
MPCValue,0.00000,0.46222,0.52000,0.59944,0.65000,0.68640,0.69333,0.70041,0.70617,0.71500,0.71885,0.75111,0.75347,0.76556,0.78000,0.80000,0.85950,0.87309
MPCCount,17,1,48,1,2,1,18,1,1,1,1,2,1,1,1,1,1,1
Typed Out Degree
EReference eContainingClass,1,1,1,1,1,1,1,1,1,1,1,1,1,1,1,1,1,1,1,1,1,1,1,1,1,1,1,1,1
EEnum ePackage,1
EClass eTypeParameters,2,1,1,3,2,2
EGenericType eUpperBound,1,1
EEnum eTypeParameters,2
EGenericType eTypeArguments,2
ETypeParameter eBounds,2
EReference eKeys,1,1,1,1,1
EClass ePackage,1,1,1,1,1,1,1,1,1,1,1,1
EOperation eContainingClass,1,1,1,1,1,1
EOperation eParameters,2
EAttribute eContainingClass,1,1,1,1,1,1,1,1,1,1,1,1,1,1,1,1,1,1,1,1,1,1
EReference eOpposite,1,1,1
EPackage eClassifiers,16
EDataType ePackage,1,1,1
EAttribute eType,1,1,1
EClass eOperations,2,1,1,1,1
EParameter eOperation,1,1
EEnum eLiterals,4
EOperation eTypeParameters,1
EReference eType,1
EParameter eType,1
EClass eStructuralFeatures,11,7,5,2,9,1,3,4,4,5
EEnumLiteral eEnum,1,1,1,1
Node Type
EAttribute,EClass,EDataType,EParameter,EGenericType,EOperation,EEnumLiteral,EEnum,EReference,ETypeParameter,EPackage
0.22000000000000006,0.11999999999999998,0.03,0.02,0.060000000000000005,0.060000000000000005,0.04,0.01,0.2900000000000001,0.13999999999999999,0.01
Edge Type
eSuperPackage,eOperation,eUpperBound,eTypeParameter,eSubpackages,eType,eSuperTypes,eParameters,eOpposite,eKeys,eTypeArguments,eModelElement,eAnnotations,ePackage,eLowerBound,eLiterals,details,eStructuralFeatures,eClassifier,eClassifiers,eTypeParameters,eContainingClass,eBounds,eEnum,eOperations,eExceptions
0.0,0.010471204188481676,0.010471204188481676,0.0,0.0,0.02617801047120419,0.0,0.010471204188481676,0.015706806282722512,0.02617801047120419,0.010471204188481676,0.0,0.0,0.08376963350785341,0.0,0.020942408376963352,0.0,0.2670157068062827,0.0,0.08376963350785341,0.07329842931937172,0.29842931937172773,0.010471204188481676,0.020942408376963352,0.031413612565445025,0.0
violations,3
