Meta Mode,ecore
Number of Edge types,26
Number Of Nodes,100
State Id,89_1
OutDegreeValue,0,1,2,3,4,5,6,7,8,12
OutDegreeCount,11,63,9,4,2,2,2,3,1,3
NAValue,1,2,3,4,5,6,7
NACount,11,61,9,10,6,1,2
MPCValue,0.00000,0.52000,0.59944,0.64735,0.65000,0.66444,0.68640,0.69333,0.70417,0.75347,0.77037,0.78000,0.80889,0.81250,0.83200,0.83692
MPCCount,11,61,1,2,1,3,1,8,1,1,1,4,2,1,1,1
Typed Out Degree
EClass eTypeParameters,1,1,2,2
EPackage eSuperPackage,1,1
EGenericType eTypeArguments,1,2
EReference eKeys,1
EOperation eContainingClass,1,1,1,1,1
EAttribute eContainingClass,1,1,1,1,1,1,1,1,1,1,1,1,1,1,1,1,1,1,1,1,1
EReference eOpposite,1
EPackage eClassifiers,10,5,5
EDataType ePackage,1
EAttribute eType,1
EEnum eLiterals,6
EOperation eTypeParameters,1,1
EClass eStructuralFeatures,9,1,6,4,1,1,5,3,2,3,1,11,2
EEnumLiteral eEnum,1,1,1,1,1,1
EReference eContainingClass,1,1,1,1,1,1,1,1,1,1,1,1,1,1,1,1,1,1,1,1,1,1,1,1,1,1,1,1
EEnum ePackage,1,1,1,1
EEnum eTypeParameters,1
EClass eSuperTypes,1
ETypeParameter eBounds,1
EClass ePackage,1,1,1,1,1,1,1,1,1,1,1,1,1,1,1
EOperation eParameters,1,1
EPackage eSubpackages,1,1
EGenericType eLowerBound,1,1
EClass eOperations,1,1,1,1,1
EParameter eOperation,1,1
EReference eType,1
Node Type
EAttribute,EClass,EDataType,EParameter,EGenericType,EEnumLiteral,EOperation,EEnum,EReference,EPackage,ETypeParameter
0.21000000000000005,0.15,0.01,0.02,0.060000000000000005,0.060000000000000005,0.05,0.04,0.2800000000000001,0.03,0.09
Edge Type
eSuperPackage,eOperation,eUpperBound,eTypeParameter,eSubpackages,eType,eSuperTypes,eParameters,eOpposite,eKeys,eTypeArguments,eModelElement,eAnnotations,ePackage,eLowerBound,eLiterals,details,eStructuralFeatures,eClassifier,eClassifiers,eTypeParameters,eContainingClass,eBounds,eEnum,eOperations,eExceptions
0.010638297872340425,0.010638297872340425,0.0,0.0,0.010638297872340425,0.010638297872340425,0.005319148936170213,0.010638297872340425,0.005319148936170213,0.005319148936170213,0.015957446808510637,0.0,0.0,0.10638297872340426,0.010638297872340425,0.031914893617021274,0.0,0.26063829787234044,0.0,0.10638297872340426,0.047872340425531915,0.2872340425531915,0.005319148936170213,0.031914893617021274,0.026595744680851064,0.0
violations,1
