Meta Mode,ecore
Number of Edge types,26
Number Of Nodes,100
State Id,8_1
OutDegreeValue,0,1,2,3,4,5,6,7,8,9,10,11,14
OutDegreeCount,16,58,8,6,2,1,2,1,1,1,1,1,2
NAValue,1,2,3,4,5,6,7,8
NACount,16,56,11,4,8,2,2,1
MPCValue,0.00000,0.46222,0.52000,0.64735,0.65000,0.66444,0.69333,0.70041,0.72800,0.75804,0.77037,0.77187,0.78000,0.80653,0.82083,0.83200,0.84741,0.85950
MPCCount,16,1,55,1,2,1,9,1,1,1,1,1,3,1,1,3,1,1
Typed Out Degree
EClass eTypeParameters,3,1,3,2,2
EReference eKeys,1,1,2,1
EDataType eTypeParameters,1
EOperation eContainingClass,1,1,1,1,1,1,1
EAttribute eContainingClass,1,1,1,1,1,1,1,1,1,1,1,1,1,1,1,1,1,1,1,1,1,1,1
EPackage eClassifiers,14
EDataType ePackage,1,1
EAttribute eType,1,1,1
EOperation eExceptions,1
EEnum eLiterals,1
EOperation eTypeParameters,1,1
EClass eStructuralFeatures,1,7,5,5,11,5,3,6,2,5,2
EEnumLiteral eEnum,1
EReference eContainingClass,1,1,1,1,1,1,1,1,1,1,1,1,1,1,1,1,1,1,1,1,1,1,1,1,1,1,1,1,1
EEnum ePackage,1
EGenericType eUpperBound,1
EEnum eTypeParameters,1
EClass eSuperTypes,1,1
ETypeParameter eBounds,1,2,1
EClass ePackage,1,1,1,1,1,1,1,1,1,1,1
EOperation eParameters,2,1,1
EGenericType eLowerBound,1
EClass eOperations,1,2,1,1,1,1
EParameter eOperation,1,1,1,1
EReference eType,1
EOperation eType,1
Node Type
EAttribute,EClass,EDataType,EParameter,EGenericType,EOperation,EEnumLiteral,EEnum,EReference,ETypeParameter,EPackage
0.23000000000000007,0.10999999999999999,0.02,0.04,0.060000000000000005,0.07,0.01,0.01,0.2900000000000001,0.15,0.01
Edge Type
eSuperPackage,eOperation,eUpperBound,eTypeParameter,eSubpackages,eType,eSuperTypes,eParameters,eOpposite,eKeys,eTypeArguments,eModelElement,eAnnotations,ePackage,eLowerBound,eLiterals,details,eStructuralFeatures,eClassifier,eClassifiers,eTypeParameters,eContainingClass,eBounds,eEnum,eOperations,eExceptions
0.0,0.021052631578947368,0.005263157894736842,0.0,0.0,0.02631578947368421,0.010526315789473684,0.021052631578947368,0.0,0.02631578947368421,0.0,0.0,0.0,0.07368421052631578,0.005263157894736842,0.005263157894736842,0.0,0.2736842105263158,0.0,0.07368421052631578,0.07894736842105263,0.3105263157894737,0.021052631578947368,0.005263157894736842,0.03684210526315789,0.005263157894736842
violations,1
