Meta Mode,ecore
Number of Edge types,26
Number Of Nodes,100
State Id,90_1
OutDegreeValue,0,1,2,3,4,5,7,8,9,10,13,14
OutDegreeCount,11,61,12,4,1,2,2,2,2,1,1,1
NAValue,1,2,3,4,5,6,7
NACount,11,58,12,7,7,4,1
MPCValue,0.00000,0.52000,0.58898,0.65000,0.66154,0.68250,0.68862,0.69333,0.71385,0.73224,0.74880,0.75111,0.75571,0.77037,0.78000,0.78360,0.80889,0.83200
MPCCount,11,58,1,1,1,1,1,11,1,1,1,2,1,2,4,1,1,1
Typed Out Degree
EClass eTypeParameters,1,2,1,1,1
EPackage eSuperPackage,1
EReference eKeys,2,1,1,1
EDataType eTypeParameters,1
EOperation eContainingClass,1,1,1,1,1,1,1
EAttribute eContainingClass,1,1,1,1,1,1,1,1,1,1,1,1,1,1,1,1,1,1,1,1,1,1,1
EReference eOpposite,1,1
EPackage eClassifiers,13
EDataType ePackage,1,1
EAttribute eType,1,1,1,1,1
EEnum eLiterals,5
EOperation eTypeParameters,1,2
EClass eStructuralFeatures,3,6,6,3,4,11,6,8,5
EEnumLiteral eEnum,1,1,1,1,1
EReference eContainingClass,1,1,1,1,1,1,1,1,1,1,1,1,1,1,1,1,1,1,1,1,1,1,1,1,1,1,1,1,1
EEnum ePackage,1,1
EEnum eTypeParameters,1
ETypeParameter eBounds,1,1,1,1
EClass ePackage,1,1,1,1,1,1,1,1,1
EOperation eParameters,1,2,1,1
EPackage eSubpackages,1
EGenericType eLowerBound,1
EClass eOperations,1,2,1,1,2
EParameter eOperation,1,1,1,1,1
EReference eType,1,1
Node Type
EAttribute,EClass,EDataType,EParameter,EGenericType,EEnumLiteral,EOperation,EEnum,EReference,ETypeParameter,EPackage
0.23000000000000007,0.09,0.02,0.05,0.05,0.05,0.07,0.02,0.2900000000000001,0.10999999999999999,0.02
Edge Type
eSuperPackage,eOperation,eUpperBound,eTypeParameter,eSubpackages,eType,eSuperTypes,eParameters,eOpposite,eKeys,eTypeArguments,eModelElement,eAnnotations,ePackage,eLowerBound,eLiterals,details,eStructuralFeatures,eClassifier,eClassifiers,eTypeParameters,eContainingClass,eBounds,eEnum,eOperations,eExceptions
0.00510204081632653,0.025510204081632654,0.0,0.0,0.00510204081632653,0.03571428571428571,0.0,0.025510204081632654,0.01020408163265306,0.025510204081632654,0.0,0.0,0.0,0.0663265306122449,0.00510204081632653,0.025510204081632654,0.0,0.2653061224489796,0.0,0.0663265306122449,0.05612244897959184,0.3010204081632653,0.02040816326530612,0.025510204081632654,0.03571428571428571,0.0
violations,2
