Meta Mode,ecore
Number of Edge types,26
Number Of Nodes,100
State Id,91_1
OutDegreeValue,0,1,2,3,4,5,6,7,9,11,12,13
OutDegreeCount,14,62,10,2,2,1,2,1,2,1,2,1
NAValue,1,2,3,4,5,6,7
NACount,14,61,10,5,5,4,1
MPCValue,0.00000,0.39000,0.52000,0.65000,0.66444,0.67167,0.69333,0.71385,0.73175,0.73840,0.74880,0.75111,0.75400,0.78000,0.80653,0.80793,0.80889
MPCCount,14,1,60,1,1,1,9,1,1,1,1,1,1,3,2,1,1
Typed Out Degree
EReference eContainingClass,1,1,1,1,1,1,1,1,1,1,1,1,1,1,1,1,1,1,1,1,1,1,1,1,1,1,1,1,1
EEnum ePackage,1,1
EClass eTypeParameters,2,1,1,4,2,1
EGenericType eUpperBound,1
EEnum eTypeParameters,1
EClass eSuperTypes,1
EGenericType eTypeArguments,1
ETypeParameter eBounds,1,3,1,1
EReference eKeys,1,1
EClass ePackage,1,1,1,1,1,1,1,1,1,1,1
EOperation eContainingClass,1,1,1,1,1,1,1,1
EOperation eParameters,1,1,2,1
EAttribute eContainingClass,1,1,1,1,1,1,1,1,1,1,1,1,1,1,1,1,1,1,1,1,1,1
EReference eOpposite,1,1
EPackage eClassifiers,13
EClass eOperations,1,2,2,2,1
EParameter eOperation,1,1,1,1,1
EEnum eLiterals,2
EReference eType,1,1
EClass eStructuralFeatures,5,5,2,6,5,7,6,2,3,10
EEnumLiteral eEnum,1,1
EOperation eType,1
Node Type
EClass,EAttribute,EParameter,EGenericType,EOperation,EEnumLiteral,EEnum,EReference,ETypeParameter,EPackage
0.10999999999999999,0.22000000000000006,0.05,0.08,0.08,0.02,0.02,0.2900000000000001,0.11999999999999998,0.01
Edge Type
eSuperPackage,eOperation,eUpperBound,eTypeParameter,eSubpackages,eType,eSuperTypes,eParameters,eOpposite,eKeys,eTypeArguments,eModelElement,eAnnotations,ePackage,eLowerBound,eLiterals,details,eStructuralFeatures,eClassifier,eClassifiers,eTypeParameters,eContainingClass,eBounds,eEnum,eOperations,eExceptions
0.0,0.026881720430107527,0.005376344086021506,0.0,0.0,0.016129032258064516,0.005376344086021506,0.026881720430107527,0.010752688172043012,0.010752688172043012,0.005376344086021506,0.0,0.0,0.06989247311827956,0.0,0.010752688172043012,0.0,0.27419354838709675,0.0,0.06989247311827956,0.06451612903225806,0.3172043010752688,0.03225806451612903,0.010752688172043012,0.043010752688172046,0.0
violations,2
