Meta Mode,ecore
Number of Edge types,26
Number Of Nodes,100
State Id,92_1
OutDegreeValue,0,1,2,3,4,5,6,8,9,11,13
OutDegreeCount,15,58,11,1,3,2,5,1,2,1,1
NAValue,1,2,3,4,5,6,7
NACount,15,59,9,5,4,7,1
MPCValue,0.00000,0.39000,0.46222,0.52000,0.60595,0.66444,0.66765,0.68640,0.69333,0.69555,0.71972,0.75111,0.77037,0.78000,0.81120,0.81250,0.81351,0.84500
MPCCount,15,1,2,56,1,1,1,1,9,1,1,1,1,5,1,1,1,1
Typed Out Degree
EClass eTypeParameters,1,1,1,1,1,2
EPackage eSuperPackage,1
EGenericType eTypeArguments,1
EOperation eContainingClass,1,1,1,1,1,1
EAttribute eContainingClass,1,1,1,1,1,1,1,1,1,1,1,1,1,1,1,1,1,1,1,1,1
EReference eOpposite,1,1
EPackage eClassifiers,5,10
EAttribute eType,1,1
EEnum eLiterals,1,4
EOperation eTypeParameters,3
EClass eStructuralFeatures,3,7,4,2,6,4,3,2,3,4,10
EGenericType eClassifier,1
EEnumLiteral eEnum,1,1,1,1,1
EReference eContainingClass,1,1,1,1,1,1,1,1,1,1,1,1,1,1,1,1,1,1,1,1,1,1,1,1,1,1,1
EEnum ePackage,1,1,1
EGenericType eUpperBound,1
EEnum eTypeParameters,1
EClass eSuperTypes,1,1
ETypeParameter eBounds,3,1,2,2
EClass ePackage,1,1,1,1,1,1,1,1,1,1,1,1
EOperation eParameters,1,1
EPackage eSubpackages,1
EGenericType eLowerBound,1
EClass eOperations,2,1,1,1,1
EParameter eOperation,1,1
EReference eType,1
EOperation eType,1
Node Type
EAttribute,EClass,EParameter,EGenericType,EEnumLiteral,EOperation,EEnum,EReference,EPackage,ETypeParameter
0.21000000000000005,0.11999999999999998,0.02,0.10999999999999999,0.05,0.060000000000000005,0.03,0.2700000000000001,0.02,0.10999999999999999
Edge Type
eSuperPackage,eOperation,eUpperBound,eTypeParameter,eSubpackages,eType,eSuperTypes,eParameters,eOpposite,eKeys,eTypeArguments,eModelElement,eAnnotations,ePackage,eLowerBound,eLiterals,details,eStructuralFeatures,eClassifier,eClassifiers,eTypeParameters,eContainingClass,eBounds,eEnum,eOperations,eExceptions
0.005405405405405406,0.010810810810810811,0.005405405405405406,0.0,0.005405405405405406,0.021621621621621623,0.010810810810810811,0.010810810810810811,0.010810810810810811,0.0,0.005405405405405406,0.0,0.0,0.08108108108108109,0.005405405405405406,0.02702702702702703,0.0,0.2594594594594595,0.005405405405405406,0.08108108108108109,0.05945945945945946,0.2918918918918919,0.043243243243243246,0.02702702702702703,0.032432432432432434,0.0
violations,2
