Meta Mode,ecore
Number of Edge types,26
Number Of Nodes,100
State Id,93_1
OutDegreeValue,0,1,2,3,5,7,8,10,11,13,16
OutDegreeCount,16,62,10,1,3,2,2,1,1,1,1
NAValue,1,2,3,4,5,6
NACount,15,62,11,6,5,1
MPCValue,0.00000,0.46222,0.52000,0.64463,0.64735,0.65520,0.67654,0.68640,0.69333,0.69746,0.71385,0.74880,0.78000
MPCCount,15,2,61,1,1,1,1,1,12,1,1,1,2
Typed Out Degree
EGenericType eTypeParameter,1
EClass eTypeParameters,3,1
EGenericType eTypeArguments,3
EReference eKeys,1,1
EDataType eTypeParameters,2
EOperation eContainingClass,1,1,1
EAttribute eContainingClass,1,1,1,1,1,1,1,1,1,1,1,1,1,1,1,1,1,1,1,1,1
EReference eOpposite,1,1
EPackage eClassifiers,13
EDataType ePackage,1,1
EEnum eLiterals,5
EOperation eTypeParameters,4
EParameter eType,1
EClass eStructuralFeatures,11,9,8,7,6,6,4
EEnumLiteral eEnum,1,1,1,1,1
EReference eContainingClass,1,1,1,1,1,1,1,1,1,1,1,1,1,1,1,1,1,1,1,1,1,1,1,1,1,1,1,1,1,1
EEnum ePackage,1,1
EGenericType eUpperBound,1,1,1
EEnum eTypeParameters,1
ETypeParameter eBounds,2,1,1,1
EClass ePackage,1,1,1,1,1,1,1,1,1
EOperation eParameters,1,1
EGenericType eLowerBound,1,1,1
EClass eOperations,1,1,1
EParameter eOperation,1,1
EReference eType,1
Node Type
EClass,EAttribute,EDataType,EParameter,EGenericType,EOperation,EEnumLiteral,EEnum,EReference,ETypeParameter,EPackage
0.09,0.21000000000000005,0.02,0.02,0.13999999999999999,0.03,0.05,0.02,0.3000000000000001,0.10999999999999999,0.01
Edge Type
eSuperPackage,eOperation,eUpperBound,eTypeParameter,eSubpackages,eType,eSuperTypes,eParameters,eOpposite,eKeys,eTypeArguments,eModelElement,eAnnotations,ePackage,eLowerBound,eLiterals,details,eStructuralFeatures,eClassifier,eClassifiers,eTypeParameters,eContainingClass,eBounds,eEnum,eOperations,eExceptions
0.0,0.011111111111111112,0.016666666666666666,0.005555555555555556,0.0,0.011111111111111112,0.0,0.011111111111111112,0.011111111111111112,0.011111111111111112,0.016666666666666666,0.0,0.0,0.07222222222222222,0.016666666666666666,0.027777777777777776,0.0,0.2833333333333333,0.0,0.07222222222222222,0.06111111111111111,0.3,0.027777777777777776,0.027777777777777776,0.016666666666666666,0.0
violations,2
