Meta Mode,ecore
Number of Edge types,26
Number Of Nodes,100
State Id,94_1
OutDegreeValue,0,1,2,3,4,5,6,7,11,13,17
OutDegreeCount,9,62,11,6,3,1,2,3,1,1,1
NAValue,1,2,3,4,5,6
NACount,10,56,14,10,8,2
MPCValue,0.00000,0.52000,0.57758,0.63232,0.66444,0.67629,0.68640,0.69333,0.71385,0.71500,0.72222,0.73224,0.74880,0.75111,0.78000,0.83200,0.84500
MPCCount,10,56,1,1,1,1,1,15,1,1,1,1,1,2,4,2,1
Typed Out Degree
EClass eTypeParameters,1,1,1,1
EPackage eSuperPackage,1
EGenericType eTypeArguments,1
EReference eKeys,1,1,1,1
EOperation eContainingClass,1,1,1,1,1
EAttribute eContainingClass,1,1,1,1,1,1,1,1,1,1,1,1,1,1,1,1,1,1,1,1,1,1
EReference eOpposite,1,1
EPackage eClassifiers,16
EDataType ePackage,1
EAttribute eType,1
EEnum eLiterals,2,5
EOperation eTypeParameters,1,1
EClass eStructuralFeatures,2,3,6,4,9,11,2,4,1,5,2,4
EEnumLiteral eEnum,1,1,1,1,1,1,1
EReference eContainingClass,1,1,1,1,1,1,1,1,1,1,1,1,1,1,1,1,1,1,1,1,1,1,1,1,1,1,1,1,1,1,1
EEnum ePackage,1,1
EGenericType eUpperBound,1,1,1
EEnum eTypeParameters,1
ETypeParameter eBounds,1,1
EClass ePackage,1,1,1,1,1,1,1,1,1,1,1,1,1
EOperation eParameters,1,1
EPackage eSubpackages,1
EGenericType eLowerBound,1,1
EClass eOperations,1,1,1,2
EParameter eOperation,1,1
EReference eType,1,1,1
Node Type
EAttribute,EClass,EDataType,EParameter,EGenericType,EEnumLiteral,EOperation,EEnum,EReference,ETypeParameter,EPackage
0.22000000000000006,0.12999999999999998,0.01,0.02,0.08,0.07,0.05,0.02,0.3100000000000001,0.07,0.02
Edge Type
eSuperPackage,eOperation,eUpperBound,eTypeParameter,eSubpackages,eType,eSuperTypes,eParameters,eOpposite,eKeys,eTypeArguments,eModelElement,eAnnotations,ePackage,eLowerBound,eLiterals,details,eStructuralFeatures,eClassifier,eClassifiers,eTypeParameters,eContainingClass,eBounds,eEnum,eOperations,eExceptions
0.0051813471502590676,0.010362694300518135,0.015544041450777202,0.0,0.0051813471502590676,0.02072538860103627,0.0,0.010362694300518135,0.010362694300518135,0.02072538860103627,0.0051813471502590676,0.0,0.0,0.08290155440414508,0.010362694300518135,0.03626943005181347,0.0,0.27461139896373055,0.0,0.08290155440414508,0.03626943005181347,0.3005181347150259,0.010362694300518135,0.03626943005181347,0.025906735751295335,0.0
violations,2
