Meta Mode,ecore
Number of Edge types,26
Number Of Nodes,100
State Id,95_1
OutDegreeValue,0,1,2,3,4,5,6,7,8,9,12,13,14
OutDegreeCount,16,63,8,2,1,1,2,1,1,1,2,1,1
NAValue,1,2,3,4,5,6,7,8
NACount,17,60,11,3,3,4,1,1
MPCValue,0.00000,0.46222,0.52000,0.66154,0.66444,0.67901,0.69333,0.70417,0.74880,0.75111,0.75804,0.78769,0.82173,0.86154,0.86667
MPCCount,17,1,59,1,1,1,12,1,1,1,1,1,1,1,1
Typed Out Degree
EClass eTypeParameters,1,1,2,3,1,1,1
EGenericType eTypeArguments,1
EReference eKeys,1,1
EOperation eContainingClass,1,1,1,1,1,1
EAttribute eContainingClass,1,1,1,1,1,1,1,1,1,1,1,1,1,1,1,1,1,1,1,1,1
EReference eOpposite,1
EPackage eClassifiers,13
EDataType ePackage,1,1
EAttribute eType,1,1
EOperation eExceptions,1
EEnum eLiterals,6
EOperation eTypeParameters,1,1,1,1
EClass eStructuralFeatures,3,5,2,9,5,9,11,2,2
EEnumLiteral eEnum,1,1,1,1,1,1
EReference eContainingClass,1,1,1,1,1,1,1,1,1,1,1,1,1,1,1,1,1,1,1,1,1,1,1,1,1,1,1
EEnum ePackage,1
EGenericType eUpperBound,1,1,1
EEnum eTypeParameters,1
EClass eSuperTypes,1
ETypeParameter eBounds,1,2,1
EClass ePackage,1,1,1,1,1,1,1,1,1,1
EOperation eParameters,1
EGenericType eLowerBound,1,1
EClass eOperations,2,2,1,1
EParameter eOperation,1
EReference eType,1
Node Type
EAttribute,EClass,EDataType,EParameter,EGenericType,EEnumLiteral,EOperation,EEnum,EReference,ETypeParameter,EPackage
0.21000000000000005,0.09999999999999999,0.02,0.01,0.09999999999999999,0.060000000000000005,0.060000000000000005,0.01,0.2700000000000001,0.15,0.01
Edge Type
eSuperPackage,eOperation,eUpperBound,eTypeParameter,eSubpackages,eType,eSuperTypes,eParameters,eOpposite,eKeys,eTypeArguments,eModelElement,eAnnotations,ePackage,eLowerBound,eLiterals,details,eStructuralFeatures,eClassifier,eClassifiers,eTypeParameters,eContainingClass,eBounds,eEnum,eOperations,eExceptions
0.0,0.0055248618784530384,0.016574585635359115,0.0,0.0,0.016574585635359115,0.0055248618784530384,0.0055248618784530384,0.0055248618784530384,0.011049723756906077,0.0055248618784530384,0.0,0.0,0.0718232044198895,0.011049723756906077,0.03314917127071823,0.0,0.26519337016574585,0.0,0.0718232044198895,0.08287292817679558,0.2983425414364641,0.022099447513812154,0.03314917127071823,0.03314917127071823,0.0055248618784530384
violations,0
