Meta Mode,ecore
Number of Edge types,26
Number Of Nodes,100
State Id,96_1
OutDegreeValue,0,1,2,3,4,5,6,8,9,14,18
OutDegreeCount,10,59,10,7,7,1,2,1,1,1,1
NAValue,1,2,3,4,5,6,8
NACount,10,57,10,14,6,2,1
MPCValue,0.00000,0.52000,0.65000,0.66444,0.69333,0.69975,0.70488,0.71500,0.72222,0.73125,0.73917,0.75111,0.78000,0.80653,0.84898
MPCCount,10,57,3,1,7,1,1,3,1,1,2,4,7,1,1
Typed Out Degree
EReference eContainingClass,1,1,1,1,1,1,1,1,1,1,1,1,1,1,1,1,1,1,1,1,1
EEnum ePackage,1,1
EClass eTypeParameters,1,1,1,1
EPackage eSuperPackage,1,1,1,1,1,1,1
EClass eSuperTypes,1
ETypeParameter eBounds,1,1
EClass ePackage,1,1,1,1,1,1,1,1,1,1,1,1,1,1,1,1
EDataType eTypeParameters,2
EOperation eContainingClass,1,1,1,1,1,1,1
EOperation eParameters,1
EAttribute eContainingClass,1,1,1,1,1,1,1,1,1,1,1,1,1,1,1,1,1,1,1,1,1,1,1
EPackage eSubpackages,1,2,3,1
EReference eOpposite,1,1
EPackage eClassifiers,1,1,15,2,3
EDataType ePackage,1,1,1,1
EAttribute eType,1,1
EClass eOperations,1,2,1,2,1
EOperation eExceptions,1
EParameter eOperation,1
EEnum eLiterals,4,2
EOperation eTypeParameters,2,2
EReference eType,1,1
EClass eStructuralFeatures,2,11,1,1,1,3,2,1,2,6,4,4,6
EEnumLiteral eEnum,1,1,1,1,1,1
Node Type
EClass,EAttribute,EDataType,EParameter,EGenericType,EOperation,EEnumLiteral,EEnum,EReference,EPackage,ETypeParameter
0.16,0.23000000000000007,0.04,0.01,0.02,0.07,0.060000000000000005,0.02,0.21000000000000005,0.08,0.09999999999999999
Edge Type
eSuperPackage,eOperation,eUpperBound,eTypeParameter,eSubpackages,eType,eSuperTypes,eParameters,eOpposite,eKeys,eTypeArguments,eModelElement,eAnnotations,ePackage,eLowerBound,eLiterals,details,eStructuralFeatures,eClassifier,eClassifiers,eTypeParameters,eContainingClass,eBounds,eEnum,eOperations,eExceptions
0.03608247422680412,0.005154639175257732,0.0,0.0,0.03608247422680412,0.020618556701030927,0.005154639175257732,0.005154639175257732,0.010309278350515464,0.0,0.0,0.0,0.0,0.1134020618556701,0.0,0.030927835051546393,0.0,0.2268041237113402,0.0,0.1134020618556701,0.05154639175257732,0.26288659793814434,0.010309278350515464,0.030927835051546393,0.03608247422680412,0.005154639175257732
violations,2
