Meta Mode,ecore
Number of Edge types,26
Number Of Nodes,100
State Id,97_1
OutDegreeValue,0,1,2,3,5,6,7,8,10,11,15
OutDegreeCount,9,61,12,6,5,1,2,1,1,1,1
NAValue,1,2,3,4,5
NACount,9,58,9,16,8
MPCValue,0.00000,0.52000,0.61831,0.65000,0.67654,0.68640,0.69333,0.70041,0.71385,0.75111,0.76066,0.76960,0.77037,0.78000,0.83200
MPCCount,9,58,1,1,1,3,8,1,1,4,1,1,2,7,2
Typed Out Degree
EReference eContainingClass,1,1,1,1,1,1,1,1,1,1,1,1,1,1,1,1,1,1,1,1,1,1,1
EEnum ePackage,1,1,1,1,1,1
EClass eTypeParameters,1,1,1,1,1
EEnum eTypeParameters,1,2
EPackage eSuperPackage,1,1,1,1,1,1,1
ETypeParameter eBounds,1
EReference eKeys,1
EClass ePackage,1,1,1,1,1,1,1,1,1,1,1,1,1,1,1,1,1,1
EOperation eContainingClass,1
EOperation eParameters,1
EAttribute eContainingClass,1,1,1,1,1,1,1,1,1,1,1,1,1,1,1,1,1,1,1,1,1,1,1,1
EPackage eSubpackages,1,1,1,4
EReference eOpposite,1,1
EPackage eClassifiers,8,3,1,4,4,7
EDataType ePackage,1,1,1
EAttribute eType,1
EClass eOperations,1
EParameter eOperation,1
EEnum eLiterals,3,1,2
EOperation eTypeParameters,1
EClass eStructuralFeatures,7,1,1,5,1,2,2,1,4,3,1,13,1,5
EEnumLiteral eEnum,1,1,1,1,1,1
Node Type
EAttribute,EClass,EDataType,EParameter,EGenericType,EEnumLiteral,EOperation,EEnum,EReference,EPackage,ETypeParameter
0.24000000000000007,0.18000000000000002,0.03,0.01,0.01,0.060000000000000005,0.01,0.060000000000000005,0.23000000000000007,0.08,0.09
Edge Type
eSuperPackage,eOperation,eUpperBound,eTypeParameter,eSubpackages,eType,eSuperTypes,eParameters,eOpposite,eKeys,eTypeArguments,eModelElement,eAnnotations,ePackage,eLowerBound,eLiterals,details,eStructuralFeatures,eClassifier,eClassifiers,eTypeParameters,eContainingClass,eBounds,eEnum,eOperations,eExceptions
0.036458333333333336,0.005208333333333333,0.0,0.0,0.036458333333333336,0.005208333333333333,0.0,0.005208333333333333,0.010416666666666666,0.005208333333333333,0.0,0.0,0.0,0.140625,0.0,0.03125,0.0,0.24479166666666666,0.0,0.140625,0.046875,0.25,0.005208333333333333,0.03125,0.005208333333333333,0.0
violations,2
