Meta Mode,ecore
Number of Edge types,26
Number Of Nodes,100
State Id,98_1
OutDegreeValue,0,1,2,3,4,5,6,7,11,14,20
OutDegreeCount,20,62,7,1,1,1,1,3,2,1,1
NAValue,1,2,3,4,5,6,7
NACount,20,63,6,4,3,3,1
MPCValue,0.00000,0.46222,0.52000,0.60595,0.64735,0.69333,0.71500,0.72163,0.74214,0.74710,0.74880,0.75111,0.76308,0.76556,0.79040
MPCCount,20,2,61,1,1,6,1,1,1,1,1,1,1,1,1
Typed Out Degree
EClass eTypeParameters,3,2,5,1
EPackage eSuperPackage,1
EGenericType eTypeArguments,1,1
EReference eKeys,1
EOperation eContainingClass,1,1,1,1,1
EAttribute eContainingClass,1,1,1,1,1,1,1,1,1,1,1,1,1,1,1,1,1,1,1,1
EPackage eClassifiers,10,2
EDataType ePackage,1,1
EAttribute eType,1
EEnum eLiterals,4
EOperation eTypeParameters,2
EClass eStructuralFeatures,8,3,8,6,12,3,4
EEnumLiteral eEnum,1,1,1,1
EReference eContainingClass,1,1,1,1,1,1,1,1,1,1,1,1,1,1,1,1,1,1,1,1,1,1,1,1
EEnum ePackage,1,1
EGenericType eUpperBound,1,1
EEnum eTypeParameters,2
EClass eSuperTypes,1
ETypeParameter eBounds,2,1,2,1,1
EClass ePackage,1,1,1,1,1,1,1,1
EOperation eParameters,3
EPackage eSubpackages,1
EGenericType eLowerBound,1,1,1,1
EClass eOperations,2,1,1,1
EParameter eOperation,1,1,1
Node Type
EAttribute,EClass,EDataType,EParameter,EGenericType,EOperation,EEnumLiteral,EEnum,EReference,ETypeParameter,EPackage
0.20000000000000004,0.08,0.02,0.03,0.15,0.05,0.04,0.02,0.24000000000000007,0.15,0.02
Edge Type
eSuperPackage,eOperation,eUpperBound,eTypeParameter,eSubpackages,eType,eSuperTypes,eParameters,eOpposite,eKeys,eTypeArguments,eModelElement,eAnnotations,ePackage,eLowerBound,eLiterals,details,eStructuralFeatures,eClassifier,eClassifiers,eTypeParameters,eContainingClass,eBounds,eEnum,eOperations,eExceptions
0.005847953216374269,0.017543859649122806,0.011695906432748537,0.0,0.005847953216374269,0.005847953216374269,0.005847953216374269,0.017543859649122806,0.0,0.005847953216374269,0.011695906432748537,0.0,0.0,0.07017543859649122,0.023391812865497075,0.023391812865497075,0.0,0.2573099415204678,0.0,0.07017543859649122,0.08771929824561403,0.28654970760233917,0.04093567251461988,0.023391812865497075,0.029239766081871343,0.0
violations,1
