Meta Mode,ecore
Number of Edge types,26
Number Of Nodes,100
State Id,99_1
OutDegreeValue,0,1,2,3,4,5,6,7,10,11,14
OutDegreeCount,15,61,9,4,1,1,1,3,2,2,1
NAValue,1,2,3,4,5,6
NACount,15,59,9,8,7,2
MPCValue,0.00000,0.46222,0.52000,0.58898,0.64463,0.65000,0.66260,0.67901,0.68640,0.69333,0.71385,0.73224,0.74469,0.75111,0.76556,0.78000,0.79605,0.84898
MPCCount,15,1,58,1,1,1,1,1,1,8,1,1,1,3,1,3,1,1
Typed Out Degree
EClass eTypeParameters,1,2,1,2
EPackage eSuperPackage,1
EGenericType eTypeArguments,1
EReference eKeys,1
EDataType eTypeParameters,1
EOperation eContainingClass,1,1,1,1,1
EAttribute eContainingClass,1,1,1,1,1,1,1,1,1,1,1,1,1,1,1,1,1,1,1,1,1,1,1
EReference eOpposite,1,1,1
EPackage eClassifiers,2,13
EDataType ePackage,1
EEnum eLiterals,4
EOperation eTypeParameters,3
EClass eStructuralFeatures,8,2,1,9,6,9,4,5,1,4
EEnumLiteral eEnum,1,1,1,1
EReference eContainingClass,1,1,1,1,1,1,1,1,1,1,1,1,1,1,1,1,1,1,1,1,1,1,1,1,1,1
EEnum ePackage,1
EGenericType eUpperBound,1,1
EEnum eTypeParameters,2
EClass eSuperTypes,1
ETypeParameter eBounds,1,2,1
EClass ePackage,1,1,1,1,1,1,1,1,1,1,1,1,1
EOperation eParameters,2,2
EPackage eSubpackages,1
EGenericType eLowerBound,1,1
EClass eOperations,1,1,1,2
EParameter eOperation,1,1,1,1
EReference eType,1
Node Type
EAttribute,EClass,EDataType,EParameter,EGenericType,EEnumLiteral,EOperation,EEnum,EReference,ETypeParameter,EPackage
0.23000000000000007,0.12999999999999998,0.01,0.04,0.09,0.04,0.05,0.01,0.26000000000000006,0.11999999999999998,0.02
Edge Type
eSuperPackage,eOperation,eUpperBound,eTypeParameter,eSubpackages,eType,eSuperTypes,eParameters,eOpposite,eKeys,eTypeArguments,eModelElement,eAnnotations,ePackage,eLowerBound,eLiterals,details,eStructuralFeatures,eClassifier,eClassifiers,eTypeParameters,eContainingClass,eBounds,eEnum,eOperations,eExceptions
0.00546448087431694,0.02185792349726776,0.01092896174863388,0.0,0.00546448087431694,0.00546448087431694,0.00546448087431694,0.02185792349726776,0.01639344262295082,0.00546448087431694,0.00546448087431694,0.0,0.0,0.08196721311475409,0.01092896174863388,0.02185792349726776,0.0,0.2677595628415301,0.0,0.08196721311475409,0.06557377049180328,0.29508196721311475,0.02185792349726776,0.02185792349726776,0.0273224043715847,0.0
violations,4
