Meta Mode,ecore
Number of Edge types,26
Number Of Nodes,100
State Id,9_1
OutDegreeValue,0,1,2,3,4,5,6,8,9,10,11,19
OutDegreeCount,14,58,12,5,2,1,3,1,1,1,1,1
NAValue,1,2,3,4,5,6,7
NACount,14,57,10,7,5,6,1
MPCValue,0.00000,0.46222,0.52000,0.57186,0.65000,0.66444,0.68862,0.69333,0.72163,0.73917,0.76408,0.77653,0.78000,0.80653,0.81120,0.83200,0.84898,0.87750
MPCCount,14,2,55,1,1,1,1,10,1,1,1,1,6,1,1,1,1,1
Typed Out Degree
EClass eTypeParameters,1,1,1,1,1,1,1,1,1
EPackage eSuperPackage,1
EGenericType eTypeArguments,1,1,1,2,1
EReference eKeys,1,1
EOperation eContainingClass,1,1,1
EAttribute eContainingClass,1,1,1,1,1,1,1,1,1,1,1,1,1,1,1,1,1,1,1,1,1
EReference eOpposite,1
EPackage eClassifiers,1,18
EDataType ePackage,1
EAttribute eType,1
EEnum eLiterals,1,2
EClass eStructuralFeatures,1,4,6,8,3,1,5,1,5,8,4
EEnumLiteral eEnum,1,1,1
EReference eContainingClass,1,1,1,1,1,1,1,1,1,1,1,1,1,1,1,1,1,1,1,1,1,1,1,1,1
EEnum ePackage,1,1
EGenericType eUpperBound,1,1,1,1
EClass eSuperTypes,1,1,2
ETypeParameter eBounds,2,1,1,1
EClass ePackage,1,1,1,1,1,1,1,1,1,1,1,1,1,1,1,1
EOperation eParameters,1
EPackage eSubpackages,1
EGenericType eLowerBound,1,1
EClass eOperations,1,1,1
EParameter eOperation,1
EReference eType,1,1,1,1,1
Node Type
EAttribute,EClass,EDataType,EParameter,EGenericType,EEnumLiteral,EOperation,EEnum,EReference,ETypeParameter,EPackage
0.21000000000000005,0.16,0.01,0.01,0.17,0.03,0.03,0.02,0.25000000000000006,0.09,0.02
Edge Type
eSuperPackage,eOperation,eUpperBound,eTypeParameter,eSubpackages,eType,eSuperTypes,eParameters,eOpposite,eKeys,eTypeArguments,eModelElement,eAnnotations,ePackage,eLowerBound,eLiterals,details,eStructuralFeatures,eClassifier,eClassifiers,eTypeParameters,eContainingClass,eBounds,eEnum,eOperations,eExceptions
0.005405405405405406,0.005405405405405406,0.021621621621621623,0.0,0.005405405405405406,0.032432432432432434,0.021621621621621623,0.005405405405405406,0.005405405405405406,0.010810810810810811,0.032432432432432434,0.0,0.0,0.10270270270270271,0.010810810810810811,0.016216216216216217,0.0,0.24864864864864866,0.0,0.10270270270270271,0.04864864864864865,0.2648648648648649,0.02702702702702703,0.016216216216216217,0.016216216216216217,0.0
violations,2
