Meta Mode,ecore
Number of Edge types,26
Number Of Nodes,100
State Id,100_1
OutDegreeValue,0,1,2,3,4,5,6,7,8,9,12,14,22
OutDegreeCount,5,25,44,8,7,4,1,1,1,1,1,1,1
NAValue,1,2,3,4,5,6,7
NACount,5,22,38,16,12,4,3
MPCValue,0.00000,0.52000,0.53926,0.58240,0.64248,0.65000,0.69333,0.74880,0.75111,0.76556,0.76671,0.77037,0.77469,0.78000,0.79074,0.80247,0.80746,0.80889,0.81250,0.81817,0.83200,0.85280,0.85950
MPCCount,5,22,1,2,1,12,24,1,1,1,1,3,1,12,1,1,1,2,1,1,4,1,1
Typed Out Degree
EClass eTypeParameters,2,1,1
EPackage eSuperPackage,1,1,1,1,1
EReference eKeys,2,1,1,1,1,3,1,2,2,1,1
EOperation eContainingClass,1,1,1,1
EAttribute eContainingClass,1,1,1,1,1,1,1,1,1,1,1,1,1,1,1,1,1,1,1,1,1,1,1,1,1
EReference eOpposite,1,1,1,1,1,1,1,1,1
EPackage eClassifiers,19,1,4
EDataType ePackage,1
EAttribute eType,1,1,1,1,1,1,1,1,1,1,1,1,1,1,1,1,1,1
EOperation eExceptions,1
EEnum eLiterals,6
EOperation eTypeParameters,1
EParameter eType,1
EClass eStructuralFeatures,9,4,2,3,5,1,1,1,8,1,1,4,4,2,3,1,3
EEnumLiteral eEnum,1,1,1,1,1,1
EReference eContainingClass,1,1,1,1,1,1,1,1,1,1,1,1,1,1,1,1,1,1,1,1,1,1,1,1,1,1,1,1
EEnum ePackage,1,1
EClass eSuperTypes,3,2,1,1,2,2,2,1,2
ETypeParameter eBounds,1
EClass ePackage,1,1,1,1,1,1,1,1,1,1,1,1,1,1,1,1,1,1,1,1,1
EOperation eParameters,1
EPackage eSubpackages,3,1,1
EClass eOperations,1,1,1,1
EParameter eOperation,1
EReference eType,1,1,1,1,1,1,1,1,1
EOperation eType,1
Node Type
EClass,EAttribute,EDataType,EParameter,EGenericType,EEnumLiteral,EOperation,EEnum,EReference,ETypeParameter,EPackage
0.21000000000000005,0.25000000000000006,0.01,0.01,0.01,0.060000000000000005,0.04,0.02,0.2800000000000001,0.05,0.060000000000000005
Edge Type
eSuperPackage,eOperation,eUpperBound,eTypeParameter,eSubpackages,eType,eSuperTypes,eParameters,eOpposite,eKeys,eTypeArguments,eModelElement,eAnnotations,ePackage,eLowerBound,eLiterals,details,eStructuralFeatures,eClassifier,eClassifiers,eTypeParameters,eContainingClass,eBounds,eEnum,eOperations,eExceptions
0.019011406844106463,0.0038022813688212928,0.0,0.0,0.019011406844106463,0.11026615969581749,0.060836501901140684,0.0038022813688212928,0.034220532319391636,0.060836501901140684,0.0,0.0,0.0,0.09125475285171103,0.0,0.022813688212927757,0.0,0.20152091254752852,0.0,0.09125475285171103,0.019011406844106463,0.21673003802281368,0.0038022813688212928,0.022813688212927757,0.015209125475285171,0.0038022813688212928
violations,12
