Meta Mode,ecore
Number of Edge types,26
Number Of Nodes,100
State Id,10_1
OutDegreeValue,0,1,2,3,4,5,6,7,8,9,10,12,13,19
OutDegreeCount,12,30,35,2,6,3,2,2,2,2,1,1,1,1
NAValue,1,2,3,4,5,6,7
NACount,12,21,39,9,7,7,5
MPCValue,0.00000,0.46222,0.52000,0.57186,0.58240,0.58500,0.65000,0.69333,0.70720,0.74880,0.76291,0.76673,0.76926,0.77037,0.78000,0.78295,0.79040,0.79170,0.80205,0.81250,0.82276,0.82512,0.83200,0.84741,0.86025,0.87750
MPCCount,12,1,22,1,2,1,3,33,1,4,1,1,1,1,4,1,1,1,1,1,1,1,2,1,1,1
Typed Out Degree
EClass eTypeParameters,1,2,1,1,1,1
EPackage eSuperPackage,1
EReference eKeys,1,3,1,3,1,1,1,1,2,1,3,1,5,1,1
EDataType eTypeParameters,1
EOperation eContainingClass,1,1,1
EAttribute eContainingClass,1,1,1,1,1,1,1,1,1,1,1,1,1,1,1,1,1,1,1,1,1,1,1,1
EReference eOpposite,1,1,1,1,1,1,1
EPackage eClassifiers,18,1
EDataType ePackage,1,1
EAttribute eType,1,1,1,1,1,1,1,1,1,1,1,1,1
EOperation eExceptions,1
EEnum eLiterals,4,3
EOperation eTypeParameters,1
EClass eStructuralFeatures,2,4,2,7,3,1,4,4,6,6,3,4,6
EEnumLiteral eEnum,1,1,1,1,1,1,1
EReference eContainingClass,1,1,1,1,1,1,1,1,1,1,1,1,1,1,1,1,1,1,1,1,1,1,1,1,1,1,1,1
EEnum ePackage,1,1
EEnum eTypeParameters,2
EClass eSuperTypes,1,2,1,1,1,5,1,5,2,3
ETypeParameter eBounds,1,2
EClass ePackage,1,1,1,1,1,1,1,1,1,1,1,1,1,1,1
EOperation eParameters,1,1
EPackage eSubpackages,1
EGenericType eLowerBound,1
EClass eOperations,1,1,1
EParameter eOperation,1,1
EReference eType,1,1,1,1,1,1,1
Node Type
EClass,EAttribute,EDataType,EParameter,EGenericType,EOperation,EEnumLiteral,EEnum,EReference,ETypeParameter,EPackage
0.15,0.24000000000000007,0.02,0.02,0.04,0.03,0.07,0.02,0.2800000000000001,0.10999999999999999,0.02
Edge Type
eSuperPackage,eOperation,eUpperBound,eTypeParameter,eSubpackages,eType,eSuperTypes,eParameters,eOpposite,eKeys,eTypeArguments,eModelElement,eAnnotations,ePackage,eLowerBound,eLiterals,details,eStructuralFeatures,eClassifier,eClassifiers,eTypeParameters,eContainingClass,eBounds,eEnum,eOperations,eExceptions
0.003861003861003861,0.007722007722007722,0.0,0.0,0.003861003861003861,0.07722007722007722,0.08494208494208494,0.007722007722007722,0.02702702702702703,0.10038610038610038,0.0,0.0,0.0,0.07335907335907337,0.003861003861003861,0.02702702702702703,0.0,0.20077220077220076,0.0,0.07335907335907337,0.04247104247104247,0.21235521235521235,0.011583011583011582,0.02702702702702703,0.011583011583011582,0.003861003861003861
violations,5
