Meta Mode,ecore
Number of Edge types,26
Number Of Nodes,100
State Id,11_1
OutDegreeValue,0,1,2,3,4,5,6,7,8,12,14
OutDegreeCount,8,28,39,8,6,3,4,1,1,1,1
NAValue,1,2,3,4,5,6,7,8
NACount,8,23,37,13,11,5,2,1
MPCValue,0.00000,0.52000,0.59944,0.64735,0.65000,0.68640,0.69333,0.71500,0.74286,0.75111,0.76556,0.77037,0.77187,0.78000,0.78321,0.79040,0.79074,0.80889,0.83200,0.84741,0.84898,0.86667,0.88111
MPCCount,8,23,1,1,10,1,27,1,1,2,2,1,1,8,1,1,1,1,4,2,1,1,1
Typed Out Degree
EClass eTypeParameters,1,1,1,1
EPackage eSuperPackage,1,1
EReference eKeys,2,1,1,1,1,1,1,1
EOperation eContainingClass,1,1,1,1
EAttribute eContainingClass,1,1,1,1,1,1,1,1,1,1,1,1,1,1,1,1,1,1,1,1,1,1,1
EReference eOpposite,1,1,1,1,1,1,1,1
EPackage eClassifiers,11,12,4
EDataType ePackage,1
EAttribute eType,1,1,1,1,1,1,1,1,1,1,1,1
EOperation eExceptions,2
EEnum eLiterals,1,1
EOperation eTypeParameters,1,1
EParameter eType,1
EClass eStructuralFeatures,2,3,6,4,5,5,1,2,2,1,3,3,1,4,1,2,4,3,2
EEnumLiteral eEnum,1,1
EReference eContainingClass,1,1,1,1,1,1,1,1,1,1,1,1,1,1,1,1,1,1,1,1,1,1,1,1,1,1,1,1,1,1,1
EEnum ePackage,1,1,1
EEnum eTypeParameters,1,1
EClass eSuperTypes,1,2,1
ETypeParameter eBounds,1
EClass ePackage,1,1,1,1,1,1,1,1,1,1,1,1,1,1,1,1,1,1,1,1,1,1,1
EOperation eParameters,1
EPackage eSubpackages,2
EClass eOperations,1,1,1,1
EParameter eOperation,1
EReference eType,1,1,1,1,1,1,1,1
EOperation eType,1
Node Type
EAttribute,EClass,EDataType,EParameter,EGenericType,EOperation,EEnumLiteral,EEnum,EReference,ETypeParameter,EPackage
0.23000000000000007,0.23000000000000007,0.01,0.01,0.01,0.04,0.02,0.03,0.3100000000000001,0.08,0.03
Edge Type
eSuperPackage,eOperation,eUpperBound,eTypeParameter,eSubpackages,eType,eSuperTypes,eParameters,eOpposite,eKeys,eTypeArguments,eModelElement,eAnnotations,ePackage,eLowerBound,eLiterals,details,eStructuralFeatures,eClassifier,eClassifiers,eTypeParameters,eContainingClass,eBounds,eEnum,eOperations,eExceptions
0.008547008547008548,0.004273504273504274,0.0,0.0,0.008547008547008548,0.09401709401709402,0.017094017094017096,0.004273504273504274,0.03418803418803419,0.038461538461538464,0.0,0.0,0.0,0.11538461538461539,0.0,0.008547008547008548,0.0,0.23076923076923078,0.0,0.11538461538461539,0.03418803418803419,0.24786324786324787,0.004273504273504274,0.008547008547008548,0.017094017094017096,0.008547008547008548
violations,2
