Meta Mode,ecore
Number of Edge types,26
Number Of Nodes,100
State Id,12_1
OutDegreeValue,0,1,2,3,4,5,6,7,8,9,13,16,17,19,23
OutDegreeCount,6,27,42,4,5,4,1,2,2,1,1,1,1,2,1
NAValue,1,2,3,4,5,6,7,8
NACount,6,23,39,15,7,6,3,1
MPCValue,0.00000,0.51692,0.52000,0.55923,0.57186,0.61020,0.64532,0.65000,0.68250,0.68640,0.69333,0.71106,0.71500,0.73571,0.73578,0.73917,0.74469,0.74880,0.75111,0.75325,0.76408,0.76556,0.76615,0.77653,0.78000,0.80889,0.81250,0.83778
MPCCount,6,1,23,1,1,1,1,8,1,1,32,1,2,1,1,1,1,4,3,1,1,1,1,1,2,1,1,1
Typed Out Degree
EClass eTypeParameters,1,1,1
EPackage eSuperPackage,1,1
EReference eKeys,1,1,1,2,1,1,1,3
EDataType eTypeParameters,1
EOperation eContainingClass,1,1,1,1,1
EAttribute eContainingClass,1,1,1,1,1,1,1,1,1,1,1,1,1,1,1,1,1,1,1,1,1,1,1
EReference eOpposite,1,1,1,1,1,1,1,1,1,1,1
EPackage eClassifiers,2,18,6
EDataType ePackage,1,1
EAttribute eType,1,1,1,1,1,1,1,1,1,1,1,1,1,1,1,1
EOperation eExceptions,2
EEnum eLiterals,4
EOperation eTypeParameters,1,1
EClass eStructuralFeatures,4,2,1,3,3,2,1,2,2,2,5,9,7,3,4,3
EEnumLiteral eEnum,1,1,1,1
EReference eContainingClass,1,1,1,1,1,1,1,1,1,1,1,1,1,1,1,1,1,1,1,1,1,1,1,1,1,1,1,1,1,1
EEnum ePackage,1,1
EClass eSuperTypes,2,2,5,13,1,2,1,4,5,13,11,1,11,2
ETypeParameter eBounds,1
EClass ePackage,1,1,1,1,1,1,1,1,1,1,1,1,1,1,1,1,1,1,1,1,1,1
EOperation eParameters,2
EPackage eSubpackages,1,1
EClass eOperations,1,1,2,1
EParameter eOperation,1,1
EReference eType,1,1,1,1,1,1,1,1,1,1
EOperation eType,1
Node Type
EAttribute,EClass,EDataType,EParameter,EGenericType,EEnumLiteral,EOperation,EEnum,EReference,ETypeParameter,EPackage
0.23000000000000007,0.22000000000000006,0.02,0.02,0.01,0.04,0.05,0.02,0.3000000000000001,0.060000000000000005,0.03
Edge Type
eSuperPackage,eOperation,eUpperBound,eTypeParameter,eSubpackages,eType,eSuperTypes,eParameters,eOpposite,eKeys,eTypeArguments,eModelElement,eAnnotations,ePackage,eLowerBound,eLiterals,details,eStructuralFeatures,eClassifier,eClassifiers,eTypeParameters,eContainingClass,eBounds,eEnum,eOperations,eExceptions
0.006349206349206349,0.006349206349206349,0.0,0.0,0.006349206349206349,0.08571428571428572,0.23174603174603176,0.006349206349206349,0.03492063492063492,0.03492063492063492,0.0,0.0,0.0,0.08253968253968254,0.0,0.012698412698412698,0.0,0.16825396825396827,0.0,0.08253968253968254,0.01904761904761905,0.18412698412698414,0.0031746031746031746,0.012698412698412698,0.015873015873015872,0.006349206349206349
violations,16
