Meta Mode,ecore
Number of Edge types,26
Number Of Nodes,100
State Id,13_1
OutDegreeValue,0,1,2,3,4,5,6,7,9,11,13,16,18
OutDegreeCount,8,20,44,11,4,3,2,3,1,1,1,1,1
NAValue,1,2,3,4,5,6,7,8
NACount,8,17,41,16,8,5,4,1
MPCValue,0.00000,0.52000,0.57457,0.58240,0.58500,0.63673,0.65000,0.68640,0.69333,0.72163,0.74131,0.75111,0.77037,0.77355,0.78000,0.79605,0.79934,0.80220,0.80653,0.80889,0.82276,0.83200,0.83457,0.84500,0.85222
MPCCount,8,18,1,2,1,3,10,1,28,1,1,1,1,1,9,1,1,1,1,1,2,4,1,1,1
Typed Out Degree
EClass eTypeParameters,2,1,1,1
EPackage eSuperPackage,1
EReference eKeys,2,1,1,2,1,1,1,1,1,3,2,2,2,2,4,1
EDataType eTypeParameters,1
EOperation eContainingClass,1,1,1,1,1,1,1
EAttribute eContainingClass,1,1,1,1,1,1,1,1,1,1,1,1,1,1,1,1,1,1,1,1,1,1,1,1
EReference eOpposite,1,1,1,1,1
EPackage eClassifiers,4,17
EDataType ePackage,1
EAttribute eType,1,1,1,1,1,1,1,1,1,1,1,1,1,1,1,1,1,1
EOperation eExceptions,1,1
EEnum eLiterals,6
EClass eStructuralFeatures,1,1,4,4,6,1,2,3,9,4,2,4,2,8
EEnumLiteral eEnum,1,1,1,1,1,1
EReference eContainingClass,1,1,1,1,1,1,1,1,1,1,1,1,1,1,1,1,1,1,1,1,1,1,1,1,1,1,1
EEnum ePackage,1,1,1
EEnum eTypeParameters,1,1
EClass eSuperTypes,3,4,3,5,1,1,4
ETypeParameter eBounds,1,1
EClass ePackage,1,1,1,1,1,1,1,1,1,1,1,1,1,1,1,1,1
EOperation eParameters,1,1,1
EPackage eSubpackages,1
EClass eOperations,1,1,1,1,1,1,1
EParameter eOperation,1,1,1
EReference eType,1,1,1,1,1,1,1,1
EOperation eType,1,1,1
Node Type
EAttribute,EClass,EDataType,EParameter,EGenericType,EEnumLiteral,EOperation,EEnum,EReference,EPackage,ETypeParameter
0.24000000000000007,0.17,0.01,0.03,0.02,0.060000000000000005,0.07,0.03,0.2700000000000001,0.02,0.08
Edge Type
eSuperPackage,eOperation,eUpperBound,eTypeParameter,eSubpackages,eType,eSuperTypes,eParameters,eOpposite,eKeys,eTypeArguments,eModelElement,eAnnotations,ePackage,eLowerBound,eLiterals,details,eStructuralFeatures,eClassifier,eClassifiers,eTypeParameters,eContainingClass,eBounds,eEnum,eOperations,eExceptions
0.003676470588235294,0.011029411764705883,0.0,0.0,0.003676470588235294,0.10661764705882353,0.07720588235294118,0.011029411764705883,0.01838235294117647,0.09926470588235294,0.0,0.0,0.0,0.07720588235294118,0.0,0.022058823529411766,0.0,0.1875,0.0,0.07720588235294118,0.029411764705882353,0.21323529411764705,0.007352941176470588,0.022058823529411766,0.025735294117647058,0.007352941176470588
violations,4
