Meta Mode,ecore
Number of Edge types,26
Number Of Nodes,100
State Id,14_1
OutDegreeValue,0,1,2,3,4,5,6,7,8,9,14,19
OutDegreeCount,6,23,42,8,5,3,3,2,3,2,1,2
NAValue,1,2,3,4,5,6,7,8
NACount,5,21,38,18,4,4,7,3
MPCValue,0.00000,0.35360,0.46222,0.52000,0.53926,0.57186,0.58240,0.58500,0.63673,0.65000,0.66560,0.69333,0.70720,0.74880,0.75111,0.75571,0.77653,0.78000,0.79918,0.80653,0.81231,0.81714,0.82068,0.82276,0.82458,0.83200,0.84208,0.84741,0.87750
MPCCount,5,1,1,21,1,1,1,1,3,9,1,29,1,2,1,1,1,7,1,1,1,1,1,1,1,1,2,2,1
Typed Out Degree
EGenericType eTypeParameter,1
EClass eTypeParameters,2,1
EPackage eSuperPackage,1
EGenericType eTypeArguments,1
EReference eKeys,6,5,1,1,5,4,1,2,1,3,2
EOperation eContainingClass,1,1,1,1,1,1,1
EAttribute eContainingClass,1,1,1,1,1,1,1,1,1,1,1,1,1,1,1,1,1,1,1,1,1,1,1
EReference eOpposite,1,1,1,1,1,1,1,1,1,1,1,1
EPackage eClassifiers,18
EDataType ePackage,1
EAttribute eType,1,1,1,1,1,1,1,1,1,1,1,1,1,1,1,1
EOperation eExceptions,8
EEnum eLiterals,6
EParameter eType,1,1
EClass eStructuralFeatures,2,6,1,4,4,1,1,4,7,2,5,2,9,2,4
EEnumLiteral eEnum,1,1,1,1,1,1
EReference eContainingClass,1,1,1,1,1,1,1,1,1,1,1,1,1,1,1,1,1,1,1,1,1,1,1,1,1,1,1,1,1,1,1
EEnum ePackage,1
EGenericType eUpperBound,1
EEnum eTypeParameters,1
EClass eSuperTypes,1,2,1,1,1,1,1,5,1,7,1
ETypeParameter eBounds,1
EClass ePackage,1,1,1,1,1,1,1,1,1,1,1,1,1,1,1,1
EOperation eParameters,1,1,1,1
EPackage eSubpackages,1
EGenericType eLowerBound,1,1
EClass eOperations,1,1,1,1,2,1
EParameter eOperation,1,1,1,1
EReference eType,1,1,1,1,1,1,1,1,1,1
EOperation eType,1
Node Type
EAttribute,EClass,EDataType,EParameter,EGenericType,EEnumLiteral,EOperation,EEnum,EReference,EPackage,ETypeParameter
0.23000000000000007,0.16,0.01,0.04,0.05,0.060000000000000005,0.07,0.01,0.3100000000000001,0.02,0.04
Edge Type
eSuperPackage,eOperation,eUpperBound,eTypeParameter,eSubpackages,eType,eSuperTypes,eParameters,eOpposite,eKeys,eTypeArguments,eModelElement,eAnnotations,ePackage,eLowerBound,eLiterals,details,eStructuralFeatures,eClassifier,eClassifiers,eTypeParameters,eContainingClass,eBounds,eEnum,eOperations,eExceptions
0.003424657534246575,0.0136986301369863,0.003424657534246575,0.003424657534246575,0.003424657534246575,0.09931506849315068,0.07534246575342465,0.0136986301369863,0.0410958904109589,0.10616438356164383,0.003424657534246575,0.0,0.0,0.06164383561643835,0.00684931506849315,0.02054794520547945,0.0,0.18493150684931506,0.0,0.06164383561643835,0.0136986301369863,0.2089041095890411,0.003424657534246575,0.02054794520547945,0.023972602739726026,0.0273972602739726
violations,9
