Meta Mode,ecore
Number of Edge types,26
Number Of Nodes,100
State Id,15_1
OutDegreeValue,0,1,2,3,4,5,7,8,15,20
OutDegreeCount,3,27,43,13,6,1,2,3,1,1
NAValue,1,2,3,4,5,6,7,9
NACount,3,21,40,20,8,6,1,1
MPCValue,0.00000,0.52000,0.56940,0.58240,0.65000,0.67654,0.69333,0.71500,0.72313,0.74880,0.75111,0.76729,0.76960,0.77679,0.78000,0.79074,0.80653,0.82512,0.83200,0.83488,0.84500,0.84898
MPCCount,3,21,1,2,12,2,27,1,1,5,1,1,1,1,10,1,1,1,4,1,2,1
Typed Out Degree
EClass eTypeParameters,1
EPackage eSuperPackage,1,1,1
EReference eKeys,1,1,2,1,2,1,2,1,2,1,1,1,2,2
EDataType eTypeParameters,1
EOperation eContainingClass,1,1,1
EAttribute eContainingClass,1,1,1,1,1,1,1,1,1,1,1,1,1,1,1,1,1,1,1,1,1,1,1,1,1
EReference eOpposite,1,1,1,1,1,1,1
EPackage eClassifiers,3,1,19,1
EDataType ePackage,1,1
EAttribute eType,1,1,1,1,1,1,1,1,1,1,1,1,1,1,1,1,1
EOperation eExceptions,1
EEnum eLiterals,6,1
EOperation eTypeParameters,1
EParameter eType,1
EClass eStructuralFeatures,10,1,3,6,1,2,1,3,2,2,7,1,3,2,4,7
EEnumLiteral eEnum,1,1,1,1,1,1,1
EReference eContainingClass,1,1,1,1,1,1,1,1,1,1,1,1,1,1,1,1,1,1,1,1,1,1,1,1,1,1,1,1,1,1
EEnum ePackage,1,1,1
EClass eSuperTypes,2,1,1,1,1,1,1
ETypeParameter eBounds,1,1
EClass ePackage,1,1,1,1,1,1,1,1,1,1,1,1,1,1,1,1,1,1,1
EOperation eParameters,1,1
EPackage eSubpackages,1,1,1
EClass eOperations,1,1,1
EParameter eOperation,1,1
EReference eType,1,1,1,1,1,1,1
Node Type
EAttribute,EClass,EDataType,EParameter,EGenericType,EOperation,EEnumLiteral,EEnum,EReference,EPackage,ETypeParameter
0.25000000000000006,0.19000000000000003,0.02,0.02,0.02,0.03,0.07,0.03,0.3000000000000001,0.04,0.03
Edge Type
eSuperPackage,eOperation,eUpperBound,eTypeParameter,eSubpackages,eType,eSuperTypes,eParameters,eOpposite,eKeys,eTypeArguments,eModelElement,eAnnotations,ePackage,eLowerBound,eLiterals,details,eStructuralFeatures,eClassifier,eClassifiers,eTypeParameters,eContainingClass,eBounds,eEnum,eOperations,eExceptions
0.011811023622047244,0.007874015748031496,0.0,0.0,0.011811023622047244,0.0984251968503937,0.031496062992125984,0.007874015748031496,0.027559055118110236,0.07874015748031496,0.0,0.0,0.0,0.09448818897637795,0.0,0.027559055118110236,0.0,0.21653543307086615,0.0,0.09448818897637795,0.011811023622047244,0.2283464566929134,0.007874015748031496,0.027559055118110236,0.011811023622047244,0.003937007874015748
violations,1
