Meta Mode,ecore
Number of Edge types,26
Number Of Nodes,100
State Id,16_1
OutDegreeValue,0,1,2,3,4,5,6,8,9,10,11,18
OutDegreeCount,7,26,45,3,5,6,3,1,1,1,1,1
NAValue,1,2,3,4,5,6,7
NACount,7,21,38,20,4,8,2
MPCValue,0.00000,0.52000,0.57457,0.58240,0.65000,0.69333,0.69680,0.71385,0.71500,0.72107,0.74880,0.75111,0.76960,0.77037,0.77066,0.77480,0.78000,0.80889,0.81120,0.82512,0.83200,0.83778,0.84231
MPCCount,7,21,1,2,11,25,1,1,3,1,4,1,1,1,1,1,10,2,1,1,1,1,2
Typed Out Degree
EClass eTypeParameters,1,1,1,1
EPackage eSuperPackage,1,1,1
EReference eKeys,2,2,1,2,1,1,1
EDataType eTypeParameters,1,1
EOperation eContainingClass,1,1,1,1
EAttribute eContainingClass,1,1,1,1,1,1,1,1,1,1,1,1,1,1,1,1,1,1,1,1,1,1,1,1
EReference eOpposite,1,1,1,1,1,1,1,1,1,1,1,1,1,1,1,1
EPackage eClassifiers,2,17,2,3
EDataType ePackage,1,1
EAttribute eType,1,1,1,1,1,1,1,1,1,1,1,1
EEnum eLiterals,3
EParameter eType,1
EClass eStructuralFeatures,3,1,3,5,3,1,1,7,3,3,1,3,3,2,4,8,3
EEnumLiteral eEnum,1,1,1
EReference eContainingClass,1,1,1,1,1,1,1,1,1,1,1,1,1,1,1,1,1,1,1,1,1,1,1,1,1,1,1,1,1,1
EEnum ePackage,1,1,1
EEnum eTypeParameters,1
EClass eSuperTypes,1,2,3,1,1,1,4,4
ETypeParameter eBounds,1,1
EClass ePackage,1,1,1,1,1,1,1,1,1,1,1,1,1,1,1,1,1,1,1
EOperation eParameters,1,1
EPackage eSubpackages,2,1
EClass eOperations,1,1,1,1
EParameter eOperation,1,1
EReference eType,1,1,1
EOperation eType,1
Node Type
EClass,EAttribute,EDataType,EParameter,EGenericType,EOperation,EEnumLiteral,EEnum,EReference,ETypeParameter,EPackage
0.19000000000000003,0.24000000000000007,0.02,0.02,0.02,0.04,0.03,0.03,0.3000000000000001,0.07,0.04
Edge Type
eSuperPackage,eOperation,eUpperBound,eTypeParameter,eSubpackages,eType,eSuperTypes,eParameters,eOpposite,eKeys,eTypeArguments,eModelElement,eAnnotations,ePackage,eLowerBound,eLiterals,details,eStructuralFeatures,eClassifier,eClassifiers,eTypeParameters,eContainingClass,eBounds,eEnum,eOperations,eExceptions
0.012048192771084338,0.008032128514056224,0.0,0.0,0.012048192771084338,0.06827309236947791,0.06827309236947791,0.008032128514056224,0.0642570281124498,0.040160642570281124,0.0,0.0,0.0,0.0963855421686747,0.0,0.012048192771084338,0.0,0.21686746987951808,0.0,0.0963855421686747,0.028112449799196786,0.23293172690763053,0.008032128514056224,0.012048192771084338,0.01606425702811245,0.0
violations,17
