Meta Mode,ecore
Number of Edge types,26
Number Of Nodes,100
State Id,17_1
OutDegreeValue,0,1,2,3,4,5,6,7,8,9,10,11,12,18
OutDegreeCount,8,26,43,7,4,1,2,2,2,1,1,1,1,1
NAValue,1,2,3,4,5,6,7,8
NACount,8,22,40,15,6,1,6,2
MPCValue,0.00000,0.46222,0.52000,0.58240,0.58500,0.62272,0.65000,0.69333,0.71385,0.76556,0.78000,0.79040,0.79385,0.80653,0.80889,0.81120,0.81250,0.81329,0.83200,0.83385,0.83720,0.84124,0.85222
MPCCount,8,1,21,3,1,1,8,29,1,1,13,1,1,1,2,1,1,1,1,1,1,1,1
Typed Out Degree
EClass eTypeParameters,1,1,1,1
EPackage eSuperPackage,1,1
EGenericType eTypeArguments,1
EReference eKeys,1,1,1,1,2,3,1,3,1,1,1,1,2
EOperation eContainingClass,1,1,1,1,1,1,1
EAttribute eContainingClass,1,1,1,1,1,1,1,1,1,1,1,1,1,1,1,1,1,1,1,1,1,1,1,1
EReference eOpposite,1,1,1,1,1
EPackage eClassifiers,1,16,1
EDataType ePackage,1,1
EAttribute eType,1,1,1,1,1,1,1,1,1,1,1,1,1,1
EOperation eExceptions,1,1
EEnum eLiterals,5,1
EOperation eTypeParameters,1,1,1
EParameter eType,1
EClass eStructuralFeatures,5,4,4,1,3,8,6,4,3,2,5,5,1,4
EEnumLiteral eEnum,1,1,1,1,1,1
EReference eContainingClass,1,1,1,1,1,1,1,1,1,1,1,1,1,1,1,1,1,1,1,1,1,1,1,1,1,1,1,1,1,1,1
EEnum ePackage,1,1
EClass eSuperTypes,2,1,1,2,4,1,1,1,3
ETypeParameter eBounds,2
EClass ePackage,1,1,1,1,1,1,1,1,1,1,1,1,1,1
EOperation eParameters,1
EPackage eSubpackages,2
EClass eOperations,2,1,2,1,1
EParameter eOperation,1
EReference eType,1,1,1,1,1,1,1,1,1
EOperation eType,1,1
Node Type
EClass,EAttribute,EDataType,EParameter,EGenericType,EEnumLiteral,EOperation,EEnum,EReference,EPackage,ETypeParameter
0.13999999999999999,0.24000000000000007,0.02,0.01,0.03,0.060000000000000005,0.07,0.02,0.3100000000000001,0.03,0.07
Edge Type
eSuperPackage,eOperation,eUpperBound,eTypeParameter,eSubpackages,eType,eSuperTypes,eParameters,eOpposite,eKeys,eTypeArguments,eModelElement,eAnnotations,ePackage,eLowerBound,eLiterals,details,eStructuralFeatures,eClassifier,eClassifiers,eTypeParameters,eContainingClass,eBounds,eEnum,eOperations,eExceptions
0.0078125,0.00390625,0.0,0.0,0.0078125,0.1015625,0.0625,0.00390625,0.01953125,0.07421875,0.00390625,0.0,0.0,0.0703125,0.0,0.0234375,0.0,0.21484375,0.0,0.0703125,0.02734375,0.2421875,0.0078125,0.0234375,0.02734375,0.0078125
violations,5
