Meta Mode,ecore
Number of Edge types,26
Number Of Nodes,100
State Id,18_1
OutDegreeValue,0,1,2,3,4,5,6,7,8,11,12
OutDegreeCount,7,31,38,9,4,1,4,2,2,1,1
NAValue,1,2,3,4,5,6,7
NACount,6,24,43,13,8,4,2
MPCValue,0.00000,0.52000,0.58240,0.59944,0.60595,0.65000,0.66444,0.68250,0.69333,0.71385,0.71500,0.72222,0.73956,0.74880,0.77037,0.77187,0.78000,0.79040,0.80889,0.82173,0.83200,0.84898,0.87309
MPCCount,6,24,1,1,1,8,2,1,36,1,1,1,1,5,1,1,2,1,2,1,1,1,1
Typed Out Degree
EGenericType eTypeParameter,1
EClass eTypeParameters,1
EPackage eSuperPackage,1
EReference eKeys,1,1,1,2,1,1,1,1,1,1,1,1,1,1,1,1
EDataType eTypeParameters,2
EOperation eContainingClass,1,1,1,1,1,1
EAttribute eContainingClass,1,1,1,1,1,1,1,1,1,1,1,1,1,1,1,1,1,1,1,1,1,1
EReference eOpposite,1,1,1,1,1
EPackage eClassifiers,10,11
EDataType ePackage,1
EAttribute eType,1,1,1,1,1,1,1,1,1
EOperation eExceptions,1
EEnum eLiterals,5
EOperation eTypeParameters,2,1,1
EParameter eType,1
EClass eStructuralFeatures,1,6,6,5,2,3,3,5,2,3,5,5,2,4,1
EEnumLiteral eEnum,1,1,1,1,1
EReference eContainingClass,1,1,1,1,1,1,1,1,1,1,1,1,1,1,1,1,1,1,1,1,1,1,1,1,1,1,1,1,1,1,1
EEnum ePackage,1,1,1,1
EGenericType eUpperBound,1,1
EClass eSuperTypes,1,1
ETypeParameter eBounds,1,1
EClass ePackage,1,1,1,1,1,1,1,1,1,1,1,1,1,1,1,1
EOperation eParameters,1,1
EPackage eSubpackages,1
EClass eOperations,1,1,1,1,1,1
EParameter eOperation,1,1
EReference eType,1,1,1,1,1,1,1,1
EOperation eType,1
Node Type
EClass,EAttribute,EDataType,EParameter,EGenericType,EOperation,EEnumLiteral,EEnum,EReference,ETypeParameter,EPackage
0.16,0.22000000000000006,0.01,0.02,0.04,0.060000000000000005,0.05,0.04,0.3100000000000001,0.07,0.02
Edge Type
eSuperPackage,eOperation,eUpperBound,eTypeParameter,eSubpackages,eType,eSuperTypes,eParameters,eOpposite,eKeys,eTypeArguments,eModelElement,eAnnotations,ePackage,eLowerBound,eLiterals,details,eStructuralFeatures,eClassifier,eClassifiers,eTypeParameters,eContainingClass,eBounds,eEnum,eOperations,eExceptions
0.004310344827586207,0.008620689655172414,0.008620689655172414,0.004310344827586207,0.004310344827586207,0.08189655172413793,0.008620689655172414,0.008620689655172414,0.021551724137931036,0.07327586206896551,0.0,0.0,0.0,0.09051724137931035,0.0,0.021551724137931036,0.0,0.22844827586206898,0.0,0.09051724137931035,0.03017241379310345,0.2543103448275862,0.008620689655172414,0.021551724137931036,0.02586206896551724,0.004310344827586207
violations,0
