Meta Mode,ecore
Number of Edge types,26
Number Of Nodes,100
State Id,19_1
OutDegreeValue,0,1,2,3,4,5,6,7,8,10,19
OutDegreeCount,7,22,40,9,8,2,3,3,2,3,1
NAValue,1,2,3,4,5,6,7
NACount,7,19,41,12,10,6,5
MPCValue,0.00000,0.46694,0.52000,0.57186,0.58240,0.58500,0.63375,0.63673,0.65000,0.69333,0.71385,0.71500,0.73917,0.74880,0.76308,0.76408,0.76556,0.77037,0.78000,0.80167,0.80653,0.80889,0.81329,0.83200,0.83692,0.84231,0.84741,0.85950,0.86667
MPCCount,7,1,19,1,1,2,1,1,14,28,1,1,1,2,1,2,1,1,3,1,2,1,2,1,1,1,1,1,1
Typed Out Degree
EClass eTypeParameters,1,1,1,2
EPackage eSuperPackage,1
EReference eKeys,1,1,1,2,2,3,1,2,2,1,3,2,2,1,2
EDataType eTypeParameters,1
EOperation eContainingClass,1,1,1,1
EAttribute eContainingClass,1,1,1,1,1,1,1,1,1,1,1,1,1,1,1,1,1,1,1,1,1,1,1,1
EReference eOpposite,1,1,1,1,1,1,1
EPackage eClassifiers,3,18
EDataType ePackage,1
EAttribute eType,1,1,1,1,1,1,1,1,1,1,1,1,1,1,1,1
EEnum eLiterals,4,1
EOperation eTypeParameters,1
EParameter eType,1
EClass eStructuralFeatures,3,1,5,5,6,7,2,2,1,5,2,1,2,2,3,2,2,5
EGenericType eClassifier,1,1
EEnumLiteral eEnum,1,1,1,1,1
EReference eContainingClass,1,1,1,1,1,1,1,1,1,1,1,1,1,1,1,1,1,1,1,1,1,1,1,1,1,1,1,1,1,1,1,1
EEnum ePackage,1,1
EClass eSuperTypes,2,1,1,1,1,3,2,4,5,1,1,4
ETypeParameter eBounds,1,1
EClass ePackage,1,1,1,1,1,1,1,1,1,1,1,1,1,1,1,1,1,1
EOperation eParameters,1
EPackage eSubpackages,1
EGenericType eLowerBound,1,1
EClass eOperations,1,2,1
EParameter eOperation,1
EReference eType,1,1,1,1,1,1,1
EOperation eType,1,1,1
Node Type
EClass,EAttribute,EDataType,EParameter,EGenericType,EEnumLiteral,EOperation,EEnum,EReference,ETypeParameter,EPackage
0.18000000000000002,0.24000000000000007,0.01,0.01,0.04,0.05,0.04,0.02,0.3200000000000001,0.07,0.02
Edge Type
eSuperPackage,eOperation,eUpperBound,eTypeParameter,eSubpackages,eType,eSuperTypes,eParameters,eOpposite,eKeys,eTypeArguments,eModelElement,eAnnotations,ePackage,eLowerBound,eLiterals,details,eStructuralFeatures,eClassifier,eClassifiers,eTypeParameters,eContainingClass,eBounds,eEnum,eOperations,eExceptions
0.0036363636363636364,0.0036363636363636364,0.0,0.0,0.0036363636363636364,0.09818181818181818,0.09454545454545454,0.0036363636363636364,0.025454545454545455,0.09454545454545454,0.0,0.0,0.0,0.07636363636363637,0.007272727272727273,0.01818181818181818,0.0,0.20363636363636364,0.007272727272727273,0.07636363636363637,0.025454545454545455,0.21818181818181817,0.007272727272727273,0.01818181818181818,0.014545454545454545,0.0
violations,3
