Meta Mode,ecore
Number of Edge types,26
Number Of Nodes,100
State Id,1_1
OutDegreeValue,0,1,2,3,4,5,6,8,9,11,13,18
OutDegreeCount,7,21,45,13,1,5,3,1,1,1,1,1
NAValue,1,2,3,4,5,6,7,8
NACount,7,20,43,15,5,5,4,1
MPCValue,0.00000,0.46222,0.52000,0.57457,0.58240,0.58500,0.62272,0.63673,0.65000,0.67654,0.68250,0.69333,0.74880,0.75111,0.76308,0.77037,0.77653,0.77846,0.78000,0.78360,0.79074,0.79425,0.80653,0.83200,0.84741,0.85049,0.85280,0.89143
MPCCount,7,1,19,1,1,1,1,1,11,1,1,32,3,1,1,1,1,1,5,1,1,1,1,2,1,1,1,1
Typed Out Degree
EClass eTypeParameters,1,1
EPackage eSuperPackage,1
EGenericType eTypeArguments,1,1
EReference eKeys,2,1,1,2,2,2,1,1,1,1,2,1,1,2,1
EDataType eTypeParameters,2
EOperation eContainingClass,1,1,1,1,1
EAttribute eContainingClass,1,1,1,1,1,1,1,1,1,1,1,1,1,1,1,1,1,1,1,1,1,1,1,1
EReference eOpposite,1,1,1,1,1,1
EPackage eClassifiers,17,2
EDataType ePackage,1,1
EAttribute eType,1,1,1,1,1,1,1,1,1,1,1,1,1,1,1,1,1,1,1
EOperation eExceptions,1
EEnum eLiterals,7
EOperation eTypeParameters,1
EParameter eType,1
EClass eStructuralFeatures,8,5,4,1,2,8,5,2,3,4,3,1,7
EGenericType eClassifier,1
EEnumLiteral eEnum,1,1,1,1,1,1,1
EReference eContainingClass,1,1,1,1,1,1,1,1,1,1,1,1,1,1,1,1,1,1,1,1,1,1,1,1,1,1,1,1,1
EEnum ePackage,1,1
EGenericType eUpperBound,1,1
EClass eSuperTypes,4,2,1,1,1,1,1,1,1
ETypeParameter eBounds,1,1,1
EClass ePackage,1,1,1,1,1,1,1,1,1,1,1,1,1,1,1
EOperation eParameters,1,1
EPackage eSubpackages,1
EClass eOperations,1,1,1,1,1
EParameter eOperation,1,1
EReference eType,1,1,1,1,1,1,1
EOperation eType,1
Node Type
EAttribute,EClass,EDataType,EParameter,EGenericType,EEnumLiteral,EOperation,EEnum,EReference,ETypeParameter,EPackage
0.24000000000000007,0.15,0.02,0.02,0.07,0.07,0.05,0.02,0.2900000000000001,0.05,0.02
Edge Type
eSuperPackage,eOperation,eUpperBound,eTypeParameter,eSubpackages,eType,eSuperTypes,eParameters,eOpposite,eKeys,eTypeArguments,eModelElement,eAnnotations,ePackage,eLowerBound,eLiterals,details,eStructuralFeatures,eClassifier,eClassifiers,eTypeParameters,eContainingClass,eBounds,eEnum,eOperations,eExceptions
0.00390625,0.0078125,0.0078125,0.0,0.00390625,0.109375,0.05078125,0.0078125,0.0234375,0.08203125,0.0078125,0.0,0.0,0.07421875,0.0,0.02734375,0.0,0.20703125,0.00390625,0.07421875,0.01953125,0.2265625,0.01171875,0.02734375,0.01953125,0.00390625
violations,6
