Meta Mode,ecore
Number of Edge types,26
Number Of Nodes,100
State Id,20_1
OutDegreeValue,0,1,2,3,4,5,6,7,8,9,11,12,13,17
OutDegreeCount,5,24,38,13,6,3,2,1,2,2,1,1,1,1
NAValue,1,2,3,4,5,6,7
NACount,5,20,37,17,8,12,1
MPCValue,0.00000,0.52000,0.53926,0.58240,0.58500,0.60320,0.62796,0.65000,0.66765,0.68760,0.69333,0.71500,0.73917,0.74880,0.75111,0.77355,0.77480,0.77784,0.78000,0.79502,0.79605,0.80461,0.80653,0.81250,0.82173,0.82333,0.82768,0.83200,0.84231,0.86667
MPCCount,5,21,2,2,1,1,1,8,1,1,29,1,1,2,2,1,1,1,5,1,1,1,2,1,1,1,1,1,2,2
Typed Out Degree
EClass eTypeParameters,1,1,1
EPackage eSuperPackage,1,1,1,1
EReference eKeys,1,1,4,1,2,3,1,6,2,2,3,2,1,1,2
EOperation eContainingClass,1,1,1
EAttribute eContainingClass,1,1,1,1,1,1,1,1,1,1,1,1,1,1,1,1,1,1,1,1,1,1,1
EReference eOpposite,1,1,1,1
EPackage eClassifiers,6,1,15,2,1
EDataType ePackage,1
EAttribute eType,1,1,1,1,1,1,1,1,1,1,1,1,1
EEnum eLiterals,6
EOperation eTypeParameters,1,1
EParameter eType,1
EClass eStructuralFeatures,7,2,4,2,3,1,1,2,4,2,2,4,5,3,4,6,1,1
EEnumLiteral eEnum,1,1,1,1,1,1
EReference eContainingClass,1,1,1,1,1,1,1,1,1,1,1,1,1,1,1,1,1,1,1,1,1,1,1,1,1,1,1,1,1,1,1
EEnum ePackage,1
EClass eSuperTypes,5,6,1,1,1,1,4,6,1,2,2,1
ETypeParameter eBounds,1
EClass ePackage,1,1,1,1,1,1,1,1,1,1,1,1,1,1,1,1,1,1,1,1,1,1,1
EOperation eParameters,1
EPackage eSubpackages,2,1,1
EClass eOperations,1,1,1
EParameter eOperation,1
EReference eType,1,1,1,1,1,1,1,1,1,1
EOperation eType,1
Node Type
EClass,EAttribute,EDataType,EParameter,EGenericType,EEnumLiteral,EOperation,EEnum,EReference,EPackage,ETypeParameter
0.23000000000000007,0.23000000000000007,0.01,0.01,0.01,0.060000000000000005,0.03,0.01,0.3100000000000001,0.05,0.05
Edge Type
eSuperPackage,eOperation,eUpperBound,eTypeParameter,eSubpackages,eType,eSuperTypes,eParameters,eOpposite,eKeys,eTypeArguments,eModelElement,eAnnotations,ePackage,eLowerBound,eLiterals,details,eStructuralFeatures,eClassifier,eClassifiers,eTypeParameters,eContainingClass,eBounds,eEnum,eOperations,eExceptions
0.014084507042253521,0.0035211267605633804,0.0,0.0,0.014084507042253521,0.0880281690140845,0.10915492957746478,0.0035211267605633804,0.014084507042253521,0.11267605633802817,0.0,0.0,0.0,0.0880281690140845,0.0,0.02112676056338028,0.0,0.19014084507042253,0.0,0.0880281690140845,0.017605633802816902,0.2007042253521127,0.0035211267605633804,0.02112676056338028,0.01056338028169014,0.0
violations,0
