Meta Mode,ecore
Number of Edge types,26
Number Of Nodes,100
State Id,21_1
OutDegreeValue,0,1,2,3,4,5,6,7,8,14,16
OutDegreeCount,11,18,46,7,7,3,2,2,2,1,1
NAValue,1,2,3,4,5,6,7,9
NACount,10,15,44,14,10,3,3,1
MPCValue,0.00000,0.46222,0.52000,0.58094,0.58240,0.63673,0.65000,0.68640,0.69333,0.74239,0.74286,0.74880,0.75804,0.76375,0.77538,0.78000,0.79040,0.80437,0.80653,0.80889,0.81231,0.81250,0.81531,0.82173,0.83200,0.86667
MPCCount,10,1,14,1,1,1,14,1,29,1,1,2,1,1,1,9,1,1,2,1,1,1,1,1,2,1
Typed Out Degree
EGenericType eTypeParameter,1
EClass eTypeParameters,1,1,1,1,1,1,2,1
EPackage eSuperPackage,1
EGenericType eTypeArguments,1
EReference eKeys,2,2,2,1,1,1,1,2,1,2,2,1
EDataType eTypeParameters,1
EOperation eContainingClass,1,1,1,1
EAttribute eContainingClass,1,1,1,1,1,1,1,1,1,1,1,1,1,1,1,1,1,1,1,1,1,1,1
EReference eOpposite,1,1,1,1,1,1,1
EPackage eClassifiers,15,4
EDataType ePackage,1
EAttribute eType,1,1,1,1,1,1,1,1,1,1,1,1,1,1,1
EOperation eExceptions,1,2,1
EEnum eLiterals,5,1
EParameter eType,1,1
EClass eStructuralFeatures,4,2,3,5,5,5,2,2,1,11,3,5,4,1
EEnumLiteral eEnum,1,1,1,1,1,1
EReference eContainingClass,1,1,1,1,1,1,1,1,1,1,1,1,1,1,1,1,1,1,1,1,1,1,1,1,1,1,1,1,1,1
EEnum ePackage,1,1
EClass eSuperTypes,1,1
ETypeParameter eBounds,1,2
EClass ePackage,1,1,1,1,1,1,1,1,1,1,1,1,1,1,1,1
EOperation eParameters,1,1
EPackage eSubpackages,1
EClass eOperations,2,1,1
EParameter eOperation,1,1
EReference eType,1,1,1,1,1,1,1,1,1,1,1
EOperation eType,1,1
Node Type
EClass,EAttribute,EDataType,EParameter,EGenericType,EEnumLiteral,EOperation,EEnum,EReference,ETypeParameter,EPackage
0.16,0.23000000000000007,0.01,0.02,0.04,0.060000000000000005,0.04,0.02,0.3000000000000001,0.09999999999999999,0.02
Edge Type
eSuperPackage,eOperation,eUpperBound,eTypeParameter,eSubpackages,eType,eSuperTypes,eParameters,eOpposite,eKeys,eTypeArguments,eModelElement,eAnnotations,ePackage,eLowerBound,eLiterals,details,eStructuralFeatures,eClassifier,eClassifiers,eTypeParameters,eContainingClass,eBounds,eEnum,eOperations,eExceptions
0.0040650406504065045,0.008130081300813009,0.0,0.0040650406504065045,0.0040650406504065045,0.12195121951219512,0.008130081300813009,0.008130081300813009,0.028455284552845527,0.07317073170731707,0.0040650406504065045,0.0,0.0,0.07723577235772358,0.0,0.024390243902439025,0.0,0.21544715447154472,0.0,0.07723577235772358,0.04065040650406504,0.23170731707317074,0.012195121951219513,0.024390243902439025,0.016260162601626018,0.016260162601626018
violations,1
