Meta Mode,ecore
Number of Edge types,26
Number Of Nodes,100
State Id,22_1
OutDegreeValue,0,1,2,3,4,5,6,7,8,9,10,13,23
OutDegreeCount,10,13,49,10,5,5,1,2,1,1,1,1,1
NAValue,1,2,3,4,5,6,7,8
NACount,10,13,43,15,8,6,4,1
MPCValue,0.00000,0.39000,0.42250,0.52000,0.58240,0.58500,0.65000,0.69333,0.73917,0.74880,0.75571,0.78000,0.78295,0.79040,0.79605,0.79857,0.80427,0.80889,0.81250,0.82068,0.82173,0.83200,0.84208,0.86667,0.87750,0.88111
MPCCount,10,1,1,13,3,1,13,28,1,4,1,7,1,1,1,1,1,3,1,1,1,2,1,1,1,1
Typed Out Degree
EGenericType eTypeParameter,1
EClass eTypeParameters,1,1,2,1
EGenericType eTypeArguments,1
EReference eKeys,1,2,1,1,2,1,2,2,2,2,2,3,2
EDataType eTypeParameters,1
EOperation eContainingClass,1,1,1,1
EAttribute eContainingClass,1,1,1,1,1,1,1,1,1,1,1,1,1,1,1,1,1,1,1,1,1,1,1,1
EReference eOpposite,1,1,1,1,1,1,1,1,1,1,1,1,1,1
EPackage eClassifiers,23
EDataType ePackage,1
EAttribute eType,1,1,1,1,1,1,1,1,1,1,1,1,1,1,1,1,1,1,1
EOperation eExceptions,1
EEnum eLiterals,1
EOperation eTypeParameters,1
EParameter eType,1
EClass eStructuralFeatures,3,7,2,5,4,1,6,2,4,4,1,3,8,2,1,2
EEnumLiteral eEnum,1
EReference eContainingClass,1,1,1,1,1,1,1,1,1,1,1,1,1,1,1,1,1,1,1,1,1,1,1,1,1,1,1,1,1,1,1
EEnum ePackage,1
EGenericType eUpperBound,1
EClass eSuperTypes,1,1,1,1,1,2,1,1,4,2,3,1,1
ETypeParameter eBounds,1,1,3
EClass ePackage,1,1,1,1,1,1,1,1,1,1,1,1,1,1,1,1,1,1,1,1,1
EOperation eParameters,1
EGenericType eLowerBound,1
EClass eOperations,1,1,1,1
EParameter eOperation,1
EReference eType,1,1,1,1,1
EOperation eType,1,1
Node Type
EAttribute,EClass,EDataType,EParameter,EGenericType,EOperation,EEnumLiteral,EEnum,EReference,ETypeParameter,EPackage
0.24000000000000007,0.21000000000000005,0.01,0.01,0.08,0.04,0.01,0.01,0.3100000000000001,0.07,0.01
Edge Type
eSuperPackage,eOperation,eUpperBound,eTypeParameter,eSubpackages,eType,eSuperTypes,eParameters,eOpposite,eKeys,eTypeArguments,eModelElement,eAnnotations,ePackage,eLowerBound,eLiterals,details,eStructuralFeatures,eClassifier,eClassifiers,eTypeParameters,eContainingClass,eBounds,eEnum,eOperations,eExceptions
0.0,0.0037174721189591076,0.0037174721189591076,0.0037174721189591076,0.0,0.10037174721189591,0.07434944237918216,0.0037174721189591076,0.05204460966542751,0.08550185873605948,0.0037174721189591076,0.0,0.0,0.08550185873605948,0.0037174721189591076,0.0037174721189591076,0.0,0.20446096654275092,0.0,0.08550185873605948,0.026022304832713755,0.21933085501858737,0.01858736059479554,0.0037174721189591076,0.01486988847583643,0.0037174721189591076
violations,14
