Meta Mode,ecore
Number of Edge types,26
Number Of Nodes,100
State Id,23_1
OutDegreeValue,0,1,2,3,4,5,6,7,8,9,14,15,20
OutDegreeCount,12,21,44,5,3,2,5,2,2,1,1,1,1
NAValue,1,2,3,4,5,6,7
NACount,12,17,44,11,4,6,6
MPCValue,0.00000,0.39000,0.52000,0.58240,0.65000,0.68250,0.69333,0.73956,0.74880,0.76375,0.76632,0.76729,0.77538,0.77653,0.78000,0.80665,0.81250,0.81617,0.82875,0.83200,0.83483,0.84898,0.84923,0.85049,0.87309
MPCCount,12,1,16,1,12,1,32,1,2,1,1,1,1,1,7,1,1,1,1,1,1,1,1,1,1
Typed Out Degree
EReference eContainingClass,1,1,1,1,1,1,1,1,1,1,1,1,1,1,1,1,1,1,1,1,1,1,1,1,1,1,1,1,1,1,1
EEnum ePackage,1,1
EClass eTypeParameters,1,2,2,1
EClass eSuperTypes,2,4,7,3,1,4,1,1
ETypeParameter eBounds,1,3
EReference eKeys,4,1,1,1,3,1,1,2,2,1,1,1
EClass ePackage,1,1,1,1,1,1,1,1,1,1,1,1,1
EOperation eContainingClass,1,1,1,1,1,1,1
EOperation eParameters,1,1
EAttribute eContainingClass,1,1,1,1,1,1,1,1,1,1,1,1,1,1,1,1,1,1,1,1,1,1,1,1
EReference eOpposite,1,1,1,1,1,1,1,1,1,1
EPackage eClassifiers,15
EAttribute eType,1,1,1,1,1,1,1,1,1,1,1,1,1,1,1,1,1
EClass eOperations,2,2,1,2
EOperation eExceptions,1,2
EParameter eOperation,1,1
EEnum eLiterals,1,5
EOperation eTypeParameters,1,1,1,1
EReference eType,1,1,1,1,1,1
EParameter eType,1,1
EClass eStructuralFeatures,3,2,12,4,3,2,5,7,2,3,4,3,5
EEnumLiteral eEnum,1,1,1,1,1,1
Node Type
EAttribute,EClass,EParameter,EGenericType,EEnumLiteral,EOperation,EEnum,EReference,ETypeParameter,EPackage
0.24000000000000007,0.12999999999999998,0.02,0.04,0.060000000000000005,0.07,0.02,0.3100000000000001,0.09999999999999999,0.01
Edge Type
eSuperPackage,eOperation,eUpperBound,eTypeParameter,eSubpackages,eType,eSuperTypes,eParameters,eOpposite,eKeys,eTypeArguments,eModelElement,eAnnotations,ePackage,eLowerBound,eLiterals,details,eStructuralFeatures,eClassifier,eClassifiers,eTypeParameters,eContainingClass,eBounds,eEnum,eOperations,eExceptions
0.0,0.007575757575757576,0.0,0.0,0.0,0.0946969696969697,0.08712121212121213,0.007575757575757576,0.03787878787878788,0.07196969696969698,0.0,0.0,0.0,0.056818181818181816,0.0,0.022727272727272728,0.0,0.20833333333333334,0.0,0.056818181818181816,0.03787878787878788,0.23484848484848486,0.015151515151515152,0.022727272727272728,0.026515151515151516,0.011363636363636364
violations,6
