Meta Mode,ecore
Number of Edge types,26
Number Of Nodes,100
State Id,24_1
OutDegreeValue,0,1,2,3,4,5,6,7,8,10,14,15,17
OutDegreeCount,5,25,44,6,5,3,2,4,2,1,1,1,1
NAValue,1,2,3,4,5,6,7,8
NACount,5,24,39,13,5,8,2,4
MPCValue,0.00000,0.46222,0.52000,0.58240,0.63673,0.65000,0.68923,0.69333,0.73917,0.74880,0.75111,0.77037,0.78000,0.78116,0.79170,0.80653,0.80889,0.81047,0.83200,0.85274,0.85313,0.86367,0.86667
MPCCount,5,1,23,5,1,9,1,26,1,3,1,3,9,1,1,3,1,1,1,1,1,1,1
Typed Out Degree
EReference eContainingClass,1,1,1,1,1,1,1,1,1,1,1,1,1,1,1,1,1,1,1,1,1,1,1,1,1,1,1,1,1,1,1,1
EEnum ePackage,1
EClass eTypeParameters,2,2
EClass eSuperTypes,2,5,3,2,1,3,4,1
ETypeParameter eBounds,2
EReference eKeys,1,2,3,2,1,2,1,2,2,1
EClass ePackage,1,1,1,1,1,1,1,1,1,1,1,1,1,1,1
EOperation eContainingClass,1,1,1,1,1,1,1,1,1,1
EOperation eParameters,1,1,1
EAttribute eContainingClass,1,1,1,1,1,1,1,1,1,1,1,1,1,1,1,1,1,1,1,1,1,1,1,1
EReference eOpposite,1,1,1,1,1,1,1,1,1,1,1,1,1
EPackage eClassifiers,17
EDataType ePackage,1
EGenericType eLowerBound,1
EAttribute eType,1,1,1,1,1,1,1,1,1,1,1,1,1,1,1
EClass eOperations,1,1,1,3,2,1,1
EOperation eExceptions,4,1,1
EParameter eOperation,1,1,1
EEnum eLiterals,6
EReference eType,1,1,1,1,1,1,1,1,1
EParameter eType,1
EClass eStructuralFeatures,4,7,6,1,2,2,4,4,2,4,1,1,5,9,4
EEnumLiteral eEnum,1,1,1,1,1,1
EOperation eType,1,1,1,1,1
Node Type
EClass,EAttribute,EDataType,EParameter,EGenericType,EOperation,EEnumLiteral,EEnum,EReference,ETypeParameter,EPackage
0.15,0.24000000000000007,0.01,0.03,0.03,0.09999999999999999,0.060000000000000005,0.01,0.3200000000000001,0.04,0.01
Edge Type
eSuperPackage,eOperation,eUpperBound,eTypeParameter,eSubpackages,eType,eSuperTypes,eParameters,eOpposite,eKeys,eTypeArguments,eModelElement,eAnnotations,ePackage,eLowerBound,eLiterals,details,eStructuralFeatures,eClassifier,eClassifiers,eTypeParameters,eContainingClass,eBounds,eEnum,eOperations,eExceptions
0.0,0.01079136690647482,0.0,0.0,0.0,0.1079136690647482,0.07553956834532374,0.01079136690647482,0.046762589928057555,0.06115107913669065,0.0,0.0,0.0,0.06115107913669065,0.0035971223021582736,0.02158273381294964,0.0,0.2014388489208633,0.0,0.06115107913669065,0.014388489208633094,0.23741007194244604,0.007194244604316547,0.02158273381294964,0.03597122302158273,0.02158273381294964
violations,9
