Meta Mode,ecore
Number of Edge types,26
Number Of Nodes,100
State Id,25_1
OutDegreeValue,0,1,2,3,4,5,6,7,8,9,14,22
OutDegreeCount,6,20,39,12,6,6,2,3,1,2,2,1
NAValue,1,2,3,4,5,6,7,8
NACount,6,18,39,15,9,9,3,1
MPCValue,0.00000,0.42250,0.46222,0.52000,0.53926,0.58240,0.58500,0.63673,0.65000,0.69333,0.71385,0.74389,0.74880,0.75636,0.76556,0.77730,0.78000,0.79391,0.79592,0.79605,0.80605,0.80653,0.80793,0.80889,0.81250,0.83200,0.83692,0.83720,0.85950,0.86667
MPCCount,6,1,1,19,1,4,1,3,8,25,1,1,5,1,1,1,5,1,1,1,1,1,1,1,1,3,1,1,1,2
Typed Out Degree
EReference eContainingClass,1,1,1,1,1,1,1,1,1,1,1,1,1,1,1,1,1,1,1,1,1,1,1,1,1,1,1,1,1,1,1
EEnum ePackage,1
EClass eTypeParameters,1,1,1,1,1
EClass eSuperTypes,1,5,1,6,1,3,3,3,1,2,3,1
ETypeParameter eBounds,2
EReference eKeys,2,2,1,4,6,2,2,3,2,1,4,4,1,3
EClass ePackage,1,1,1,1,1,1,1,1,1,1,1,1,1,1,1,1,1,1,1,1
EOperation eContainingClass,1,1,1,1,1
EOperation eParameters,1,1,1
EAttribute eContainingClass,1,1,1,1,1,1,1,1,1,1,1,1,1,1,1,1,1,1,1,1,1,1,1,1,1,1
EReference eOpposite,1,1,1,1,1,1,1,1,1
EPackage eClassifiers,22
EDataType ePackage,1
EAttribute eType,1,1,1,1,1,1,1,1,1,1,1,1,1,1,1,1
EClass eOperations,1,1,1,1,1
EOperation eExceptions,1,1
EParameter eOperation,1,1,1
EEnum eLiterals,5
EReference eType,1,1,1,1,1,1,1,1,1,1
EParameter eType,1
EClass eStructuralFeatures,1,3,2,7,6,2,2,2,4,3,4,3,1,1,2,2,2,8,2
EEnumLiteral eEnum,1,1,1,1,1
EOperation eType,1
Node Type
EAttribute,EClass,EDataType,EParameter,EGenericType,EEnumLiteral,EOperation,EEnum,EReference,ETypeParameter,EPackage
0.26000000000000006,0.20000000000000004,0.01,0.03,0.02,0.05,0.05,0.01,0.3100000000000001,0.05,0.01
Edge Type
eSuperPackage,eOperation,eUpperBound,eTypeParameter,eSubpackages,eType,eSuperTypes,eParameters,eOpposite,eKeys,eTypeArguments,eModelElement,eAnnotations,ePackage,eLowerBound,eLiterals,details,eStructuralFeatures,eClassifier,eClassifiers,eTypeParameters,eContainingClass,eBounds,eEnum,eOperations,eExceptions
0.0,0.010101010101010102,0.0,0.0,0.0,0.09427609427609428,0.10101010101010101,0.010101010101010102,0.030303030303030304,0.12457912457912458,0.0,0.0,0.0,0.07407407407407407,0.0,0.016835016835016835,0.0,0.1919191919191919,0.0,0.07407407407407407,0.016835016835016835,0.20875420875420875,0.006734006734006734,0.016835016835016835,0.016835016835016835,0.006734006734006734
violations,13
