Meta Mode,ecore
Number of Edge types,26
Number Of Nodes,100
State Id,26_1
OutDegreeValue,0,1,2,3,4,5,6,7,8,16
OutDegreeCount,7,15,51,8,4,5,5,2,2,1
NAValue,1,2,3,4,5,6,7,8
NACount,7,15,45,16,3,9,4,1
MPCValue,0.00000,0.46222,0.49920,0.52000,0.58094,0.58240,0.63673,0.65000,0.66444,0.69333,0.73125,0.74469,0.74880,0.75347,0.75571,0.76960,0.78000,0.79040,0.80889,0.82276,0.82512,0.83688,0.83778,0.84500,0.85222,0.85280,0.85950,0.87309
MPCCount,7,1,1,14,1,2,1,13,1,30,1,1,4,1,1,1,8,2,1,1,1,1,1,1,1,1,1,1
Typed Out Degree
EClass eTypeParameters,1,1,1,1,1
EPackage eSuperPackage,1,1
EReference eKeys,1,2,1,2,2,1,1,1,1,1,2,2,2
EOperation eContainingClass,1,1,1,1,1,1
EAttribute eContainingClass,1,1,1,1,1,1,1,1,1,1,1,1,1,1,1,1,1,1,1,1,1,1,1
EReference eOpposite,1,1,1,1,1,1,1,1,1,1,1
EPackage eClassifiers,5,3,15
EDataType ePackage,1,1
EAttribute eType,1,1,1,1,1,1,1,1,1,1,1,1,1,1,1,1,1,1,1,1,1
EOperation eExceptions,2
EEnum eLiterals,4
EParameter eType,1
EClass eStructuralFeatures,1,1,6,2,4,6,1,3,2,3,3,3,6,5,3,4
EGenericType eClassifier,1
EEnumLiteral eEnum,1,1,1,1
EReference eContainingClass,1,1,1,1,1,1,1,1,1,1,1,1,1,1,1,1,1,1,1,1,1,1,1,1,1,1,1,1,1,1
EEnum ePackage,1,1
EGenericType eUpperBound,1
EEnum eTypeParameters,1
EClass eSuperTypes,1,1,1,2,2,1,1
ETypeParameter eBounds,1,2
EClass ePackage,1,1,1,1,1,1,1,1,1,1,1,1,1,1,1,1,1,1,1
EOperation eParameters,1
EPackage eSubpackages,1,1
EClass eOperations,1,1,1,1,1,1
EParameter eOperation,1
EReference eType,1,1,1,1,1
EOperation eType,1
Node Type
EAttribute,EClass,EDataType,EParameter,EGenericType,EEnumLiteral,EOperation,EEnum,EReference,ETypeParameter,EPackage
0.23000000000000007,0.19000000000000003,0.02,0.01,0.04,0.04,0.060000000000000005,0.02,0.3000000000000001,0.060000000000000005,0.03
Edge Type
eSuperPackage,eOperation,eUpperBound,eTypeParameter,eSubpackages,eType,eSuperTypes,eParameters,eOpposite,eKeys,eTypeArguments,eModelElement,eAnnotations,ePackage,eLowerBound,eLiterals,details,eStructuralFeatures,eClassifier,eClassifiers,eTypeParameters,eContainingClass,eBounds,eEnum,eOperations,eExceptions
0.007751937984496124,0.003875968992248062,0.003875968992248062,0.0,0.007751937984496124,0.10852713178294573,0.03488372093023256,0.003875968992248062,0.04263565891472868,0.07364341085271318,0.0,0.0,0.0,0.08914728682170543,0.0,0.015503875968992248,0.0,0.2054263565891473,0.003875968992248062,0.08914728682170543,0.023255813953488372,0.22868217054263565,0.011627906976744186,0.015503875968992248,0.023255813953488372,0.007751937984496124
violations,6
