Meta Mode,ecore
Number of Edge types,26
Number Of Nodes,100
State Id,27_1
OutDegreeValue,0,1,2,3,4,5,6,8,9,10,17,22
OutDegreeCount,9,22,43,10,3,2,5,1,2,1,1,1
NAValue,1,2,3,4,5,6,7,8
NACount,9,18,43,13,5,8,3,1
MPCValue,0.00000,0.39000,0.52000,0.56512,0.58240,0.63673,0.65000,0.69333,0.72543,0.72800,0.74286,0.74880,0.75111,0.78000,0.78360,0.79074,0.79560,0.79625,0.80653,0.80789,0.80889,0.81351,0.82276,0.82333,0.85950,0.86667,0.87360
MPCCount,9,1,17,1,1,2,11,31,1,1,2,1,2,7,1,1,1,1,1,1,1,1,1,1,1,1,1
Typed Out Degree
EClass eTypeParameters,1,2,1,1,1
EPackage eSuperPackage,1
EGenericType eTypeArguments,3
EReference eKeys,1,2,1,1,1,1
EOperation eContainingClass,1,1,1
EAttribute eContainingClass,1,1,1,1,1,1,1,1,1,1,1,1,1,1,1,1,1,1,1,1,1,1,1,1
EReference eOpposite,1,1,1,1,1,1,1,1,1,1,1,1
EPackage eClassifiers,21,2
EDataType ePackage,1,1
EAttribute eType,1,1,1,1,1,1,1,1,1,1,1,1,1,1,1,1,1
EOperation eExceptions,2,2
EEnum eLiterals,5
EOperation eTypeParameters,1
EParameter eType,1,1
EClass eStructuralFeatures,4,6,3,6,4,4,2,5,5,2,2,4,2,1,1,3
EEnumLiteral eEnum,1,1,1,1,1
EReference eContainingClass,1,1,1,1,1,1,1,1,1,1,1,1,1,1,1,1,1,1,1,1,1,1,1,1,1,1,1,1,1,1
EEnum ePackage,1,1,1
EClass eSuperTypes,4,1,3,1,8,1,3,1,1,1,1
ETypeParameter eBounds,1
EClass ePackage,1,1,1,1,1,1,1,1,1,1,1,1,1,1,1,1,1,1
EOperation eParameters,1,1
EPackage eSubpackages,1
EClass eOperations,1,1,1
EParameter eOperation,1,1
EReference eType,1,1,1,1,1,1,1,1,1,1
EOperation eType,1
Node Type
EAttribute,EClass,EDataType,EParameter,EGenericType,EOperation,EEnumLiteral,EEnum,EReference,ETypeParameter,EPackage
0.24000000000000007,0.18000000000000002,0.02,0.02,0.04,0.03,0.05,0.03,0.3000000000000001,0.07,0.02
Edge Type
eSuperPackage,eOperation,eUpperBound,eTypeParameter,eSubpackages,eType,eSuperTypes,eParameters,eOpposite,eKeys,eTypeArguments,eModelElement,eAnnotations,ePackage,eLowerBound,eLiterals,details,eStructuralFeatures,eClassifier,eClassifiers,eTypeParameters,eContainingClass,eBounds,eEnum,eOperations,eExceptions
0.0037735849056603774,0.007547169811320755,0.0,0.0,0.0037735849056603774,0.11320754716981132,0.09433962264150944,0.007547169811320755,0.045283018867924525,0.026415094339622643,0.011320754716981131,0.0,0.0,0.08679245283018867,0.0,0.018867924528301886,0.0,0.2037735849056604,0.0,0.08679245283018867,0.026415094339622643,0.21509433962264152,0.0037735849056603774,0.018867924528301886,0.011320754716981131,0.01509433962264151
violations,6
