Meta Mode,ecore
Number of Edge types,26
Number Of Nodes,100
State Id,28_1
OutDegreeValue,0,1,2,3,4,5,6,7,8,9,10,11,13,18
OutDegreeCount,4,21,43,12,5,4,1,4,1,1,1,1,1,1
NAValue,1,2,3,4,5,6,7,8
NACount,4,18,39,19,8,4,7,1
MPCValue,0.00000,0.46222,0.52000,0.53926,0.58240,0.62272,0.63673,0.64735,0.65000,0.67692,0.68640,0.68760,0.69333,0.74880,0.75111,0.77037,0.77784,0.78000,0.79032,0.80437,0.80889,0.81120,0.81617,0.82776,0.83200,0.83802,0.87669,0.89143
MPCCount,4,1,18,1,3,1,1,1,12,1,1,1,24,4,1,1,1,9,1,2,2,1,1,1,4,1,1,1
Typed Out Degree
EClass eTypeParameters,2,1
EPackage eSuperPackage,1,1
EReference eKeys,4,1,3,3,2,1,3,2,1,2
EOperation eContainingClass,1,1,1
EAttribute eContainingClass,1,1,1,1,1,1,1,1,1,1,1,1,1,1,1,1,1,1,1,1,1,1,1,1
EReference eOpposite,1,1,1,1,1,1,1,1,1,1,1,1
EPackage eClassifiers,2,16,6
EDataType ePackage,1
EAttribute eType,1,1,1,1,1,1,1,1,1,1,1,1,1,1,1,1,1,1,1,1
EOperation eExceptions,6
EEnum eLiterals,5,1
EParameter eType,1
EClass eStructuralFeatures,5,6,4,4,4,1,2,3,1,1,3,4,1,7,6,2,1
EGenericType eClassifier,1,1
EEnumLiteral eEnum,1,1,1,1,1,1
EReference eContainingClass,1,1,1,1,1,1,1,1,1,1,1,1,1,1,1,1,1,1,1,1,1,1,1,1,1,1,1,1,1,1,1
EEnum ePackage,1,1,1
EEnum eTypeParameters,1
EClass eSuperTypes,1,4,2,2,1,1,1,5,1
ETypeParameter eBounds,2
EClass ePackage,1,1,1,1,1,1,1,1,1,1,1,1,1,1,1,1,1,1,1,1
EOperation eParameters,1,1
EPackage eSubpackages,2
EGenericType eLowerBound,1
EClass eOperations,3
EParameter eOperation,1,1
EReference eType,1,1,1,1,1,1,1,1,1,1,1
EOperation eType,1,1,1
Node Type
EAttribute,EClass,EDataType,EParameter,EGenericType,EOperation,EEnumLiteral,EEnum,EReference,ETypeParameter,EPackage
0.24000000000000007,0.20000000000000004,0.01,0.02,0.03,0.03,0.060000000000000005,0.03,0.3100000000000001,0.04,0.03
Edge Type
eSuperPackage,eOperation,eUpperBound,eTypeParameter,eSubpackages,eType,eSuperTypes,eParameters,eOpposite,eKeys,eTypeArguments,eModelElement,eAnnotations,ePackage,eLowerBound,eLiterals,details,eStructuralFeatures,eClassifier,eClassifiers,eTypeParameters,eContainingClass,eBounds,eEnum,eOperations,eExceptions
0.006993006993006993,0.006993006993006993,0.0,0.0,0.006993006993006993,0.12237762237762238,0.06293706293706294,0.006993006993006993,0.04195804195804196,0.07692307692307693,0.0,0.0,0.0,0.08391608391608392,0.0034965034965034965,0.02097902097902098,0.0,0.19230769230769232,0.006993006993006993,0.08391608391608392,0.013986013986013986,0.20279720279720279,0.006993006993006993,0.02097902097902098,0.01048951048951049,0.02097902097902098
violations,9
