Meta Mode,ecore
Number of Edge types,26
Number Of Nodes,100
State Id,29_1
OutDegreeValue,0,1,2,3,4,5,6,7,8,9,13,14,19
OutDegreeCount,5,28,44,7,1,7,1,2,1,1,1,1,1
NAValue,1,2,3,4,5,6,7
NACount,5,22,45,12,8,4,4
MPCValue,0.00000,0.52000,0.57186,0.58240,0.65000,0.69333,0.73125,0.74131,0.74286,0.74880,0.75111,0.76308,0.76556,0.77037,0.77538,0.78000,0.78541,0.79238,0.80000,0.80889,0.81813,0.83200,0.85049
MPCCount,5,22,1,2,13,30,1,1,1,1,2,1,1,1,1,8,1,1,1,1,1,3,1
Typed Out Degree
EClass eTypeParameters,2,1
EPackage eSuperPackage,1,1
EReference eKeys,1,2,1,2,1,2,1,1
EOperation eContainingClass,1,1,1,1,1,1
EAttribute eContainingClass,1,1,1,1,1,1,1,1,1,1,1,1,1,1,1,1,1,1,1,1,1,1,1
EReference eOpposite,1,1,1,1,1,1,1,1,1
EPackage eClassifiers,1,1,18
EDataType ePackage,1
EAttribute eType,1,1,1,1,1,1,1,1,1,1,1,1,1,1,1,1
EOperation eExceptions,1
EEnum eLiterals,2,4
EOperation eTypeParameters,1,1
EParameter eType,1,1,1,1
EClass eStructuralFeatures,2,6,3,2,2,2,6,8,6,5,7,4
EEnumLiteral eEnum,1,1,1,1,1,1
EReference eContainingClass,1,1,1,1,1,1,1,1,1,1,1,1,1,1,1,1,1,1,1,1,1,1,1,1,1,1,1,1,1,1
EEnum ePackage,1,1,1
EGenericType eUpperBound,1
EClass eSuperTypes,1,1,1,3,1,4,1,4
ETypeParameter eBounds,1
EClass ePackage,1,1,1,1,1,1,1,1,1,1,1,1,1,1,1,1
EOperation eParameters,1,1,3
EPackage eSubpackages,1,1
EClass eOperations,1,1,1,1,1,1
EParameter eOperation,1,1,1,1,1
EReference eType,1,1,1,1,1,1,1,1,1,1
EOperation eType,1
Node Type
EAttribute,EClass,EDataType,EParameter,EGenericType,EOperation,EEnumLiteral,EEnum,EReference,ETypeParameter,EPackage
0.23000000000000007,0.16,0.01,0.05,0.02,0.060000000000000005,0.060000000000000005,0.03,0.3000000000000001,0.05,0.03
Edge Type
eSuperPackage,eOperation,eUpperBound,eTypeParameter,eSubpackages,eType,eSuperTypes,eParameters,eOpposite,eKeys,eTypeArguments,eModelElement,eAnnotations,ePackage,eLowerBound,eLiterals,details,eStructuralFeatures,eClassifier,eClassifiers,eTypeParameters,eContainingClass,eBounds,eEnum,eOperations,eExceptions
0.007722007722007722,0.019305019305019305,0.003861003861003861,0.0,0.007722007722007722,0.11969111969111969,0.06177606177606178,0.019305019305019305,0.03474903474903475,0.04247104247104247,0.0,0.0,0.0,0.07722007722007722,0.0,0.023166023166023165,0.0,0.20463320463320464,0.0,0.07722007722007722,0.019305019305019305,0.2277992277992278,0.003861003861003861,0.023166023166023165,0.023166023166023165,0.003861003861003861
violations,7
