Meta Mode,ecore
Number of Edge types,26
Number Of Nodes,100
State Id,2_1
OutDegreeValue,0,1,2,3,4,5,6,7,9,10,12,15
OutDegreeCount,8,19,46,10,3,5,3,1,1,1,1,2
NAValue,1,2,3,4,5,6,7,8
NACount,9,14,50,12,4,6,3,2
MPCValue,0.00000,0.46222,0.46694,0.52000,0.58240,0.58471,0.58500,0.65000,0.66444,0.69333,0.74880,0.75111,0.77469,0.77653,0.78000,0.79934,0.80653,0.81231,0.82333,0.82393,0.82948,0.83200,0.83431,0.83692,0.86667
MPCCount,9,1,1,14,2,1,1,14,1,32,2,1,1,2,7,1,2,1,1,1,1,1,1,1,1
Typed Out Degree
EGenericType eTypeParameter,1
EClass eTypeParameters,1,1
EPackage eSuperPackage,1
EGenericType eTypeArguments,1,1,1
EReference eKeys,2,1,1,1,1,3,2,1,1,4
EDataType eTypeParameters,2
EOperation eContainingClass,1,1,1,1,1,1
EAttribute eContainingClass,1,1,1,1,1,1,1,1,1,1,1,1,1,1,1,1,1,1,1,1,1,1,1,1
EReference eOpposite,1,1,1,1,1,1,1,1,1
EPackage eClassifiers,5,14
EDataType ePackage,1
EAttribute eType,1,1,1,1,1,1,1,1,1,1,1,1,1,1,1,1,1
EOperation eExceptions,2
EEnum eLiterals,2
EOperation eTypeParameters,1
EParameter eType,1,1,1
EClass eStructuralFeatures,3,4,4,6,3,1,5,5,7,4,8,3,2
EEnumLiteral eEnum,1,1
EReference eContainingClass,1,1,1,1,1,1,1,1,1,1,1,1,1,1,1,1,1,1,1,1,1,1,1,1,1,1,1,1,1,1,1
EEnum ePackage,1,1,1
EClass eSuperTypes,2,2,2,1,1,3,2,5
ETypeParameter eBounds,3
EClass ePackage,1,1,1,1,1,1,1,1,1,1,1,1,1,1,1
EOperation eParameters,1,1,2
EPackage eSubpackages,1
EGenericType eLowerBound,1
EClass eOperations,2,1,1,1,1
EParameter eOperation,1,1,1,1
EReference eType,1,1,1,1,1,1,1,1
EOperation eType,1,1,1
Node Type
EClass,EAttribute,EDataType,EParameter,EGenericType,EEnumLiteral,EOperation,EEnum,EReference,EPackage,ETypeParameter
0.15,0.24000000000000007,0.01,0.04,0.07,0.02,0.060000000000000005,0.03,0.3100000000000001,0.02,0.05
Edge Type
eSuperPackage,eOperation,eUpperBound,eTypeParameter,eSubpackages,eType,eSuperTypes,eParameters,eOpposite,eKeys,eTypeArguments,eModelElement,eAnnotations,ePackage,eLowerBound,eLiterals,details,eStructuralFeatures,eClassifier,eClassifiers,eTypeParameters,eContainingClass,eBounds,eEnum,eOperations,eExceptions
0.003787878787878788,0.015151515151515152,0.0,0.003787878787878788,0.003787878787878788,0.11742424242424243,0.06818181818181818,0.015151515151515152,0.03409090909090909,0.06439393939393939,0.011363636363636364,0.0,0.0,0.07196969696969698,0.003787878787878788,0.007575757575757576,0.0,0.20833333333333334,0.0,0.07196969696969698,0.01893939393939394,0.23106060606060605,0.011363636363636364,0.007575757575757576,0.022727272727272728,0.007575757575757576
violations,3
