Meta Mode,ecore
Number of Edge types,26
Number Of Nodes,100
State Id,30_1
OutDegreeValue,0,1,2,3,4,5,6,7,8,9,10,11,15
OutDegreeCount,7,19,47,11,5,2,2,2,1,1,1,1,1
NAValue,1,2,3,4,5,6,7
NACount,7,14,44,20,4,7,4
MPCValue,0.00000,0.52000,0.58240,0.58471,0.60595,0.62400,0.65000,0.68250,0.68640,0.69333,0.71500,0.73125,0.74880,0.76408,0.78000,0.80609,0.81231,0.82048,0.82173,0.82333,0.82680,0.82776,0.83200,0.84500,0.86667
MPCCount,7,14,2,1,1,1,14,1,1,28,2,1,4,1,11,1,2,1,1,1,1,1,1,1,1
Typed Out Degree
EClass eTypeParameters,1,1,1,1,1
EPackage eSuperPackage,1
EGenericType eTypeArguments,1
EReference eKeys,1,1,2,2,2,2,1,2,2,1
EDataType eTypeParameters,1
EOperation eContainingClass,1,1,1,1,1
EAttribute eContainingClass,1,1,1,1,1,1,1,1,1,1,1,1,1,1,1,1,1,1,1,1,1,1,1
EReference eOpposite,1,1,1,1,1,1,1,1,1
EPackage eClassifiers,14,10
EDataType ePackage,1
EAttribute eType,1,1,1,1,1,1,1,1,1,1,1,1,1,1,1,1
EOperation eExceptions,2,1
EEnum eLiterals,3
EOperation eTypeParameters,1
EParameter eType,1,1
EClass eStructuralFeatures,1,1,3,6,2,5,1,6,3,4,4,1,2,4,5,3,3
EGenericType eClassifier,1
EEnumLiteral eEnum,1,1,1
EReference eContainingClass,1,1,1,1,1,1,1,1,1,1,1,1,1,1,1,1,1,1,1,1,1,1,1,1,1,1,1,1,1,1,1
EEnum ePackage,1
EClass eSuperTypes,1,1,1,3,1,1,1
ETypeParameter eBounds,1
EClass ePackage,1,1,1,1,1,1,1,1,1,1,1,1,1,1,1,1,1,1,1,1,1,1
EOperation eParameters,1,1,1
EPackage eSubpackages,1
EClass eOperations,1,1,1,1,1
EParameter eOperation,1,1,1
EReference eType,1,1,1,1,1,1,1,1,1,1
Node Type
EAttribute,EClass,EDataType,EParameter,EGenericType,EOperation,EEnumLiteral,EEnum,EReference,ETypeParameter,EPackage
0.23000000000000007,0.22000000000000006,0.01,0.03,0.02,0.05,0.03,0.01,0.3100000000000001,0.07,0.02
Edge Type
eSuperPackage,eOperation,eUpperBound,eTypeParameter,eSubpackages,eType,eSuperTypes,eParameters,eOpposite,eKeys,eTypeArguments,eModelElement,eAnnotations,ePackage,eLowerBound,eLiterals,details,eStructuralFeatures,eClassifier,eClassifiers,eTypeParameters,eContainingClass,eBounds,eEnum,eOperations,eExceptions
0.00392156862745098,0.011764705882352941,0.0,0.0,0.00392156862745098,0.10980392156862745,0.03529411764705882,0.011764705882352941,0.03529411764705882,0.06274509803921569,0.00392156862745098,0.0,0.0,0.09411764705882353,0.0,0.011764705882352941,0.0,0.21176470588235294,0.00392156862745098,0.09411764705882353,0.027450980392156862,0.23137254901960785,0.00392156862745098,0.011764705882352941,0.0196078431372549,0.011764705882352941
violations,6
