Meta Mode,ecore
Number of Edge types,26
Number Of Nodes,100
State Id,31_1
OutDegreeValue,0,1,2,3,4,5,6,7,8,9,11,22
OutDegreeCount,7,18,43,16,2,4,2,1,4,1,1,1
NAValue,1,2,3,4,5,6,7
NACount,7,15,42,17,6,8,5
MPCValue,0.00000,0.52000,0.56512,0.58240,0.63673,0.65000,0.69333,0.74880,0.75111,0.77469,0.78000,0.78321,0.79238,0.79625,0.80000,0.80653,0.81329,0.81596,0.83200,0.84231,0.84898,0.85049,0.87309
MPCCount,7,15,1,1,2,16,27,6,1,1,6,1,1,1,1,5,2,1,1,1,1,1,1
Typed Out Degree
EGenericType eTypeParameter,1
EClass eTypeParameters,1,1,1,1
EPackage eSuperPackage,1
EReference eKeys,2,2,2,2,1,2,1,1,1,3,1,2,2,2
EDataType eTypeParameters,1
EOperation eContainingClass,1,1,1,1
EAttribute eContainingClass,1,1,1,1,1,1,1,1,1,1,1,1,1,1,1,1,1,1,1,1,1,1,1
EReference eOpposite,1,1,1,1,1,1
EPackage eClassifiers,21,2
EDataType ePackage,1
EAttribute eType,1,1,1,1,1,1,1,1,1,1,1,1,1,1,1,1,1,1
EOperation eExceptions,1
EEnum eLiterals,6,2
EParameter eType,1
EClass eStructuralFeatures,4,5,5,1,3,4,2,2,5,4,1,2,5,5,3,2
EEnumLiteral eEnum,1,1,1,1,1,1,1,1
EReference eContainingClass,1,1,1,1,1,1,1,1,1,1,1,1,1,1,1,1,1,1,1,1,1,1,1,1,1,1,1,1,1,1
EEnum ePackage,1,1,1
EEnum eTypeParameters,1,1
EClass eSuperTypes,1,1,1,2,1,1,1,2,5,5,1
ETypeParameter eBounds,1
EClass ePackage,1,1,1,1,1,1,1,1,1,1,1,1,1,1,1,1,1,1,1
EOperation eParameters,1
EPackage eSubpackages,1
EGenericType eLowerBound,1
EClass eOperations,1,1,1,1
EParameter eOperation,1
EReference eType,1,1,1,1,1,1,1,1,1,1
EOperation eType,1,1
Node Type
EClass,EAttribute,EDataType,EParameter,EGenericType,EEnumLiteral,EOperation,EEnum,EReference,ETypeParameter,EPackage
0.19000000000000003,0.23000000000000007,0.01,0.01,0.02,0.08,0.04,0.03,0.3000000000000001,0.07,0.02
Edge Type
eSuperPackage,eOperation,eUpperBound,eTypeParameter,eSubpackages,eType,eSuperTypes,eParameters,eOpposite,eKeys,eTypeArguments,eModelElement,eAnnotations,ePackage,eLowerBound,eLiterals,details,eStructuralFeatures,eClassifier,eClassifiers,eTypeParameters,eContainingClass,eBounds,eEnum,eOperations,eExceptions
0.003663003663003663,0.003663003663003663,0.0,0.003663003663003663,0.003663003663003663,0.11355311355311355,0.07692307692307693,0.003663003663003663,0.02197802197802198,0.08791208791208792,0.0,0.0,0.0,0.08424908424908426,0.003663003663003663,0.029304029304029304,0.0,0.19413919413919414,0.0,0.08424908424908426,0.02564102564102564,0.2087912087912088,0.003663003663003663,0.029304029304029304,0.014652014652014652,0.003663003663003663
violations,4
