Meta Mode,ecore
Number of Edge types,26
Number Of Nodes,100
State Id,32_1
OutDegreeValue,0,1,2,3,4,5,6,7,8,9,10,12,14
OutDegreeCount,7,20,44,8,7,4,1,2,1,1,2,1,2
NAValue,1,2,3,4,5,6,7
NACount,7,15,46,11,9,5,7
MPCValue,0.00000,0.52000,0.58240,0.58898,0.61360,0.65000,0.69333,0.71385,0.71500,0.73917,0.74469,0.74880,0.76211,0.77037,0.78000,0.79040,0.79083,0.80653,0.82173,0.82512,0.83200,0.83720,0.83778,0.84698,0.85280
MPCCount,7,15,2,1,1,18,28,1,1,1,1,3,1,1,6,1,1,1,2,1,3,1,1,1,1
Typed Out Degree
EClass eTypeParameters,1,1,1,1,1,1
EPackage eSuperPackage,1
EReference eKeys,2,1,1,2,1,2,2,2
EOperation eContainingClass,1,1,1,1,1
EAttribute eContainingClass,1,1,1,1,1,1,1,1,1,1,1,1,1,1,1,1,1,1,1,1,1,1,1,1
EReference eOpposite,1,1,1,1,1,1,1,1,1,1,1,1,1
EPackage eClassifiers,9,13
EDataType ePackage,1,1
EAttribute eType,1,1,1,1,1,1,1,1,1,1,1,1,1,1,1,1,1,1,1
EOperation eExceptions,1,1
EEnum eLiterals,5
EOperation eTypeParameters,1
EParameter eType,1,1
EClass eStructuralFeatures,2,3,1,5,2,1,4,6,6,1,5,1,4,3,8,1,1,1
EEnumLiteral eEnum,1,1,1,1,1
EReference eContainingClass,1,1,1,1,1,1,1,1,1,1,1,1,1,1,1,1,1,1,1,1,1,1,1,1,1,1,1,1,1,1,1
EEnum ePackage,1
EClass eSuperTypes,1,2,1,2,1,4,1,7,3,2,2,1,3
ETypeParameter eBounds,1
EClass ePackage,1,1,1,1,1,1,1,1,1,1,1,1,1,1,1,1,1,1,1
EOperation eParameters,2
EPackage eSubpackages,1
EGenericType eLowerBound,1
EClass eOperations,1,1,1,1,1
EParameter eOperation,1,1
EReference eType,1,1,1,1,1,1,1,1
EOperation eType,1
Node Type
EAttribute,EClass,EDataType,EParameter,EGenericType,EOperation,EEnumLiteral,EEnum,EReference,ETypeParameter,EPackage
0.24000000000000007,0.19000000000000003,0.02,0.02,0.02,0.05,0.05,0.01,0.3100000000000001,0.07,0.02
Edge Type
eSuperPackage,eOperation,eUpperBound,eTypeParameter,eSubpackages,eType,eSuperTypes,eParameters,eOpposite,eKeys,eTypeArguments,eModelElement,eAnnotations,ePackage,eLowerBound,eLiterals,details,eStructuralFeatures,eClassifier,eClassifiers,eTypeParameters,eContainingClass,eBounds,eEnum,eOperations,eExceptions
0.0036101083032490976,0.007220216606498195,0.0,0.0,0.0036101083032490976,0.10830324909747292,0.10830324909747292,0.007220216606498195,0.04693140794223827,0.04693140794223827,0.0,0.0,0.0,0.07942238267148015,0.0036101083032490976,0.018050541516245487,0.0,0.19855595667870035,0.0,0.07942238267148015,0.02527075812274368,0.21660649819494585,0.0036101083032490976,0.018050541516245487,0.018050541516245487,0.007220216606498195
violations,15
