Meta Mode,ecore
Number of Edge types,26
Number Of Nodes,100
State Id,33_1
OutDegreeValue,0,1,2,3,4,5,6,8,9,10,12,13
OutDegreeCount,7,20,42,12,7,4,2,2,1,1,1,1
NAValue,1,2,3,4,5,6,7,8
NACount,7,17,43,14,8,7,2,2
MPCValue,0.00000,0.52000,0.58240,0.58500,0.59385,0.59944,0.63673,0.65000,0.69160,0.69333,0.74469,0.74880,0.75111,0.77037,0.77653,0.78000,0.79040,0.79890,0.80889,0.81120,0.82173,0.82512,0.82970,0.83200,0.87360,0.89143
MPCCount,7,17,2,1,1,1,1,15,1,29,1,3,1,1,1,4,1,1,1,2,1,1,1,4,1,1
Typed Out Degree
EClass eTypeParameters,1,1,1,1
EPackage eSuperPackage,1
EReference eKeys,3,1,1,1,2,2,2,1,2,2,1,2,2
EDataType eTypeParameters,1
EOperation eContainingClass,1,1,1,1,1,1,1
EAttribute eContainingClass,1,1,1,1,1,1,1,1,1,1,1,1,1,1,1,1,1,1,1,1,1,1,1,1
EReference eOpposite,1,1,1,1,1,1,1,1,1
EPackage eClassifiers,12,11
EDataType ePackage,1,1
EAttribute eType,1,1,1,1,1,1,1,1,1,1,1,1,1,1,1,1,1
EOperation eExceptions,2,2,1,1
EEnum eLiterals,3
EOperation eTypeParameters,1
EParameter eType,1
EClass eStructuralFeatures,3,8,3,2,3,5,3,1,5,2,2,8,6,1,3
EEnumLiteral eEnum,1,1,1
EReference eContainingClass,1,1,1,1,1,1,1,1,1,1,1,1,1,1,1,1,1,1,1,1,1,1,1,1,1,1,1,1,1,1,1
EEnum ePackage,1,1
EEnum eTypeParameters,1
EClass eSuperTypes,1,1,1,1,1,1,1
ETypeParameter eBounds,1
EClass ePackage,1,1,1,1,1,1,1,1,1,1,1,1,1,1,1,1,1,1,1
EOperation eParameters,1,1
EPackage eSubpackages,1
EClass eOperations,1,1,1,1,1,1,1
EParameter eOperation,1,1
EReference eType,1,1,1,1,1,1,1
EOperation eType,1
Node Type
EAttribute,EClass,EDataType,EParameter,EGenericType,EOperation,EEnumLiteral,EEnum,EReference,ETypeParameter,EPackage
0.24000000000000007,0.19000000000000003,0.02,0.02,0.01,0.07,0.03,0.02,0.3100000000000001,0.07,0.02
Edge Type
eSuperPackage,eOperation,eUpperBound,eTypeParameter,eSubpackages,eType,eSuperTypes,eParameters,eOpposite,eKeys,eTypeArguments,eModelElement,eAnnotations,ePackage,eLowerBound,eLiterals,details,eStructuralFeatures,eClassifier,eClassifiers,eTypeParameters,eContainingClass,eBounds,eEnum,eOperations,eExceptions
0.0038461538461538464,0.007692307692307693,0.0,0.0,0.0038461538461538464,0.1,0.026923076923076925,0.007692307692307693,0.03461538461538462,0.08461538461538462,0.0,0.0,0.0,0.08846153846153847,0.0,0.011538461538461539,0.0,0.21153846153846154,0.0,0.08846153846153847,0.026923076923076925,0.23846153846153847,0.0038461538461538464,0.011538461538461539,0.026923076923076925,0.023076923076923078
violations,3
