Meta Mode,ecore
Number of Edge types,26
Number Of Nodes,100
State Id,34_1
OutDegreeValue,0,1,2,3,4,5,6,7,8,10,11,15,18
OutDegreeCount,5,25,43,11,3,2,4,1,2,1,1,1,1
NAValue,1,2,3,4,5,6,7,8
NACount,7,19,46,13,3,6,5,1
MPCValue,0.00000,0.52000,0.58240,0.58500,0.63673,0.64735,0.65000,0.69333,0.74880,0.77653,0.78000,0.78639,0.79032,0.79889,0.80427,0.81250,0.82333,0.82875,0.85222,0.86667,0.87750
MPCCount,7,20,2,1,1,1,12,32,5,1,7,1,1,1,1,2,1,1,1,1,1
Typed Out Degree
EClass eTypeParameters,1,1,1
EGenericType eTypeArguments,1,1
EReference eKeys,4,1,2,1,2,2,1,2,2,2,2,1,1,2
EOperation eContainingClass,1,1,1,1,1,1,1,1
EAttribute eContainingClass,1,1,1,1,1,1,1,1,1,1,1,1,1,1,1,1,1,1,1,1,1,1,1
EReference eOpposite,1,1,1,1,1,1,1
EPackage eClassifiers,18
EAttribute eType,1,1,1,1,1,1,1,1,1,1,1,1,1,1,1
EOperation eExceptions,1,1
EEnum eLiterals,6
EOperation eTypeParameters,1,1
EParameter eType,1
EClass eStructuralFeatures,7,10,4,2,1,2,5,2,4,6,2,5,3,1
EEnumLiteral eEnum,1,1,1,1,1,1
EReference eContainingClass,1,1,1,1,1,1,1,1,1,1,1,1,1,1,1,1,1,1,1,1,1,1,1,1,1,1,1,1,1,1,1
EEnum ePackage,1
EClass eSuperTypes,2,4,2,3,1,1,3,1
ETypeParameter eBounds,1,1,1
EClass ePackage,1,1,1,1,1,1,1,1,1,1,1,1,1,1,1,1,1
EOperation eParameters,1
EGenericType eLowerBound,1,1
EClass eOperations,1,1,2,2,1,1
EParameter eOperation,1
EReference eType,1,1,1,1,1,1,1,1,1,1,1
EOperation eType,1,1,1
Node Type
EClass,EAttribute,EParameter,EGenericType,EOperation,EEnumLiteral,EEnum,EReference,ETypeParameter,EPackage
0.17,0.23000000000000007,0.01,0.07,0.08,0.060000000000000005,0.01,0.3100000000000001,0.05,0.01
Edge Type
eSuperPackage,eOperation,eUpperBound,eTypeParameter,eSubpackages,eType,eSuperTypes,eParameters,eOpposite,eKeys,eTypeArguments,eModelElement,eAnnotations,ePackage,eLowerBound,eLiterals,details,eStructuralFeatures,eClassifier,eClassifiers,eTypeParameters,eContainingClass,eBounds,eEnum,eOperations,eExceptions
0.0,0.003745318352059925,0.0,0.0,0.0,0.11235955056179775,0.06367041198501873,0.003745318352059925,0.026217228464419477,0.09363295880149813,0.00749063670411985,0.0,0.0,0.06741573033707865,0.00749063670411985,0.02247191011235955,0.0,0.20224719101123595,0.0,0.06741573033707865,0.018726591760299626,0.23220973782771537,0.011235955056179775,0.02247191011235955,0.0299625468164794,0.00749063670411985
violations,5
