Meta Mode,ecore
Number of Edge types,26
Number Of Nodes,100
State Id,35_1
OutDegreeValue,0,1,2,3,4,5,6,7,8,9,10,16
OutDegreeCount,5,21,49,10,3,2,2,3,1,1,2,1
NAValue,1,2,3,4,5,6,7,8
NACount,5,20,42,12,12,7,1,1
MPCValue,0.00000,0.46222,0.52000,0.58094,0.58240,0.63673,0.65000,0.68640,0.69333,0.71500,0.73840,0.74880,0.76308,0.76556,0.77037,0.78000,0.78645,0.80000,0.80653,0.80889,0.82276,0.83200,0.84122,0.84231,0.84741,0.85280,0.85959
MPCCount,5,1,19,1,1,1,11,1,30,1,1,2,1,1,1,6,1,1,3,3,1,3,1,1,1,1,1
Typed Out Degree
EGenericType eTypeParameter,1
EClass eTypeParameters,1,1,1
EPackage eSuperPackage,1,1
EGenericType eTypeArguments,1,1
EReference eKeys,1,1,1,2,2,1,2
EOperation eContainingClass,1,1,1,1
EAttribute eContainingClass,1,1,1,1,1,1,1,1,1,1,1,1,1,1,1,1,1,1,1,1,1,1,1,1
EReference eOpposite,1,1,1,1,1,1,1,1
EPackage eClassifiers,15,1,8
EDataType ePackage,1
EAttribute eType,1,1,1,1,1,1,1,1,1,1,1,1,1,1,1,1,1
EEnum eLiterals,4
EClass eStructuralFeatures,4,2,1,1,3,2,1,2,3,2,3,1,7,3,4,3,4,1,2,7
EEnumLiteral eEnum,1,1,1,1
EReference eContainingClass,1,1,1,1,1,1,1,1,1,1,1,1,1,1,1,1,1,1,1,1,1,1,1,1,1,1,1,1,1,1,1,1
EEnum ePackage,1
EGenericType eUpperBound,1
EClass eSuperTypes,2,1,1,1,4,1,1,1,2,2
ETypeParameter eBounds,2
EClass ePackage,1,1,1,1,1,1,1,1,1,1,1,1,1,1,1,1,1,1,1,1,1,1
EOperation eParameters,1
EPackage eSubpackages,1,1
EClass eOperations,1,1,1,1
EParameter eOperation,1
EReference eType,1,1,1,1,1,1,1,1,1,1,1,1,1
EOperation eType,1,1
Node Type
EClass,EAttribute,EDataType,EParameter,EGenericType,EOperation,EEnumLiteral,EEnum,EReference,ETypeParameter,EPackage
0.22000000000000006,0.24000000000000007,0.01,0.01,0.05,0.04,0.04,0.01,0.3200000000000001,0.03,0.03
Edge Type
eSuperPackage,eOperation,eUpperBound,eTypeParameter,eSubpackages,eType,eSuperTypes,eParameters,eOpposite,eKeys,eTypeArguments,eModelElement,eAnnotations,ePackage,eLowerBound,eLiterals,details,eStructuralFeatures,eClassifier,eClassifiers,eTypeParameters,eContainingClass,eBounds,eEnum,eOperations,eExceptions
0.007782101167315175,0.0038910505836575876,0.0038910505836575876,0.0038910505836575876,0.007782101167315175,0.1245136186770428,0.0622568093385214,0.0038910505836575876,0.0311284046692607,0.038910505836575876,0.007782101167315175,0.0,0.0,0.0933852140077821,0.0,0.01556420233463035,0.0,0.2178988326848249,0.0,0.0933852140077821,0.011673151750972763,0.23346303501945526,0.007782101167315175,0.01556420233463035,0.01556420233463035,0.0
violations,5
