Meta Mode,ecore
Number of Edge types,26
Number Of Nodes,100
State Id,36_1
OutDegreeValue,0,1,2,3,4,5,6,7,9,10,11,12,18
OutDegreeCount,11,17,43,9,9,1,2,2,2,1,1,1,1
NAValue,1,2,3,4,5,6,7,8,10
NACount,11,14,39,17,9,3,5,1,1
MPCValue,0.00000,0.52000,0.58240,0.58500,0.63673,0.65000,0.66260,0.67041,0.69333,0.69680,0.74286,0.74880,0.76181,0.78000,0.79040,0.81241,0.81250,0.82173,0.83200,0.84500,0.84923,0.86667,0.89965
MPCCount,11,14,4,1,2,9,1,1,28,1,1,6,1,6,1,1,1,1,5,1,1,2,1
Typed Out Degree
EGenericType eTypeParameter,1
EClass eTypeParameters,1,1,1,2
EGenericType eTypeArguments,1
EReference eKeys,1,1,1,2,1,3,1,1,2,2,3,2,1,1,3
EDataType eTypeParameters,1
EOperation eContainingClass,1,1,1,1
EAttribute eContainingClass,1,1,1,1,1,1,1,1,1,1,1,1,1,1,1,1,1,1,1,1,1,1,1,1
EReference eOpposite,1,1,1,1,1,1,1,1,1,1,1,1
EPackage eClassifiers,18
EDataType ePackage,1
EAttribute eType,1,1,1,1,1,1,1,1,1,1,1,1,1,1,1,1,1
EOperation eExceptions,1,6
EEnum eLiterals,5,1
EOperation eTypeParameters,2,1
EParameter eType,1
EClass eStructuralFeatures,2,1,3,1,5,2,8,3,4,3,2,9,8,4
EGenericType eClassifier,1,1
EEnumLiteral eEnum,1,1,1,1,1,1
EReference eContainingClass,1,1,1,1,1,1,1,1,1,1,1,1,1,1,1,1,1,1,1,1,1,1,1,1,1,1,1,1,1,1,1
EEnum ePackage,1,1
EEnum eTypeParameters,1
EClass eSuperTypes,1,1,4,1,1,1,1
ETypeParameter eBounds,2
EClass ePackage,1,1,1,1,1,1,1,1,1,1,1,1,1,1,1
EOperation eParameters,1,1
EGenericType eLowerBound,1
EClass eOperations,1,2,1
EParameter eOperation,1,1
EReference eType,1,1,1,1,1
EOperation eType,1,1
Node Type
EAttribute,EClass,EDataType,EParameter,EGenericType,EEnumLiteral,EOperation,EEnum,EReference,ETypeParameter,EPackage
0.24000000000000007,0.15,0.01,0.02,0.04,0.060000000000000005,0.04,0.02,0.3100000000000001,0.09999999999999999,0.01
Edge Type
eSuperPackage,eOperation,eUpperBound,eTypeParameter,eSubpackages,eType,eSuperTypes,eParameters,eOpposite,eKeys,eTypeArguments,eModelElement,eAnnotations,ePackage,eLowerBound,eLiterals,details,eStructuralFeatures,eClassifier,eClassifiers,eTypeParameters,eContainingClass,eBounds,eEnum,eOperations,eExceptions
0.0,0.007518796992481203,0.0,0.0037593984962406013,0.0,0.09398496240601503,0.03759398496240601,0.007518796992481203,0.045112781954887216,0.09398496240601503,0.0037593984962406013,0.0,0.0,0.06766917293233082,0.0037593984962406013,0.022556390977443608,0.0,0.20676691729323307,0.007518796992481203,0.06766917293233082,0.03759398496240601,0.22180451127819548,0.007518796992481203,0.022556390977443608,0.015037593984962405,0.02631578947368421
violations,9
