Meta Mode,ecore
Number of Edge types,26
Number Of Nodes,100
State Id,37_1
OutDegreeValue,0,1,2,3,4,5,6,7,8,17
OutDegreeCount,11,26,40,5,3,6,4,3,1,1
NAValue,1,2,3,4,5,6,7
NACount,11,19,41,14,6,7,2
MPCValue,0.00000,0.52000,0.57758,0.58240,0.65000,0.68640,0.69333,0.71385,0.72222,0.73125,0.74880,0.75111,0.76308,0.77037,0.78000,0.80653,0.80889,0.82173,0.82276,0.82333,0.82512,0.83692,0.86667
MPCCount,11,19,1,1,10,2,31,1,1,1,2,2,1,2,7,1,1,1,1,1,1,1,1
Typed Out Degree
EClass eTypeParameters,1,2,1,2,1
EPackage eSuperPackage,1
EReference eKeys,1,1,1,1,2,1,1,1,2,1,1,1
EDataType eTypeParameters,2
EOperation eContainingClass,1,1,1,1
EAttribute eContainingClass,1,1,1,1,1,1,1,1,1,1,1,1,1,1,1,1,1,1,1,1,1,1
EReference eOpposite,1,1,1,1,1,1,1,1,1,1,1
EPackage eClassifiers,16,4
EDataType ePackage,1
EAttribute eType,1,1,1,1,1,1,1,1,1,1,1,1
EOperation eExceptions,1,1
EEnum eLiterals,5
EOperation eTypeParameters,1
EParameter eType,1
EClass eStructuralFeatures,2,2,6,6,3,3,4,3,3,4,1,4,2,3,3,5
EEnumLiteral eEnum,1,1,1,1,1
EReference eContainingClass,1,1,1,1,1,1,1,1,1,1,1,1,1,1,1,1,1,1,1,1,1,1,1,1,1,1,1,1,1,1,1,1
EEnum ePackage,1,1
EGenericType eUpperBound,1
EEnum eTypeParameters,1
EClass eSuperTypes,1,1
ETypeParameter eBounds,1,1
EClass ePackage,1,1,1,1,1,1,1,1,1,1,1,1,1,1,1,1,1
EOperation eParameters,1
EPackage eSubpackages,1
EClass eOperations,1,1,1,1
EParameter eOperation,1
EReference eType,1,1,1,1,1
EOperation eType,1,1
Node Type
EClass,EAttribute,EDataType,EParameter,EGenericType,EEnumLiteral,EOperation,EEnum,EReference,ETypeParameter,EPackage
0.17,0.22000000000000006,0.01,0.01,0.03,0.05,0.04,0.02,0.3200000000000001,0.10999999999999999,0.02
Edge Type
eSuperPackage,eOperation,eUpperBound,eTypeParameter,eSubpackages,eType,eSuperTypes,eParameters,eOpposite,eKeys,eTypeArguments,eModelElement,eAnnotations,ePackage,eLowerBound,eLiterals,details,eStructuralFeatures,eClassifier,eClassifiers,eTypeParameters,eContainingClass,eBounds,eEnum,eOperations,eExceptions
0.004291845493562232,0.004291845493562232,0.004291845493562232,0.0,0.004291845493562232,0.08583690987124463,0.008583690987124463,0.004291845493562232,0.04721030042918455,0.060085836909871244,0.0,0.0,0.0,0.08583690987124463,0.0,0.02145922746781116,0.0,0.2317596566523605,0.0,0.08583690987124463,0.04721030042918455,0.24892703862660945,0.008583690987124463,0.02145922746781116,0.017167381974248927,0.008583690987124463
violations,7
