Meta Mode,ecore
Number of Edge types,26
Number Of Nodes,100
State Id,38_1
OutDegreeValue,0,1,2,3,4,5,6,7,8,9,10,11
OutDegreeCount,4,31,41,8,5,5,1,1,1,1,1,1
NAValue,1,2,3,4,5,6,7
NACount,4,24,41,12,15,3,1
MPCValue,0.00000,0.52000,0.60595,0.65000,0.67654,0.69333,0.70041,0.71500,0.73840,0.73917,0.76556,0.77037,0.78000,0.80000,0.80653,0.81250,0.82173,0.83200,0.85280
MPCCount,4,24,1,12,1,29,1,4,1,1,2,1,7,1,3,1,1,5,1
Typed Out Degree
EClass eTypeParameters,1,1
EPackage eSuperPackage,1,1,1,1
EReference eKeys,1,1,1,1,1,1,1,1,1,1,1,1,1,1,1,1
EDataType eTypeParameters,1
EOperation eContainingClass,1,1,1,1
EAttribute eContainingClass,1,1,1,1,1,1,1,1,1,1,1,1,1,1,1,1,1,1,1,1,1,1,1
EReference eOpposite,1,1,1,1,1
EPackage eClassifiers,3,6,10,7
EDataType ePackage,1
EAttribute eType,1,1,1,1,1,1,1,1,1
EOperation eExceptions,1
EEnum eLiterals,2,4
EParameter eType,1
EClass eStructuralFeatures,4,2,7,1,2,5,2,1,4,1,1,2,3,3,4,3,1,1,4,2
EEnumLiteral eEnum,1,1,1,1,1,1
EReference eContainingClass,1,1,1,1,1,1,1,1,1,1,1,1,1,1,1,1,1,1,1,1,1,1,1,1,1,1,1,1,1,1
EEnum ePackage,1,1,1
EEnum eTypeParameters,1
EClass eSuperTypes,1,1,1
ETypeParameter eBounds,1
EClass ePackage,1,1,1,1,1,1,1,1,1,1,1,1,1,1,1,1,1,1,1,1,1,1
EOperation eParameters,1
EPackage eSubpackages,2,2
EClass eOperations,1,1,1,1
EParameter eOperation,1
EReference eType,1,1,1,1
EOperation eType,1
Node Type
EAttribute,EClass,EDataType,EParameter,EGenericType,EEnumLiteral,EOperation,EEnum,EReference,ETypeParameter,EPackage
0.23000000000000007,0.22000000000000006,0.01,0.01,0.01,0.060000000000000005,0.04,0.03,0.3000000000000001,0.04,0.05
Edge Type
eSuperPackage,eOperation,eUpperBound,eTypeParameter,eSubpackages,eType,eSuperTypes,eParameters,eOpposite,eKeys,eTypeArguments,eModelElement,eAnnotations,ePackage,eLowerBound,eLiterals,details,eStructuralFeatures,eClassifier,eClassifiers,eTypeParameters,eContainingClass,eBounds,eEnum,eOperations,eExceptions
0.017167381974248927,0.004291845493562232,0.0,0.0,0.017167381974248927,0.06437768240343347,0.012875536480686695,0.004291845493562232,0.02145922746781116,0.06866952789699571,0.0,0.0,0.0,0.11158798283261803,0.0,0.02575107296137339,0.0,0.22746781115879827,0.0,0.11158798283261803,0.017167381974248927,0.2446351931330472,0.004291845493562232,0.02575107296137339,0.017167381974248927,0.004291845493562232
violations,0
