Meta Mode,ecore
Number of Edge types,26
Number Of Nodes,100
State Id,39_1
OutDegreeValue,0,1,2,3,4,5,6,7,14,15,16
OutDegreeCount,8,21,39,11,7,4,3,4,1,1,1
NAValue,1,2,3,4,5,6,7,8
NACount,8,17,37,18,6,5,8,1
MPCValue,0.00000,0.52000,0.58094,0.58240,0.58500,0.65000,0.69333,0.71500,0.74880,0.78000,0.79040,0.79074,0.80000,0.80889,0.81165,0.81329,0.81351,0.82333,0.82512,0.83200,0.83546,0.84898,0.85222,0.86667,0.88111
MPCCount,8,17,1,1,2,14,23,1,3,11,1,1,1,1,1,1,1,1,1,5,1,1,1,1,1
Typed Out Degree
EClass eTypeParameters,2,1,1,1
EPackage eSuperPackage,1
EReference eKeys,1,2,2,1,1,1,1,1,2,2,1,3,1,1,1,2,1,1
EOperation eContainingClass,1,1,1,1,1,1,1,1,1
EAttribute eContainingClass,1,1,1,1,1,1,1,1,1,1,1,1,1,1,1,1,1,1,1,1,1,1
EReference eOpposite,1,1,1,1,1,1,1,1
EPackage eClassifiers,3,15
EDataType ePackage,1
EAttribute eType,1,1,1,1,1,1,1,1,1,1,1,1,1,1,1
EOperation eExceptions,2,1,1,1,2
EEnum eLiterals,6,1
EOperation eTypeParameters,1,1,1
EParameter eType,1
EClass eStructuralFeatures,3,3,4,4,5,8,2,3,3,3,5,8,2
EEnumLiteral eEnum,1,1,1,1,1,1,1
EReference eContainingClass,1,1,1,1,1,1,1,1,1,1,1,1,1,1,1,1,1,1,1,1,1,1,1,1,1,1,1,1,1,1,1
EEnum ePackage,1,1
EClass eSuperTypes,1,1,3,1,1,1,5,1
ETypeParameter eBounds,1
EClass ePackage,1,1,1,1,1,1,1,1,1,1,1,1,1,1,1
EOperation eParameters,1,1
EPackage eSubpackages,1
EClass eOperations,1,1,2,1,1,1,1,1
EParameter eOperation,1,1
EReference eType,1,1,1,1,1,1,1,1,1
EOperation eType,1,1,1
Node Type
EAttribute,EClass,EDataType,EParameter,EGenericType,EEnumLiteral,EOperation,EEnum,EReference,ETypeParameter,EPackage
0.22000000000000006,0.15,0.01,0.02,0.01,0.07,0.09,0.02,0.3100000000000001,0.08,0.02
Edge Type
eSuperPackage,eOperation,eUpperBound,eTypeParameter,eSubpackages,eType,eSuperTypes,eParameters,eOpposite,eKeys,eTypeArguments,eModelElement,eAnnotations,ePackage,eLowerBound,eLiterals,details,eStructuralFeatures,eClassifier,eClassifiers,eTypeParameters,eContainingClass,eBounds,eEnum,eOperations,eExceptions
0.0036900369003690036,0.007380073800738007,0.0,0.0,0.0036900369003690036,0.1033210332103321,0.05166051660516605,0.007380073800738007,0.02952029520295203,0.09225092250922509,0.0,0.0,0.0,0.06642066420664207,0.0,0.025830258302583026,0.0,0.19557195571955718,0.0,0.06642066420664207,0.02952029520295203,0.22878228782287824,0.0036900369003690036,0.025830258302583026,0.033210332103321034,0.025830258302583026
violations,5
