Meta Mode,ecore
Number of Edge types,26
Number Of Nodes,100
State Id,3_1
OutDegreeValue,0,1,2,3,4,5,6,7,8,10,22
OutDegreeCount,6,26,42,10,3,6,2,1,1,2,1
NAValue,1,2,3,4,5,6,7
NACount,6,20,42,14,9,7,2
MPCValue,0.00000,0.52000,0.58240,0.60595,0.65000,0.68640,0.69333,0.73917,0.74389,0.74880,0.76280,0.76556,0.76960,0.78000,0.79040,0.79502,0.80653,0.80889,0.81231,0.82776,0.83200
MPCCount,6,20,1,1,12,1,29,1,1,4,1,1,1,9,1,1,1,4,1,1,3
Typed Out Degree
EClass eTypeParameters,1,1,1,1
EPackage eSuperPackage,1,1
EReference eKeys,1,2,2,1,1,2,2,1,1,1,2
EOperation eContainingClass,1,1,1,1,1,1,1,1
EAttribute eContainingClass,1,1,1,1,1,1,1,1,1,1,1,1,1,1,1,1,1,1,1,1,1,1,1,1
EReference eOpposite,1,1,1,1,1,1,1
EPackage eClassifiers,20,1
EDataType ePackage,1
EAttribute eType,1,1,1,1,1,1,1,1,1,1,1,1,1,1,1
EEnum eLiterals,4
EOperation eTypeParameters,1,1
EParameter eType,1
EClass eStructuralFeatures,2,1,3,4,1,1,8,1,2,4,6,8,4,1,4,4
EEnumLiteral eEnum,1,1,1,1
EReference eContainingClass,1,1,1,1,1,1,1,1,1,1,1,1,1,1,1,1,1,1,1,1,1,1,1,1,1,1,1,1,1,1
EEnum ePackage,1
EClass eSuperTypes,1,2,1,1,2,1
ETypeParameter eBounds,1
EClass ePackage,1,1,1,1,1,1,1,1,1,1,1,1,1,1,1,1,1,1,1
EOperation eParameters,1,1,1
EPackage eSubpackages,2
EClass eOperations,1,1,1,1,1,2,1
EParameter eOperation,1,1,1
EReference eType,1,1,1,1,1,1,1,1,1,1
EOperation eType,1,1,1
Node Type
EAttribute,EClass,EDataType,EParameter,EGenericType,EEnumLiteral,EOperation,EEnum,EReference,EPackage,ETypeParameter
0.24000000000000007,0.19000000000000003,0.01,0.03,0.01,0.04,0.08,0.01,0.3000000000000001,0.03,0.060000000000000005
Edge Type
eSuperPackage,eOperation,eUpperBound,eTypeParameter,eSubpackages,eType,eSuperTypes,eParameters,eOpposite,eKeys,eTypeArguments,eModelElement,eAnnotations,ePackage,eLowerBound,eLiterals,details,eStructuralFeatures,eClassifier,eClassifiers,eTypeParameters,eContainingClass,eBounds,eEnum,eOperations,eExceptions
0.00796812749003984,0.01195219123505976,0.0,0.0,0.00796812749003984,0.11553784860557768,0.03187250996015936,0.01195219123505976,0.027888446215139442,0.06374501992031872,0.0,0.0,0.0,0.08366533864541832,0.0,0.01593625498007968,0.0,0.2151394422310757,0.0,0.08366533864541832,0.02390438247011952,0.24701195219123506,0.00398406374501992,0.01593625498007968,0.03187250996015936,0.0
violations,2
