Meta Mode,ecore
Number of Edge types,26
Number Of Nodes,100
State Id,40_1
OutDegreeValue,0,1,2,3,4,5,6,7,9,10,11,12,17,21
OutDegreeCount,8,24,43,9,3,1,1,2,2,1,2,2,1,1
NAValue,1,2,3,4,5,6,7
NACount,8,19,42,12,9,6,4
MPCValue,0.00000,0.46222,0.49920,0.52000,0.56717,0.63673,0.65000,0.68923,0.69333,0.70778,0.71385,0.71500,0.72163,0.75111,0.75562,0.76000,0.76308,0.76408,0.76729,0.77370,0.78000,0.78541,0.79238,0.79560,0.80889,0.83200,0.84661,0.85973,0.86667
MPCCount,8,1,1,18,1,1,11,1,31,1,1,1,1,1,1,1,1,1,1,1,8,1,1,1,1,1,1,1,1
Typed Out Degree
EClass eTypeParameters,2,1,1
EPackage eSuperPackage,1
EGenericType eTypeArguments,1
EReference eKeys,1,2,2,1,1,1,2,1
EDataType eTypeParameters,1
EOperation eContainingClass,1,1,1,1,1,1
EAttribute eContainingClass,1,1,1,1,1,1,1,1,1,1,1,1,1,1,1,1,1,1,1,1,1,1,1,1
EReference eOpposite,1,1,1,1,1,1,1,1,1,1,1,1
EPackage eClassifiers,1,20
EDataType ePackage,1,1
EAttribute eType,1,1,1,1,1,1,1,1,1,1,1,1,1,1,1,1
EOperation eExceptions,1
EEnum eLiterals,5
EOperation eTypeParameters,1
EParameter eType,1
EClass eStructuralFeatures,3,4,4,4,2,4,3,7,8,2,4,5,1,1
EGenericType eClassifier,1
EEnumLiteral eEnum,1,1,1,1,1
EReference eContainingClass,1,1,1,1,1,1,1,1,1,1,1,1,1,1,1,1,1,1,1,1,1,1,1,1,1,1,1,1
EEnum ePackage,1,1
EClass eSuperTypes,5,2,6,4,4,3,7,6,6,1,2,2
ETypeParameter eBounds,2
EClass ePackage,1,1,1,1,1,1,1,1,1,1,1,1,1,1,1,1,1
EOperation eParameters,2,1
EPackage eSubpackages,1
EGenericType eLowerBound,1,1
EClass eOperations,2,1,1,1,1
EParameter eOperation,1,1,1
EReference eType,1,1,1,1,1,1,1,1
EOperation eType,1
Node Type
EAttribute,EClass,EDataType,EParameter,EGenericType,EEnumLiteral,EOperation,EEnum,EReference,ETypeParameter,EPackage
0.24000000000000007,0.17,0.02,0.03,0.05,0.05,0.060000000000000005,0.02,0.2800000000000001,0.060000000000000005,0.02
Edge Type
eSuperPackage,eOperation,eUpperBound,eTypeParameter,eSubpackages,eType,eSuperTypes,eParameters,eOpposite,eKeys,eTypeArguments,eModelElement,eAnnotations,ePackage,eLowerBound,eLiterals,details,eStructuralFeatures,eClassifier,eClassifiers,eTypeParameters,eContainingClass,eBounds,eEnum,eOperations,eExceptions
0.0034965034965034965,0.01048951048951049,0.0,0.0,0.0034965034965034965,0.09090909090909091,0.16783216783216784,0.01048951048951049,0.04195804195804196,0.038461538461538464,0.0034965034965034965,0.0,0.0,0.07342657342657342,0.006993006993006993,0.017482517482517484,0.0,0.18181818181818182,0.0034965034965034965,0.07342657342657342,0.02097902097902098,0.20279720279720279,0.006993006993006993,0.017482517482517484,0.02097902097902098,0.0034965034965034965
violations,19
