Meta Mode,ecore
Number of Edge types,26
Number Of Nodes,100
State Id,41_1
OutDegreeValue,0,1,2,3,4,5,6,7,8,9,10,16
OutDegreeCount,7,29,35,9,6,4,1,2,3,2,1,1
NAValue,1,2,3,4,5,6,7,8
NACount,7,21,40,12,10,6,3,1
MPCValue,0.00000,0.52000,0.58094,0.58240,0.65000,0.68640,0.69333,0.70617,0.71385,0.73917,0.74880,0.76375,0.76917,0.77037,0.78000,0.79560,0.79605,0.80653,0.80889,0.81120,0.83200,0.83488,0.83546,0.84500,0.84741,0.85280
MPCCount,7,22,1,2,9,1,28,1,1,2,6,1,1,1,4,1,1,2,1,1,2,1,1,1,1,1
Typed Out Degree
EClass eTypeParameters,1,1,1,1,1,1
EPackage eSuperPackage,1
EReference eKeys,1,1,2,1,2,2,1,2,1,1,1,2,1
EDataType eTypeParameters,1
EOperation eContainingClass,1,1,1
EAttribute eContainingClass,1,1,1,1,1,1,1,1,1,1,1,1,1,1,1,1,1,1,1,1,1,1,1,1,1
EReference eOpposite,1,1,1,1,1,1,1,1,1,1,1,1,1
EPackage eClassifiers,15,4
EDataType ePackage,1
EAttribute eType,1,1,1,1,1,1,1,1,1,1,1,1,1,1
EOperation eExceptions,1
EEnum eLiterals,7
EParameter eType,1,1
EClass eStructuralFeatures,1,2,4,1,1,3,6,5,8,2,4,2,1,5,5,2,6
EEnumLiteral eEnum,1,1,1,1,1,1,1
EReference eContainingClass,1,1,1,1,1,1,1,1,1,1,1,1,1,1,1,1,1,1,1,1,1,1,1,1,1,1,1,1,1,1,1,1,1
EEnum ePackage,1
EClass eSuperTypes,2,1,1,1,1,1,1,2,1,2
ETypeParameter eBounds,1
EClass ePackage,1,1,1,1,1,1,1,1,1,1,1,1,1,1,1,1,1
EOperation eParameters,1,2
EPackage eSubpackages,1
EClass eOperations,1,1,1
EParameter eOperation,1,1,1
EReference eType,1,1,1,1,1
EOperation eType,1,1
Node Type
EAttribute,EClass,EDataType,EParameter,EGenericType,EEnumLiteral,EOperation,EEnum,EReference,ETypeParameter,EPackage
0.25000000000000006,0.17,0.01,0.03,0.01,0.07,0.03,0.01,0.3300000000000001,0.07,0.02
Edge Type
eSuperPackage,eOperation,eUpperBound,eTypeParameter,eSubpackages,eType,eSuperTypes,eParameters,eOpposite,eKeys,eTypeArguments,eModelElement,eAnnotations,ePackage,eLowerBound,eLiterals,details,eStructuralFeatures,eClassifier,eClassifiers,eTypeParameters,eContainingClass,eBounds,eEnum,eOperations,eExceptions
0.003875968992248062,0.011627906976744186,0.0,0.0,0.003875968992248062,0.08914728682170543,0.050387596899224806,0.011627906976744186,0.050387596899224806,0.06976744186046512,0.0,0.0,0.0,0.07364341085271318,0.0,0.027131782945736434,0.0,0.2248062015503876,0.0,0.07364341085271318,0.027131782945736434,0.2364341085271318,0.003875968992248062,0.027131782945736434,0.011627906976744186,0.003875968992248062
violations,6
