Meta Mode,ecore
Number of Edge types,26
Number Of Nodes,100
State Id,42_1
OutDegreeValue,0,1,2,3,4,5,6,7,8,11,12,16,17
OutDegreeCount,10,13,51,8,5,3,2,1,2,2,1,1,1
NAValue,1,2,3,4,5,6,7,8
NACount,10,12,46,15,1,9,5,2
MPCValue,0.00000,0.46222,0.52000,0.57758,0.58240,0.65000,0.69333,0.74880,0.75636,0.76939,0.78000,0.78361,0.79032,0.80602,0.80609,0.80653,0.80793,0.82680,0.83200,0.84426,0.85222,0.86667
MPCCount,10,1,11,1,1,15,30,5,1,1,11,1,1,1,1,1,1,1,1,1,2,2
Typed Out Degree
EClass eTypeParameters,1,1,1
EPackage eSuperPackage,1
EReference eKeys,2,2,2,2,1,2,2
EDataType eTypeParameters,1
EOperation eContainingClass,1,1,1,1,1,1,1,1
EAttribute eContainingClass,1,1,1,1,1,1,1,1,1,1,1,1,1,1,1,1,1,1,1,1,1,1,1
EReference eOpposite,1,1,1,1,1,1,1,1,1,1,1,1
EPackage eClassifiers,16,1
EDataType ePackage,1
EAttribute eType,1,1,1,1,1,1,1,1,1,1,1,1,1,1,1,1,1,1,1,1,1
EEnum eLiterals,4
EOperation eTypeParameters,1,1,1,1
EParameter eType,1,1,1
EClass eStructuralFeatures,3,5,9,2,8,2,2,5,7,5,2,1,2
EEnumLiteral eEnum,1,1,1,1
EReference eContainingClass,1,1,1,1,1,1,1,1,1,1,1,1,1,1,1,1,1,1,1,1,1,1,1,1,1,1,1,1,1,1
EEnum ePackage,1
EEnum eTypeParameters,1
EClass eSuperTypes,1,5,1,1,6,1,3,1,1,2,2,2
ETypeParameter eBounds,1,2
EClass ePackage,1,1,1,1,1,1,1,1,1,1,1,1,1,1,1
EOperation eParameters,2,1,1
EPackage eSubpackages,1
EClass eOperations,1,1,1,1,1,1,1,1
EParameter eOperation,1,1,1,1
EReference eType,1,1,1,1,1,1,1,1,1,1
EOperation eType,1,1,1,1,1
Node Type
EClass,EAttribute,EDataType,EParameter,EGenericType,EEnumLiteral,EOperation,EEnum,EReference,EPackage,ETypeParameter
0.15,0.23000000000000007,0.01,0.04,0.03,0.04,0.08,0.01,0.3000000000000001,0.02,0.09
Edge Type
eSuperPackage,eOperation,eUpperBound,eTypeParameter,eSubpackages,eType,eSuperTypes,eParameters,eOpposite,eKeys,eTypeArguments,eModelElement,eAnnotations,ePackage,eLowerBound,eLiterals,details,eStructuralFeatures,eClassifier,eClassifiers,eTypeParameters,eContainingClass,eBounds,eEnum,eOperations,eExceptions
0.0036231884057971015,0.014492753623188406,0.0,0.0,0.0036231884057971015,0.14130434782608695,0.09420289855072464,0.014492753623188406,0.043478260869565216,0.04710144927536232,0.0,0.0,0.0,0.06159420289855073,0.0,0.014492753623188406,0.0,0.19202898550724637,0.0,0.06159420289855073,0.03260869565217391,0.2210144927536232,0.010869565217391304,0.014492753623188406,0.028985507246376812,0.0
violations,11
