Meta Mode,ecore
Number of Edge types,26
Number Of Nodes,100
State Id,43_1
OutDegreeValue,0,1,2,3,4,6,7,8,10,11,14,21
OutDegreeCount,7,27,42,8,4,1,6,1,1,1,1,1
NAValue,1,2,3,4,5,6,7,8
NACount,7,20,43,13,7,5,3,2
MPCValue,0.00000,0.46694,0.52000,0.56717,0.58240,0.63673,0.65000,0.66444,0.69333,0.72313,0.74880,0.76408,0.77653,0.77730,0.78000,0.79077,0.79206,0.79592,0.80889,0.81329,0.83200,0.83692,0.84099,0.84864,0.86667
MPCCount,7,1,21,1,3,1,9,1,29,1,1,1,1,1,9,1,1,1,2,1,3,1,1,1,1
Typed Out Degree
EReference eContainingClass,1,1,1,1,1,1,1,1,1,1,1,1,1,1,1,1,1,1,1,1,1,1,1,1,1,1,1,1,1,1,1
EEnum ePackage,1
EClass eTypeParameters,1,4,1,1
EPackage eSuperPackage,1
EClass eSuperTypes,1,1,3,1,1,1,1,3,3
ETypeParameter eBounds,1,1
EReference eKeys,1,1,2,1,1,1,2,1,2,1,2,2,2
EClass ePackage,1,1,1,1,1,1,1,1,1,1,1,1,1,1,1,1,1
EOperation eContainingClass,1,1,1,1,1
EOperation eParameters,1,1
EAttribute eContainingClass,1,1,1,1,1,1,1,1,1,1,1,1,1,1,1,1,1,1,1,1,1,1,1,1,1
EPackage eSubpackages,1
EReference eOpposite,1,1,1,1,1,1,1,1
EPackage eClassifiers,20
EDataType ePackage,1,1
EAttribute eType,1,1,1,1,1,1,1,1,1,1,1,1,1,1
EClass eOperations,1,1,1,1,1
EOperation eExceptions,1,1,1,2
EParameter eOperation,1,1
EEnum eLiterals,6
EReference eType,1,1,1,1,1,1,1,1,1,1,1
EParameter eType,1,1
EClass eStructuralFeatures,1,4,1,3,1,1,8,8,5,4,6,5,5,4
EEnumLiteral eEnum,1,1,1,1,1,1
Node Type
EClass,EAttribute,EDataType,EParameter,EGenericType,EEnumLiteral,EOperation,EEnum,EReference,EPackage,ETypeParameter
0.17,0.25000000000000006,0.02,0.02,0.02,0.060000000000000005,0.05,0.01,0.3100000000000001,0.02,0.07
Edge Type
eSuperPackage,eOperation,eUpperBound,eTypeParameter,eSubpackages,eType,eSuperTypes,eParameters,eOpposite,eKeys,eTypeArguments,eModelElement,eAnnotations,ePackage,eLowerBound,eLiterals,details,eStructuralFeatures,eClassifier,eClassifiers,eTypeParameters,eContainingClass,eBounds,eEnum,eOperations,eExceptions
0.0038022813688212928,0.0076045627376425855,0.0,0.0,0.0038022813688212928,0.10266159695817491,0.057034220532319393,0.0076045627376425855,0.030418250950570342,0.07224334600760456,0.0,0.0,0.0,0.07604562737642585,0.0,0.022813688212927757,0.0,0.21292775665399238,0.0,0.07604562737642585,0.026615969581749048,0.23193916349809887,0.0076045627376425855,0.022813688212927757,0.019011406844106463,0.019011406844106463
violations,7
