Meta Mode,ecore
Number of Edge types,26
Number Of Nodes,100
State Id,44_1
OutDegreeValue,0,1,2,3,4,5,6,8,9,21
OutDegreeCount,10,20,45,6,7,6,2,2,1,1
NAValue,1,2,3,4,5,6,7
NACount,10,19,40,14,8,6,3
MPCValue,0.00000,0.46222,0.52000,0.58240,0.65000,0.66444,0.69333,0.70617,0.73917,0.74286,0.74880,0.75111,0.76408,0.77037,0.78000,0.79040,0.79238,0.80653,0.81250,0.83200,0.83778,0.84500,0.85222,0.85950
MPCCount,10,1,18,3,9,1,28,1,1,1,6,2,1,1,5,1,1,1,1,3,1,2,1,1
Typed Out Degree
EGenericType eTypeParameter,1
EClass eTypeParameters,1,1,1,1,1,1
EGenericType eTypeArguments,2
EReference eKeys,1,1,2,1,1,1
EDataType eTypeParameters,1
EOperation eContainingClass,1,1,1,1,1
EAttribute eContainingClass,1,1,1,1,1,1,1,1,1,1,1,1,1,1,1,1,1,1,1,1,1,1,1,1
EReference eOpposite,1,1,1,1,1,1,1,1,1,1,1,1,1,1,1,1,1,1
EPackage eClassifiers,21
EDataType ePackage,1,1
EAttribute eType,1,1,1,1,1,1,1,1,1,1,1,1,1,1
EEnum eLiterals,3
EOperation eTypeParameters,1
EParameter eType,1,1
EClass eStructuralFeatures,6,2,5,2,2,3,2,2,5,2,6,4,2,2,3,7
EEnumLiteral eEnum,1,1,1
EReference eContainingClass,1,1,1,1,1,1,1,1,1,1,1,1,1,1,1,1,1,1,1,1,1,1,1,1,1,1,1,1,1,1,1
EEnum ePackage,1
EGenericType eUpperBound,1
EClass eSuperTypes,1,1,1,1,1,1,1
ETypeParameter eBounds,2
EClass ePackage,1,1,1,1,1,1,1,1,1,1,1,1,1,1,1,1,1,1
EOperation eParameters,1,1
EClass eOperations,1,1,1,2
EParameter eOperation,1,1
EReference eType,1,1,1,1,1,1,1,1
EOperation eType,1,1
Node Type
EClass,EAttribute,EDataType,EParameter,EGenericType,EEnumLiteral,EOperation,EEnum,EReference,ETypeParameter,EPackage
0.18000000000000002,0.24000000000000007,0.02,0.02,0.05,0.03,0.05,0.01,0.3100000000000001,0.08,0.01
Edge Type
eSuperPackage,eOperation,eUpperBound,eTypeParameter,eSubpackages,eType,eSuperTypes,eParameters,eOpposite,eKeys,eTypeArguments,eModelElement,eAnnotations,ePackage,eLowerBound,eLiterals,details,eStructuralFeatures,eClassifier,eClassifiers,eTypeParameters,eContainingClass,eBounds,eEnum,eOperations,eExceptions
0.0,0.00819672131147541,0.004098360655737705,0.004098360655737705,0.0,0.10655737704918032,0.028688524590163935,0.00819672131147541,0.07377049180327869,0.028688524590163935,0.00819672131147541,0.0,0.0,0.0860655737704918,0.0,0.012295081967213115,0.0,0.22540983606557377,0.0,0.0860655737704918,0.03278688524590164,0.2459016393442623,0.00819672131147541,0.012295081967213115,0.020491803278688523,0.0
violations,14
