Meta Mode,ecore
Number of Edge types,26
Number Of Nodes,100
State Id,45_1
OutDegreeValue,0,1,2,3,4,5,6,7,8,10,11,16,17
OutDegreeCount,9,13,52,9,3,5,1,1,2,2,1,1,1
NAValue,1,2,3,4,5,6,7,8
NACount,9,14,43,18,4,8,1,3
MPCValue,0.00000,0.39000,0.52000,0.58094,0.58240,0.58500,0.63673,0.65000,0.68640,0.69333,0.73840,0.74880,0.76408,0.78000,0.78310,0.78722,0.78812,0.79625,0.80653,0.80889,0.81329,0.82173,0.82534,0.83692,0.84099,0.86667,0.87087
MPCCount,9,1,14,1,1,1,1,13,1,28,1,3,1,12,1,1,1,1,1,1,1,1,1,1,1,1,1
Typed Out Degree
EClass eTypeParameters,1,1,1,1
EPackage eSuperPackage,1
EGenericType eTypeArguments,1
EReference eKeys,1,1,2,2,4,2,1,2,3,2,2
EDataType eTypeParameters,1
EOperation eContainingClass,1,1,1,1,1,1
EAttribute eContainingClass,1,1,1,1,1,1,1,1,1,1,1,1,1,1,1,1,1,1,1,1,1,1
EReference eOpposite,1,1,1,1,1,1,1
EPackage eClassifiers,4,15
EDataType ePackage,1
EAttribute eType,1,1,1,1,1,1,1,1,1,1,1,1,1,1,1,1,1,1,1,1,1,1
EOperation eExceptions,1
EEnum eLiterals,7
EOperation eTypeParameters,1,1
EParameter eType,1
EClass eStructuralFeatures,4,3,3,7,1,5,3,4,2,10,1,3,2,4
EGenericType eClassifier,1
EEnumLiteral eEnum,1,1,1,1,1,1,1
EReference eContainingClass,1,1,1,1,1,1,1,1,1,1,1,1,1,1,1,1,1,1,1,1,1,1,1,1,1,1,1,1,1,1
EEnum ePackage,1
EGenericType eUpperBound,1
EClass eSuperTypes,4,1,4,3,2,1,1,1,5
ETypeParameter eBounds,3
EClass ePackage,1,1,1,1,1,1,1,1,1,1,1,1,1,1,1,1,1
EOperation eParameters,1,1
EPackage eSubpackages,1
EClass eOperations,1,2,1,1,1
EParameter eOperation,1,1
EReference eType,1,1,1,1,1,1,1,1,1,1,1
EOperation eType,1
Node Type
EClass,EAttribute,EDataType,EParameter,EGenericType,EOperation,EEnumLiteral,EEnum,EReference,EPackage,ETypeParameter
0.17,0.22000000000000006,0.01,0.02,0.05,0.060000000000000005,0.07,0.01,0.3000000000000001,0.02,0.07
Edge Type
eSuperPackage,eOperation,eUpperBound,eTypeParameter,eSubpackages,eType,eSuperTypes,eParameters,eOpposite,eKeys,eTypeArguments,eModelElement,eAnnotations,ePackage,eLowerBound,eLiterals,details,eStructuralFeatures,eClassifier,eClassifiers,eTypeParameters,eContainingClass,eBounds,eEnum,eOperations,eExceptions
0.0036496350364963502,0.0072992700729927005,0.0036496350364963502,0.0,0.0036496350364963502,0.12773722627737227,0.08029197080291971,0.0072992700729927005,0.025547445255474453,0.08029197080291971,0.0036496350364963502,0.0,0.0,0.06934306569343066,0.0,0.025547445255474453,0.0,0.1897810218978102,0.0036496350364963502,0.06934306569343066,0.025547445255474453,0.2116788321167883,0.010948905109489052,0.025547445255474453,0.021897810218978103,0.0036496350364963502
violations,5
