Meta Mode,ecore
Number of Edge types,26
Number Of Nodes,100
State Id,46_1
OutDegreeValue,0,1,2,3,4,6,7,8,9,20
OutDegreeCount,6,30,40,8,7,2,2,3,1,1
NAValue,1,2,3,4,5,6,7,8
NACount,6,25,41,14,6,4,3,1
MPCValue,0.00000,0.52000,0.58240,0.61360,0.65000,0.66444,0.69333,0.71500,0.72313,0.74880,0.75111,0.76308,0.77187,0.77208,0.78000,0.79040,0.79625,0.80653,0.82173,0.82393,0.83200,0.86667
MPCCount,6,25,1,1,10,1,30,1,1,1,4,1,2,1,6,2,2,1,1,1,1,1
Typed Out Degree
EClass eTypeParameters,1,1,1
EPackage eSuperPackage,1,1
EReference eKeys,1,1,2,1,1,2,1,1
EOperation eContainingClass,1,1,1,1,1,1,1
EAttribute eContainingClass,1,1,1,1,1,1,1,1,1,1,1,1,1,1,1,1,1,1,1,1,1,1,1
EReference eOpposite,1,1,1,1,1,1,1,1
EPackage eClassifiers,2,18
EDataType ePackage,1,1,1
EAttribute eType,1,1,1,1,1,1,1,1,1,1,1,1,1,1
EOperation eExceptions,1
EEnum eLiterals,5
EOperation eTypeParameters,1
EParameter eType,1,1,1
EClass eStructuralFeatures,3,3,3,3,6,1,2,5,1,6,5,5,5,2,4
EEnumLiteral eEnum,1,1,1,1,1
EReference eContainingClass,1,1,1,1,1,1,1,1,1,1,1,1,1,1,1,1,1,1,1,1,1,1,1,1,1,1,1,1,1,1,1
EEnum ePackage,1
EEnum eTypeParameters,2
EClass eSuperTypes,1
EClass ePackage,1,1,1,1,1,1,1,1,1,1,1,1,1,1,1,1
EOperation eParameters,2,1,2
EPackage eSubpackages,2
EClass eOperations,1,2,1,1,1,1
EParameter eOperation,1,1,1,1,1
EReference eType,1,1,1,1,1,1,1,1,1,1
EOperation eType,1,1
Node Type
EAttribute,EClass,EDataType,EParameter,EEnumLiteral,EOperation,EEnum,EReference,ETypeParameter,EPackage
0.23000000000000007,0.16,0.03,0.05,0.05,0.07,0.01,0.3100000000000001,0.060000000000000005,0.03
Edge Type
eSuperPackage,eOperation,eUpperBound,eTypeParameter,eSubpackages,eType,eSuperTypes,eParameters,eOpposite,eKeys,eTypeArguments,eModelElement,eAnnotations,ePackage,eLowerBound,eLiterals,details,eStructuralFeatures,eClassifier,eClassifiers,eTypeParameters,eContainingClass,eBounds,eEnum,eOperations,eExceptions
0.008298755186721992,0.02074688796680498,0.0,0.0,0.008298755186721992,0.12033195020746888,0.004149377593360996,0.02074688796680498,0.03319502074688797,0.04149377593360996,0.0,0.0,0.0,0.08298755186721991,0.0,0.02074688796680498,0.0,0.22406639004149378,0.0,0.08298755186721991,0.024896265560165973,0.25311203319502074,0.0,0.02074688796680498,0.029045643153526972,0.004149377593360996
violations,1
