Meta Mode,ecore
Number of Edge types,26
Number Of Nodes,100
State Id,47_1
OutDegreeValue,0,1,2,3,4,5,6,7,9,11,13,20
OutDegreeCount,11,20,44,11,2,3,3,1,2,1,1,1
NAValue,1,2,3,4,5,6,7,8
NACount,11,19,38,13,10,5,2,2
MPCValue,0.00000,0.52000,0.56940,0.65000,0.69333,0.73917,0.74880,0.76408,0.76926,0.76960,0.77037,0.78000,0.78531,0.79040,0.80000,0.80080,0.80653,0.82458,0.82776,0.83200,0.85222,0.85716
MPCCount,11,20,1,12,26,1,2,1,1,1,1,9,1,1,2,1,1,1,1,4,1,1
Typed Out Degree
EClass eTypeParameters,1,1,1,1,1,1,2
EPackage eSuperPackage,1
EReference eKeys,1,1,1,1,1,1
EDataType eTypeParameters,1
EOperation eContainingClass,1,1,1,1
EAttribute eContainingClass,1,1,1,1,1,1,1,1,1,1,1,1,1,1,1,1,1,1,1,1,1,1,1,1,1
EReference eOpposite,1,1,1,1,1,1,1,1,1,1,1,1,1,1,1,1,1,1,1,1
EPackage eClassifiers,19,1
EDataType ePackage,1
EAttribute eType,1,1,1,1,1,1,1,1,1,1,1,1,1,1,1,1,1,1
EEnum eLiterals,2,3
EOperation eTypeParameters,1,1
EParameter eType,1
EClass eStructuralFeatures,4,7,2,7,3,4,3,3,6,1,4,1,4,5
EEnumLiteral eEnum,1,1,1,1,1
EReference eContainingClass,1,1,1,1,1,1,1,1,1,1,1,1,1,1,1,1,1,1,1,1,1,1,1,1,1,1,1,1,1
EEnum ePackage,1,1
EGenericType eUpperBound,1
EClass eSuperTypes,3,3,2,1,1,1,1,1,1,2
ETypeParameter eBounds,1,1
EClass ePackage,1,1,1,1,1,1,1,1,1,1,1,1,1,1,1,1,1
EOperation eParameters,1
EPackage eSubpackages,1
EClass eOperations,1,1,1,1
EParameter eOperation,1
EReference eType,1,1,1,1
EOperation eType,1,1
Node Type
EClass,EAttribute,EDataType,EParameter,EGenericType,EOperation,EEnumLiteral,EEnum,EReference,ETypeParameter,EPackage
0.17,0.25000000000000006,0.01,0.01,0.03,0.04,0.05,0.02,0.2900000000000001,0.10999999999999999,0.02
Edge Type
eSuperPackage,eOperation,eUpperBound,eTypeParameter,eSubpackages,eType,eSuperTypes,eParameters,eOpposite,eKeys,eTypeArguments,eModelElement,eAnnotations,ePackage,eLowerBound,eLiterals,details,eStructuralFeatures,eClassifier,eClassifiers,eTypeParameters,eContainingClass,eBounds,eEnum,eOperations,eExceptions
0.00398406374501992,0.00398406374501992,0.00398406374501992,0.0,0.00398406374501992,0.099601593625498,0.06374501992031872,0.00398406374501992,0.0796812749003984,0.02390438247011952,0.0,0.0,0.0,0.0796812749003984,0.0,0.0199203187250996,0.0,0.2151394422310757,0.0,0.0796812749003984,0.043824701195219126,0.23107569721115537,0.00796812749003984,0.0199203187250996,0.01593625498007968,0.0
violations,13
