Meta Mode,ecore
Number of Edge types,26
Number Of Nodes,100
State Id,48_1
OutDegreeValue,0,1,2,3,4,5,6,7,8,9,10,11,12
OutDegreeCount,9,24,40,8,6,3,1,2,2,1,2,1,1
NAValue,1,2,3,4,5,6,7
NACount,9,19,40,15,7,6,4
MPCValue,0.00000,0.52000,0.58240,0.59944,0.61360,0.65000,0.69333,0.70041,0.71500,0.71769,0.73667,0.74880,0.75571,0.78000,0.79170,0.80653,0.81250,0.81784,0.82063,0.82776,0.82875,0.83200,0.84898
MPCCount,9,19,3,1,1,9,28,1,2,1,1,4,1,10,1,2,1,1,1,1,1,1,1
Typed Out Degree
EClass eTypeParameters,1,1,1,1,1
EPackage eSuperPackage,1
EGenericType eTypeArguments,1
EReference eKeys,1,1,1,1,2,3,1,1,2,2
EDataType eTypeParameters,1
EOperation eContainingClass,1,1,1,1,1
EAttribute eContainingClass,1,1,1,1,1,1,1,1,1,1,1,1,1,1,1,1,1,1,1,1,1,1,1,1
EReference eOpposite,1,1,1,1,1,1,1,1
EPackage eClassifiers,9,11
EDataType ePackage,1,1
EAttribute eType,1,1,1,1,1,1,1,1,1,1,1,1,1,1,1
EEnum eLiterals,6
EOperation eTypeParameters,1,1
EParameter eType,1
EClass eStructuralFeatures,2,5,8,4,4,1,1,4,6,3,3,5,3,3,2
EEnumLiteral eEnum,1,1,1,1,1,1
EReference eContainingClass,1,1,1,1,1,1,1,1,1,1,1,1,1,1,1,1,1,1,1,1,1,1,1,1,1,1,1,1,1,1
EEnum ePackage,1
EEnum eTypeParameters,1
EClass eSuperTypes,1,2,1,6,3,2,1
ETypeParameter eBounds,1
EClass ePackage,1,1,1,1,1,1,1,1,1,1,1,1,1,1,1,1,1
EOperation eParameters,1,1
EPackage eSubpackages,1
EClass eOperations,1,1,1,1,1
EParameter eOperation,1,1
EReference eType,1,1,1,1,1,1,1,1,1,1,1,1
EOperation eType,1
Node Type
EAttribute,EClass,EDataType,EParameter,EGenericType,EEnumLiteral,EOperation,EEnum,EReference,ETypeParameter,EPackage
0.24000000000000007,0.17,0.02,0.02,0.02,0.060000000000000005,0.05,0.01,0.3000000000000001,0.09,0.02
Edge Type
eSuperPackage,eOperation,eUpperBound,eTypeParameter,eSubpackages,eType,eSuperTypes,eParameters,eOpposite,eKeys,eTypeArguments,eModelElement,eAnnotations,ePackage,eLowerBound,eLiterals,details,eStructuralFeatures,eClassifier,eClassifiers,eTypeParameters,eContainingClass,eBounds,eEnum,eOperations,eExceptions
0.00392156862745098,0.00784313725490196,0.0,0.0,0.00392156862745098,0.11372549019607843,0.06274509803921569,0.00784313725490196,0.03137254901960784,0.058823529411764705,0.00392156862745098,0.0,0.0,0.0784313725490196,0.0,0.023529411764705882,0.0,0.21176470588235294,0.0,0.0784313725490196,0.03529411764705882,0.23137254901960785,0.00392156862745098,0.023529411764705882,0.0196078431372549,0.0
violations,2
