Meta Mode,ecore
Number of Edge types,26
Number Of Nodes,100
State Id,49_1
OutDegreeValue,0,1,2,3,4,6,7,8,11,15,17,21
OutDegreeCount,8,20,47,7,7,3,2,2,1,1,1,1
NAValue,1,2,3,4,5,6,7,8
NACount,8,16,44,17,6,3,5,1
MPCValue,0.00000,0.52000,0.56717,0.58240,0.63673,0.65000,0.69333,0.71500,0.72313,0.73917,0.74880,0.75111,0.75753,0.76308,0.77187,0.78000,0.79032,0.79123,0.80000,0.81120,0.82681,0.83200,0.85959,0.86154
MPCCount,8,16,1,2,1,13,29,2,1,1,3,2,1,2,1,8,1,1,1,1,1,2,1,1
Typed Out Degree
EClass eTypeParameters,1,1,1,1,1,1
EPackage eSuperPackage,1
EReference eKeys,2,2,3,2,2,1,1,1
EDataType eTypeParameters,1
EOperation eContainingClass,1,1,1,1,1
EAttribute eContainingClass,1,1,1,1,1,1,1,1,1,1,1,1,1,1,1,1,1,1,1,1,1,1,1
EReference eOpposite,1,1,1,1,1,1,1,1,1
EPackage eClassifiers,20,3
EDataType ePackage,1,1
EAttribute eType,1,1,1,1,1,1,1,1,1,1,1,1,1,1,1,1,1,1
EOperation eExceptions,1
EEnum eLiterals,6
EParameter eType,1
EClass eStructuralFeatures,3,8,7,3,7,3,5,2,1,2,4,5,1,2
EEnumLiteral eEnum,1,1,1,1,1,1
EReference eContainingClass,1,1,1,1,1,1,1,1,1,1,1,1,1,1,1,1,1,1,1,1,1,1,1,1,1,1,1,1,1,1
EEnum ePackage,1,1
EEnum eTypeParameters,1
EClass eSuperTypes,1,8,5,1,2,2,2,1,1,1,1,2,2,1
ETypeParameter eBounds,1
EClass ePackage,1,1,1,1,1,1,1,1,1,1,1,1,1,1,1,1,1,1,1
EOperation eParameters,1,1
EPackage eSubpackages,1
EClass eOperations,1,3,1
EParameter eOperation,1,1
EReference eType,1,1,1,1,1,1,1,1,1,1,1
EOperation eType,1,1
Node Type
EClass,EAttribute,EDataType,EParameter,EGenericType,EEnumLiteral,EOperation,EEnum,EReference,ETypeParameter,EPackage
0.19000000000000003,0.23000000000000007,0.02,0.02,0.01,0.060000000000000005,0.05,0.02,0.3000000000000001,0.08,0.02
Edge Type
eSuperPackage,eOperation,eUpperBound,eTypeParameter,eSubpackages,eType,eSuperTypes,eParameters,eOpposite,eKeys,eTypeArguments,eModelElement,eAnnotations,ePackage,eLowerBound,eLiterals,details,eStructuralFeatures,eClassifier,eClassifiers,eTypeParameters,eContainingClass,eBounds,eEnum,eOperations,eExceptions
0.0036363636363636364,0.007272727272727273,0.0,0.0,0.0036363636363636364,0.11636363636363636,0.10909090909090909,0.007272727272727273,0.03272727272727273,0.05090909090909091,0.0,0.0,0.0,0.08363636363636363,0.0,0.02181818181818182,0.0,0.19272727272727272,0.0,0.08363636363636363,0.02909090909090909,0.2109090909090909,0.0036363636363636364,0.02181818181818182,0.01818181818181818,0.0036363636363636364
violations,9
