Meta Mode,ecore
Number of Edge types,26
Number Of Nodes,100
State Id,4_1
OutDegreeValue,0,1,2,3,4,5,6,7,9,10,11,18
OutDegreeCount,6,24,45,7,6,2,1,3,3,1,1,1
NAValue,1,2,3,4,5,6,7
NACount,6,21,42,12,7,8,4
MPCValue,0.00000,0.52000,0.57457,0.58240,0.65000,0.69333,0.69975,0.71385,0.74880,0.75111,0.75347,0.77037,0.78000,0.78360,0.79074,0.79425,0.80000,0.80653,0.81531,0.82694,0.83200,0.84124,0.84898,0.85049,0.85280,0.86667
MPCCount,6,21,1,2,13,27,1,1,4,2,1,1,4,1,2,1,1,1,1,1,2,1,1,1,1,2
Typed Out Degree
EClass eTypeParameters,1,1,1,1
EPackage eSuperPackage,1,1
EReference eKeys,1,1,1,1,1,2,1,3,1,1
EDataType eTypeParameters,1
EOperation eContainingClass,1,1,1,1
EAttribute eContainingClass,1,1,1,1,1,1,1,1,1,1,1,1,1,1,1,1,1,1,1,1,1,1,1,1
EReference eOpposite,1,1,1,1,1,1,1,1,1,1,1,1,1
EPackage eClassifiers,17,7
EDataType ePackage,1
EAttribute eType,1,1,1,1,1,1,1,1,1,1,1,1,1,1
EOperation eExceptions,1,2
EEnum eLiterals,5
EOperation eTypeParameters,1
EParameter eType,1
EClass eStructuralFeatures,3,5,4,5,1,5,4,3,2,2,1,5,1,1,1,3,1,5,3
EEnumLiteral eEnum,1,1,1,1,1
EReference eContainingClass,1,1,1,1,1,1,1,1,1,1,1,1,1,1,1,1,1,1,1,1,1,1,1,1,1,1,1,1,1,1,1
EEnum ePackage,1
EClass eSuperTypes,5,1,1,1,1,1,2,3,1,1,1,4
ETypeParameter eBounds,1
EClass ePackage,1,1,1,1,1,1,1,1,1,1,1,1,1,1,1,1,1,1,1,1,1,1
EOperation eParameters,2
EPackage eSubpackages,1,1
EClass eOperations,2,1,1
EParameter eOperation,1,1
EReference eType,1,1,1,1
EOperation eType,1
Node Type
EAttribute,EClass,EDataType,EParameter,EGenericType,EEnumLiteral,EOperation,EEnum,EReference,ETypeParameter,EPackage
0.24000000000000007,0.22000000000000006,0.01,0.02,0.01,0.05,0.04,0.01,0.3100000000000001,0.060000000000000005,0.03
Edge Type
eSuperPackage,eOperation,eUpperBound,eTypeParameter,eSubpackages,eType,eSuperTypes,eParameters,eOpposite,eKeys,eTypeArguments,eModelElement,eAnnotations,ePackage,eLowerBound,eLiterals,details,eStructuralFeatures,eClassifier,eClassifiers,eTypeParameters,eContainingClass,eBounds,eEnum,eOperations,eExceptions
0.007633587786259542,0.007633587786259542,0.0,0.0,0.007633587786259542,0.07633587786259542,0.08396946564885496,0.007633587786259542,0.04961832061068702,0.04961832061068702,0.0,0.0,0.0,0.0916030534351145,0.0,0.019083969465648856,0.0,0.2099236641221374,0.0,0.0916030534351145,0.022900763358778626,0.22519083969465647,0.003816793893129771,0.019083969465648856,0.015267175572519083,0.011450381679389313
violations,10
