Meta Mode,ecore
Number of Edge types,26
Number Of Nodes,100
State Id,50_1
OutDegreeValue,0,1,2,3,4,5,6,7,8,11,17
OutDegreeCount,8,23,42,10,5,3,3,1,2,2,1
NAValue,1,2,3,4,5,6,7
NACount,8,18,42,14,6,11,1
MPCValue,0.00000,0.52000,0.57758,0.58500,0.65000,0.66444,0.68640,0.68862,0.69333,0.73917,0.74880,0.76055,0.76408,0.77679,0.78000,0.78531,0.80653,0.80889,0.82333,0.82512,0.82776,0.84500,0.84898,0.87309
MPCCount,8,18,1,1,12,1,1,1,31,1,4,1,1,1,6,1,1,3,2,1,1,1,1,1
Typed Out Degree
EClass eTypeParameters,2,1,2,1,1
EPackage eSuperPackage,1
EReference eKeys,1,1,1,1,2,1,2,1,1,2,2
EDataType eTypeParameters,1
EOperation eContainingClass,1,1,1,1
EAttribute eContainingClass,1,1,1,1,1,1,1,1,1,1,1,1,1,1,1,1,1,1,1,1,1,1,1
EReference eOpposite,1,1,1,1,1,1,1,1,1,1,1
EPackage eClassifiers,16,4
EDataType ePackage,1
EAttribute eType,1,1,1,1,1,1,1,1,1,1,1,1,1,1,1
EOperation eExceptions,1
EEnum eLiterals,6
EParameter eType,1
EClass eStructuralFeatures,1,6,4,8,1,3,1,1,3,1,3,1,3,6,5,8
EEnumLiteral eEnum,1,1,1,1,1,1
EReference eContainingClass,1,1,1,1,1,1,1,1,1,1,1,1,1,1,1,1,1,1,1,1,1,1,1,1,1,1,1,1,1,1,1,1
EEnum ePackage,1
EClass eSuperTypes,1,1,2,1,1,2,1,1
ETypeParameter eBounds,1
EClass ePackage,1,1,1,1,1,1,1,1,1,1,1,1,1,1,1,1,1,1
EOperation eParameters,2,1,1
EPackage eSubpackages,1
EClass eOperations,1,1,1,1
EParameter eOperation,1,1,1,1
EReference eType,1,1,1,1,1,1,1,1,1
EOperation eType,1
Node Type
EAttribute,EClass,EDataType,EParameter,EGenericType,EEnumLiteral,EOperation,EEnum,EReference,ETypeParameter,EPackage
0.23000000000000007,0.18000000000000002,0.01,0.04,0.01,0.060000000000000005,0.04,0.01,0.3200000000000001,0.08,0.02
Edge Type
eSuperPackage,eOperation,eUpperBound,eTypeParameter,eSubpackages,eType,eSuperTypes,eParameters,eOpposite,eKeys,eTypeArguments,eModelElement,eAnnotations,ePackage,eLowerBound,eLiterals,details,eStructuralFeatures,eClassifier,eClassifiers,eTypeParameters,eContainingClass,eBounds,eEnum,eOperations,eExceptions
0.003968253968253968,0.015873015873015872,0.0,0.0,0.003968253968253968,0.10317460317460317,0.03968253968253968,0.015873015873015872,0.04365079365079365,0.05952380952380952,0.0,0.0,0.0,0.07936507936507936,0.0,0.023809523809523808,0.0,0.21825396825396826,0.0,0.07936507936507936,0.031746031746031744,0.23412698412698413,0.003968253968253968,0.023809523809523808,0.015873015873015872,0.003968253968253968
violations,9
