Meta Mode,ecore
Number of Edge types,26
Number Of Nodes,100
State Id,51_1
OutDegreeValue,0,1,2,3,4,5,6,7,8,9,18
OutDegreeCount,9,26,42,8,5,2,2,2,2,1,1
NAValue,1,2,3,4,5,6,7
NACount,9,21,42,12,8,7,1
MPCValue,0.00000,0.46222,0.52000,0.57457,0.63673,0.64735,0.65000,0.67654,0.69333,0.71500,0.73175,0.75111,0.75571,0.75804,0.78000,0.80889,0.81120,0.81250,0.82333,0.83200
MPCCount,9,2,20,1,1,1,9,1,32,1,1,2,2,1,7,2,2,1,1,4
Typed Out Degree
EClass eTypeParameters,1,1,1,1
EPackage eSuperPackage,1
EGenericType eTypeArguments,1
EReference eKeys,2,1,1,1,1,1,1,1,2,2,1,1
EOperation eContainingClass,1,1,1,1
EAttribute eContainingClass,1,1,1,1,1,1,1,1,1,1,1,1,1,1,1,1,1,1,1,1,1,1,1
EReference eOpposite,1,1,1,1
EPackage eClassifiers,6,17
EDataType ePackage,1,1
EAttribute eType,1,1,1,1,1,1,1,1,1,1,1,1
EOperation eExceptions,1,2
EEnum eLiterals,1,1
EOperation eTypeParameters,2
EParameter eType,1
EClass eStructuralFeatures,2,2,3,5,3,2,7,1,3,6,3,6,1,4,6
EEnumLiteral eEnum,1,1
EReference eContainingClass,1,1,1,1,1,1,1,1,1,1,1,1,1,1,1,1,1,1,1,1,1,1,1,1,1,1,1,1,1,1,1
EEnum ePackage,1,1
EEnum eTypeParameters,1
EClass eSuperTypes,1,2
ETypeParameter eBounds,2,1,2
EClass ePackage,1,1,1,1,1,1,1,1,1,1,1,1,1,1,1,1,1,1,1
EOperation eParameters,1,1
EPackage eSubpackages,1
EClass eOperations,1,1,2
EParameter eOperation,1,1
EReference eType,1,1,1,1,1,1,1,1,1
EOperation eType,1
Node Type
EAttribute,EClass,EDataType,EParameter,EGenericType,EOperation,EEnumLiteral,EEnum,EReference,ETypeParameter,EPackage
0.23000000000000007,0.19000000000000003,0.02,0.02,0.060000000000000005,0.04,0.02,0.02,0.3100000000000001,0.07,0.02
Edge Type
eSuperPackage,eOperation,eUpperBound,eTypeParameter,eSubpackages,eType,eSuperTypes,eParameters,eOpposite,eKeys,eTypeArguments,eModelElement,eAnnotations,ePackage,eLowerBound,eLiterals,details,eStructuralFeatures,eClassifier,eClassifiers,eTypeParameters,eContainingClass,eBounds,eEnum,eOperations,eExceptions
0.004291845493562232,0.008583690987124463,0.0,0.0,0.004291845493562232,0.09871244635193133,0.012875536480686695,0.008583690987124463,0.017167381974248927,0.06437768240343347,0.004291845493562232,0.0,0.0,0.09871244635193133,0.0,0.008583690987124463,0.0,0.2317596566523605,0.0,0.09871244635193133,0.030042918454935622,0.24892703862660945,0.02145922746781116,0.008583690987124463,0.017167381974248927,0.012875536480686695
violations,0
