Meta Mode,ecore
Number of Edge types,26
Number Of Nodes,100
State Id,52_1
OutDegreeValue,0,1,2,3,4,5,6,7,9,15
OutDegreeCount,9,24,40,9,4,4,5,1,3,1
NAValue,1,2,3,4,5,6,8
NACount,9,18,41,14,13,4,1
MPCValue,0.00000,0.52000,0.58240,0.58471,0.65000,0.69160,0.69333,0.71385,0.73224,0.73917,0.74880,0.75111,0.77037,0.78000,0.79040,0.80653,0.81120,0.81231,0.81250,0.81391,0.82393,0.83200,0.84741
MPCCount,9,18,1,1,13,1,30,3,1,1,4,2,1,4,1,1,1,1,1,1,1,3,1
Typed Out Degree
EClass eTypeParameters,2,1,1,1
EPackage eSuperPackage,1,1
EReference eKeys,1,1,2,1,1,1,1,1,2,2,2,2,2,1,1,1,1,1,1,1
EOperation eContainingClass,1,1,1,1
EAttribute eContainingClass,1,1,1,1,1,1,1,1,1,1,1,1,1,1,1,1,1,1,1,1,1,1,1
EReference eOpposite,1,1,1,1,1,1,1
EPackage eClassifiers,1,4,14
EDataType ePackage,1,1
EAttribute eType,1,1,1,1,1,1,1,1,1,1,1,1,1,1
EOperation eExceptions,1
EEnum eLiterals,3,4
EOperation eTypeParameters,1,1,2
EParameter eType,1
EClass eStructuralFeatures,8,3,3,5,2,1,5,1,4,3,5,5,2,6,2
EEnumLiteral eEnum,1,1,1,1,1,1,1
EReference eContainingClass,1,1,1,1,1,1,1,1,1,1,1,1,1,1,1,1,1,1,1,1,1,1,1,1,1,1,1,1,1,1,1,1
EEnum ePackage,1,1
EClass eSuperTypes,1,1,1,1,2
ETypeParameter eBounds,1
EClass ePackage,1,1,1,1,1,1,1,1,1,1,1,1,1,1,1
EOperation eParameters,1,1
EPackage eSubpackages,1,1
EClass eOperations,1,1,2
EParameter eOperation,1,1
EReference eType,1,1
EOperation eType,1
Node Type
EAttribute,EClass,EDataType,EParameter,EGenericType,EOperation,EEnumLiteral,EEnum,EReference,ETypeParameter,EPackage
0.23000000000000007,0.15,0.02,0.02,0.01,0.04,0.07,0.02,0.3200000000000001,0.09,0.03
Edge Type
eSuperPackage,eOperation,eUpperBound,eTypeParameter,eSubpackages,eType,eSuperTypes,eParameters,eOpposite,eKeys,eTypeArguments,eModelElement,eAnnotations,ePackage,eLowerBound,eLiterals,details,eStructuralFeatures,eClassifier,eClassifiers,eTypeParameters,eContainingClass,eBounds,eEnum,eOperations,eExceptions
0.008130081300813009,0.008130081300813009,0.0,0.0,0.008130081300813009,0.07317073170731707,0.024390243902439025,0.008130081300813009,0.028455284552845527,0.10569105691056911,0.0,0.0,0.0,0.07723577235772358,0.0,0.028455284552845527,0.0,0.22357723577235772,0.0,0.07723577235772358,0.036585365853658534,0.23983739837398374,0.0040650406504065045,0.028455284552845527,0.016260162601626018,0.0040650406504065045
violations,2
