Meta Mode,ecore
Number of Edge types,26
Number Of Nodes,100
State Id,53_1
OutDegreeValue,0,1,2,3,4,5,6,7,8,10,13,15,17,18
OutDegreeCount,10,27,40,6,2,3,2,4,1,1,1,1,1,1
NAValue,1,2,3,4,5,6,7
NACount,9,25,37,14,1,9,5
MPCValue,0.00000,0.46222,0.52000,0.57457,0.58240,0.63673,0.65000,0.69333,0.74547,0.74880,0.75111,0.75937,0.77066,0.77355,0.78000,0.79625,0.80461,0.81714,0.82276,0.82776,0.83200,0.84898,0.84927,0.86667
MPCCount,9,1,25,1,1,1,9,28,1,3,1,1,1,1,8,1,1,1,1,1,1,1,1,1
Typed Out Degree
EGenericType eTypeParameter,1
EClass eTypeParameters,1,1,1,1,1,1
EPackage eSuperPackage,1
EGenericType eTypeArguments,1,1
EReference eKeys,2,2,1,2,1,4,2
EDataType eTypeParameters,1
EOperation eContainingClass,1,1,1,1
EAttribute eContainingClass,1,1,1,1,1,1,1,1,1,1,1,1,1,1,1,1,1,1,1,1,1,1,1
EReference eOpposite,1,1,1,1,1,1,1,1,1,1,1,1,1
EPackage eClassifiers,1,17
EDataType ePackage,1
EAttribute eType,1,1,1,1,1,1,1,1,1,1,1,1,1,1
EOperation eExceptions,1
EEnum eLiterals,6
EOperation eTypeParameters,1
EParameter eType,1
EClass eStructuralFeatures,3,4,4,7,9,4,1,4,5,2,4,2,5
EEnumLiteral eEnum,1,1,1,1,1,1
EReference eContainingClass,1,1,1,1,1,1,1,1,1,1,1,1,1,1,1,1,1,1,1,1,1,1,1,1,1,1,1,1,1,1,1
EEnum ePackage,1
EGenericType eUpperBound,1
EClass eSuperTypes,2,1,9,1,1,7,2,3,1,7
ETypeParameter eBounds,2
EClass ePackage,1,1,1,1,1,1,1,1,1,1,1,1,1,1,1,1
EOperation eParameters,1
EPackage eSubpackages,1
EGenericType eLowerBound,1,1
EClass eOperations,1,1,2
EParameter eOperation,1
EReference eType,1,1,1,1,1,1,1
EOperation eType,1
Node Type
EClass,EAttribute,EDataType,EParameter,EGenericType,EEnumLiteral,EOperation,EEnum,EReference,EPackage,ETypeParameter
0.16,0.23000000000000007,0.01,0.01,0.07,0.060000000000000005,0.04,0.01,0.3100000000000001,0.02,0.08
Edge Type
eSuperPackage,eOperation,eUpperBound,eTypeParameter,eSubpackages,eType,eSuperTypes,eParameters,eOpposite,eKeys,eTypeArguments,eModelElement,eAnnotations,ePackage,eLowerBound,eLiterals,details,eStructuralFeatures,eClassifier,eClassifiers,eTypeParameters,eContainingClass,eBounds,eEnum,eOperations,eExceptions
0.0037174721189591076,0.0037174721189591076,0.0037174721189591076,0.0037174721189591076,0.0037174721189591076,0.08550185873605948,0.12639405204460966,0.0037174721189591076,0.048327137546468404,0.05204460966542751,0.007434944237918215,0.0,0.0,0.06691449814126393,0.007434944237918215,0.022304832713754646,0.0,0.20074349442379183,0.0,0.06691449814126393,0.02973977695167286,0.21561338289962825,0.007434944237918215,0.022304832713754646,0.01486988847583643,0.0037174721189591076
violations,16
