Meta Mode,ecore
Number of Edge types,26
Number Of Nodes,100
State Id,54_1
OutDegreeValue,0,1,2,3,4,5,6,7,8,9,10,14
OutDegreeCount,8,18,43,10,4,4,1,4,2,1,4,1
NAValue,1,2,3,4,5,6,7
NACount,8,15,42,15,9,5,6
MPCValue,0.00000,0.52000,0.58240,0.61360,0.63673,0.64735,0.65000,0.67041,0.67692,0.69333,0.74880,0.75493,0.76308,0.77037,0.78000,0.78578,0.79074,0.79425,0.80653,0.81596,0.82173,0.82970,0.83200,0.83692,0.84741,0.84927
MPCCount,8,15,2,1,1,1,13,1,1,27,4,1,2,1,8,1,3,1,1,1,1,1,2,1,1,1
Typed Out Degree
EClass eTypeParameters,1,1,1,1,2
EPackage eSuperPackage,1,1
EReference eKeys,1,2,2,2,1,1
EDataType eTypeParameters,1
EOperation eContainingClass,1,1,1,1,1
EAttribute eContainingClass,1,1,1,1,1,1,1,1,1,1,1,1,1,1,1,1,1,1,1,1,1,1,1,1
EReference eOpposite,1,1,1,1,1,1,1,1,1,1,1,1
EPackage eClassifiers,12,1,9
EDataType ePackage,1,1,1
EAttribute eType,1,1,1,1,1,1,1,1,1,1,1,1,1,1,1,1,1,1,1
EOperation eExceptions,2,2
EEnum eLiterals,3,1
EOperation eTypeParameters,1
EParameter eType,1
EClass eStructuralFeatures,2,3,5,3,5,4,3,2,5,4,4,4,4,3,3
EEnumLiteral eEnum,1,1,1,1
EReference eContainingClass,1,1,1,1,1,1,1,1,1,1,1,1,1,1,1,1,1,1,1,1,1,1,1,1,1,1,1,1,1,1
EEnum ePackage,1,1
EClass eSuperTypes,2,1,1,2,1,2,4,2,3,5,4,5,2
ETypeParameter eBounds,1
EClass ePackage,1,1,1,1,1,1,1,1,1,1,1,1,1,1,1,1,1
EOperation eParameters,2,1
EPackage eSubpackages,2
EClass eOperations,1,2,1,1
EParameter eOperation,1,1,1
EReference eType,1,1,1,1,1,1,1,1,1,1,1,1,1,1
EOperation eType,1
Node Type
EAttribute,EClass,EDataType,EParameter,EGenericType,EOperation,EEnumLiteral,EEnum,EReference,ETypeParameter,EPackage
0.24000000000000007,0.17,0.03,0.03,0.01,0.05,0.04,0.02,0.3000000000000001,0.08,0.03
Edge Type
eSuperPackage,eOperation,eUpperBound,eTypeParameter,eSubpackages,eType,eSuperTypes,eParameters,eOpposite,eKeys,eTypeArguments,eModelElement,eAnnotations,ePackage,eLowerBound,eLiterals,details,eStructuralFeatures,eClassifier,eClassifiers,eTypeParameters,eContainingClass,eBounds,eEnum,eOperations,eExceptions
0.007067137809187279,0.01060070671378092,0.0,0.0,0.007067137809187279,0.12367491166077739,0.12014134275618374,0.01060070671378092,0.04240282685512368,0.03180212014134275,0.0,0.0,0.0,0.07773851590106007,0.0,0.014134275618374558,0.0,0.19081272084805653,0.0,0.07773851590106007,0.028268551236749116,0.20848056537102475,0.0035335689045936395,0.014134275618374558,0.0176678445229682,0.014134275618374558
violations,13
