Meta Mode,ecore
Number of Edge types,26
Number Of Nodes,100
State Id,55_1
OutDegreeValue,0,1,2,3,4,5,6,7,8,9,10,18
OutDegreeCount,11,31,32,9,4,4,2,3,1,1,1,1
NAValue,1,2,3,4,5,6,7
NACount,12,23,36,12,5,7,5
MPCValue,0.00000,0.42250,0.52000,0.57457,0.63673,0.64735,0.65000,0.69333,0.71385,0.71769,0.75111,0.75400,0.77653,0.78000,0.80000,0.80653,0.83200,0.83488,0.83692,0.84500,0.86667,0.87360
MPCCount,12,1,23,1,1,1,7,28,1,1,2,1,1,8,1,2,3,1,2,1,1,1
Typed Out Degree
EGenericType eTypeParameter,1
EClass eTypeParameters,2,1,1,1,1,1,1
EPackage eSuperPackage,1
EReference eKeys,2,2,2,1,1,1,1,2,1,1,1
EOperation eContainingClass,1,1,1,1,1,1
EAttribute eContainingClass,1,1,1,1,1,1,1,1,1,1,1,1,1,1,1,1,1,1,1,1,1,1,1
EReference eOpposite,1,1,1,1
EPackage eClassifiers,1,17
EDataType ePackage,1
EAttribute eType,1,1,1,1,1,1,1,1,1,1
EEnum eLiterals,5
EOperation eTypeParameters,1,1
EClass eStructuralFeatures,1,5,2,6,2,2,2,2,1,3,7,4,8,2,4,3
EEnumLiteral eEnum,1,1,1,1,1
EReference eContainingClass,1,1,1,1,1,1,1,1,1,1,1,1,1,1,1,1,1,1,1,1,1,1,1,1,1,1,1,1,1,1,1
EEnum ePackage,1
EGenericType eUpperBound,1,1
EClass eSuperTypes,1,1,1,1,1,1
ETypeParameter eBounds,2
EClass ePackage,1,1,1,1,1,1,1,1,1,1,1,1,1,1,1,1
EOperation eParameters,1
EPackage eSubpackages,1
EClass eOperations,1,1,1,1,2
EParameter eOperation,1
EReference eType,1,1,1,1,1,1,1,1,1,1,1,1
EOperation eType,1,1,1,1
Node Type
EAttribute,EClass,EDataType,EParameter,EGenericType,EEnumLiteral,EOperation,EEnum,EReference,ETypeParameter,EPackage
0.23000000000000007,0.16,0.01,0.01,0.04,0.05,0.060000000000000005,0.01,0.3100000000000001,0.09999999999999999,0.02
Edge Type
eSuperPackage,eOperation,eUpperBound,eTypeParameter,eSubpackages,eType,eSuperTypes,eParameters,eOpposite,eKeys,eTypeArguments,eModelElement,eAnnotations,ePackage,eLowerBound,eLiterals,details,eStructuralFeatures,eClassifier,eClassifiers,eTypeParameters,eContainingClass,eBounds,eEnum,eOperations,eExceptions
0.00423728813559322,0.00423728813559322,0.00847457627118644,0.00423728813559322,0.00423728813559322,0.11016949152542373,0.025423728813559324,0.00423728813559322,0.01694915254237288,0.0635593220338983,0.0,0.0,0.0,0.07627118644067797,0.0,0.0211864406779661,0.0,0.2288135593220339,0.0,0.07627118644067797,0.0423728813559322,0.2542372881355932,0.00847457627118644,0.0211864406779661,0.025423728813559324,0.0
violations,0
