Meta Mode,ecore
Number of Edge types,26
Number Of Nodes,100
State Id,56_1
OutDegreeValue,0,1,2,3,4,6,7,9,11,12,17
OutDegreeCount,9,20,46,10,4,4,2,2,1,1,1
NAValue,1,2,3,4,5,6,7
NACount,9,19,40,18,4,8,2
MPCValue,0.00000,0.46222,0.52000,0.57758,0.58500,0.65000,0.69333,0.71500,0.74880,0.75111,0.75692,0.76926,0.77608,0.77784,0.78000,0.78812,0.80653,0.82276,0.82776,0.82875,0.83200
MPCCount,9,3,16,1,1,14,27,1,4,2,1,1,1,1,10,1,1,1,1,1,3
Typed Out Degree
EClass eTypeParameters,1,1,2
EPackage eSuperPackage,1
EReference eKeys,1,2,2,1,1,2,1,1,2,1,2
EOperation eContainingClass,1,1,1,1
EAttribute eContainingClass,1,1,1,1,1,1,1,1,1,1,1,1,1,1,1,1,1,1,1,1,1,1,1,1
EReference eOpposite,1,1,1,1,1,1,1,1,1,1,1
EPackage eClassifiers,16,3
EDataType ePackage,1,1
EAttribute eType,1,1,1,1,1,1,1,1,1,1,1,1,1,1,1,1,1,1,1
EEnum eLiterals,1,5
EOperation eTypeParameters,1
EParameter eType,1
EClass eStructuralFeatures,1,9,4,6,2,2,4,9,7,4,4,3
EEnumLiteral eEnum,1,1,1,1,1,1
EReference eContainingClass,1,1,1,1,1,1,1,1,1,1,1,1,1,1,1,1,1,1,1,1,1,1,1,1,1,1,1,1,1,1,1
EEnum ePackage,1,1
EEnum eTypeParameters,1
EClass eSuperTypes,2,1,2,2,1,1,2
ETypeParameter eBounds,2,2,2
EClass ePackage,1,1,1,1,1,1,1,1,1,1,1,1,1,1,1
EOperation eParameters,1,1
EPackage eSubpackages,1
EClass eOperations,1,2,1
EParameter eOperation,1,1
EReference eType,1,1,1,1,1,1,1,1,1,1
Node Type
EAttribute,EClass,EDataType,EParameter,EGenericType,EEnumLiteral,EOperation,EEnum,EReference,ETypeParameter,EPackage
0.24000000000000007,0.15,0.02,0.02,0.060000000000000005,0.060000000000000005,0.04,0.02,0.3100000000000001,0.060000000000000005,0.02
Edge Type
eSuperPackage,eOperation,eUpperBound,eTypeParameter,eSubpackages,eType,eSuperTypes,eParameters,eOpposite,eKeys,eTypeArguments,eModelElement,eAnnotations,ePackage,eLowerBound,eLiterals,details,eStructuralFeatures,eClassifier,eClassifiers,eTypeParameters,eContainingClass,eBounds,eEnum,eOperations,eExceptions
0.003937007874015748,0.007874015748031496,0.0,0.0,0.003937007874015748,0.11811023622047244,0.04330708661417323,0.007874015748031496,0.04330708661417323,0.06299212598425197,0.0,0.0,0.0,0.07480314960629922,0.0,0.023622047244094488,0.0,0.21653543307086615,0.0,0.07480314960629922,0.023622047244094488,0.23228346456692914,0.023622047244094488,0.023622047244094488,0.015748031496062992,0.0
violations,1
