Meta Mode,ecore
Number of Edge types,26
Number Of Nodes,100
State Id,57_1
OutDegreeValue,0,1,2,3,4,5,6,8,9,10,11,13,18
OutDegreeCount,8,18,45,12,3,4,3,2,1,1,1,1,1
NAValue,1,2,3,4,5,6,7,8
NACount,8,16,40,18,7,7,3,1
MPCValue,0.00000,0.52000,0.57457,0.58240,0.63673,0.65000,0.66444,0.68640,0.69333,0.71769,0.74880,0.75111,0.76556,0.77037,0.77165,0.78000,0.78246,0.79512,0.80080,0.80889,0.81351,0.82333,0.83200,0.83692,0.84500
MPCCount,8,16,1,4,1,14,1,1,22,1,6,1,1,1,1,7,1,1,1,2,1,2,4,1,1
Typed Out Degree
EGenericType eTypeParameter,1
EClass eTypeParameters,1,1,2,1,1
EPackage eSuperPackage,1
EReference eKeys,2,3,2,2,2,1,2,1,2,2,2
EDataType eTypeParameters,1
EOperation eContainingClass,1
EAttribute eContainingClass,1,1,1,1,1,1,1,1,1,1,1,1,1,1,1,1,1,1,1,1,1,1,1,1
EReference eOpposite,1,1,1,1,1,1,1,1,1,1,1
EPackage eClassifiers,17,4
EDataType ePackage,1,1
EAttribute eType,1,1,1,1,1,1,1,1,1,1,1,1,1,1,1,1,1,1
EEnum eLiterals,5
EOperation eTypeParameters,1
EParameter eType,1
EClass eStructuralFeatures,9,6,1,4,1,3,3,3,3,1,1,6,8,2,4,1,1
EGenericType eClassifier,1,1,1
EEnumLiteral eEnum,1,1,1,1,1
EReference eContainingClass,1,1,1,1,1,1,1,1,1,1,1,1,1,1,1,1,1,1,1,1,1,1,1,1,1,1,1,1,1,1,1,1,1
EEnum ePackage,1
EGenericType eUpperBound,1
EClass eSuperTypes,3,1,1,2,4,1,5,2
ETypeParameter eBounds,2,1
EClass ePackage,1,1,1,1,1,1,1,1,1,1,1,1,1,1,1,1,1,1
EOperation eParameters,1
EPackage eSubpackages,1
EGenericType eLowerBound,1
EClass eOperations,1
EParameter eOperation,1
EReference eType,1,1,1,1,1,1,1,1,1,1,1,1
Node Type
EClass,EAttribute,EDataType,EParameter,EGenericType,EEnumLiteral,EOperation,EEnum,EReference,EPackage,ETypeParameter
0.18000000000000002,0.24000000000000007,0.02,0.01,0.05,0.05,0.01,0.01,0.3300000000000001,0.02,0.08
Edge Type
eSuperPackage,eOperation,eUpperBound,eTypeParameter,eSubpackages,eType,eSuperTypes,eParameters,eOpposite,eKeys,eTypeArguments,eModelElement,eAnnotations,ePackage,eLowerBound,eLiterals,details,eStructuralFeatures,eClassifier,eClassifiers,eTypeParameters,eContainingClass,eBounds,eEnum,eOperations,eExceptions
0.0036900369003690036,0.0036900369003690036,0.0036900369003690036,0.0036900369003690036,0.0036900369003690036,0.11439114391143912,0.07011070110701106,0.0036900369003690036,0.04059040590405904,0.07749077490774908,0.0,0.0,0.0,0.07749077490774908,0.0036900369003690036,0.01845018450184502,0.0,0.21033210332103322,0.01107011070110701,0.07749077490774908,0.02952029520295203,0.2140221402214022,0.01107011070110701,0.01845018450184502,0.0036900369003690036,0.0
violations,8
