Meta Mode,ecore
Number of Edge types,26
Number Of Nodes,100
State Id,58_1
OutDegreeValue,0,1,2,3,4,5,6,7,8,10,11,19
OutDegreeCount,5,29,38,12,5,4,1,2,1,1,1,1
NAValue,1,2,3,4,5,6,7,8
NACount,5,21,47,11,7,4,4,1
MPCValue,0.00000,0.52000,0.57186,0.58240,0.65000,0.69333,0.71500,0.73917,0.74154,0.74880,0.75111,0.75472,0.76291,0.76556,0.76960,0.78000,0.80653,0.80793,0.81250,0.83688,0.84741,0.84898,0.86667,0.87750
MPCCount,5,22,1,2,12,33,1,2,1,2,1,1,1,2,1,5,1,1,1,1,1,1,1,1
Typed Out Degree
EClass eTypeParameters,1,1
EPackage eSuperPackage,1,1,1
EReference eKeys,1,1,2,2,2,2,3,1,2,2,2,1,1,1
EOperation eContainingClass,1,1,1,1,1,1,1,1
EAttribute eContainingClass,1,1,1,1,1,1,1,1,1,1,1,1,1,1,1,1,1,1,1,1,1,1,1
EReference eOpposite,1,1
EPackage eClassifiers,18,2,2
EDataType ePackage,1
EAttribute eType,1,1,1,1,1,1,1,1,1,1
EOperation eExceptions,1,1,1,1
EEnum eLiterals,4,2
EOperation eTypeParameters,1
EParameter eType,1
EClass eStructuralFeatures,1,2,9,2,4,1,2,8,6,1,4,4,4,5
EEnumLiteral eEnum,1,1,1,1,1,1
EReference eContainingClass,1,1,1,1,1,1,1,1,1,1,1,1,1,1,1,1,1,1,1,1,1,1,1,1,1,1,1,1,1,1
EEnum ePackage,1,1,1,1
EEnum eTypeParameters,2
EClass eSuperTypes,2,1
ETypeParameter eBounds,1
EClass ePackage,1,1,1,1,1,1,1,1,1,1,1,1,1,1,1,1,1
EOperation eParameters,1
EPackage eSubpackages,1,2
EClass eOperations,1,1,1,1,1,1,2
EParameter eOperation,1
EReference eType,1,1,1,1,1,1,1,1,1,1,1,1
EOperation eType,1,1
Node Type
EAttribute,EClass,EDataType,EParameter,EGenericType,EOperation,EEnumLiteral,EEnum,EReference,EPackage,ETypeParameter
0.23000000000000007,0.17,0.01,0.01,0.01,0.08,0.060000000000000005,0.04,0.3000000000000001,0.04,0.05
Edge Type
eSuperPackage,eOperation,eUpperBound,eTypeParameter,eSubpackages,eType,eSuperTypes,eParameters,eOpposite,eKeys,eTypeArguments,eModelElement,eAnnotations,ePackage,eLowerBound,eLiterals,details,eStructuralFeatures,eClassifier,eClassifiers,eTypeParameters,eContainingClass,eBounds,eEnum,eOperations,eExceptions
0.012048192771084338,0.004016064257028112,0.0,0.0,0.012048192771084338,0.10040160642570281,0.012048192771084338,0.004016064257028112,0.008032128514056224,0.09236947791164658,0.0,0.0,0.0,0.08835341365461848,0.0,0.024096385542168676,0.0,0.21285140562248997,0.0,0.08835341365461848,0.020080321285140562,0.24497991967871485,0.004016064257028112,0.024096385542168676,0.0321285140562249,0.01606425702811245
violations,0
