Meta Mode,ecore
Number of Edge types,26
Number Of Nodes,100
State Id,59_1
OutDegreeValue,0,1,2,3,4,5,6,7,8,9,11,13,14,22
OutDegreeCount,5,22,41,13,3,5,3,1,1,1,2,1,1,1
NAValue,1,2,3,4,5,6,7
NACount,5,20,36,19,9,7,4
MPCValue,0.00000,0.52000,0.56512,0.58500,0.63673,0.65000,0.66765,0.68640,0.69333,0.73412,0.74880,0.75479,0.77037,0.77469,0.78000,0.79016,0.79625,0.79692,0.80000,0.80380,0.80653,0.80889,0.83200,0.85222,0.85959,0.87360
MPCCount,5,20,1,1,1,15,1,1,23,1,4,1,1,1,11,1,1,1,1,1,1,2,2,1,1,1
Typed Out Degree
EReference eContainingClass,1,1,1,1,1,1,1,1,1,1,1,1,1,1,1,1,1,1,1,1,1,1,1,1,1,1,1,1,1,1
EEnum ePackage,1,1
EClass eTypeParameters,1,1,1,1
EPackage eSuperPackage,1
EClass eSuperTypes,1,1,1,1,4,1,5,4,5,1,7,1,2,2,2
ETypeParameter eBounds,1
EReference eKeys,2,2,2,1,2,3,2,1,1,2,2,2
EClass ePackage,1,1,1,1,1,1,1,1,1,1,1,1,1,1,1,1,1,1,1,1,1
EOperation eContainingClass,1,1,1,1,1
EOperation eParameters,1
EAttribute eContainingClass,1,1,1,1,1,1,1,1,1,1,1,1,1,1,1,1,1,1,1,1,1,1,1,1
EPackage eSubpackages,1
EReference eOpposite,1,1,1,1,1,1,1,1,1,1
EPackage eClassifiers,4,21
EDataType ePackage,1,1
EAttribute eType,1,1,1,1,1,1,1,1,1,1,1,1,1,1,1,1,1,1
EClass eOperations,1,1,1,2
EParameter eOperation,1
EEnum eLiterals,1,6
EOperation eTypeParameters,1
EReference eType,1,1,1,1,1,1,1,1,1,1
EClass eStructuralFeatures,4,2,8,3,7,4,4,5,3,2,1,3,3,4,1
EEnumLiteral eEnum,1,1,1,1,1,1,1
EOperation eType,1,1,1
Node Type
EAttribute,EClass,EDataType,EParameter,EGenericType,EOperation,EEnumLiteral,EEnum,EReference,EPackage,ETypeParameter
0.24000000000000007,0.21000000000000005,0.02,0.01,0.01,0.05,0.07,0.02,0.3000000000000001,0.02,0.05
Edge Type
eSuperPackage,eOperation,eUpperBound,eTypeParameter,eSubpackages,eType,eSuperTypes,eParameters,eOpposite,eKeys,eTypeArguments,eModelElement,eAnnotations,ePackage,eLowerBound,eLiterals,details,eStructuralFeatures,eClassifier,eClassifiers,eTypeParameters,eContainingClass,eBounds,eEnum,eOperations,eExceptions
0.0034129692832764505,0.0034129692832764505,0.0,0.0,0.0034129692832764505,0.10580204778156997,0.1296928327645051,0.0034129692832764505,0.034129692832764506,0.07508532423208192,0.0,0.0,0.0,0.08532423208191127,0.0,0.023890784982935155,0.0,0.18430034129692832,0.0,0.08532423208191127,0.017064846416382253,0.20136518771331058,0.0034129692832764505,0.023890784982935155,0.017064846416382253,0.0
violations,10
