Meta Mode,ecore
Number of Edge types,26
Number Of Nodes,100
State Id,5_1
OutDegreeValue,0,1,2,3,4,5,6,7,8,9,11,14,15,22
OutDegreeCount,4,24,46,9,2,3,3,2,1,2,1,1,1,1
NAValue,1,2,3,4,5,6,7,8
NACount,3,20,41,17,9,5,4,1
MPCValue,0.00000,0.52000,0.53926,0.56512,0.58240,0.63673,0.65000,0.66765,0.69333,0.70475,0.71220,0.71385,0.72313,0.73840,0.74880,0.78000,0.78812,0.79934,0.80653,0.80889,0.82173,0.83200,0.85959,0.86025,0.86125
MPCCount,3,21,1,1,3,2,11,1,26,1,1,1,1,1,4,10,1,1,1,1,1,4,1,1,1
Typed Out Degree
EGenericType eTypeParameter,1,1
EClass eTypeParameters,1,1,1
EPackage eSuperPackage,1
EGenericType eTypeArguments,1
EReference eKeys,2,3,5,1,1,1,4,2,1,1,1,3,2
EOperation eContainingClass,1,1,1,1,1
EAttribute eContainingClass,1,1,1,1,1,1,1,1,1,1,1,1,1,1,1,1,1,1,1,1,1,1,1,1
EReference eOpposite,1,1,1,1,1,1,1,1,1,1,1,1
EPackage eClassifiers,21,1
EDataType ePackage,1,1
EAttribute eType,1,1,1,1,1,1,1,1,1,1,1,1,1,1
EOperation eExceptions,1,1,1,1
EEnum eLiterals,1,5
EParameter eType,1
EClass eStructuralFeatures,6,2,6,4,2,5,2,3,1,3,1,5,1,2,4,8
EGenericType eClassifier,1
EEnumLiteral eEnum,1,1,1,1,1,1
EReference eContainingClass,1,1,1,1,1,1,1,1,1,1,1,1,1,1,1,1,1,1,1,1,1,1,1,1,1,1,1,1,1,1,1
EEnum ePackage,1,1,1
EEnum eTypeParameters,1
EClass eSuperTypes,6,1,9,1,1,2,5,4
ETypeParameter eBounds,2,1
EClass ePackage,1,1,1,1,1,1,1,1,1,1,1,1,1,1,1,1,1
EOperation eParameters,1,1
EPackage eSubpackages,1
EClass eOperations,2,1,2
EParameter eOperation,1,1
EReference eType,1,1,1,1,1,1
Node Type
EClass,EAttribute,EDataType,EParameter,EGenericType,EEnumLiteral,EOperation,EEnum,EReference,ETypeParameter,EPackage
0.17,0.24000000000000007,0.02,0.02,0.04,0.060000000000000005,0.05,0.03,0.3100000000000001,0.04,0.02
Edge Type
eSuperPackage,eOperation,eUpperBound,eTypeParameter,eSubpackages,eType,eSuperTypes,eParameters,eOpposite,eKeys,eTypeArguments,eModelElement,eAnnotations,ePackage,eLowerBound,eLiterals,details,eStructuralFeatures,eClassifier,eClassifiers,eTypeParameters,eContainingClass,eBounds,eEnum,eOperations,eExceptions
0.0034965034965034965,0.006993006993006993,0.0,0.006993006993006993,0.0034965034965034965,0.07342657342657342,0.10139860139860139,0.006993006993006993,0.04195804195804196,0.0944055944055944,0.0034965034965034965,0.0,0.0,0.07692307692307693,0.0,0.02097902097902098,0.0,0.19230769230769232,0.0034965034965034965,0.07692307692307693,0.013986013986013986,0.2097902097902098,0.01048951048951049,0.02097902097902098,0.017482517482517484,0.013986013986013986
violations,11
