Meta Mode,ecore
Number of Edge types,26
Number Of Nodes,100
State Id,60_1
OutDegreeValue,0,1,2,3,4,5,6,7,8,9,11,12,17,19
OutDegreeCount,7,19,42,12,3,5,3,1,2,2,1,1,1,1
NAValue,1,2,3,4,5,6,7,8,9
NACount,7,16,42,16,6,6,3,3,1
MPCValue,0.00000,0.52000,0.58240,0.58500,0.61795,0.63673,0.65000,0.66765,0.69333,0.71385,0.73224,0.74880,0.76291,0.76729,0.78000,0.79170,0.80080,0.80889,0.81817,0.82462,0.82512,0.83056,0.83200,0.84231,0.85280,0.86154,0.87669,0.89556
MPCCount,7,16,1,1,1,2,15,1,26,1,1,4,1,1,7,1,1,1,1,1,1,1,3,1,1,1,1,1
Typed Out Degree
EClass eTypeParameters,1,1,1,1
EPackage eSuperPackage,1,1,1
EReference eKeys,2,2,2,1,2,1,1,2,2,2,1,2,2,1,2,2
EOperation eContainingClass,1,1,1,1,1
EAttribute eContainingClass,1,1,1,1,1,1,1,1,1,1,1,1,1,1,1,1,1,1,1,1,1,1,1
EReference eOpposite,1,1,1,1,1
EPackage eClassifiers,17,5
EDataType ePackage,1
EAttribute eType,1,1,1,1,1,1,1,1,1,1,1,1,1,1,1,1,1,1,1
EOperation eExceptions,5,1
EEnum eLiterals,1,5
EOperation eTypeParameters,1,1
EParameter eType,1
EClass eStructuralFeatures,5,5,2,2,1,2,4,5,8,4,2,6,1,3,2,2
EEnumLiteral eEnum,1,1,1,1,1,1
EReference eContainingClass,1,1,1,1,1,1,1,1,1,1,1,1,1,1,1,1,1,1,1,1,1,1,1,1,1,1,1,1,1,1,1
EEnum ePackage,1,1
EEnum eTypeParameters,1
EClass eSuperTypes,4,1,1,1,1,4,5,1,3,8,1,2,1,2
ETypeParameter eBounds,1
EClass ePackage,1,1,1,1,1,1,1,1,1,1,1,1,1,1,1,1,1,1,1
EOperation eParameters,1
EPackage eSubpackages,2,1
EClass eOperations,1,1,1,2
EParameter eOperation,1
EReference eType,1,1,1,1,1,1,1,1,1,1
EOperation eType,1
Node Type
EAttribute,EClass,EDataType,EParameter,EGenericType,EOperation,EEnumLiteral,EEnum,EReference,ETypeParameter,EPackage
0.23000000000000007,0.19000000000000003,0.01,0.01,0.01,0.05,0.060000000000000005,0.02,0.3100000000000001,0.07,0.04
Edge Type
eSuperPackage,eOperation,eUpperBound,eTypeParameter,eSubpackages,eType,eSuperTypes,eParameters,eOpposite,eKeys,eTypeArguments,eModelElement,eAnnotations,ePackage,eLowerBound,eLiterals,details,eStructuralFeatures,eClassifier,eClassifiers,eTypeParameters,eContainingClass,eBounds,eEnum,eOperations,eExceptions
0.01020408163265306,0.003401360544217687,0.0,0.0,0.01020408163265306,0.1054421768707483,0.11904761904761904,0.003401360544217687,0.017006802721088437,0.09183673469387756,0.0,0.0,0.0,0.07482993197278912,0.0,0.02040816326530612,0.0,0.1836734693877551,0.0,0.07482993197278912,0.023809523809523808,0.20068027210884354,0.003401360544217687,0.02040816326530612,0.017006802721088437,0.02040816326530612
violations,5
