Meta Mode,ecore
Number of Edge types,26
Number Of Nodes,100
State Id,61_1
OutDegreeValue,0,1,2,3,4,5,6,10,12,22
OutDegreeCount,11,27,35,9,6,5,2,3,1,1
NAValue,1,2,3,4,5,6,7,8
NACount,11,19,35,18,6,7,3,1
MPCValue,0.00000,0.52000,0.56512,0.58240,0.63673,0.65000,0.69333,0.70775,0.71500,0.74880,0.75111,0.78000,0.79040,0.79560,0.80080,0.80538,0.80889,0.82333,0.82512,0.83200,0.83692,0.84500,0.85950,0.86667
MPCCount,11,19,1,2,1,9,24,1,1,4,1,12,2,1,1,1,2,1,1,1,1,1,1,1
Typed Out Degree
EClass eTypeParameters,1,2,3,1,1,1
EPackage eSuperPackage,1
EReference eKeys,2,1,1,2,1,1,1,1,2,1,2,2,1,1,1
EDataType eTypeParameters,1
EOperation eContainingClass,1,1,1
EAttribute eContainingClass,1,1,1,1,1,1,1,1,1,1,1,1,1,1,1,1,1,1,1,1,1,1,1,1
EReference eOpposite,1,1,1,1,1,1,1,1,1
EPackage eClassifiers,2,21
EDataType ePackage,1,1
EAttribute eType,1,1,1,1,1,1,1,1,1,1,1,1,1
EOperation eExceptions,1
EEnum eLiterals,3,1
EOperation eTypeParameters,1
EClass eStructuralFeatures,3,3,7,3,2,5,4,1,3,1,6,2,1,3,9
EEnumLiteral eEnum,1,1,1,1
EReference eContainingClass,1,1,1,1,1,1,1,1,1,1,1,1,1,1,1,1,1,1,1,1,1,1,1,1,1,1,1,1,1
EEnum ePackage,1,1,1,1
EClass eSuperTypes,3,1,1,4,1,1,1
ETypeParameter eBounds,1,1,1
EClass ePackage,1,1,1,1,1,1,1,1,1,1,1,1,1,1,1,1,1
EOperation eParameters,1
EPackage eSubpackages,1
EClass eOperations,1,1,1
EParameter eOperation,1
EReference eType,1,1,1,1,1,1,1,1
EOperation eType,1,1
Node Type
EAttribute,EClass,EDataType,EParameter,EGenericType,EOperation,EEnumLiteral,EEnum,EReference,ETypeParameter,EPackage
0.24000000000000007,0.17,0.02,0.01,0.03,0.03,0.04,0.04,0.2900000000000001,0.10999999999999999,0.02
Edge Type
eSuperPackage,eOperation,eUpperBound,eTypeParameter,eSubpackages,eType,eSuperTypes,eParameters,eOpposite,eKeys,eTypeArguments,eModelElement,eAnnotations,ePackage,eLowerBound,eLiterals,details,eStructuralFeatures,eClassifier,eClassifiers,eTypeParameters,eContainingClass,eBounds,eEnum,eOperations,eExceptions
0.004016064257028112,0.004016064257028112,0.0,0.0,0.004016064257028112,0.09236947791164658,0.04819277108433735,0.004016064257028112,0.03614457831325301,0.08032128514056225,0.0,0.0,0.0,0.09236947791164658,0.0,0.01606425702811245,0.0,0.21285140562248997,0.0,0.09236947791164658,0.04417670682730924,0.2248995983935743,0.012048192771084338,0.01606425702811245,0.012048192771084338,0.004016064257028112
violations,6
