Meta Mode,ecore
Number of Edge types,26
Number Of Nodes,100
State Id,62_1
OutDegreeValue,0,1,2,3,4,5,6,8,10,12,14,24
OutDegreeCount,9,18,44,13,6,1,1,4,1,1,1,1
NAValue,1,2,3,4,5,6,7,8
NACount,9,16,38,17,11,4,2,3
MPCValue,0.00000,0.52000,0.58240,0.58500,0.59944,0.65000,0.66765,0.69333,0.74880,0.75111,0.76408,0.77037,0.77653,0.78000,0.78347,0.79074,0.79605,0.79710,0.80653,0.80665,0.80889,0.82571,0.82875,0.83200,0.83417,0.86125,0.86667
MPCCount,9,16,2,1,1,11,1,26,6,1,1,1,1,7,1,1,1,1,1,1,1,1,1,4,1,1,1
Typed Out Degree
EClass eTypeParameters,1,1,1
EPackage eSuperPackage,1,1
EReference eKeys,1,2,1,2,2,1,2,2,1,3
EDataType eTypeParameters,1,1
EOperation eContainingClass,1,1,1,1,1,1,1,1
EAttribute eContainingClass,1,1,1,1,1,1,1,1,1,1,1,1,1,1,1,1,1,1,1,1,1,1,1
EReference eOpposite,1,1,1,1,1,1,1
EPackage eClassifiers,22
EDataType ePackage,1,1
EAttribute eType,1,1,1,1,1,1,1,1,1,1,1,1,1,1,1,1,1
EOperation eExceptions,1
EEnum eLiterals,2,1
EOperation eTypeParameters,1,1,1
EParameter eType,1
EClass eStructuralFeatures,6,1,4,4,3,5,6,3,2,1,1,2,9,2,3
EEnumLiteral eEnum,1,1,1
EReference eContainingClass,1,1,1,1,1,1,1,1,1,1,1,1,1,1,1,1,1,1,1,1,1,1,1,1,1,1,1,1,1
EEnum ePackage,1,1
EEnum eTypeParameters,1
EClass eSuperTypes,1,1,6,1,3,1,1,1,2,2,2,4
ETypeParameter eBounds,1
EClass ePackage,1,1,1,1,1,1,1,1,1,1,1,1,1,1,1,1,1,1
EOperation eParameters,1,1
EPackage eSubpackages,2
EClass eOperations,1,1,1,1,2,1,1
EParameter eOperation,1,1
EReference eType,1,1,1,1,1,1,1,1,1,1,1,1
EOperation eType,1,1,1,1
Node Type
EAttribute,EClass,EDataType,EParameter,EGenericType,EEnumLiteral,EOperation,EEnum,EReference,ETypeParameter,EPackage
0.23000000000000007,0.18000000000000002,0.02,0.02,0.01,0.03,0.08,0.02,0.2900000000000001,0.09,0.03
Edge Type
eSuperPackage,eOperation,eUpperBound,eTypeParameter,eSubpackages,eType,eSuperTypes,eParameters,eOpposite,eKeys,eTypeArguments,eModelElement,eAnnotations,ePackage,eLowerBound,eLiterals,details,eStructuralFeatures,eClassifier,eClassifiers,eTypeParameters,eContainingClass,eBounds,eEnum,eOperations,eExceptions
0.007352941176470588,0.007352941176470588,0.0,0.0,0.007352941176470588,0.125,0.09191176470588236,0.007352941176470588,0.025735294117647058,0.0625,0.0,0.0,0.0,0.08088235294117647,0.0,0.011029411764705883,0.0,0.19117647058823528,0.0,0.08088235294117647,0.03308823529411765,0.22058823529411764,0.003676470588235294,0.011029411764705883,0.029411764705882353,0.003676470588235294
violations,7
