Meta Mode,ecore
Number of Edge types,26
Number Of Nodes,100
State Id,63_1
OutDegreeValue,0,1,2,3,4,5,6,7,8,9,11,20
OutDegreeCount,9,26,46,4,4,3,1,2,1,1,2,1
NAValue,1,2,3,4,5,6,7
NACount,9,21,40,13,7,5,5
MPCValue,0.00000,0.52000,0.56940,0.62272,0.65000,0.68250,0.69333,0.73306,0.74880,0.76066,0.76408,0.77469,0.77679,0.78000,0.81231,0.81250,0.82333,0.83200,0.83692,0.84231,0.84898,0.86667
MPCCount,9,21,1,1,8,1,32,1,1,1,1,1,1,11,1,1,1,3,1,1,1,1
Typed Out Degree
EClass eTypeParameters,1,1,1,1
EPackage eSuperPackage,1
EReference eKeys,1,1,1,1,1,1,1,1,2,1
EDataType eTypeParameters,2
EOperation eContainingClass,1,1,1,1,1,1,1
EAttribute eContainingClass,1,1,1,1,1,1,1,1,1,1,1,1,1,1,1,1,1,1,1,1,1,1
EReference eOpposite,1,1,1,1,1,1,1
EPackage eClassifiers,1,19
EDataType ePackage,1,1
EAttribute eType,1,1,1,1,1,1,1,1,1,1,1,1,1
EOperation eExceptions,1,1
EEnum eLiterals,4,1
EOperation eTypeParameters,1,2
EParameter eType,1
EClass eStructuralFeatures,1,3,1,2,6,1,4,3,4,9,6,8,3
EEnumLiteral eEnum,1,1,1,1,1
EReference eContainingClass,1,1,1,1,1,1,1,1,1,1,1,1,1,1,1,1,1,1,1,1,1,1,1,1,1,1,1,1,1
EEnum ePackage,1,1
EClass eSuperTypes,1,1,1,1,1,2
ETypeParameter eBounds,1,1
EClass ePackage,1,1,1,1,1,1,1,1,1,1,1,1,1,1,1,1
EOperation eParameters,1,1,1,1
EPackage eSubpackages,1
EClass eOperations,1,2,3,1
EParameter eOperation,1,1,1,1
EReference eType,1,1,1,1,1,1,1,1,1,1,1
EOperation eType,1
Node Type
EClass,EAttribute,EDataType,EParameter,EGenericType,EOperation,EEnumLiteral,EEnum,EReference,EPackage,ETypeParameter
0.16,0.22000000000000006,0.02,0.04,0.02,0.07,0.05,0.02,0.2900000000000001,0.02,0.09
Edge Type
eSuperPackage,eOperation,eUpperBound,eTypeParameter,eSubpackages,eType,eSuperTypes,eParameters,eOpposite,eKeys,eTypeArguments,eModelElement,eAnnotations,ePackage,eLowerBound,eLiterals,details,eStructuralFeatures,eClassifier,eClassifiers,eTypeParameters,eContainingClass,eBounds,eEnum,eOperations,eExceptions
0.004166666666666667,0.016666666666666666,0.0,0.0,0.004166666666666667,0.10833333333333334,0.029166666666666667,0.016666666666666666,0.029166666666666667,0.04583333333333333,0.0,0.0,0.0,0.08333333333333333,0.0,0.020833333333333332,0.0,0.2125,0.0,0.08333333333333333,0.0375,0.24166666666666667,0.008333333333333333,0.020833333333333332,0.029166666666666667,0.008333333333333333
violations,0
