Meta Mode,ecore
Number of Edge types,26
Number Of Nodes,100
State Id,64_1
OutDegreeValue,0,1,2,3,4,5,6,7,10,11,14,17,18,19
OutDegreeCount,11,26,41,3,3,4,3,2,1,1,1,2,1,1
NAValue,1,2,3,4,5,6,7,8
NACount,11,17,46,8,8,6,2,2
MPCValue,0.00000,0.46222,0.46694,0.50440,0.52000,0.61938,0.65000,0.65846,0.69333,0.72580,0.73956,0.74286,0.74880,0.74939,0.77037,0.77480,0.78000,0.79040,0.80889,0.81223,0.81714,0.82063,0.82512,0.84500
MPCCount,11,1,1,1,17,1,9,1,36,1,1,1,4,1,1,1,4,1,2,1,1,1,1,1
Typed Out Degree
EReference eContainingClass,1,1,1,1,1,1,1,1,1,1,1,1,1,1,1,1,1,1,1,1,1,1,1,1,1,1,1,1,1,1
EEnum ePackage,1
EClass eTypeParameters,1,1,1,1,1,2,1
EGenericType eUpperBound,1
EClass eSuperTypes,1,10,9,1,5,2,1,3,1,1,8,11
EGenericType eTypeArguments,1
ETypeParameter eBounds,2
EReference eKeys,1,5,1,1,1,1,2,1,1,1,4
EClass ePackage,1,1,1,1,1,1,1,1,1,1,1,1,1,1,1,1,1
EOperation eContainingClass,1,1,1,1,1,1,1
EOperation eParameters,1,1
EAttribute eContainingClass,1,1,1,1,1,1,1,1,1,1,1,1,1,1,1,1,1,1,1,1,1,1,1
EReference eOpposite,1,1,1,1,1,1,1,1,1,1,1
EPackage eClassifiers,19
EDataType ePackage,1
EAttribute eType,1,1,1,1,1,1,1,1,1,1,1,1
EClass eOperations,1,1,1,1,1,2
EParameter eOperation,1,1
EEnum eLiterals,5
EOperation eTypeParameters,1
EReference eType,1,1,1,1,1,1
EClass eStructuralFeatures,2,7,5,5,2,6,2,5,3,3,3,3,2,5
EEnumLiteral eEnum,1,1,1,1,1
EOperation eType,1
Node Type
EAttribute,EClass,EDataType,EParameter,EGenericType,EOperation,EEnumLiteral,EEnum,EReference,ETypeParameter,EPackage
0.23000000000000007,0.17,0.01,0.02,0.04,0.07,0.05,0.01,0.3000000000000001,0.09,0.01
Edge Type
eSuperPackage,eOperation,eUpperBound,eTypeParameter,eSubpackages,eType,eSuperTypes,eParameters,eOpposite,eKeys,eTypeArguments,eModelElement,eAnnotations,ePackage,eLowerBound,eLiterals,details,eStructuralFeatures,eClassifier,eClassifiers,eTypeParameters,eContainingClass,eBounds,eEnum,eOperations,eExceptions
0.0,0.006968641114982578,0.003484320557491289,0.0,0.0,0.06620209059233449,0.18466898954703834,0.006968641114982578,0.03832752613240418,0.06620209059233449,0.003484320557491289,0.0,0.0,0.06620209059233449,0.0,0.017421602787456445,0.0,0.18466898954703834,0.0,0.06620209059233449,0.0313588850174216,0.20905923344947736,0.006968641114982578,0.017421602787456445,0.024390243902439025,0.0
violations,17
