Meta Mode,ecore
Number of Edge types,26
Number Of Nodes,100
State Id,65_1
OutDegreeValue,0,1,2,3,4,5,6,7,8,13,15,16,20
OutDegreeCount,3,27,40,13,7,1,1,3,1,1,1,1,1
NAValue,1,2,3,4,5,6,7
NACount,3,23,45,9,8,9,3
MPCValue,0.00000,0.52000,0.58240,0.61360,0.63673,0.65000,0.68640,0.69333,0.71500,0.74880,0.75111,0.76556,0.77037,0.77730,0.78000,0.78450,0.80031,0.80665,0.80728,0.80889,0.81120,0.81250,0.81531,0.82512,0.83200,0.84500,0.86667
MPCCount,3,23,4,1,1,12,1,30,1,2,2,1,1,1,1,1,1,1,1,1,1,4,1,1,2,1,1
Typed Out Degree
EClass eTypeParameters,1,1
EPackage eSuperPackage,1,1
EReference eKeys,2,2,1,1,2,1,2,1,2,2,2
EDataType eTypeParameters,1
EOperation eContainingClass,1,1,1,1,1,1,1,1
EAttribute eContainingClass,1,1,1,1,1,1,1,1,1,1,1,1,1,1,1,1,1,1,1,1,1,1,1
EReference eOpposite,1,1,1,1,1,1,1,1,1
EPackage eClassifiers,2,18,4
EDataType ePackage,1,1
EAttribute eType,1,1,1,1,1,1,1,1,1,1,1,1,1,1
EOperation eExceptions,1,1
EEnum eLiterals,3,3
EParameter eType,1
EClass eStructuralFeatures,1,4,1,5,4,6,1,3,9,2,2,5,1,2,2,1,5
EEnumLiteral eEnum,1,1,1,1,1,1
EReference eContainingClass,1,1,1,1,1,1,1,1,1,1,1,1,1,1,1,1,1,1,1,1,1,1,1,1,1,1,1,1,1,1,1
EEnum ePackage,1,1
EClass eSuperTypes,1,7,2,1,5,1,2,5,2
ETypeParameter eBounds,1
EClass ePackage,1,1,1,1,1,1,1,1,1,1,1,1,1,1,1,1,1,1,1,1
EOperation eParameters,1
EPackage eSubpackages,2
EClass eOperations,1,3,1,1,1,1
EParameter eOperation,1
EReference eType,1,1,1,1,1,1,1,1,1
EOperation eType,1,1,1,1,1
Node Type
EAttribute,EClass,EDataType,EParameter,EGenericType,EEnumLiteral,EOperation,EEnum,EReference,ETypeParameter,EPackage
0.23000000000000007,0.20000000000000004,0.02,0.01,0.01,0.060000000000000005,0.08,0.02,0.3100000000000001,0.03,0.03
Edge Type
eSuperPackage,eOperation,eUpperBound,eTypeParameter,eSubpackages,eType,eSuperTypes,eParameters,eOpposite,eKeys,eTypeArguments,eModelElement,eAnnotations,ePackage,eLowerBound,eLiterals,details,eStructuralFeatures,eClassifier,eClassifiers,eTypeParameters,eContainingClass,eBounds,eEnum,eOperations,eExceptions
0.007194244604316547,0.0035971223021582736,0.0,0.0,0.007194244604316547,0.10431654676258993,0.09352517985611511,0.0035971223021582736,0.03237410071942446,0.06474820143884892,0.0,0.0,0.0,0.08633093525179857,0.0,0.02158273381294964,0.0,0.19424460431654678,0.0,0.08633093525179857,0.01079136690647482,0.22302158273381295,0.0035971223021582736,0.02158273381294964,0.02877697841726619,0.007194244604316547
violations,7
