Meta Mode,ecore
Number of Edge types,26
Number Of Nodes,100
State Id,66_1
OutDegreeValue,0,1,2,3,4,5,6,8,10,11,21
OutDegreeCount,6,19,42,16,5,4,1,4,1,1,1
NAValue,1,2,3,4,5,6,7,8
NACount,6,16,44,17,4,5,6,2
MPCValue,0.00000,0.52000,0.56717,0.58240,0.63375,0.63673,0.65000,0.66765,0.69333,0.72163,0.74880,0.75111,0.76440,0.76556,0.77037,0.78000,0.78520,0.79539,0.79605,0.81250,0.82333,0.82512,0.83200,0.83778,0.85280,0.85800,0.85950,0.86667,0.87309
MPCCount,6,16,1,3,1,1,14,1,27,1,3,2,1,1,1,8,1,1,1,1,1,1,1,1,1,1,1,1,1
Typed Out Degree
EClass eTypeParameters,1,1
EPackage eSuperPackage,1,1
EReference eKeys,2,2,1,3,2,2,2,1
EDataType eTypeParameters,1,2
EOperation eContainingClass,1,1,1,1,1,1
EAttribute eContainingClass,1,1,1,1,1,1,1,1,1,1,1,1,1,1,1,1,1,1,1,1,1,1,1
EReference eOpposite,1,1,1,1,1,1,1,1,1,1
EPackage eClassifiers,2,20,1
EDataType ePackage,1,1
EAttribute eType,1,1,1,1,1,1,1,1,1,1,1,1,1,1,1,1,1
EOperation eExceptions,2,1,3,2
EEnum eLiterals,1,4
EOperation eTypeParameters,1
EParameter eType,1
EClass eStructuralFeatures,2,1,6,5,2,2,2,7,1,1,6,2,3,3,4,7,1
EEnumLiteral eEnum,1,1,1,1,1
EReference eContainingClass,1,1,1,1,1,1,1,1,1,1,1,1,1,1,1,1,1,1,1,1,1,1,1,1,1,1,1,1,1,1,1,1
EEnum ePackage,1,1
EClass eSuperTypes,1,1,2,4,1,2,2,1,1,2,1
ETypeParameter eBounds,1
EClass ePackage,1,1,1,1,1,1,1,1,1,1,1,1,1,1,1,1,1,1,1
EOperation eParameters,1
EPackage eSubpackages,1,1
EClass eOperations,1,1,1,1,1,1
EParameter eOperation,1
EReference eType,1,1,1,1,1,1,1,1,1,1,1
Node Type
EAttribute,EClass,EDataType,EParameter,EGenericType,EOperation,EEnumLiteral,EEnum,EReference,ETypeParameter,EPackage
0.23000000000000007,0.19000000000000003,0.02,0.01,0.01,0.060000000000000005,0.05,0.02,0.3200000000000001,0.060000000000000005,0.03
Edge Type
eSuperPackage,eOperation,eUpperBound,eTypeParameter,eSubpackages,eType,eSuperTypes,eParameters,eOpposite,eKeys,eTypeArguments,eModelElement,eAnnotations,ePackage,eLowerBound,eLiterals,details,eStructuralFeatures,eClassifier,eClassifiers,eTypeParameters,eContainingClass,eBounds,eEnum,eOperations,eExceptions
0.007380073800738007,0.0036900369003690036,0.0,0.0,0.007380073800738007,0.1070110701107011,0.06642066420664207,0.0036900369003690036,0.03690036900369004,0.055350553505535055,0.0,0.0,0.0,0.08487084870848709,0.0,0.01845018450184502,0.0,0.2029520295202952,0.0,0.08487084870848709,0.02214022140221402,0.22509225092250923,0.0036900369003690036,0.01845018450184502,0.02214022140221402,0.02952029520295203
violations,7
