Meta Mode,ecore
Number of Edge types,26
Number Of Nodes,100
State Id,67_1
OutDegreeValue,0,1,2,3,4,5,6,7,8,9,10,11,17
OutDegreeCount,10,17,45,12,5,2,1,1,2,1,1,2,1
NAValue,1,2,3,4,5,6,7,8
NACount,10,18,37,17,8,3,5,2
MPCValue,0.00000,0.46222,0.52000,0.58240,0.65000,0.67471,0.69333,0.74522,0.74880,0.76291,0.77037,0.78000,0.79040,0.79504,0.80437,0.80653,0.80665,0.80889,0.81120,0.81250,0.82512,0.83200,0.83417,0.85280,0.88082
MPCCount,10,1,17,1,11,1,25,1,3,1,1,14,1,1,1,1,1,2,1,1,1,1,1,1,1
Typed Out Degree
EClass eTypeParameters,1,1,1,1,1,1
EReference eKeys,1,1,1,2,2,2,2,2,2,1
EDataType eTypeParameters,2
EOperation eContainingClass,1,1,1,1,1,1,1
EAttribute eContainingClass,1,1,1,1,1,1,1,1,1,1,1,1,1,1,1,1,1,1,1,1,1,1,1
EReference eOpposite,1,1,1,1,1,1,1
EPackage eClassifiers,17
EDataType ePackage,1
EAttribute eType,1,1,1,1,1,1,1,1,1,1,1,1,1,1,1,1,1,1,1,1
EOperation eExceptions,2
EEnum eLiterals,7
EOperation eTypeParameters,1
EParameter eType,1,1
EClass eStructuralFeatures,1,6,1,3,8,6,3,7,3,6,2,2,5,1
EEnumLiteral eEnum,1,1,1,1,1,1,1
EReference eContainingClass,1,1,1,1,1,1,1,1,1,1,1,1,1,1,1,1,1,1,1,1,1,1,1,1,1,1,1,1,1,1,1
EEnum ePackage,1
EClass eSuperTypes,2,1,1,2,1,1,1,1,1
ETypeParameter eBounds,2
EClass ePackage,1,1,1,1,1,1,1,1,1,1,1,1,1,1,1
EOperation eParameters,1,1,1
EClass eOperations,1,1,1,2,1,1
EParameter eOperation,1,1,1
EReference eType,1,1,1,1,1,1,1,1,1,1,1,1,1,1
EOperation eType,1
Node Type
EClass,EAttribute,EDataType,EParameter,EGenericType,EEnumLiteral,EOperation,EEnum,EReference,ETypeParameter,EPackage
0.15,0.23000000000000007,0.01,0.03,0.02,0.07,0.07,0.01,0.3100000000000001,0.09,0.01
Edge Type
eSuperPackage,eOperation,eUpperBound,eTypeParameter,eSubpackages,eType,eSuperTypes,eParameters,eOpposite,eKeys,eTypeArguments,eModelElement,eAnnotations,ePackage,eLowerBound,eLiterals,details,eStructuralFeatures,eClassifier,eClassifiers,eTypeParameters,eContainingClass,eBounds,eEnum,eOperations,eExceptions
0.0,0.011538461538461539,0.0,0.0,0.0,0.1423076923076923,0.04230769230769231,0.011538461538461539,0.026923076923076925,0.06153846153846154,0.0,0.0,0.0,0.06538461538461539,0.0,0.026923076923076925,0.0,0.2076923076923077,0.0,0.06538461538461539,0.03461538461538462,0.23461538461538461,0.007692307692307693,0.026923076923076925,0.026923076923076925,0.007692307692307693
violations,1
