Meta Mode,ecore
Number of Edge types,26
Number Of Nodes,100
State Id,68_1
OutDegreeValue,0,1,2,3,4,5,6,7,9,11,15,20
OutDegreeCount,7,24,46,7,3,5,1,3,1,1,1,1
NAValue,1,2,3,4,5,6,7
NACount,7,21,41,16,6,7,2
MPCValue,0.00000,0.52000,0.56940,0.63673,0.64735,0.65000,0.68890,0.69333,0.71500,0.72222,0.73917,0.74880,0.75111,0.76291,0.78000,0.78812,0.78963,0.79040,0.80000,0.80889,0.81351,0.82173,0.84500,0.84898,0.87669
MPCCount,7,21,1,1,1,11,1,30,2,1,1,1,1,1,10,1,1,1,1,1,1,1,1,1,1
Typed Out Degree
EClass eTypeParameters,1,1,1,1
EPackage eSuperPackage,1
EReference eKeys,1,1,1,1,1,2,2,1,2
EDataType eTypeParameters,1
EOperation eContainingClass,1,1
EAttribute eContainingClass,1,1,1,1,1,1,1,1,1,1,1,1,1,1,1,1,1,1,1,1,1,1,1
EReference eOpposite,1,1,1,1,1,1,1,1,1,1
EPackage eClassifiers,6,19
EDataType ePackage,1
EAttribute eType,1,1,1,1,1,1,1,1,1,1,1,1,1,1,1,1,1
EEnum eLiterals,5,1,2
EOperation eTypeParameters,1
EParameter eType,1
EClass eStructuralFeatures,5,4,3,10,3,7,2,1,1,2,3,1,1,3,2,4,2
EEnumLiteral eEnum,1,1,1,1,1,1,1,1
EReference eContainingClass,1,1,1,1,1,1,1,1,1,1,1,1,1,1,1,1,1,1,1,1,1,1,1,1,1,1,1,1,1,1,1
EEnum ePackage,1,1,1,1
EEnum eTypeParameters,1
EClass eSuperTypes,1,5,6,2,1,1,1,1,2
ETypeParameter eBounds,1
EClass ePackage,1,1,1,1,1,1,1,1,1,1,1,1,1,1,1,1,1,1,1,1
EOperation eParameters,1
EPackage eSubpackages,1
EClass eOperations,1,1
EParameter eOperation,1
EReference eType,1,1,1,1,1,1
Node Type
EClass,EAttribute,EDataType,EParameter,EGenericType,EEnumLiteral,EOperation,EEnum,EReference,ETypeParameter,EPackage
0.20000000000000004,0.23000000000000007,0.01,0.01,0.01,0.08,0.02,0.04,0.3100000000000001,0.07,0.02
Edge Type
eSuperPackage,eOperation,eUpperBound,eTypeParameter,eSubpackages,eType,eSuperTypes,eParameters,eOpposite,eKeys,eTypeArguments,eModelElement,eAnnotations,ePackage,eLowerBound,eLiterals,details,eStructuralFeatures,eClassifier,eClassifiers,eTypeParameters,eContainingClass,eBounds,eEnum,eOperations,eExceptions
0.00390625,0.00390625,0.0,0.0,0.00390625,0.09375,0.078125,0.00390625,0.0390625,0.046875,0.0,0.0,0.0,0.09765625,0.0,0.03125,0.0,0.2109375,0.0,0.09765625,0.02734375,0.21875,0.00390625,0.03125,0.0078125,0.0
violations,12
