Meta Mode,ecore
Number of Edge types,26
Number Of Nodes,100
State Id,69_1
OutDegreeValue,0,1,2,3,4,5,6,7,8,9,11,18
OutDegreeCount,10,27,38,8,4,4,2,2,2,1,1,1
NAValue,1,2,3,4,5,6,7
NACount,10,22,39,11,6,6,6
MPCValue,0.00000,0.52000,0.58240,0.63673,0.65000,0.69333,0.73125,0.73917,0.74880,0.75325,0.75571,0.78000,0.79170,0.80653,0.80889,0.82333,0.82512,0.83200,0.83692,0.84124,0.85280,0.86667
MPCCount,10,23,2,2,8,28,1,2,2,1,1,7,1,1,1,1,1,3,2,1,1,1
Typed Out Degree
EClass eTypeParameters,2,2,1,1,1,1
EGenericType eTypeArguments,1
EReference eKeys,1,1,1,2,1,2,2,1,2,3,4,2,1,1,1
EDataType eTypeParameters,1
EOperation eContainingClass,1,1,1,1,1,1
EAttribute eContainingClass,1,1,1,1,1,1,1,1,1,1,1,1,1,1,1,1,1,1,1,1,1,1,1,1
EReference eOpposite,1,1,1
EPackage eClassifiers,18
EDataType ePackage,1
EAttribute eType,1,1,1,1,1,1,1,1,1,1,1,1,1
EEnum eLiterals,4
EOperation eTypeParameters,1
EParameter eType,1
EClass eStructuralFeatures,3,5,3,1,1,9,4,6,4,3,1,3,6,1,4,1
EEnumLiteral eEnum,1,1,1,1
EReference eContainingClass,1,1,1,1,1,1,1,1,1,1,1,1,1,1,1,1,1,1,1,1,1,1,1,1,1,1,1,1,1,1,1
EEnum ePackage,1
EClass eSuperTypes,1,1,1,1,1,1
ETypeParameter eBounds,1,1,1
EClass ePackage,1,1,1,1,1,1,1,1,1,1,1,1,1,1,1,1
EOperation eParameters,1,1
EClass eOperations,1,1,1,1,1,1
EParameter eOperation,1,1
EReference eType,1,1,1,1,1,1,1,1,1
EOperation eType,1,1
Node Type
EAttribute,EClass,EDataType,EParameter,EGenericType,EOperation,EEnumLiteral,EEnum,EReference,ETypeParameter,EPackage
0.24000000000000007,0.16,0.01,0.02,0.04,0.060000000000000005,0.04,0.01,0.3100000000000001,0.09999999999999999,0.01
Edge Type
eSuperPackage,eOperation,eUpperBound,eTypeParameter,eSubpackages,eType,eSuperTypes,eParameters,eOpposite,eKeys,eTypeArguments,eModelElement,eAnnotations,ePackage,eLowerBound,eLiterals,details,eStructuralFeatures,eClassifier,eClassifiers,eTypeParameters,eContainingClass,eBounds,eEnum,eOperations,eExceptions
0.0,0.00823045267489712,0.0,0.0,0.0,0.102880658436214,0.024691358024691357,0.00823045267489712,0.012345679012345678,0.102880658436214,0.00411522633744856,0.0,0.0,0.07407407407407407,0.0,0.01646090534979424,0.0,0.22633744855967078,0.0,0.07407407407407407,0.0411522633744856,0.25102880658436216,0.012345679012345678,0.01646090534979424,0.024691358024691357,0.0
violations,0
