Meta Mode,ecore
Number of Edge types,26
Number Of Nodes,100
State Id,6_1
OutDegreeValue,0,1,2,3,4,5,6,8,9,18
OutDegreeCount,6,34,44,3,2,3,1,4,2,1
NAValue,1,2,3,4,5,6,7
NACount,6,26,45,9,11,2,1
MPCValue,0.00000,0.46222,0.52000,0.57457,0.58240,0.62272,0.65000,0.68250,0.69333,0.69680,0.71385,0.71972,0.73917,0.74286,0.74880,0.76408,0.76556,0.76960,0.77037,0.78000,0.79170,0.80653,0.83200
MPCCount,6,1,25,1,1,1,7,1,38,1,1,1,1,1,1,1,1,1,2,4,1,1,2
Typed Out Degree
EClass eTypeParameters,1,1,2,1
EPackage eSuperPackage,1,1
EGenericType eTypeArguments,1
EReference eKeys,1,1,1,1,1,1,1,1,1,1,1
EOperation eContainingClass,1,1,1
EAttribute eContainingClass,1,1,1,1,1,1,1,1,1,1,1,1,1,1,1,1,1,1,1,1,1,1,1
EReference eOpposite,1,1,1,1
EPackage eClassifiers,3,17
EDataType ePackage,1,1
EAttribute eType,1,1,1,1,1,1,1,1,1,1,1,1,1
EOperation eExceptions,1
EEnum eLiterals,1,3,4
EParameter eType,1,1
EClass eStructuralFeatures,5,6,5,1,5,6,8,4,8,3,2
EEnumLiteral eEnum,1,1,1,1,1,1,1,1
EReference eContainingClass,1,1,1,1,1,1,1,1,1,1,1,1,1,1,1,1,1,1,1,1,1,1,1,1,1,1,1,1,1,1
EEnum ePackage,1,1,1
EGenericType eUpperBound,1,1
ETypeParameter eBounds,2,1
EClass ePackage,1,1,1,1,1,1,1,1,1,1,1,1,1,1,1
EOperation eParameters,1,1
EPackage eSubpackages,1,1
EClass eOperations,1,1,1
EParameter eOperation,1,1
EReference eType,1,1,1,1,1,1,1,1,1,1
Node Type
EAttribute,EClass,EDataType,EParameter,EGenericType,EOperation,EEnumLiteral,EEnum,EReference,EPackage,ETypeParameter
0.23000000000000007,0.15,0.02,0.02,0.060000000000000005,0.03,0.08,0.03,0.3000000000000001,0.03,0.05
Edge Type
eSuperPackage,eOperation,eUpperBound,eTypeParameter,eSubpackages,eType,eSuperTypes,eParameters,eOpposite,eKeys,eTypeArguments,eModelElement,eAnnotations,ePackage,eLowerBound,eLiterals,details,eStructuralFeatures,eClassifier,eClassifiers,eTypeParameters,eContainingClass,eBounds,eEnum,eOperations,eExceptions
0.008771929824561403,0.008771929824561403,0.008771929824561403,0.0,0.008771929824561403,0.10964912280701754,0.0,0.008771929824561403,0.017543859649122806,0.04824561403508772,0.0043859649122807015,0.0,0.0,0.08771929824561403,0.0,0.03508771929824561,0.0,0.2324561403508772,0.0,0.08771929824561403,0.021929824561403508,0.24561403508771928,0.013157894736842105,0.03508771929824561,0.013157894736842105,0.0043859649122807015
violations,1
