Meta Mode,ecore
Number of Edge types,26
Number Of Nodes,100
State Id,70_1
OutDegreeValue,0,1,2,3,4,5,6,7,9,11,14,15,20
OutDegreeCount,7,32,35,6,5,7,2,1,1,1,1,1,1
NAValue,1,2,3,4,5,6,7,8
NACount,7,23,43,9,8,5,4,1
MPCValue,0.00000,0.52000,0.58240,0.58500,0.65000,0.68640,0.69333,0.74547,0.74816,0.75111,0.76556,0.77037,0.77469,0.78000,0.79074,0.80653,0.80889,0.81120,0.82534,0.83200,0.84741,0.85950
MPCCount,7,25,3,1,5,1,35,1,1,1,1,1,1,5,2,2,1,1,1,2,2,1
Typed Out Degree
EClass eTypeParameters,1,1
EGenericType eTypeArguments,1
EReference eKeys,1,1,4,1,2,1,1,1,2,1,1,1,1,1,3,2
EOperation eContainingClass,1,1,1,1,1,1
EAttribute eContainingClass,1,1,1,1,1,1,1,1,1,1,1,1,1,1,1,1,1,1,1,1,1,1,1,1
EReference eOpposite,1,1,1,1
EPackage eClassifiers,20
EDataType ePackage,1
EAttribute eType,1,1,1,1,1,1,1,1,1,1
EOperation eExceptions,3
EEnum eLiterals,4,2
EOperation eTypeParameters,1,1,1
EParameter eType,1,1
EClass eStructuralFeatures,2,2,6,9,8,3,6,3,3,3,1,1,4,3
EEnumLiteral eEnum,1,1,1,1,1,1
EReference eContainingClass,1,1,1,1,1,1,1,1,1,1,1,1,1,1,1,1,1,1,1,1,1,1,1,1,1,1,1,1,1,1
EEnum ePackage,1,1,1
EEnum eTypeParameters,1
EClass eSuperTypes,1,3,1,1,1,5,1,7,1,1
ETypeParameter eBounds,1
EClass ePackage,1,1,1,1,1,1,1,1,1,1,1,1,1,1,1,1
EOperation eParameters,1,2,1
EGenericType eLowerBound,1
EClass eOperations,1,1,1,2,1
EParameter eOperation,1,1,1,1
EReference eType,1,1,1,1,1,1,1,1
EOperation eType,1
Node Type
EAttribute,EClass,EDataType,EParameter,EGenericType,EOperation,EEnumLiteral,EEnum,EReference,ETypeParameter,EPackage
0.24000000000000007,0.16,0.01,0.04,0.03,0.060000000000000005,0.060000000000000005,0.03,0.3000000000000001,0.060000000000000005,0.01
Edge Type
eSuperPackage,eOperation,eUpperBound,eTypeParameter,eSubpackages,eType,eSuperTypes,eParameters,eOpposite,eKeys,eTypeArguments,eModelElement,eAnnotations,ePackage,eLowerBound,eLiterals,details,eStructuralFeatures,eClassifier,eClassifiers,eTypeParameters,eContainingClass,eBounds,eEnum,eOperations,eExceptions
0.0,0.015209125475285171,0.0,0.0,0.0,0.07984790874524715,0.08365019011406843,0.015209125475285171,0.015209125475285171,0.09125475285171103,0.0038022813688212928,0.0,0.0,0.07604562737642585,0.0038022813688212928,0.022813688212927757,0.0,0.20532319391634982,0.0,0.07604562737642585,0.022813688212927757,0.22813688212927757,0.0038022813688212928,0.022813688212927757,0.022813688212927757,0.011406844106463879
violations,5
