Meta Mode,ecore
Number of Edge types,26
Number Of Nodes,100
State Id,71_1
OutDegreeValue,0,1,2,3,4,5,6,7,9,10,12,14,18,22
OutDegreeCount,8,17,40,10,8,3,1,2,3,2,3,1,1,1
NAValue,1,2,3,4,5,6,7,8
NACount,8,11,44,16,6,8,4,3
MPCValue,0.00000,0.38519,0.42250,0.46413,0.46694,0.52000,0.58240,0.63673,0.65000,0.69333,0.71500,0.72163,0.72800,0.74880,0.75077,0.75111,0.75562,0.78000,0.79040,0.79560,0.80889,0.81120,0.81184,0.81370,0.81817,0.81846,0.82393,0.83200,0.87309
MPCCount,8,1,1,1,3,13,3,1,11,33,1,1,2,1,1,3,1,2,2,1,2,1,1,1,1,1,1,1,1
Typed Out Degree
EClass eTypeParameters,1,1,2,1
EReference eKeys,8,6,4,5,3,3,3,2,2,2,2,1,2,2,3,2
EOperation eContainingClass,1,1,1,1,1,1,1
EAttribute eContainingClass,1,1,1,1,1,1,1,1,1,1,1,1,1,1,1,1,1,1,1,1,1,1,1,1,1
EReference eOpposite,1,1,1,1,1,1,1,1,1,1,1
EPackage eClassifiers,22
EDataType ePackage,1
EAttribute eType,1,1,1,1,1,1,1,1,1,1,1,1,1,1,1,1
EOperation eExceptions,2,1,1
EEnum eLiterals,3
EOperation eTypeParameters,2,1
EParameter eType,1
EClass eStructuralFeatures,1,1,2,4,2,6,3,1,1,4,1,4,8,5,6,2,5
EGenericType eClassifier,1
EEnumLiteral eEnum,1,1,1
EReference eContainingClass,1,1,1,1,1,1,1,1,1,1,1,1,1,1,1,1,1,1,1,1,1,1,1,1,1,1,1,1,1,1,1
EEnum ePackage,1
EGenericType eUpperBound,1
EClass eSuperTypes,1,7,7,1,3,4,1,4,6,3,2,2,7,1
ETypeParameter eBounds,1
EClass ePackage,1,1,1,1,1,1,1,1,1,1,1,1,1,1,1,1,1,1,1,1
EOperation eParameters,1
EClass eOperations,2,1,2,1,1
EParameter eOperation,1
EReference eType,1,1,1,1,1,1,1,1,1
EOperation eType,1,1
Node Type
EClass,EAttribute,EDataType,EParameter,EGenericType,EOperation,EEnumLiteral,EEnum,EReference,ETypeParameter,EPackage
0.20000000000000004,0.25000000000000006,0.01,0.01,0.02,0.07,0.03,0.01,0.3100000000000001,0.08,0.01
Edge Type
eSuperPackage,eOperation,eUpperBound,eTypeParameter,eSubpackages,eType,eSuperTypes,eParameters,eOpposite,eKeys,eTypeArguments,eModelElement,eAnnotations,ePackage,eLowerBound,eLiterals,details,eStructuralFeatures,eClassifier,eClassifiers,eTypeParameters,eContainingClass,eBounds,eEnum,eOperations,eExceptions
0.0,0.0030211480362537764,0.0030211480362537764,0.0,0.0,0.08459214501510574,0.14803625377643503,0.0030211480362537764,0.03323262839879154,0.1510574018126888,0.0,0.0,0.0,0.06646525679758308,0.0,0.00906344410876133,0.0,0.1691842900302115,0.0030211480362537764,0.06646525679758308,0.02416918429003021,0.1903323262839879,0.0030211480362537764,0.00906344410876133,0.021148036253776436,0.012084592145015106
violations,8
