Meta Mode,ecore
Number of Edge types,26
Number Of Nodes,100
State Id,72_1
OutDegreeValue,0,1,2,3,4,5,6,8,10,13,22
OutDegreeCount,8,21,47,9,5,1,2,3,2,1,1
NAValue,1,2,3,4,5,6,7,8
NACount,8,17,43,17,6,5,3,1
MPCValue,0.00000,0.52000,0.56512,0.58240,0.63673,0.65000,0.66444,0.69333,0.71385,0.72598,0.74880,0.75920,0.78000,0.80653,0.81184,0.81250,0.81602,0.82048,0.83200,0.84231,0.84500,0.84741,0.87309
MPCCount,8,17,1,1,1,13,1,30,1,1,4,1,10,1,1,1,1,1,1,2,1,1,1
Typed Out Degree
EClass eTypeParameters,1,1,1,1,1
EPackage eSuperPackage,1
EReference eKeys,1,2,2,1,2,1,1,1,2
EDataType eTypeParameters,1
EOperation eContainingClass,1,1,1,1,1
EAttribute eContainingClass,1,1,1,1,1,1,1,1,1,1,1,1,1,1,1,1,1,1,1,1,1,1,1,1
EReference eOpposite,1,1,1,1,1,1,1,1,1,1,1,1
EPackage eClassifiers,21
EDataType ePackage,1,1
EAttribute eType,1,1,1,1,1,1,1,1,1,1,1,1,1,1,1,1,1,1
EEnum eLiterals,5
EOperation eTypeParameters,1,1
EParameter eType,1
EClass eStructuralFeatures,5,1,7,8,1,7,2,2,2,6,7,2,2,1,2
EEnumLiteral eEnum,1,1,1,1,1
EReference eContainingClass,1,1,1,1,1,1,1,1,1,1,1,1,1,1,1,1,1,1,1,1,1,1,1,1,1,1,1,1,1,1,1
EEnum ePackage,1
EClass eSuperTypes,1,3,2,4,2,1,1
ETypeParameter eBounds,1
EClass ePackage,1,1,1,1,1,1,1,1,1,1,1,1,1,1,1,1,1,1
EOperation eParameters,2,1
EPackage eSubpackages,1
EClass eOperations,1,1,1,1,1
EParameter eOperation,1,1,1
EReference eType,1,1,1,1,1,1,1,1,1
EOperation eType,1,1
Node Type
EClass,EAttribute,EDataType,EParameter,EGenericType,EEnumLiteral,EOperation,EEnum,EReference,ETypeParameter,EPackage
0.18000000000000002,0.24000000000000007,0.02,0.03,0.01,0.05,0.05,0.01,0.3100000000000001,0.08,0.02
Edge Type
eSuperPackage,eOperation,eUpperBound,eTypeParameter,eSubpackages,eType,eSuperTypes,eParameters,eOpposite,eKeys,eTypeArguments,eModelElement,eAnnotations,ePackage,eLowerBound,eLiterals,details,eStructuralFeatures,eClassifier,eClassifiers,eTypeParameters,eContainingClass,eBounds,eEnum,eOperations,eExceptions
0.003875968992248062,0.011627906976744186,0.0,0.0,0.003875968992248062,0.11627906976744186,0.05426356589147287,0.011627906976744186,0.046511627906976744,0.050387596899224806,0.0,0.0,0.0,0.08139534883720931,0.0,0.01937984496124031,0.0,0.2131782945736434,0.0,0.08139534883720931,0.031007751937984496,0.23255813953488372,0.003875968992248062,0.01937984496124031,0.01937984496124031,0.0
violations,10
