Meta Mode,ecore
Number of Edge types,26
Number Of Nodes,100
State Id,73_1
OutDegreeValue,0,1,2,3,4,5,6,7,8,10,17,20
OutDegreeCount,10,15,52,5,6,3,4,1,1,1,1,1
NAValue,1,2,3,4,5,6,7,8
NACount,10,14,48,11,7,3,5,2
MPCValue,0.00000,0.52000,0.56940,0.58240,0.65000,0.69333,0.71385,0.74286,0.74880,0.77037,0.78000,0.79605,0.80308,0.80483,0.80653,0.80889,0.81714,0.82063,0.83200,0.84124,0.84741,0.85222,0.85280
MPCCount,10,15,1,1,15,31,1,2,3,1,7,1,1,1,1,1,1,1,1,1,2,1,1
Typed Out Degree
EClass eTypeParameters,1,1,1,1
EPackage eSuperPackage,1
EReference eKeys,1,1,2,2,1,1,3,1,1
EDataType eTypeParameters,1
EOperation eContainingClass,1,1,1,1,1,1,1
EAttribute eContainingClass,1,1,1,1,1,1,1,1,1,1,1,1,1,1,1,1,1,1,1,1,1,1,1,1
EReference eOpposite,1,1,1,1,1,1,1,1,1,1,1,1,1
EPackage eClassifiers,19
EDataType ePackage,1
EAttribute eType,1,1,1,1,1,1,1,1,1,1,1,1,1,1,1,1,1,1,1
EOperation eExceptions,2,2
EEnum eLiterals,5
EOperation eTypeParameters,1,1,1
EParameter eType,1,1
EClass eStructuralFeatures,7,2,5,4,4,4,5,2,2,10,2,2,2,3
EEnumLiteral eEnum,1,1,1,1,1
EReference eContainingClass,1,1,1,1,1,1,1,1,1,1,1,1,1,1,1,1,1,1,1,1,1,1,1,1,1,1,1,1,1,1
EEnum ePackage,1
EEnum eTypeParameters,2
EClass eSuperTypes,2,2,5,1,1
ETypeParameter eBounds,1
EClass ePackage,1,1,1,1,1,1,1,1,1,1,1,1,1,1,1,1,1
EOperation eParameters,2
EPackage eSubpackages,1
EClass eOperations,2,1,1,1,1,1
EParameter eOperation,1,1
EReference eType,1,1,1,1,1,1,1,1
EOperation eType,1,1
Node Type
EAttribute,EClass,EDataType,EParameter,EGenericType,EEnumLiteral,EOperation,EEnum,EReference,ETypeParameter,EPackage
0.24000000000000007,0.17,0.01,0.02,0.01,0.05,0.07,0.01,0.3000000000000001,0.09999999999999999,0.02
Edge Type
eSuperPackage,eOperation,eUpperBound,eTypeParameter,eSubpackages,eType,eSuperTypes,eParameters,eOpposite,eKeys,eTypeArguments,eModelElement,eAnnotations,ePackage,eLowerBound,eLiterals,details,eStructuralFeatures,eClassifier,eClassifiers,eTypeParameters,eContainingClass,eBounds,eEnum,eOperations,eExceptions
0.003861003861003861,0.007722007722007722,0.0,0.0,0.003861003861003861,0.11969111969111969,0.04247104247104247,0.007722007722007722,0.05019305019305019,0.05019305019305019,0.0,0.0,0.0,0.07335907335907337,0.0,0.019305019305019305,0.0,0.2084942084942085,0.0,0.07335907335907337,0.03861003861003861,0.23552123552123552,0.003861003861003861,0.019305019305019305,0.02702702702702703,0.015444015444015444
violations,9
