Meta Mode,ecore
Number of Edge types,26
Number Of Nodes,100
State Id,74_1
OutDegreeValue,0,1,2,3,4,5,6,7,8,12,14,17,20
OutDegreeCount,5,30,38,7,4,7,1,2,1,2,1,1,1
NAValue,1,2,3,4,5,6,7,9
NACount,5,23,43,10,7,7,4,1
MPCValue,0.00000,0.46222,0.52000,0.53926,0.58240,0.61360,0.63673,0.65000,0.68640,0.69333,0.71219,0.71339,0.72107,0.73917,0.74880,0.75187,0.75571,0.77037,0.77538,0.78000,0.79074,0.81120,0.81231,0.81351,0.81980,0.83200,0.84741,0.84898,0.85049,0.86667,0.87385
MPCCount,5,1,22,1,2,1,2,9,1,32,1,1,1,1,2,1,1,1,1,3,1,1,1,1,1,1,1,1,1,1,1
Typed Out Degree
EClass eTypeParameters,1,1,1
EPackage eSuperPackage,1,1
EReference eKeys,1,3,1,2,2,2,1,1,1,4
EOperation eContainingClass,1,1,1,1,1
EAttribute eContainingClass,1,1,1,1,1,1,1,1,1,1,1,1,1,1,1,1,1,1,1,1,1,1,1,1
EReference eOpposite,1,1,1,1,1,1,1
EPackage eClassifiers,18,4
EDataType ePackage,1
EAttribute eType,1,1,1,1,1,1,1,1,1,1,1,1,1,1
EOperation eExceptions,1,3
EEnum eLiterals,4
EOperation eTypeParameters,1
EParameter eType,1,1,1
EClass eStructuralFeatures,1,1,1,3,3,2,3,6,1,4,7,6,1,5,3,5,3
EEnumLiteral eEnum,1,1,1,1
EReference eContainingClass,1,1,1,1,1,1,1,1,1,1,1,1,1,1,1,1,1,1,1,1,1,1,1,1,1,1,1,1,1,1,1
EEnum ePackage,1,1
EClass eSuperTypes,1,1,9,4,1,1,6,7,3,1
ETypeParameter eBounds,2
EClass ePackage,1,1,1,1,1,1,1,1,1,1,1,1,1,1,1,1,1,1,1
EOperation eParameters,1,1,3
EPackage eSubpackages,2
EClass eOperations,1,1,1,1,1
EParameter eOperation,1,1,1,1,1
EReference eType,1,1,1,1,1,1,1,1,1
Node Type
EAttribute,EClass,EDataType,EParameter,EGenericType,EEnumLiteral,EOperation,EEnum,EReference,ETypeParameter,EPackage
0.24000000000000007,0.19000000000000003,0.01,0.05,0.02,0.04,0.05,0.02,0.3100000000000001,0.04,0.03
Edge Type
eSuperPackage,eOperation,eUpperBound,eTypeParameter,eSubpackages,eType,eSuperTypes,eParameters,eOpposite,eKeys,eTypeArguments,eModelElement,eAnnotations,ePackage,eLowerBound,eLiterals,details,eStructuralFeatures,eClassifier,eClassifiers,eTypeParameters,eContainingClass,eBounds,eEnum,eOperations,eExceptions
0.0071174377224199285,0.017793594306049824,0.0,0.0,0.0071174377224199285,0.09252669039145907,0.12099644128113879,0.017793594306049824,0.02491103202846975,0.06405693950177936,0.0,0.0,0.0,0.07829181494661921,0.0,0.014234875444839857,0.0,0.19572953736654805,0.0,0.07829181494661921,0.014234875444839857,0.21352313167259787,0.0071174377224199285,0.014234875444839857,0.017793594306049824,0.014234875444839857
violations,9
