Meta Mode,ecore
Number of Edge types,26
Number Of Nodes,100
State Id,75_1
OutDegreeValue,0,1,2,3,4,5,6,7,10,11,14,15
OutDegreeCount,8,15,46,13,7,1,5,1,1,1,1,1
NAValue,1,2,3,4,5,6,7,8
NACount,9,15,40,22,4,7,2,1
MPCValue,0.00000,0.46222,0.52000,0.53926,0.58240,0.58500,0.63673,0.65000,0.68862,0.69333,0.71339,0.74880,0.75111,0.75753,0.76729,0.77653,0.78000,0.78360,0.80000,0.80427,0.80889,0.82173,0.87360,0.87750
MPCCount,9,2,14,1,1,1,1,14,1,28,1,4,1,1,1,1,12,1,1,1,1,1,1,1
Typed Out Degree
EGenericType eTypeParameter,1,1
EClass eTypeParameters,1,1,2
EReference eKeys,1,2,2,1,2,3,4,1,2,2,2,1,2,1,2,2,2,2,2,2,1
EDataType eTypeParameters,1
EOperation eContainingClass,1,1,1,1
EAttribute eContainingClass,1,1,1,1,1,1,1,1,1,1,1,1,1,1,1,1,1,1,1,1,1,1,1,1
EReference eOpposite,1,1
EPackage eClassifiers,14
EDataType ePackage,1
EAttribute eType,1,1,1,1,1,1,1,1,1,1,1,1,1,1,1,1,1,1,1,1,1
EOperation eExceptions,2,2
EEnum eLiterals,2,5
EOperation eTypeParameters,1
EParameter eType,1
EClass eStructuralFeatures,5,4,6,8,3,4,8,2,3,2,10
EGenericType eClassifier,1,1
EEnumLiteral eEnum,1,1,1,1,1,1,1
EReference eContainingClass,1,1,1,1,1,1,1,1,1,1,1,1,1,1,1,1,1,1,1,1,1,1,1,1,1,1,1,1,1,1,1
EEnum ePackage,1,1
EGenericType eUpperBound,1,1,1
EClass eSuperTypes,1,1
ETypeParameter eBounds,2,2,1
EClass ePackage,1,1,1,1,1,1,1,1,1,1,1
EOperation eParameters,1,1
EGenericType eLowerBound,1,1,1
EClass eOperations,1,1,1,1
EParameter eOperation,1,1
EReference eType,1,1,1,1,1,1,1,1,1
EOperation eType,1,1,1
Node Type
EClass,EAttribute,EDataType,EParameter,EGenericType,EOperation,EEnumLiteral,EEnum,EReference,ETypeParameter,EPackage
0.10999999999999999,0.24000000000000007,0.01,0.02,0.10999999999999999,0.04,0.07,0.02,0.3100000000000001,0.060000000000000005,0.01
Edge Type
eSuperPackage,eOperation,eUpperBound,eTypeParameter,eSubpackages,eType,eSuperTypes,eParameters,eOpposite,eKeys,eTypeArguments,eModelElement,eAnnotations,ePackage,eLowerBound,eLiterals,details,eStructuralFeatures,eClassifier,eClassifiers,eTypeParameters,eContainingClass,eBounds,eEnum,eOperations,eExceptions
0.0,0.007518796992481203,0.011278195488721804,0.007518796992481203,0.0,0.12781954887218044,0.007518796992481203,0.007518796992481203,0.007518796992481203,0.14661654135338345,0.0,0.0,0.0,0.05263157894736842,0.011278195488721804,0.02631578947368421,0.0,0.20676691729323307,0.007518796992481203,0.05263157894736842,0.022556390977443608,0.22180451127819548,0.018796992481203006,0.02631578947368421,0.015037593984962405,0.015037593984962405
violations,2
