Meta Mode,ecore
Number of Edge types,26
Number Of Nodes,100
State Id,76_1
OutDegreeValue,0,1,2,3,4,5,6,8,10,11,12,18
OutDegreeCount,6,26,39,9,4,5,4,1,1,2,2,1
NAValue,1,2,3,4,5,6,7
NACount,6,22,35,19,6,7,5
MPCValue,0.00000,0.46222,0.52000,0.57457,0.58240,0.63673,0.65000,0.69333,0.71500,0.74286,0.74880,0.75347,0.76408,0.76729,0.76917,0.77187,0.78000,0.79512,0.80080,0.80653,0.80889,0.81714,0.82048,0.82083,0.82173,0.83200,0.84898
MPCCount,6,1,24,1,3,2,7,23,1,1,3,1,1,1,1,1,13,1,1,1,1,1,1,1,1,1,1
Typed Out Degree
EPackage eSuperPackage,1,1
EGenericType eTypeArguments,1
EReference eKeys,1,1,4,3,2,4,1,2,1,2,1,1,1,3
EDataType eTypeParameters,1,1
EOperation eContainingClass,1,1,1,1,1,1,1
EAttribute eContainingClass,1,1,1,1,1,1,1,1,1,1,1,1,1,1,1,1,1,1,1,1,1,1,1,1,1
EReference eOpposite,1,1,1,1,1,1,1,1,1,1
EPackage eClassifiers,1,17,2
EDataType ePackage,1,1
EAttribute eType,1,1,1,1,1,1,1,1,1,1,1,1
EOperation eExceptions,1,1
EEnum eLiterals,4
EOperation eTypeParameters,1
EClass eStructuralFeatures,2,5,1,5,3,4,7,2,8,2,4,2,1,4,6
EEnumLiteral eEnum,1,1,1,1
EReference eContainingClass,1,1,1,1,1,1,1,1,1,1,1,1,1,1,1,1,1,1,1,1,1,1,1,1,1,1,1,1,1,1,1
EEnum ePackage,1,1
EEnum eTypeParameters,1,1
EClass eSuperTypes,2,5,1,2,3,2,3,1,1,1,5,3
ETypeParameter eBounds,1,2
EClass ePackage,1,1,1,1,1,1,1,1,1,1,1,1,1,1,1,1
EOperation eParameters,1
EPackage eSubpackages,1,1
EClass eOperations,1,1,1,1,1,1,1
EParameter eOperation,1
EReference eType,1,1,1,1,1,1,1
EOperation eType,1,1
Node Type
EAttribute,EClass,EDataType,EParameter,EGenericType,EOperation,EEnumLiteral,EEnum,EReference,EPackage,ETypeParameter
0.25000000000000006,0.16,0.02,0.01,0.04,0.07,0.04,0.02,0.3100000000000001,0.03,0.05
Edge Type
eSuperPackage,eOperation,eUpperBound,eTypeParameter,eSubpackages,eType,eSuperTypes,eParameters,eOpposite,eKeys,eTypeArguments,eModelElement,eAnnotations,ePackage,eLowerBound,eLiterals,details,eStructuralFeatures,eClassifier,eClassifiers,eTypeParameters,eContainingClass,eBounds,eEnum,eOperations,eExceptions
0.007194244604316547,0.0035971223021582736,0.0,0.0,0.007194244604316547,0.07553956834532374,0.10431654676258993,0.0035971223021582736,0.03597122302158273,0.09712230215827339,0.0035971223021582736,0.0,0.0,0.07194244604316546,0.0,0.014388489208633094,0.0,0.2014388489208633,0.0,0.07194244604316546,0.017985611510791366,0.22661870503597123,0.01079136690647482,0.014388489208633094,0.025179856115107913,0.007194244604316547
violations,9
