Meta Mode,ecore
Number of Edge types,26
Number Of Nodes,100
State Id,77_1
OutDegreeValue,0,1,2,3,4,5,6,7,8,10,17,21
OutDegreeCount,3,30,39,12,2,2,4,3,1,2,1,1
NAValue,1,2,3,4,5,6,7,8
NACount,3,23,40,16,7,8,2,1
MPCValue,0.00000,0.52000,0.58240,0.60961,0.65000,0.68640,0.69333,0.71259,0.72313,0.72543,0.74880,0.75111,0.76408,0.77910,0.78000,0.78936,0.79502,0.80247,0.80889,0.82512,0.83200,0.84898,0.88082
MPCCount,3,23,1,1,14,1,28,1,1,1,3,3,1,1,6,1,1,1,3,1,2,2,1
Typed Out Degree
EClass eTypeParameters,1,1
EPackage eSuperPackage,1,1,1,1
EReference eKeys,2,1,1,1,1,3,2,1,2,1,2,1,1,1,1,1
EDataType eTypeParameters,1
EOperation eContainingClass,1,1,1,1,1,1,1
EAttribute eContainingClass,1,1,1,1,1,1,1,1,1,1,1,1,1,1,1,1,1,1,1,1,1,1,1,1
EReference eOpposite,1,1,1,1,1,1,1,1,1,1
EPackage eClassifiers,2,1,19,1
EDataType ePackage,1,1
EAttribute eType,1,1,1,1,1,1,1,1,1
EOperation eExceptions,1,1,1
EEnum eLiterals,6
EParameter eType,1,1
EClass eStructuralFeatures,5,9,3,3,1,3,2,5,6,4,1,1,4,1,2,4
EEnumLiteral eEnum,1,1,1,1,1,1
EReference eContainingClass,1,1,1,1,1,1,1,1,1,1,1,1,1,1,1,1,1,1,1,1,1,1,1,1,1,1,1,1,1,1
EEnum ePackage,1,1,1
EClass eSuperTypes,1,7,1,1,6,1,1,1,5
EClass ePackage,1,1,1,1,1,1,1,1,1,1,1,1,1,1,1,1,1,1
EOperation eParameters,1,1
EPackage eSubpackages,1,2,1
EClass eOperations,1,1,1,1,1,1,1
EParameter eOperation,1,1
EReference eType,1,1,1,1,1,1,1
EOperation eType,1
Node Type
EAttribute,EClass,EDataType,EParameter,EOperation,EEnumLiteral,EEnum,EReference,ETypeParameter,EPackage
0.24000000000000007,0.18000000000000002,0.02,0.02,0.07,0.060000000000000005,0.03,0.3000000000000001,0.03,0.05
Edge Type
eSuperPackage,eOperation,eUpperBound,eTypeParameter,eSubpackages,eType,eSuperTypes,eParameters,eOpposite,eKeys,eTypeArguments,eModelElement,eAnnotations,ePackage,eLowerBound,eLiterals,details,eStructuralFeatures,eClassifier,eClassifiers,eTypeParameters,eContainingClass,eBounds,eEnum,eOperations,eExceptions
0.014652014652014652,0.007326007326007326,0.0,0.0,0.014652014652014652,0.0695970695970696,0.08791208791208792,0.007326007326007326,0.03663003663003663,0.08058608058608059,0.0,0.0,0.0,0.08424908424908426,0.0,0.02197802197802198,0.0,0.1978021978021978,0.0,0.08424908424908426,0.01098901098901099,0.22344322344322345,0.0,0.02197802197802198,0.02564102564102564,0.01098901098901099
violations,8
