Meta Mode,ecore
Number of Edge types,26
Number Of Nodes,100
State Id,78_1
OutDegreeValue,0,1,2,3,4,5,6,7,8,14,18
OutDegreeCount,3,36,35,8,4,6,1,3,1,2,1
NAValue,1,2,3,4,5,6,7
NACount,3,28,37,15,8,7,2
MPCValue,0.00000,0.52000,0.57457,0.58240,0.63673,0.64735,0.65000,0.69333,0.71500,0.74880,0.75111,0.76960,0.77191,0.77653,0.78000,0.79074,0.80653,0.80889,0.80918,0.81351,0.81531,0.82512,0.83200
MPCCount,3,28,1,2,1,1,8,27,1,5,2,1,1,2,3,2,2,4,1,1,1,2,1
Typed Out Degree
EClass eTypeParameters,1,1
EPackage eSuperPackage,1,1
EGenericType eTypeArguments,1
EReference eKeys,1,3,1,2,1,1,1,2,1,2,2
EOperation eContainingClass,1,1,1,1,1,1,1
EAttribute eContainingClass,1,1,1,1,1,1,1,1,1,1,1,1,1,1,1,1,1,1,1,1,1,1,1
EReference eOpposite,1,1,1,1,1,1
EPackage eClassifiers,17,2,3
EDataType ePackage,1
EAttribute eType,1,1,1,1,1,1,1,1,1,1,1
EEnum eLiterals,5
EParameter eType,1
EClass eStructuralFeatures,2,1,7,3,6,2,4,9,5,3,3,3,2,1,1,3
EGenericType eClassifier,1
EEnumLiteral eEnum,1,1,1,1,1
EReference eContainingClass,1,1,1,1,1,1,1,1,1,1,1,1,1,1,1,1,1,1,1,1,1,1,1,1,1,1,1,1,1,1,1,1
EEnum ePackage,1,1
EEnum eTypeParameters,1
EClass eSuperTypes,5,1,1,4,4,1,1
ETypeParameter eBounds,1
EClass ePackage,1,1,1,1,1,1,1,1,1,1,1,1,1,1,1,1,1,1,1
EOperation eParameters,1,1,1
EPackage eSubpackages,1,1
EClass eOperations,1,2,1,1,1,1
EParameter eOperation,1,1,1
EReference eType,1,1,1,1,1,1,1,1,1,1
EOperation eType,1
Node Type
EClass,EAttribute,EDataType,EParameter,EGenericType,EEnumLiteral,EOperation,EEnum,EReference,ETypeParameter,EPackage
0.19000000000000003,0.23000000000000007,0.01,0.03,0.02,0.05,0.07,0.02,0.3200000000000001,0.03,0.03
Edge Type
eSuperPackage,eOperation,eUpperBound,eTypeParameter,eSubpackages,eType,eSuperTypes,eParameters,eOpposite,eKeys,eTypeArguments,eModelElement,eAnnotations,ePackage,eLowerBound,eLiterals,details,eStructuralFeatures,eClassifier,eClassifiers,eTypeParameters,eContainingClass,eBounds,eEnum,eOperations,eExceptions
0.007782101167315175,0.011673151750972763,0.0,0.0,0.007782101167315175,0.08949416342412451,0.06614785992217899,0.011673151750972763,0.023346303501945526,0.06614785992217899,0.0038910505836575876,0.0,0.0,0.08560311284046693,0.0,0.019455252918287938,0.0,0.2140077821011673,0.0038910505836575876,0.08560311284046693,0.011673151750972763,0.24124513618677043,0.0038910505836575876,0.019455252918287938,0.027237354085603113,0.0
violations,9
