Meta Mode,ecore
Number of Edge types,26
Number Of Nodes,100
State Id,79_1
OutDegreeValue,0,1,2,3,4,5,6,7,9,15,18,20
OutDegreeCount,12,16,44,11,6,1,2,4,1,1,1,1
NAValue,1,2,3,4,5,6,7,9
NACount,12,13,43,15,3,10,3,1
MPCValue,0.00000,0.46222,0.52000,0.58240,0.58500,0.63673,0.65000,0.69333,0.74880,0.75347,0.77204,0.78000,0.78650,0.79040,0.79170,0.80000,0.80080,0.80889,0.81351,0.82333,0.83200,0.84898,0.85583,0.85959
MPCCount,12,1,12,3,1,1,12,29,3,1,1,9,1,1,1,1,1,1,1,1,2,3,1,1
Typed Out Degree
EGenericType eTypeParameter,1
EClass eTypeParameters,1,1,2,2
EGenericType eTypeArguments,1,1
EReference eKeys,1,2,1,1,3,1,2,2,2,1,3,1,1,3,1,1
EDataType eTypeParameters,1
EOperation eContainingClass,1,1,1,1
EAttribute eContainingClass,1,1,1,1,1,1,1,1,1,1,1,1,1,1,1,1,1,1,1,1,1,1,1
EReference eOpposite,1,1,1,1,1,1,1
EPackage eClassifiers,18
EDataType ePackage,1
EAttribute eType,1,1,1,1,1,1,1,1,1,1,1,1,1,1,1,1,1
EOperation eExceptions,2
EEnum eLiterals,4
EOperation eTypeParameters,1
EParameter eType,1
EClass eStructuralFeatures,5,5,1,3,1,9,1,3,3,1,5,12,5,1
EGenericType eClassifier,1,1
EEnumLiteral eEnum,1,1,1,1
EReference eContainingClass,1,1,1,1,1,1,1,1,1,1,1,1,1,1,1,1,1,1,1,1,1,1,1,1,1,1,1,1,1,1,1,1
EEnum ePackage,1
EGenericType eUpperBound,1
EEnum eTypeParameters,1
EClass eSuperTypes,1,1,2,1,5,1,1,1,7,1
ETypeParameter eBounds,2,1
EClass ePackage,1,1,1,1,1,1,1,1,1,1,1,1,1,1,1,1
EOperation eParameters,1
EGenericType eLowerBound,1,1
EClass eOperations,2,1,1
EParameter eOperation,1
EReference eType,1,1,1,1,1,1,1,1
EOperation eType,1,1
Node Type
EAttribute,EClass,EDataType,EParameter,EGenericType,EEnumLiteral,EOperation,EEnum,EReference,ETypeParameter,EPackage
0.23000000000000007,0.16,0.01,0.01,0.08,0.04,0.04,0.01,0.3200000000000001,0.09,0.01
Edge Type
eSuperPackage,eOperation,eUpperBound,eTypeParameter,eSubpackages,eType,eSuperTypes,eParameters,eOpposite,eKeys,eTypeArguments,eModelElement,eAnnotations,ePackage,eLowerBound,eLiterals,details,eStructuralFeatures,eClassifier,eClassifiers,eTypeParameters,eContainingClass,eBounds,eEnum,eOperations,eExceptions
0.0,0.0037313432835820895,0.0037313432835820895,0.0037313432835820895,0.0,0.1044776119402985,0.07835820895522388,0.0037313432835820895,0.026119402985074626,0.09701492537313433,0.007462686567164179,0.0,0.0,0.06716417910447761,0.007462686567164179,0.014925373134328358,0.0,0.20522388059701493,0.007462686567164179,0.06716417910447761,0.033582089552238806,0.22014925373134328,0.011194029850746268,0.014925373134328358,0.014925373134328358,0.007462686567164179
violations,5
