Meta Mode,ecore
Number of Edge types,26
Number Of Nodes,100
State Id,7_1
OutDegreeValue,0,1,2,3,4,5,6,7,8,9,11,12
OutDegreeCount,10,20,45,9,3,4,3,1,1,2,1,1
NAValue,1,2,3,4,5,6,7,8
NACount,10,16,44,15,4,7,3,1
MPCValue,0.00000,0.46222,0.52000,0.58240,0.58500,0.59944,0.60595,0.65000,0.69333,0.71385,0.71500,0.73751,0.73917,0.74880,0.75111,0.78000,0.79560,0.80889,0.81231,0.81250,0.82333,0.83200,0.84923,0.86667
MPCCount,10,1,15,2,1,1,1,12,30,1,1,2,1,4,1,7,1,1,1,1,1,3,1,1
Typed Out Degree
EClass eTypeParameters,1,1,1
EPackage eSuperPackage,1
EReference eKeys,1,1,1,2,1,1,2,2,1,2,2,1,1,1,1,2
EDataType eTypeParameters,1,1
EOperation eContainingClass,1,1,1,1,1,1,1
EAttribute eContainingClass,1,1,1,1,1,1,1,1,1,1,1,1,1,1,1,1,1,1,1,1,1,1,1,1
EReference eOpposite,1,1,1
EPackage eClassifiers,11,10
EDataType ePackage,1,1
EAttribute eType,1,1,1,1,1,1,1,1,1,1,1,1,1,1
EOperation eExceptions,1,1,1
EEnum eLiterals,2,3
EOperation eTypeParameters,1,1,1
EParameter eType,1
EClass eStructuralFeatures,3,4,7,7,4,5,1,2,4,2,6,3,2,2
EEnumLiteral eEnum,1,1,1,1,1
EReference eContainingClass,1,1,1,1,1,1,1,1,1,1,1,1,1,1,1,1,1,1,1,1,1,1,1,1,1,1,1,1
EEnum ePackage,1,1,1
EGenericType eUpperBound,1
EEnum eTypeParameters,1
EClass eSuperTypes,1,1,1,2
ETypeParameter eBounds,2
EClass ePackage,1,1,1,1,1,1,1,1,1,1,1,1,1,1,1,1
EOperation eParameters,1
EPackage eSubpackages,1
EClass eOperations,1,1,1,1,1,2
EParameter eOperation,1
EReference eType,1,1,1,1,1,1,1
EOperation eType,1,1
Node Type
EClass,EAttribute,EDataType,EParameter,EGenericType,EEnumLiteral,EOperation,EEnum,EReference,ETypeParameter,EPackage
0.16,0.24000000000000007,0.02,0.01,0.03,0.05,0.07,0.03,0.2800000000000001,0.09,0.02
Edge Type
eSuperPackage,eOperation,eUpperBound,eTypeParameter,eSubpackages,eType,eSuperTypes,eParameters,eOpposite,eKeys,eTypeArguments,eModelElement,eAnnotations,ePackage,eLowerBound,eLiterals,details,eStructuralFeatures,eClassifier,eClassifiers,eTypeParameters,eContainingClass,eBounds,eEnum,eOperations,eExceptions
0.00411522633744856,0.00411522633744856,0.00411522633744856,0.0,0.00411522633744856,0.09876543209876543,0.0205761316872428,0.00411522633744856,0.012345679012345678,0.09053497942386832,0.0,0.0,0.0,0.08641975308641975,0.0,0.0205761316872428,0.0,0.2139917695473251,0.0,0.08641975308641975,0.037037037037037035,0.24279835390946503,0.00823045267489712,0.0205761316872428,0.02880658436213992,0.012345679012345678
violations,1
