Meta Mode,ecore
Number of Edge types,26
Number Of Nodes,100
State Id,80_1
OutDegreeValue,0,1,2,3,4,5,6,7,8,10,11,13
OutDegreeCount,9,21,43,7,5,4,2,4,2,1,1,1
NAValue,1,2,3,4,5,6,7,8
NACount,9,20,38,14,7,7,4,1
MPCValue,0.00000,0.52000,0.58240,0.63673,0.64735,0.65000,0.69333,0.70462,0.71500,0.73917,0.74880,0.76556,0.77037,0.77653,0.78000,0.78769,0.79040,0.79560,0.80437,0.81817,0.83200,0.84124,0.84500,0.84741,0.84760,0.85049,0.87360
MPCCount,9,21,2,1,2,10,25,1,2,1,3,1,1,1,6,1,1,1,1,1,2,1,2,1,1,1,1
Typed Out Degree
EClass eTypeParameters,2,1,1,1,2
EPackage eSuperPackage,1,1,1
EReference eKeys,1,1,1,2,1,1
EDataType eTypeParameters,1
EOperation eContainingClass,1,1,1,1
EAttribute eContainingClass,1,1,1,1,1,1,1,1,1,1,1,1,1,1,1,1,1,1,1,1,1,1,1,1
EReference eOpposite,1,1,1,1,1,1,1,1,1,1,1,1,1,1,1,1,1
EPackage eClassifiers,6,6,10
EDataType ePackage,1
EAttribute eType,1,1,1,1,1,1,1,1,1,1,1,1,1,1,1,1,1
EOperation eExceptions,1,1
EEnum eLiterals,3
EOperation eTypeParameters,1
EParameter eType,1
EClass eStructuralFeatures,4,1,5,1,2,1,1,5,6,3,2,1,2,3,3,4,4,4,3
EEnumLiteral eEnum,1,1,1
EReference eContainingClass,1,1,1,1,1,1,1,1,1,1,1,1,1,1,1,1,1,1,1,1,1,1,1,1,1,1,1,1,1,1,1
EEnum ePackage,1
EClass eSuperTypes,4,1,2,1,2,1,4,3,2,2,1
ETypeParameter eBounds,1
EClass ePackage,1,1,1,1,1,1,1,1,1,1,1,1,1,1,1,1,1,1,1,1
EOperation eParameters,1,1
EPackage eSubpackages,1,2
EClass eOperations,1,2,1
EParameter eOperation,1,1
EReference eType,1,1,1
Node Type
EAttribute,EClass,EDataType,EParameter,EGenericType,EEnumLiteral,EOperation,EEnum,EReference,ETypeParameter,EPackage
0.24000000000000007,0.20000000000000004,0.01,0.02,0.01,0.03,0.04,0.01,0.3100000000000001,0.09,0.04
Edge Type
eSuperPackage,eOperation,eUpperBound,eTypeParameter,eSubpackages,eType,eSuperTypes,eParameters,eOpposite,eKeys,eTypeArguments,eModelElement,eAnnotations,ePackage,eLowerBound,eLiterals,details,eStructuralFeatures,eClassifier,eClassifiers,eTypeParameters,eContainingClass,eBounds,eEnum,eOperations,eExceptions
0.011627906976744186,0.007751937984496124,0.0,0.0,0.011627906976744186,0.08139534883720931,0.08914728682170543,0.007751937984496124,0.06589147286821706,0.027131782945736434,0.0,0.0,0.0,0.08527131782945736,0.0,0.011627906976744186,0.0,0.2131782945736434,0.0,0.08527131782945736,0.03488372093023256,0.22868217054263565,0.003875968992248062,0.011627906976744186,0.015503875968992248,0.007751937984496124
violations,13
