Meta Mode,ecore
Number of Edge types,26
Number Of Nodes,100
State Id,81_1
OutDegreeValue,0,1,2,3,4,5,6,7,8,12
OutDegreeCount,5,28,42,7,6,4,4,1,1,2
NAValue,1,2,3,4,5,6,7
NACount,5,20,49,7,9,9,1
MPCValue,0.00000,0.52000,0.59944,0.65000,0.66444,0.67654,0.69333,0.73956,0.75111,0.76556,0.77037,0.78000,0.79074,0.80000,0.80653,0.80889,0.81250,0.82173,0.82333,0.83200,0.84500
MPCCount,5,20,2,13,1,1,36,1,1,2,2,4,1,1,1,2,1,2,1,1,2
Typed Out Degree
EClass eTypeParameters,1,1,1
EPackage eSuperPackage,1
EReference eKeys,2,1,2,1,1,1,2,1,1,1,1
EOperation eContainingClass,1,1,1,1,1,1,1
EAttribute eContainingClass,1,1,1,1,1,1,1,1,1,1,1,1,1,1,1,1,1,1,1,1,1,1,1,1
EReference eOpposite,1,1,1,1,1
EPackage eClassifiers,11,11
EAttribute eType,1,1,1,1,1,1,1,1,1,1,1
EOperation eExceptions,1
EEnum eLiterals,5,3
EOperation eTypeParameters,1
EParameter eType,1,1
EClass eStructuralFeatures,2,3,1,3,3,1,4,4,2,2,4,2,4,1,1,2,7,5,3
EEnumLiteral eEnum,1,1,1,1,1,1,1,1
EReference eContainingClass,1,1,1,1,1,1,1,1,1,1,1,1,1,1,1,1,1,1,1,1,1,1,1,1,1,1,1,1,1,1
EEnum ePackage,1,1,1
EEnum eTypeParameters,1
EClass eSuperTypes,1,1,1
EClass ePackage,1,1,1,1,1,1,1,1,1,1,1,1,1,1,1,1,1,1,1
EOperation eParameters,1,1
EPackage eSubpackages,1
EClass eOperations,1,2,1,1,1,1
EParameter eOperation,1,1
EReference eType,1,1,1,1,1,1,1,1,1
EOperation eType,1,1
Node Type
EClass,EAttribute,EParameter,EOperation,EEnumLiteral,EEnum,EReference,ETypeParameter,EPackage
0.19000000000000003,0.24000000000000007,0.02,0.07,0.08,0.03,0.3000000000000001,0.05,0.02
Edge Type
eSuperPackage,eOperation,eUpperBound,eTypeParameter,eSubpackages,eType,eSuperTypes,eParameters,eOpposite,eKeys,eTypeArguments,eModelElement,eAnnotations,ePackage,eLowerBound,eLiterals,details,eStructuralFeatures,eClassifier,eClassifiers,eTypeParameters,eContainingClass,eBounds,eEnum,eOperations,eExceptions
0.004166666666666667,0.008333333333333333,0.0,0.0,0.004166666666666667,0.1,0.0125,0.008333333333333333,0.020833333333333332,0.058333333333333334,0.0,0.0,0.0,0.09166666666666666,0.0,0.03333333333333333,0.0,0.225,0.0,0.09166666666666666,0.020833333333333332,0.25416666666666665,0.0,0.03333333333333333,0.029166666666666667,0.004166666666666667
violations,0
