Meta Mode,ecore
Number of Edge types,26
Number Of Nodes,100
State Id,82_1
OutDegreeValue,0,1,2,3,4,5,6,7,8,9,11,14,20
OutDegreeCount,7,17,45,12,7,3,2,1,1,1,1,2,1
NAValue,1,2,3,4,5,6,7,8
NACount,7,16,41,17,9,3,5,2
MPCValue,0.00000,0.46222,0.52000,0.56940,0.58240,0.58500,0.63673,0.65000,0.69333,0.73917,0.74286,0.74469,0.74880,0.75111,0.76926,0.78000,0.78578,0.79040,0.79074,0.80653,0.80918,0.81122,0.81250,0.82160,0.82276,0.83200,0.84741,0.84898,0.87750,0.89877
MPCCount,7,1,15,1,2,2,2,14,27,1,1,1,1,1,1,8,1,1,1,1,1,1,1,1,1,2,1,1,1,1
Typed Out Degree
EClass eTypeParameters,1,1,1,1
EPackage eSuperPackage,1
EReference eKeys,1,1,2,2,1,1,2,3,4,3,1,3,2,2
EDataType eTypeParameters,1
EOperation eContainingClass,1,1,1,1,1,1,1
EAttribute eContainingClass,1,1,1,1,1,1,1,1,1,1,1,1,1,1,1,1,1,1,1,1,1,1,1,1,1,1
EReference eOpposite,1,1,1,1,1,1,1
EPackage eClassifiers,19,2
EDataType ePackage,1,1
EAttribute eType,1,1,1,1,1,1,1,1,1,1,1,1,1,1,1,1,1,1,1
EOperation eExceptions,2,1
EEnum eLiterals,3
EOperation eTypeParameters,1
EParameter eType,1
EClass eStructuralFeatures,3,5,7,5,3,4,4,2,1,1,7,5,5,2,2,1
EEnumLiteral eEnum,1,1,1
EReference eContainingClass,1,1,1,1,1,1,1,1,1,1,1,1,1,1,1,1,1,1,1,1,1,1,1,1,1,1,1,1,1,1,1
EEnum ePackage,1
EClass eSuperTypes,3,1,5,1,1,3,1,5,1,1
ETypeParameter eBounds,1,2
EClass ePackage,1,1,1,1,1,1,1,1,1,1,1,1,1,1,1,1,1,1
EOperation eParameters,1
EPackage eSubpackages,1
EClass eOperations,2,1,1,3
EParameter eOperation,1
EReference eType,1,1,1,1,1,1,1,1
EOperation eType,1,1,1,1
Node Type
EAttribute,EClass,EDataType,EParameter,EGenericType,EEnumLiteral,EOperation,EEnum,EReference,ETypeParameter,EPackage
0.26000000000000006,0.18000000000000002,0.02,0.01,0.03,0.03,0.07,0.01,0.3100000000000001,0.060000000000000005,0.02
Edge Type
eSuperPackage,eOperation,eUpperBound,eTypeParameter,eSubpackages,eType,eSuperTypes,eParameters,eOpposite,eKeys,eTypeArguments,eModelElement,eAnnotations,ePackage,eLowerBound,eLiterals,details,eStructuralFeatures,eClassifier,eClassifiers,eTypeParameters,eContainingClass,eBounds,eEnum,eOperations,eExceptions
0.0035587188612099642,0.0035587188612099642,0.0,0.0,0.0035587188612099642,0.11387900355871886,0.07829181494661921,0.0035587188612099642,0.02491103202846975,0.099644128113879,0.0,0.0,0.0,0.07473309608540925,0.0,0.010676156583629894,0.0,0.20284697508896798,0.0,0.07473309608540925,0.021352313167259787,0.2277580071174377,0.010676156583629894,0.010676156583629894,0.02491103202846975,0.010676156583629894
violations,5
