Meta Mode,ecore
Number of Edge types,26
Number Of Nodes,100
State Id,83_1
OutDegreeValue,0,1,2,3,4,5,6,7,8,9,10,14
OutDegreeCount,3,30,48,3,2,4,3,2,1,1,2,1
NAValue,1,2,3,4,5,6,7
NACount,3,24,45,13,7,7,1
MPCValue,0.00000,0.52000,0.58898,0.62272,0.65000,0.68640,0.69333,0.71500,0.73917,0.74286,0.74469,0.74880,0.75887,0.77538,0.77653,0.78000,0.79074,0.80653,0.80889,0.83200,0.83488,0.84231,0.84898
MPCCount,3,24,1,1,11,1,34,2,1,1,1,1,1,1,1,8,1,1,1,2,1,1,1
Typed Out Degree
EClass eTypeParameters,1
EPackage eSuperPackage,1
EReference eKeys,1,1,1,1,1,1,1,1,1,1,1
EDataType eTypeParameters,1
EOperation eContainingClass,1,1,1,1,1,1,1,1
EAttribute eContainingClass,1,1,1,1,1,1,1,1,1,1,1,1,1,1,1,1,1,1,1,1,1,1,1
EReference eOpposite,1,1,1,1,1,1,1
EPackage eClassifiers,8,13
EDataType ePackage,1,1
EAttribute eType,1,1,1,1,1,1,1,1,1,1,1,1,1
EEnum eLiterals,4
EOperation eTypeParameters,1
EParameter eType,1
EClass eStructuralFeatures,3,5,5,3,9,4,6,4,1,1,4,8,1
EEnumLiteral eEnum,1,1,1,1
EReference eContainingClass,1,1,1,1,1,1,1,1,1,1,1,1,1,1,1,1,1,1,1,1,1,1,1,1,1,1,1,1,1,1,1
EEnum ePackage,1
EClass eSuperTypes,1,1,1,1,1,2,1
ETypeParameter eBounds,1
EClass ePackage,1,1,1,1,1,1,1,1,1,1,1,1,1,1,1,1,1,1
EOperation eParameters,1,1,1,4
EPackage eSubpackages,1
EClass eOperations,1,1,2,1,1,1,1
EParameter eOperation,1,1,1,1,1,1,1
EReference eType,1,1,1,1,1,1,1,1
EOperation eType,1,1,1,1
Node Type
EClass,EAttribute,EDataType,EParameter,EGenericType,EEnumLiteral,EOperation,EEnum,EReference,ETypeParameter,EPackage
0.18000000000000002,0.23000000000000007,0.02,0.07,0.01,0.04,0.08,0.01,0.3100000000000001,0.03,0.02
Edge Type
eSuperPackage,eOperation,eUpperBound,eTypeParameter,eSubpackages,eType,eSuperTypes,eParameters,eOpposite,eKeys,eTypeArguments,eModelElement,eAnnotations,ePackage,eLowerBound,eLiterals,details,eStructuralFeatures,eClassifier,eClassifiers,eTypeParameters,eContainingClass,eBounds,eEnum,eOperations,eExceptions
0.0040650406504065045,0.028455284552845527,0.0,0.0,0.0040650406504065045,0.10569105691056911,0.032520325203252036,0.028455284552845527,0.028455284552845527,0.044715447154471545,0.0,0.0,0.0,0.08536585365853659,0.0,0.016260162601626018,0.0,0.21951219512195122,0.0,0.08536585365853659,0.012195121951219513,0.25203252032520324,0.0040650406504065045,0.016260162601626018,0.032520325203252036,0.0
violations,0
