Meta Mode,ecore
Number of Edge types,26
Number Of Nodes,100
State Id,84_1
OutDegreeValue,0,1,2,3,4,5,6,7,8,9,12,13,14,18
OutDegreeCount,8,19,39,11,9,1,3,2,2,2,1,1,1,1
NAValue,1,2,3,4,5,6,7,8
NACount,8,15,37,20,6,8,5,1
MPCValue,0.00000,0.38519,0.46694,0.52000,0.53926,0.57457,0.58240,0.58500,0.63673,0.65000,0.69333,0.72313,0.74880,0.74903,0.75920,0.76408,0.77037,0.77823,0.78000,0.79074,0.80889,0.81231,0.81531,0.82044,0.82875,0.83200,0.84898,0.85973,0.86667,0.87309
MPCCount,8,1,2,15,1,1,6,2,2,5,26,1,3,1,1,1,1,1,8,1,1,1,1,1,1,3,2,1,1,1
Typed Out Degree
EGenericType eTypeParameter,1
EClass eTypeParameters,1,2,1,1,1
EPackage eSuperPackage,1
EReference eKeys,7,2,5,1,1,3,3,1,2,2,3,1,6,2
EDataType eTypeParameters,1
EOperation eContainingClass,1,1,1,1,1
EAttribute eContainingClass,1,1,1,1,1,1,1,1,1,1,1,1,1,1,1,1,1,1,1,1,1,1,1
EReference eOpposite,1,1,1,1,1,1,1,1,1,1
EPackage eClassifiers,1,17
EDataType ePackage,1
EAttribute eType,1,1,1,1,1,1,1,1,1,1,1,1,1,1,1,1,1,1
EOperation eExceptions,1
EEnum eLiterals,6
EOperation eTypeParameters,1
EParameter eType,1,1
EClass eStructuralFeatures,7,3,3,4,8,5,2,3,7,2,7,1,2
EGenericType eClassifier,1
EEnumLiteral eEnum,1,1,1,1,1,1
EReference eContainingClass,1,1,1,1,1,1,1,1,1,1,1,1,1,1,1,1,1,1,1,1,1,1,1,1,1,1,1,1,1,1,1
EEnum ePackage,1,1
EClass eSuperTypes,1,1,1,1,2,1,3,5,5,1
ETypeParameter eBounds,1,1,1
EClass ePackage,1,1,1,1,1,1,1,1,1,1,1,1,1,1,1
EOperation eParameters,1,1
EPackage eSubpackages,1
EGenericType eLowerBound,1,1
EClass eOperations,2,1,1,1
EParameter eOperation,1,1
EReference eType,1,1,1,1,1,1,1,1,1,1,1,1
EOperation eType,1,1,1,1
Node Type
EAttribute,EClass,EDataType,EParameter,EGenericType,EEnumLiteral,EOperation,EEnum,EReference,ETypeParameter,EPackage
0.23000000000000007,0.15,0.01,0.02,0.05,0.060000000000000005,0.05,0.02,0.3100000000000001,0.08,0.02
Edge Type
eSuperPackage,eOperation,eUpperBound,eTypeParameter,eSubpackages,eType,eSuperTypes,eParameters,eOpposite,eKeys,eTypeArguments,eModelElement,eAnnotations,ePackage,eLowerBound,eLiterals,details,eStructuralFeatures,eClassifier,eClassifiers,eTypeParameters,eContainingClass,eBounds,eEnum,eOperations,eExceptions
0.003401360544217687,0.006802721088435374,0.0,0.003401360544217687,0.003401360544217687,0.12244897959183673,0.07142857142857142,0.006802721088435374,0.034013605442176874,0.1326530612244898,0.0,0.0,0.0,0.061224489795918366,0.006802721088435374,0.02040816326530612,0.0,0.1836734693877551,0.003401360544217687,0.061224489795918366,0.027210884353741496,0.20068027210884354,0.01020408163265306,0.02040816326530612,0.017006802721088437,0.003401360544217687
violations,12
