Meta Mode,ecore
Number of Edge types,26
Number Of Nodes,100
State Id,85_1
OutDegreeValue,0,1,2,3,4,5,6,7,8,11,13,19
OutDegreeCount,8,23,42,12,3,1,2,3,2,2,1,1
NAValue,1,2,3,4,5,6,7,8
NACount,8,19,41,16,3,7,5,1
MPCValue,0.00000,0.46222,0.52000,0.57186,0.58240,0.63673,0.65000,0.69333,0.71500,0.74880,0.75804,0.75833,0.76615,0.77037,0.77653,0.78000,0.80609,0.82048,0.82173,0.83200,0.83885,0.84500,0.84741,0.87750
MPCCount,8,1,18,1,3,1,12,26,1,5,1,1,1,1,1,8,1,1,1,2,1,3,1,1
Typed Out Degree
EClass eTypeParameters,1,1,1,1,1
EPackage eSuperPackage,1
EReference eKeys,1,2,1,1,1,2,1,2,1,1,1,1,2
EOperation eContainingClass,1,1,1,1,1,1
EAttribute eContainingClass,1,1,1,1,1,1,1,1,1,1,1,1,1,1,1,1,1,1,1,1,1,1,1,1
EReference eOpposite,1,1,1,1,1,1,1,1,1,1,1,1
EPackage eClassifiers,3,18
EDataType ePackage,1,1
EAttribute eType,1,1,1,1,1,1,1,1,1,1,1,1,1,1,1
EOperation eExceptions,1,1,2
EEnum eLiterals,1,5
EOperation eTypeParameters,1
EParameter eType,1
EClass eStructuralFeatures,2,5,9,3,5,3,1,1,6,2,1,8,2,6,1
EEnumLiteral eEnum,1,1,1,1,1,1
EReference eContainingClass,1,1,1,1,1,1,1,1,1,1,1,1,1,1,1,1,1,1,1,1,1,1,1,1,1,1,1,1,1,1,1
EEnum ePackage,1,1
EEnum eTypeParameters,1
EClass eSuperTypes,1,2,1,2,5,1,1
ETypeParameter eBounds,2
EClass ePackage,1,1,1,1,1,1,1,1,1,1,1,1,1,1,1,1,1
EOperation eParameters,1
EPackage eSubpackages,1
EClass eOperations,1,2,1,1,1
EParameter eOperation,1
EReference eType,1,1,1,1,1,1,1,1,1
EOperation eType,1,1,1
Node Type
EClass,EAttribute,EDataType,EParameter,EGenericType,EOperation,EEnumLiteral,EEnum,EReference,EPackage,ETypeParameter
0.17,0.24000000000000007,0.02,0.01,0.02,0.060000000000000005,0.060000000000000005,0.02,0.3100000000000001,0.02,0.07
Edge Type
eSuperPackage,eOperation,eUpperBound,eTypeParameter,eSubpackages,eType,eSuperTypes,eParameters,eOpposite,eKeys,eTypeArguments,eModelElement,eAnnotations,ePackage,eLowerBound,eLiterals,details,eStructuralFeatures,eClassifier,eClassifiers,eTypeParameters,eContainingClass,eBounds,eEnum,eOperations,eExceptions
0.0038022813688212928,0.0038022813688212928,0.0,0.0,0.0038022813688212928,0.10646387832699619,0.049429657794676805,0.0038022813688212928,0.045627376425855515,0.06463878326996197,0.0,0.0,0.0,0.07984790874524715,0.0,0.022813688212927757,0.0,0.20912547528517111,0.0,0.07984790874524715,0.026615969581749048,0.23193916349809887,0.0076045627376425855,0.022813688212927757,0.022813688212927757,0.015209125475285171
violations,11
