Meta Mode,ecore
Number of Edge types,26
Number Of Nodes,100
State Id,86_1
OutDegreeValue,0,1,2,3,4,5,6,7,8,10,13,15,17
OutDegreeCount,6,21,46,9,4,2,5,1,1,1,1,1,2
NAValue,1,2,3,4,5,6,7,8,9
NACount,5,21,39,17,7,4,5,1,1
MPCValue,0.00000,0.46222,0.52000,0.57758,0.58240,0.63673,0.65000,0.66444,0.69333,0.74286,0.74880,0.76408,0.77893,0.78000,0.79040,0.79512,0.80380,0.80653,0.80889,0.81231,0.82408,0.82512,0.83200,0.83688,0.84500,0.85049,0.86667
MPCCount,5,1,21,1,2,1,13,1,24,1,7,1,1,6,1,1,1,2,2,1,1,1,1,1,1,1,1
Typed Out Degree
EGenericType eTypeParameter,1
EClass eTypeParameters,1,1,1,1,1,1
EPackage eSuperPackage,1
EReference eKeys,1,2,4,2,1,2,2,1
EOperation eContainingClass,1,1,1,1,1
EAttribute eContainingClass,1,1,1,1,1,1,1,1,1,1,1,1,1,1,1,1,1,1,1,1,1,1,1,1
EReference eOpposite,1,1,1,1,1,1,1,1,1,1,1,1,1,1,1
EPackage eClassifiers,5,16
EDataType ePackage,1
EAttribute eType,1,1,1,1,1,1,1,1,1,1,1,1,1,1,1,1,1,1
EOperation eExceptions,1,2,2
EEnum eLiterals,5
EOperation eTypeParameters,1
EParameter eType,1,1
EClass eStructuralFeatures,2,1,3,6,8,7,1,3,1,1,1,7,8,4,2
EGenericType eClassifier,1,1
EEnumLiteral eEnum,1,1,1,1,1
EReference eContainingClass,1,1,1,1,1,1,1,1,1,1,1,1,1,1,1,1,1,1,1,1,1,1,1,1,1,1,1,1,1,1,1
EEnum ePackage,1
EClass eSuperTypes,2,1,4,1,1,1,3,8,4,1
ETypeParameter eBounds,2
EClass ePackage,1,1,1,1,1,1,1,1,1,1,1,1,1,1,1,1,1,1,1
EOperation eParameters,3
EPackage eSubpackages,1
EClass eOperations,1,1,1,1,1
EParameter eOperation,1,1,1
EReference eType,1,1,1,1,1,1,1,1,1
EOperation eType,1
Node Type
EClass,EAttribute,EDataType,EParameter,EGenericType,EEnumLiteral,EOperation,EEnum,EReference,ETypeParameter,EPackage
0.19000000000000003,0.24000000000000007,0.01,0.03,0.02,0.05,0.05,0.01,0.3100000000000001,0.07,0.02
Edge Type
eSuperPackage,eOperation,eUpperBound,eTypeParameter,eSubpackages,eType,eSuperTypes,eParameters,eOpposite,eKeys,eTypeArguments,eModelElement,eAnnotations,ePackage,eLowerBound,eLiterals,details,eStructuralFeatures,eClassifier,eClassifiers,eTypeParameters,eContainingClass,eBounds,eEnum,eOperations,eExceptions
0.0035335689045936395,0.01060070671378092,0.0,0.0035335689045936395,0.0035335689045936395,0.10600706713780919,0.09187279151943463,0.01060070671378092,0.053003533568904596,0.053003533568904596,0.0,0.0,0.0,0.07420494699646643,0.0,0.0176678445229682,0.0,0.19434628975265017,0.007067137809187279,0.07420494699646643,0.024734982332155476,0.21201413427561838,0.007067137809187279,0.0176678445229682,0.0176678445229682,0.0176678445229682
violations,13
