Meta Mode,ecore
Number of Edge types,26
Number Of Nodes,100
State Id,87_1
OutDegreeValue,0,1,2,3,4,5,6,7,8,10,11,12,16,19
OutDegreeCount,7,15,43,14,8,2,1,4,1,1,1,1,1,1
NAValue,1,2,3,4,5,6,7,8,9
NACount,6,17,37,22,6,5,4,2,1
MPCValue,0.00000,0.46222,0.49920,0.52000,0.57186,0.58240,0.58500,0.63673,0.65000,0.69333,0.74880,0.75111,0.76556,0.77653,0.78000,0.79001,0.79040,0.79857,0.80889,0.81231,0.81250,0.82512,0.82942,0.83200,0.83692,0.83720,0.84741,0.84927
MPCCount,6,1,1,17,1,1,3,2,12,24,5,2,1,1,7,1,1,1,3,1,1,1,1,1,1,1,2,1
Typed Out Degree
EGenericType eTypeParameter,1
EClass eTypeParameters,1,1,1,1
EPackage eSuperPackage,1
EReference eKeys,2,2,2,1,1,5,2,1,4,2,1,1,2,2,2,1,1,3
EDataType eTypeParameters,1,1
EOperation eContainingClass,1,1,1,1,1
EAttribute eContainingClass,1,1,1,1,1,1,1,1,1,1,1,1,1,1,1,1,1,1,1,1,1,1,1
EReference eOpposite,1,1,1,1,1,1,1,1,1
EPackage eClassifiers,2,18
EDataType ePackage,1,1
EAttribute eType,1,1,1,1,1,1,1,1,1,1,1,1,1,1,1,1,1,1,1,1
EOperation eExceptions,1,3,2
EEnum eLiterals,5
EOperation eTypeParameters,1,1
EParameter eType,1,1
EClass eStructuralFeatures,3,2,4,6,1,3,8,5,3,5,1,4,6,3
EGenericType eClassifier,1,1,1
EEnumLiteral eEnum,1,1,1,1,1
EReference eContainingClass,1,1,1,1,1,1,1,1,1,1,1,1,1,1,1,1,1,1,1,1,1,1,1,1,1,1,1,1,1,1,1
EEnum ePackage,1
EGenericType eUpperBound,1
EClass eSuperTypes,1,1,2,5,5,4,1,1,4,1
ETypeParameter eBounds,2,1
EClass ePackage,1,1,1,1,1,1,1,1,1,1,1,1,1,1,1,1,1
EOperation eParameters,1,1
EPackage eSubpackages,1
EClass eOperations,1,1,1,1,1
EParameter eOperation,1,1
EReference eType,1,1,1,1,1,1
EOperation eType,1,1
Node Type
EClass,EAttribute,EDataType,EParameter,EGenericType,EEnumLiteral,EOperation,EEnum,EReference,ETypeParameter,EPackage
0.17,0.23000000000000007,0.02,0.02,0.04,0.05,0.05,0.01,0.3100000000000001,0.08,0.02
Edge Type
eSuperPackage,eOperation,eUpperBound,eTypeParameter,eSubpackages,eType,eSuperTypes,eParameters,eOpposite,eKeys,eTypeArguments,eModelElement,eAnnotations,ePackage,eLowerBound,eLiterals,details,eStructuralFeatures,eClassifier,eClassifiers,eTypeParameters,eContainingClass,eBounds,eEnum,eOperations,eExceptions
0.003389830508474576,0.006779661016949152,0.003389830508474576,0.003389830508474576,0.003389830508474576,0.1016949152542373,0.0847457627118644,0.006779661016949152,0.030508474576271188,0.11864406779661017,0.0,0.0,0.0,0.06779661016949153,0.0,0.01694915254237288,0.0,0.18305084745762712,0.010169491525423728,0.06779661016949153,0.02711864406779661,0.2,0.010169491525423728,0.01694915254237288,0.01694915254237288,0.020338983050847456
violations,3
