Meta Mode,ecore
Number of Edge types,26
Number Of Nodes,100
State Id,88_1
OutDegreeValue,0,1,2,3,4,5,6,7,8,9,12,14,15,17,20,21,25
OutDegreeCount,5,18,40,8,8,1,1,5,3,2,1,2,1,1,1,2,1
NAValue,1,2,3,4,5,6,7,8
NACount,5,15,38,16,12,6,5,3
MPCValue,0.00000,0.22311,0.35360,0.40230,0.42250,0.46694,0.52000,0.53926,0.58240,0.63232,0.63375,0.63673,0.65000,0.68760,0.69333,0.69904,0.70720,0.71106,0.71500,0.71769,0.72872,0.74880,0.75047,0.75077,0.75479,0.77823,0.78000,0.78215,0.80653,0.80889,0.83200
MPCCount,5,1,2,1,1,1,17,2,1,1,1,1,8,1,29,1,1,1,3,1,1,3,1,1,2,1,3,1,1,3,4
Typed Out Degree
EReference eContainingClass,1,1,1,1,1,1,1,1,1,1,1,1,1,1,1,1,1,1,1,1,1,1,1,1,1,1,1,1,1,1,1,1
EEnum ePackage,1,1
EClass eTypeParameters,1,2
EClass eSuperTypes,11,13,1,7,7,13,13,3,2,2,4,1,9,3,10,1
ETypeParameter eBounds,1
EReference eKeys,4,1,1,2,1,8,5,1,1,4,1,1,2,5,3,2,2,6
EClass ePackage,1,1,1,1,1,1,1,1,1,1,1,1,1,1,1,1,1,1
EOperation eContainingClass,1,1,1,1,1,1,1
EOperation eParameters,1,1,1
EAttribute eContainingClass,1,1,1,1,1,1,1,1,1,1,1,1,1,1,1,1,1,1,1,1,1,1,1
EReference eOpposite,1,1,1,1,1,1,1,1,1,1,1,1,1,1,1
EPackage eClassifiers,21
EDataType ePackage,1
EAttribute eType,1,1,1,1,1,1,1,1,1,1,1,1,1,1,1,1,1,1,1
EClass eOperations,1,1,1,2,1,1
EOperation eExceptions,6,1
EParameter eOperation,1,1,1
EEnum eLiterals,7
EOperation eTypeParameters,2
EReference eType,1,1,1,1,1,1,1,1,1,1,1,1
EParameter eType,1,1,1
EClass eStructuralFeatures,6,7,4,5,7,1,2,3,4,3,7,2,2,2
EEnumLiteral eEnum,1,1,1,1,1,1,1
EOperation eType,1,1,1
Node Type
EAttribute,EClass,EDataType,EParameter,EGenericType,EOperation,EEnumLiteral,EEnum,EReference,ETypeParameter,EPackage
0.23000000000000007,0.18000000000000002,0.01,0.03,0.01,0.07,0.07,0.02,0.3200000000000001,0.05,0.01
Edge Type
eSuperPackage,eOperation,eUpperBound,eTypeParameter,eSubpackages,eType,eSuperTypes,eParameters,eOpposite,eKeys,eTypeArguments,eModelElement,eAnnotations,ePackage,eLowerBound,eLiterals,details,eStructuralFeatures,eClassifier,eClassifiers,eTypeParameters,eContainingClass,eBounds,eEnum,eOperations,eExceptions
0.0,0.007481296758104738,0.0,0.0,0.0,0.09226932668329177,0.24937655860349128,0.007481296758104738,0.03740648379052369,0.12468827930174564,0.0,0.0,0.0,0.05236907730673317,0.0,0.017456359102244388,0.0,0.1371571072319202,0.0,0.05236907730673317,0.012468827930174564,0.1546134663341646,0.0024937655860349127,0.017456359102244388,0.017456359102244388,0.017456359102244388
violations,19
