Meta Mode,ecore
Number of Edge types,26
Number Of Nodes,100
State Id,89_1
OutDegreeValue,0,1,2,3,4,5,7,11,13,16,18
OutDegreeCount,11,23,41,10,4,4,2,1,2,1,1
NAValue,1,2,3,4,5,6,8
NACount,11,20,39,13,10,4,3
MPCValue,0.00000,0.46222,0.52000,0.58240,0.65000,0.68640,0.69333,0.73956,0.74131,0.74880,0.75111,0.77538,0.78000,0.78897,0.79040,0.80388,0.80889,0.81250,0.82173,0.83596,0.83750,0.86667
MPCCount,11,1,19,1,11,1,27,1,1,4,1,1,7,1,1,1,6,1,1,1,1,1
Typed Out Degree
EClass eTypeParameters,2,3,1,1
EReference eKeys,1,1,1,2,2,1,1,2,1,2,2,1
EDataType eTypeParameters,1
EOperation eContainingClass,1,1,1,1,1
EAttribute eContainingClass,1,1,1,1,1,1,1,1,1,1,1,1,1,1,1,1,1,1,1,1,1,1,1,1,1
EReference eOpposite,1,1,1,1,1,1,1,1,1
EPackage eClassifiers,18
EDataType ePackage,1
EAttribute eType,1,1,1,1,1,1,1,1,1,1,1,1,1,1,1,1
EEnum eLiterals,4,2
EOperation eTypeParameters,2
EParameter eType,1
EClass eStructuralFeatures,6,3,4,2,1,1,1,8,6,5,8,1,4,4,1
EEnumLiteral eEnum,1,1,1,1,1,1
EReference eContainingClass,1,1,1,1,1,1,1,1,1,1,1,1,1,1,1,1,1,1,1,1,1,1,1,1,1,1,1,1,1,1
EEnum ePackage,1,1
EClass eSuperTypes,1,1,4,5,2,4
ETypeParameter eBounds,1,2
EClass ePackage,1,1,1,1,1,1,1,1,1,1,1,1,1,1,1
EOperation eParameters,1
EGenericType eLowerBound,1
EClass eOperations,1,1,1,1,1
EParameter eOperation,1
EReference eType,1,1,1,1,1,1,1,1,1,1
EOperation eType,1,1
Node Type
EClass,EAttribute,EDataType,EParameter,EGenericType,EOperation,EEnumLiteral,EEnum,EReference,ETypeParameter,EPackage
0.15,0.25000000000000006,0.01,0.01,0.04,0.05,0.060000000000000005,0.02,0.3000000000000001,0.09999999999999999,0.01
Edge Type
eSuperPackage,eOperation,eUpperBound,eTypeParameter,eSubpackages,eType,eSuperTypes,eParameters,eOpposite,eKeys,eTypeArguments,eModelElement,eAnnotations,ePackage,eLowerBound,eLiterals,details,eStructuralFeatures,eClassifier,eClassifiers,eTypeParameters,eContainingClass,eBounds,eEnum,eOperations,eExceptions
0.0,0.00390625,0.0,0.0,0.0,0.11328125,0.06640625,0.00390625,0.03515625,0.06640625,0.0,0.0,0.0,0.0703125,0.00390625,0.0234375,0.0,0.21484375,0.0,0.0703125,0.0390625,0.234375,0.01171875,0.0234375,0.01953125,0.0
violations,8
