Meta Mode,ecore
Number of Edge types,26
Number Of Nodes,100
State Id,8_1
OutDegreeValue,0,1,2,3,4,5,6,7,18,20
OutDegreeCount,12,18,41,12,4,3,4,4,1,1
NAValue,1,2,3,4,5,6,7,8
NACount,12,14,41,15,9,5,3,1
MPCValue,0.00000,0.42250,0.46222,0.52000,0.53926,0.58240,0.58500,0.61360,0.65000,0.66444,0.69333,0.71500,0.73917,0.74880,0.77037,0.77653,0.78000,0.78578,0.80653,0.80889,0.82063,0.82521,0.82776,0.83200,0.83457,0.85280,0.86667
MPCCount,12,1,1,13,1,1,1,1,12,1,27,2,1,3,1,1,6,1,3,2,1,1,1,3,1,1,1
Typed Out Degree
EClass eTypeParameters,2,1,1,1,1,1,1,1,1
EPackage eSuperPackage,1,1
EReference eKeys,2,1,1,2,2,2,2,2,2,1,1,2,1,1,1
EOperation eContainingClass,1,1
EAttribute eContainingClass,1,1,1,1,1,1,1,1,1,1,1,1,1,1,1,1,1,1,1,1,1,1,1,1
EReference eOpposite,1,1,1,1,1,1,1,1,1
EPackage eClassifiers,18,5,1
EDataType ePackage,1
EAttribute eType,1,1,1,1,1,1,1,1,1,1,1,1,1,1,1,1
EEnum eLiterals,1
EParameter eType,1
EClass eStructuralFeatures,9,3,2,2,4,2,3,1,4,3,4,5,3,4,5,1
EEnumLiteral eEnum,1
EReference eContainingClass,1,1,1,1,1,1,1,1,1,1,1,1,1,1,1,1,1,1,1,1,1,1,1,1,1,1,1,1,1,1,1
EEnum ePackage,1,1
EEnum eTypeParameters,1
EClass eSuperTypes,5,1,1,1,1,1,1,2,1
ETypeParameter eBounds,2,1
EClass ePackage,1,1,1,1,1,1,1,1,1,1,1,1,1,1,1,1,1,1,1,1,1
EOperation eParameters,1
EPackage eSubpackages,2
EClass eOperations,1,1
EParameter eOperation,1
EReference eType,1,1,1,1,1,1,1,1
EOperation eType,1,1
Node Type
EClass,EAttribute,EDataType,EParameter,EGenericType,EOperation,EEnumLiteral,EEnum,EReference,ETypeParameter,EPackage
0.21000000000000005,0.24000000000000007,0.01,0.01,0.03,0.02,0.01,0.02,0.3100000000000001,0.10999999999999999,0.03
Edge Type
eSuperPackage,eOperation,eUpperBound,eTypeParameter,eSubpackages,eType,eSuperTypes,eParameters,eOpposite,eKeys,eTypeArguments,eModelElement,eAnnotations,ePackage,eLowerBound,eLiterals,details,eStructuralFeatures,eClassifier,eClassifiers,eTypeParameters,eContainingClass,eBounds,eEnum,eOperations,eExceptions
0.007782101167315175,0.0038910505836575876,0.0,0.0,0.007782101167315175,0.10505836575875487,0.054474708171206226,0.0038910505836575876,0.03501945525291829,0.08949416342412451,0.0,0.0,0.0,0.0933852140077821,0.0,0.0038910505836575876,0.0,0.2140077821011673,0.0,0.0933852140077821,0.042801556420233464,0.22178988326848248,0.011673151750972763,0.0038910505836575876,0.007782101167315175,0.0
violations,5
