Meta Mode,ecore
Number of Edge types,26
Number Of Nodes,100
State Id,90_1
OutDegreeValue,0,1,2,3,4,5,6,7,8,9,10,11,14,15
OutDegreeCount,7,19,42,10,4,3,4,3,2,1,1,2,1,1
NAValue,1,2,3,4,5,6,7
NACount,7,16,39,18,8,4,8
MPCValue,0.00000,0.46222,0.52000,0.53926,0.58240,0.58471,0.61938,0.65000,0.66444,0.66765,0.69333,0.69975,0.72107,0.72313,0.73224,0.73840,0.73956,0.74880,0.75111,0.76408,0.76960,0.77204,0.77480,0.77639,0.78000,0.81120,0.83200,0.83720,0.85280,0.89143
MPCCount,7,1,15,2,1,1,1,13,1,1,25,1,1,1,1,1,1,4,2,1,2,1,1,1,7,2,2,1,1,1
Typed Out Degree
EClass eTypeParameters,1,1,1,1
EPackage eSuperPackage,1,1
EReference eKeys,2,3,1,2,2,2,2,1,1,2,1,2,2,1
EDataType eTypeParameters,1
EOperation eContainingClass,1,1,1,1
EAttribute eContainingClass,1,1,1,1,1,1,1,1,1,1,1,1,1,1,1,1,1,1,1,1,1,1,1,1
EReference eOpposite,1,1,1,1,1,1,1,1,1
EPackage eClassifiers,14,1,7
EDataType ePackage,1
EAttribute eType,1,1,1,1,1,1,1,1,1,1,1,1,1,1,1,1,1
EOperation eExceptions,1
EEnum eLiterals,5
EOperation eTypeParameters,1
EParameter eType,1
EClass eStructuralFeatures,5,2,2,2,4,1,1,4,6,3,3,4,1,2,1,7,5,2
EEnumLiteral eEnum,1,1,1,1,1
EReference eContainingClass,1,1,1,1,1,1,1,1,1,1,1,1,1,1,1,1,1,1,1,1,1,1,1,1,1,1,1,1,1,1,1
EEnum ePackage,1
EClass eSuperTypes,4,4,5,1,3,1,1,1,6,2,3,5,4,2,1
ETypeParameter eBounds,2
EClass ePackage,1,1,1,1,1,1,1,1,1,1,1,1,1,1,1,1,1,1,1,1
EOperation eParameters,1,1,1
EPackage eSubpackages,1,1
EClass eOperations,1,1,1,1
EParameter eOperation,1,1,1
EReference eType,1,1,1,1,1,1,1,1
EOperation eType,1,1
Node Type
EAttribute,EClass,EDataType,EParameter,EGenericType,EEnumLiteral,EOperation,EEnum,EReference,ETypeParameter,EPackage
0.24000000000000007,0.20000000000000004,0.01,0.03,0.02,0.05,0.04,0.01,0.3100000000000001,0.060000000000000005,0.03
Edge Type
eSuperPackage,eOperation,eUpperBound,eTypeParameter,eSubpackages,eType,eSuperTypes,eParameters,eOpposite,eKeys,eTypeArguments,eModelElement,eAnnotations,ePackage,eLowerBound,eLiterals,details,eStructuralFeatures,eClassifier,eClassifiers,eTypeParameters,eContainingClass,eBounds,eEnum,eOperations,eExceptions
0.006779661016949152,0.010169491525423728,0.0,0.0,0.006779661016949152,0.09491525423728814,0.14576271186440679,0.010169491525423728,0.030508474576271188,0.08135593220338982,0.0,0.0,0.0,0.07457627118644068,0.0,0.01694915254237288,0.0,0.1864406779661017,0.0,0.07457627118644068,0.020338983050847456,0.2,0.006779661016949152,0.01694915254237288,0.013559322033898305,0.003389830508474576
violations,7
