Meta Mode,ecore
Number of Edge types,26
Number Of Nodes,100
State Id,91_1
OutDegreeValue,0,1,2,3,4,5,6,7,9,10,11,13
OutDegreeCount,7,21,47,10,1,4,3,3,1,1,1,1
NAValue,1,2,3,4,5,6,7,8
NACount,7,19,41,15,7,7,3,1
MPCValue,0.00000,0.52000,0.59385,0.60595,0.64198,0.65000,0.66444,0.69333,0.74880,0.75400,0.75920,0.76556,0.77037,0.77653,0.77730,0.78000,0.79074,0.79502,0.80000,0.80889,0.83200,0.84124,0.85950,0.88615
MPCCount,7,19,1,1,1,12,1,29,1,1,1,1,1,1,1,10,2,1,1,1,4,1,1,1
Typed Out Degree
EClass eTypeParameters,1,1,1,1
EPackage eSuperPackage,1
EGenericType eTypeArguments,1
EReference eKeys,2,2,2,2,2,2,1
EDataType eTypeParameters,2
EOperation eContainingClass,1,1,1,1,1,1
EAttribute eContainingClass,1,1,1,1,1,1,1,1,1,1,1,1,1,1,1,1,1,1,1,1,1,1
EReference eOpposite,1,1,1,1
EPackage eClassifiers,10,12
EDataType ePackage,1,1
EAttribute eType,1,1,1,1,1,1,1,1,1,1,1,1,1,1,1,1,1,1,1
EEnum eLiterals,5
EOperation eTypeParameters,1
EParameter eType,1
EClass eStructuralFeatures,1,3,1,4,2,6,7,1,5,3,5,1,2,4,4,4,1
EGenericType eClassifier,1
EEnumLiteral eEnum,1,1,1,1,1
EReference eContainingClass,1,1,1,1,1,1,1,1,1,1,1,1,1,1,1,1,1,1,1,1,1,1,1,1,1,1,1,1,1,1,1,1
EEnum ePackage,1
EClass eSuperTypes,1,1,1,1,1,1,1
ETypeParameter eBounds,1
EClass ePackage,1,1,1,1,1,1,1,1,1,1,1,1,1,1,1,1,1,1,1
EOperation eParameters,1,1
EPackage eSubpackages,1
EClass eOperations,1,2,1,1,1
EParameter eOperation,1,1
EReference eType,1,1,1,1,1,1,1,1,1,1,1,1,1,1,1,1
EOperation eType,1
Node Type
EAttribute,EClass,EDataType,EParameter,EGenericType,EOperation,EEnumLiteral,EEnum,EReference,ETypeParameter,EPackage
0.22000000000000006,0.19000000000000003,0.02,0.02,0.02,0.060000000000000005,0.05,0.01,0.3200000000000001,0.07,0.02
Edge Type
eSuperPackage,eOperation,eUpperBound,eTypeParameter,eSubpackages,eType,eSuperTypes,eParameters,eOpposite,eKeys,eTypeArguments,eModelElement,eAnnotations,ePackage,eLowerBound,eLiterals,details,eStructuralFeatures,eClassifier,eClassifiers,eTypeParameters,eContainingClass,eBounds,eEnum,eOperations,eExceptions
0.00398406374501992,0.00796812749003984,0.0,0.0,0.00398406374501992,0.14741035856573706,0.027888446215139442,0.00796812749003984,0.01593625498007968,0.05179282868525897,0.00398406374501992,0.0,0.0,0.08764940239043825,0.0,0.0199203187250996,0.0,0.2151394422310757,0.00398406374501992,0.08764940239043825,0.027888446215139442,0.23904382470119523,0.00398406374501992,0.0199203187250996,0.02390438247011952,0.0
violations,2
