Meta Mode,ecore
Number of Edge types,26
Number Of Nodes,100
State Id,92_1
OutDegreeValue,0,1,2,3,4,5,6,10,11,18
OutDegreeCount,9,24,41,10,7,1,5,1,1,1
NAValue,1,2,3,4,5,6,7
NACount,9,20,38,16,10,6,1
MPCValue,0.00000,0.52000,0.57457,0.58240,0.65000,0.66260,0.68640,0.69333,0.71385,0.71500,0.74880,0.75111,0.75887,0.76556,0.77653,0.78000,0.79040,0.80653,0.80889,0.81250,0.81714,0.83200,0.84500,0.84898
MPCCount,9,20,1,2,10,1,1,26,1,1,4,2,1,1,1,7,2,1,1,2,1,3,1,1
Typed Out Degree
EClass eTypeParameters,1,1,1,1,1,1
EPackage eSuperPackage,1,1
EReference eKeys,3,1,1,1,2,2,1
EDataType eTypeParameters,1
EOperation eContainingClass,1,1,1
EAttribute eContainingClass,1,1,1,1,1,1,1,1,1,1,1,1,1,1,1,1,1,1,1,1,1,1,1
EReference eOpposite,1,1,1,1,1,1,1,1,1,1,1
EPackage eClassifiers,1,4,17
EDataType ePackage,1
EAttribute eType,1,1,1,1,1,1,1,1,1,1,1,1,1,1,1
EEnum eLiterals,3,1
EParameter eType,1
EClass eStructuralFeatures,2,3,2,2,5,4,1,8,4,1,1,4,2,8,5,2,1
EEnumLiteral eEnum,1,1,1,1
EReference eContainingClass,1,1,1,1,1,1,1,1,1,1,1,1,1,1,1,1,1,1,1,1,1,1,1,1,1,1,1,1,1,1,1,1
EEnum ePackage,1,1
EGenericType eUpperBound,1
EEnum eTypeParameters,2
EClass eSuperTypes,1,1,1,2
ETypeParameter eBounds,1,1
EClass ePackage,1,1,1,1,1,1,1,1,1,1,1,1,1,1,1,1,1,1,1
EOperation eParameters,1
EPackage eSubpackages,1,1
EClass eOperations,1,1,1
EParameter eOperation,1
EReference eType,1,1,1,1,1,1,1,1,1
Node Type
EAttribute,EClass,EDataType,EParameter,EGenericType,EEnumLiteral,EOperation,EEnum,EReference,EPackage,ETypeParameter
0.23000000000000007,0.19000000000000003,0.01,0.01,0.03,0.04,0.03,0.02,0.3200000000000001,0.03,0.09
Edge Type
eSuperPackage,eOperation,eUpperBound,eTypeParameter,eSubpackages,eType,eSuperTypes,eParameters,eOpposite,eKeys,eTypeArguments,eModelElement,eAnnotations,ePackage,eLowerBound,eLiterals,details,eStructuralFeatures,eClassifier,eClassifiers,eTypeParameters,eContainingClass,eBounds,eEnum,eOperations,eExceptions
0.008403361344537815,0.004201680672268907,0.004201680672268907,0.0,0.008403361344537815,0.10504201680672269,0.02100840336134454,0.004201680672268907,0.046218487394957986,0.046218487394957986,0.0,0.0,0.0,0.09243697478991597,0.0,0.01680672268907563,0.0,0.23109243697478993,0.0,0.09243697478991597,0.037815126050420166,0.24369747899159663,0.008403361344537815,0.01680672268907563,0.012605042016806723,0.0
violations,5
