Meta Mode,ecore
Number of Edge types,26
Number Of Nodes,100
State Id,93_1
OutDegreeValue,0,1,2,3,4,5,6,7,8,9,10,11,13,16,21
OutDegreeCount,5,23,41,14,3,3,3,1,1,1,1,1,1,1,1
NAValue,1,2,3,4,5,6,7,9
NACount,5,16,47,12,8,9,2,1
MPCValue,0.00000,0.52000,0.56717,0.58240,0.58500,0.63673,0.65000,0.66444,0.69333,0.71500,0.71972,0.72961,0.73917,0.75077,0.75207,0.76408,0.76556,0.77355,0.78000,0.79560,0.80889,0.81120,0.81531,0.82048,0.83200,0.84898
MPCCount,5,16,1,5,1,1,14,1,29,1,1,1,1,1,1,1,1,1,7,1,1,1,1,1,4,2
Typed Out Degree
EReference eContainingClass,1,1,1,1,1,1,1,1,1,1,1,1,1,1,1,1,1,1,1,1,1,1,1,1,1,1,1,1,1,1,1,1
EEnum ePackage,1,1
EClass eTypeParameters,1,1,1,1,1
EPackage eSuperPackage,1
EClass eSuperTypes,1,2,1,3,4,5,7,1,1,1,1,5
EReference eKeys,1,1,2,2,1,1,1,2,3,3,2,1,1,1,1,2,2
EClass ePackage,1,1,1,1,1,1,1,1,1,1,1,1,1,1,1,1,1,1,1,1,1
EOperation eContainingClass,1,1,1,1,1
EOperation eParameters,1,1
EAttribute eContainingClass,1,1,1,1,1,1,1,1,1,1,1,1,1,1,1,1,1,1,1,1,1,1,1,1,1
EPackage eSubpackages,1
EReference eOpposite,1,1,1,1,1,1
EPackage eClassifiers,5,20
EDataType ePackage,1,1
EAttribute eType,1,1,1,1,1,1,1,1,1,1,1,1,1,1,1
EClass eOperations,1,1,1,1,1
EOperation eExceptions,1,1
EParameter eOperation,1,1
EEnum eLiterals,4
EParameter eType,1
EReference eType,1,1,1,1,1,1,1,1,1
EClass eStructuralFeatures,2,3,3,3,1,6,1,1,4,6,1,2,5,3,1,1,3,1,10
EEnumLiteral eEnum,1,1,1,1
EOperation eType,1,1
Node Type
EAttribute,EClass,EDataType,EParameter,EOperation,EEnumLiteral,EEnum,EReference,ETypeParameter,EPackage
0.25000000000000006,0.21000000000000005,0.02,0.02,0.05,0.04,0.02,0.3200000000000001,0.05,0.02
Edge Type
eSuperPackage,eOperation,eUpperBound,eTypeParameter,eSubpackages,eType,eSuperTypes,eParameters,eOpposite,eKeys,eTypeArguments,eModelElement,eAnnotations,ePackage,eLowerBound,eLiterals,details,eStructuralFeatures,eClassifier,eClassifiers,eTypeParameters,eContainingClass,eBounds,eEnum,eOperations,eExceptions
0.003484320557491289,0.006968641114982578,0.0,0.0,0.003484320557491289,0.09407665505226481,0.11149825783972125,0.006968641114982578,0.020905923344947737,0.09407665505226481,0.0,0.0,0.0,0.08710801393728224,0.0,0.013937282229965157,0.0,0.1986062717770035,0.0,0.08710801393728224,0.017421602787456445,0.21602787456445993,0.0,0.013937282229965157,0.017421602787456445,0.006968641114982578
violations,2
