Meta Mode,ecore
Number of Edge types,26
Number Of Nodes,100
State Id,94_1
OutDegreeValue,0,1,2,3,4,5,6,8,9,13,15
OutDegreeCount,7,25,36,15,5,4,3,2,1,1,1
NAValue,1,2,3,4,5,6,7
NACount,7,18,40,13,13,6,3
MPCValue,0.00000,0.52000,0.58240,0.58471,0.59385,0.63673,0.65000,0.66765,0.67654,0.69333,0.74880,0.77653,0.78000,0.79040,0.79074,0.80089,0.80653,0.80793,0.80889,0.81250,0.82512,0.83200,0.84500,0.85222,0.87750
MPCCount,7,18,2,1,1,1,10,1,1,29,2,1,7,2,1,1,2,1,3,1,3,2,1,1,1
Typed Out Degree
EReference eContainingClass,1,1,1,1,1,1,1,1,1,1,1,1,1,1,1,1,1,1,1,1,1,1,1,1,1,1,1,1,1,1,1,1
EEnum ePackage,1,1
EClass eTypeParameters,1,1,1,1,1,1
EPackage eSuperPackage,1
EClass eSuperTypes,1,1,2,1,1,1,1,1,2
EReference eKeys,1,2,2,1,1,1,1,1,2,1,2,2,1,1
EClass ePackage,1,1,1,1,1,1,1,1,1,1,1,1,1,1,1,1,1,1,1,1,1,1,1
EDataType eTypeParameters,1
EOperation eContainingClass,1,1,1
EOperation eParameters,1
EAttribute eContainingClass,1,1,1,1,1,1,1,1,1,1,1,1,1,1,1,1,1,1,1,1,1,1
EPackage eSubpackages,1
EReference eOpposite,1,1,1,1,1,1,1,1
EPackage eClassifiers,14,12
EDataType ePackage,1
EAttribute eType,1,1,1,1,1,1,1,1,1,1,1,1
EClass eOperations,1,1,1
EOperation eExceptions,1,2
EParameter eOperation,1
EEnum eLiterals,7
EReference eType,1,1,1,1,1,1,1,1
EParameter eType,1
EClass eStructuralFeatures,1,5,2,3,2,3,2,1,2,6,2,7,1,3,2,3,1,1,1,3,3
EEnumLiteral eEnum,1,1,1,1,1,1,1
Node Type
EAttribute,EClass,EDataType,EParameter,EEnumLiteral,EOperation,EEnum,EReference,ETypeParameter,EPackage
0.22000000000000006,0.23000000000000007,0.01,0.01,0.07,0.03,0.02,0.3200000000000001,0.07,0.02
Edge Type
eSuperPackage,eOperation,eUpperBound,eTypeParameter,eSubpackages,eType,eSuperTypes,eParameters,eOpposite,eKeys,eTypeArguments,eModelElement,eAnnotations,ePackage,eLowerBound,eLiterals,details,eStructuralFeatures,eClassifier,eClassifiers,eTypeParameters,eContainingClass,eBounds,eEnum,eOperations,eExceptions
0.003952569169960474,0.003952569169960474,0.0,0.0,0.003952569169960474,0.08300395256916997,0.043478260869565216,0.003952569169960474,0.03162055335968379,0.07509881422924901,0.0,0.0,0.0,0.10276679841897234,0.0,0.02766798418972332,0.0,0.2134387351778656,0.0,0.10276679841897234,0.02766798418972332,0.22529644268774704,0.0,0.02766798418972332,0.011857707509881422,0.011857707509881422
violations,7
