Meta Mode,ecore
Number of Edge types,26
Number Of Nodes,100
State Id,95_1
OutDegreeValue,0,1,2,3,4,5,6,8,9,13,16,17,19,20,25,26
OutDegreeCount,6,22,39,8,6,4,2,2,1,1,3,1,2,1,1,1
NAValue,1,2,3,4,5,6,7,8,9
NACount,6,17,39,15,9,6,5,2,1
MPCValue,0.00000,0.38519,0.46453,0.48148,0.52000,0.53926,0.55611,0.56177,0.58240,0.58500,0.58657,0.60820,0.63673,0.64775,0.65000,0.66560,0.69333,0.70720,0.70970,0.71410,0.72107,0.72872,0.74880,0.75111,0.76729,0.76960,0.77469,0.78000,0.78361,0.80653,0.83200,0.86667
MPCCount,6,1,1,1,17,1,1,1,1,1,1,1,2,1,6,1,35,1,1,1,1,1,6,1,1,1,1,1,1,1,3,1
Typed Out Degree
EClass eTypeParameters,1,1,1,1,2
EGenericType eTypeArguments,1
EReference eKeys,2,1,1,1,5,3,1,2,2,2,1,1,7,1,1
EOperation eContainingClass,1,1,1,1,1,1,1
EAttribute eContainingClass,1,1,1,1,1,1,1,1,1,1,1,1,1,1,1,1,1,1,1,1,1,1,1
EReference eOpposite,1,1,1,1,1,1,1,1,1,1,1,1,1,1
EPackage eClassifiers,20
EDataType ePackage,1
EAttribute eType,1,1,1,1,1,1,1,1,1,1,1,1,1,1,1,1,1
EOperation eExceptions,1,1,2
EEnum eLiterals,4
EOperation eTypeParameters,1
EParameter eType,1,1,1
EClass eStructuralFeatures,2,3,4,2,10,3,1,3,2,2,9,1,3,4,4,2
EGenericType eClassifier,1,1
EEnumLiteral eEnum,1,1,1,1
EReference eContainingClass,1,1,1,1,1,1,1,1,1,1,1,1,1,1,1,1,1,1,1,1,1,1,1,1,1,1,1,1,1,1,1,1
EEnum ePackage,1,1
EClass eSuperTypes,2,13,15,11,2,3,9,13,14,3,10,11,1,14
ETypeParameter eBounds,1,1
EClass ePackage,1,1,1,1,1,1,1,1,1,1,1,1,1,1,1,1,1
EOperation eParameters,1,1,1
EClass eOperations,2,1,2,1,1
EParameter eOperation,1,1,1
EReference eType,1,1,1,1,1,1,1,1
EOperation eType,1,1,1,1
Node Type
EClass,EAttribute,EDataType,EParameter,EGenericType,EOperation,EEnumLiteral,EEnum,EReference,ETypeParameter,EPackage
0.17,0.23000000000000007,0.01,0.03,0.03,0.07,0.04,0.02,0.3200000000000001,0.07,0.01
Edge Type
eSuperPackage,eOperation,eUpperBound,eTypeParameter,eSubpackages,eType,eSuperTypes,eParameters,eOpposite,eKeys,eTypeArguments,eModelElement,eAnnotations,ePackage,eLowerBound,eLiterals,details,eStructuralFeatures,eClassifier,eClassifiers,eTypeParameters,eContainingClass,eBounds,eEnum,eOperations,eExceptions
0.0,0.007653061224489796,0.0,0.0,0.0,0.08163265306122448,0.3086734693877551,0.007653061224489796,0.03571428571428571,0.07908163265306123,0.002551020408163265,0.0,0.0,0.05102040816326531,0.0,0.01020408163265306,0.0,0.14030612244897958,0.00510204081632653,0.05102040816326531,0.017857142857142856,0.15816326530612246,0.00510204081632653,0.01020408163265306,0.017857142857142856,0.01020408163265306
violations,19
