Meta Mode,ecore
Number of Edge types,26
Number Of Nodes,100
State Id,96_1
OutDegreeValue,0,1,2,3,4,5,6,7,8,20
OutDegreeCount,12,15,38,16,6,3,2,5,2,1
NAValue,1,2,3,4,5,6,7,8
NACount,11,15,36,22,4,5,5,2
MPCValue,0.00000,0.52000,0.58240,0.58500,0.65000,0.68640,0.69333,0.71500,0.74880,0.75111,0.77653,0.77679,0.78000,0.78812,0.79605,0.80000,0.80437,0.80889,0.81329,0.82776,0.83011,0.83688,0.83778,0.84741,0.87309
MPCCount,11,16,3,2,13,1,19,1,4,1,1,1,14,1,1,1,1,2,1,1,1,1,1,1,1
Typed Out Degree
EGenericType eTypeParameter,1,1
EClass eTypeParameters,1,1
EGenericType eTypeArguments,1
EReference eKeys,1,2,2,1,2,1,2,2,1,1,2,2,1,3,2,1
EDataType eTypeParameters,1
EOperation eContainingClass,1,1,1,1
EAttribute eContainingClass,1,1,1,1,1,1,1,1,1,1,1,1,1,1,1,1,1,1,1,1,1,1
EReference eOpposite,1,1,1,1,1,1,1
EPackage eClassifiers,20
EDataType ePackage,1
EAttribute eType,1,1,1,1,1,1,1,1,1,1,1,1,1,1,1,1,1
EOperation eExceptions,2
EEnum eLiterals,2,2
EOperation eTypeParameters,2,1,1
EParameter eType,1
EClass eStructuralFeatures,5,1,1,5,6,5,4,4,2,4,2,4,6,4
EGenericType eClassifier,1,1,1
EEnumLiteral eEnum,1,1,1,1
EReference eContainingClass,1,1,1,1,1,1,1,1,1,1,1,1,1,1,1,1,1,1,1,1,1,1,1,1,1,1,1,1,1,1,1
EEnum ePackage,1,1
EGenericType eUpperBound,1
EEnum eTypeParameters,3
EClass eSuperTypes,1,1,2,1,2,1,1,1,2,1,2
ETypeParameter eBounds,3
EClass ePackage,1,1,1,1,1,1,1,1,1,1,1,1,1,1,1,1,1
EOperation eParameters,1
EGenericType eLowerBound,1,1
EClass eOperations,1,1,2
EParameter eOperation,1
EReference eType,1,1,1,1,1,1
EOperation eType,1
Node Type
EAttribute,EClass,EDataType,EParameter,EGenericType,EOperation,EEnumLiteral,EEnum,EReference,EPackage,ETypeParameter
0.22000000000000006,0.17,0.01,0.01,0.07,0.04,0.04,0.02,0.3100000000000001,0.01,0.09999999999999999
Edge Type
eSuperPackage,eOperation,eUpperBound,eTypeParameter,eSubpackages,eType,eSuperTypes,eParameters,eOpposite,eKeys,eTypeArguments,eModelElement,eAnnotations,ePackage,eLowerBound,eLiterals,details,eStructuralFeatures,eClassifier,eClassifiers,eTypeParameters,eContainingClass,eBounds,eEnum,eOperations,eExceptions
0.0,0.0038314176245210726,0.0038314176245210726,0.007662835249042145,0.0,0.09578544061302682,0.05747126436781609,0.0038314176245210726,0.02681992337164751,0.09961685823754789,0.0038314176245210726,0.0,0.0,0.07662835249042145,0.007662835249042145,0.01532567049808429,0.0,0.20306513409961685,0.011494252873563218,0.07662835249042145,0.038314176245210725,0.21839080459770116,0.011494252873563218,0.01532567049808429,0.01532567049808429,0.007662835249042145
violations,3
