Meta Mode,ecore
Number of Edge types,26
Number Of Nodes,100
State Id,97_1
OutDegreeValue,0,1,2,3,4,5,6,8,10,15,21
OutDegreeCount,7,27,39,12,5,1,3,3,1,1,1
NAValue,1,2,3,4,5,6,7,8
NACount,7,25,35,14,9,6,3,1
MPCValue,0.00000,0.52000,0.58240,0.63673,0.65000,0.69333,0.74880,0.75111,0.76280,0.76408,0.76556,0.77270,0.78000,0.79040,0.80000,0.80653,0.80665,0.80889,0.82063,0.82173,0.83200,0.84240,0.86667
MPCCount,7,25,3,1,6,27,4,1,1,1,1,1,8,1,1,2,1,1,1,1,4,1,1
Typed Out Degree
EReference eContainingClass,1,1,1,1,1,1,1,1,1,1,1,1,1,1,1,1,1,1,1,1,1,1,1,1,1,1,1,1,1,1,1,1
EEnum ePackage,1,1
EClass eTypeParameters,1,1,1,1,1
EClass eSuperTypes,1,1,1,1,1,1,1,1,4,1
ETypeParameter eBounds,1
EReference eKeys,3,2,2,1,1,2,1,1,2
EClass ePackage,1,1,1,1,1,1,1,1,1,1,1,1,1,1,1,1,1,1
EDataType eTypeParameters,2
EOperation eContainingClass,1,1,1,1,1,1
EOperation eParameters,1,2,1,1
EAttribute eContainingClass,1,1,1,1,1,1,1,1,1,1,1,1,1,1,1,1,1,1,1,1,1,1,1,1
EReference eOpposite,1,1,1,1,1,1,1,1,1
EPackage eClassifiers,21
EDataType ePackage,1
EAttribute eType,1,1,1,1,1,1,1,1,1,1,1,1,1,1
EClass eOperations,1,1,2,1,1
EParameter eOperation,1,1,1,1,1
EEnum eLiterals,3
EReference eType,1,1,1,1,1,1,1,1,1,1
EParameter eType,1,1
EClass eStructuralFeatures,4,5,2,1,1,4,1,1,8,4,1,2,10,6,2,4
EEnumLiteral eEnum,1,1,1
EOperation eType,1
Node Type
EAttribute,EClass,EDataType,EParameter,EGenericType,EEnumLiteral,EOperation,EEnum,EReference,ETypeParameter,EPackage
0.24000000000000007,0.18000000000000002,0.01,0.05,0.01,0.03,0.060000000000000005,0.02,0.3200000000000001,0.07,0.01
Edge Type
eSuperPackage,eOperation,eUpperBound,eTypeParameter,eSubpackages,eType,eSuperTypes,eParameters,eOpposite,eKeys,eTypeArguments,eModelElement,eAnnotations,ePackage,eLowerBound,eLiterals,details,eStructuralFeatures,eClassifier,eClassifiers,eTypeParameters,eContainingClass,eBounds,eEnum,eOperations,eExceptions
0.0,0.01968503937007874,0.0,0.0,0.0,0.1062992125984252,0.051181102362204724,0.01968503937007874,0.03543307086614173,0.05905511811023622,0.0,0.0,0.0,0.08267716535433071,0.0,0.011811023622047244,0.0,0.2204724409448819,0.0,0.08267716535433071,0.027559055118110236,0.2440944881889764,0.003937007874015748,0.011811023622047244,0.023622047244094488,0.0
violations,7
