Meta Mode,ecore
Number of Edge types,26
Number Of Nodes,100
State Id,98_1
OutDegreeValue,0,1,2,3,4,5,6,7,8,9,10,11,13,21
OutDegreeCount,8,29,40,4,6,1,2,2,3,1,1,1,1,1
NAValue,1,2,3,4,5,6,7,8
NACount,8,23,39,16,4,6,3,1
MPCValue,0.00000,0.46222,0.46694,0.52000,0.56717,0.58240,0.58500,0.63673,0.64735,0.65000,0.69333,0.73125,0.74389,0.74880,0.77459,0.77469,0.78000,0.79889,0.82083,0.82333,0.82680,0.83200,0.83692,0.83778
MPCCount,8,1,1,22,1,3,1,1,1,5,32,1,1,5,1,2,7,1,1,1,1,1,1,1
Typed Out Degree
EClass eTypeParameters,1,1,1,1,1,1
EPackage eSuperPackage,1
EReference eKeys,1,4,1,2,3,3,1,2,1,1,1,2
EOperation eContainingClass,1,1,1,1
EAttribute eContainingClass,1,1,1,1,1,1,1,1,1,1,1,1,1,1,1,1,1,1,1,1,1,1,1,1
EReference eOpposite,1,1,1,1
EPackage eClassifiers,1,20
EDataType ePackage,1,1
EAttribute eType,1,1,1,1,1,1,1,1,1,1,1,1,1,1
EEnum eLiterals,6
EParameter eType,1
EClass eStructuralFeatures,2,3,3,2,6,6,5,8,4,4,5,3,1,3
EEnumLiteral eEnum,1,1,1,1,1,1
EReference eContainingClass,1,1,1,1,1,1,1,1,1,1,1,1,1,1,1,1,1,1,1,1,1,1,1,1,1,1,1,1,1,1,1
EEnum ePackage,1
EGenericType eUpperBound,1
EEnum eTypeParameters,1
EClass eSuperTypes,1,1,1,5,1,1,6,3,3
ETypeParameter eBounds,2
EClass ePackage,1,1,1,1,1,1,1,1,1,1,1,1,1,1,1,1,1,1
EOperation eParameters,1,1
EPackage eSubpackages,1
EClass eOperations,1,1,1,1
EParameter eOperation,1,1
EReference eType,1,1,1,1,1,1,1,1,1,1,1,1
EOperation eType,1
Node Type
EAttribute,EClass,EDataType,EParameter,EGenericType,EEnumLiteral,EOperation,EEnum,EReference,ETypeParameter,EPackage
0.24000000000000007,0.18000000000000002,0.02,0.02,0.03,0.060000000000000005,0.04,0.01,0.3100000000000001,0.07,0.02
Edge Type
eSuperPackage,eOperation,eUpperBound,eTypeParameter,eSubpackages,eType,eSuperTypes,eParameters,eOpposite,eKeys,eTypeArguments,eModelElement,eAnnotations,ePackage,eLowerBound,eLiterals,details,eStructuralFeatures,eClassifier,eClassifiers,eTypeParameters,eContainingClass,eBounds,eEnum,eOperations,eExceptions
0.003787878787878788,0.007575757575757576,0.003787878787878788,0.0,0.003787878787878788,0.10606060606060606,0.08333333333333333,0.007575757575757576,0.015151515151515152,0.08333333333333333,0.0,0.0,0.0,0.07954545454545454,0.0,0.022727272727272728,0.0,0.20833333333333334,0.0,0.07954545454545454,0.026515151515151516,0.22348484848484848,0.007575757575757576,0.022727272727272728,0.015151515151515152,0.0
violations,6
