Meta Mode,ecore
Number of Edge types,26
Number Of Nodes,100
State Id,99_1
OutDegreeValue,0,1,2,3,4,5,6,7,8,9,13,14
OutDegreeCount,4,28,43,10,3,4,2,1,2,1,1,1
NAValue,1,2,3,4,5,6,7
NACount,4,23,43,11,7,9,3
MPCValue,0.00000,0.52000,0.58240,0.58898,0.59385,0.65000,0.68250,0.69333,0.73917,0.74880,0.75111,0.76408,0.76440,0.77653,0.78000,0.79170,0.80000,0.81120,0.82173,0.82333,0.83200,0.84500,0.84898,0.87309
MPCCount,4,23,3,1,1,12,1,28,1,1,2,1,1,1,6,1,1,1,2,1,5,1,1,1
Typed Out Degree
EClass eTypeParameters,1,1
EPackage eSuperPackage,1
EReference eKeys,2,1,2,1,1,2,2,1
EOperation eContainingClass,1,1,1,1,1,1
EAttribute eContainingClass,1,1,1,1,1,1,1,1,1,1,1,1,1,1,1,1,1,1,1,1,1,1,1,1
EReference eOpposite,1,1,1,1,1,1,1,1
EPackage eClassifiers,12,13
EDataType ePackage,1
EAttribute eType,1,1,1,1,1,1,1,1,1,1,1,1,1,1,1
EOperation eExceptions,3,1,1
EEnum eLiterals,1,4
EOperation eTypeParameters,1
EParameter eType,1
EClass eStructuralFeatures,5,1,3,7,1,1,1,2,2,2,5,1,7,6,2,2,3,4
EEnumLiteral eEnum,1,1,1,1,1
EReference eContainingClass,1,1,1,1,1,1,1,1,1,1,1,1,1,1,1,1,1,1,1,1,1,1,1,1,1,1,1,1,1,1,1
EEnum ePackage,1,1,1
EEnum eTypeParameters,1
EClass eSuperTypes,1,1,1,1,1,1
ETypeParameter eBounds,1
EClass ePackage,1,1,1,1,1,1,1,1,1,1,1,1,1,1,1,1,1,1,1,1,1
EOperation eParameters,1,1
EPackage eSubpackages,1
EClass eOperations,1,1,1,1,1,1
EParameter eOperation,1,1
EReference eType,1,1,1,1,1,1,1
Node Type
EAttribute,EClass,EDataType,EParameter,EGenericType,EEnumLiteral,EOperation,EEnum,EReference,EPackage,ETypeParameter
0.24000000000000007,0.21000000000000005,0.01,0.02,0.01,0.05,0.060000000000000005,0.03,0.3100000000000001,0.02,0.04
Edge Type
eSuperPackage,eOperation,eUpperBound,eTypeParameter,eSubpackages,eType,eSuperTypes,eParameters,eOpposite,eKeys,eTypeArguments,eModelElement,eAnnotations,ePackage,eLowerBound,eLiterals,details,eStructuralFeatures,eClassifier,eClassifiers,eTypeParameters,eContainingClass,eBounds,eEnum,eOperations,eExceptions
0.004048582995951417,0.008097165991902834,0.0,0.0,0.004048582995951417,0.0931174089068826,0.024291497975708502,0.008097165991902834,0.032388663967611336,0.048582995951417005,0.0,0.0,0.0,0.10121457489878542,0.0,0.020242914979757085,0.0,0.22267206477732793,0.0,0.10121457489878542,0.016194331983805668,0.24696356275303644,0.004048582995951417,0.020242914979757085,0.024291497975708502,0.020242914979757085
violations,4
