Meta Mode,ecore
Number of Edge types,26
Number Of Nodes,100
State Id,9_1
OutDegreeValue,0,1,2,3,4,5,6,7,10,11,12,14,20
OutDegreeCount,7,23,49,6,3,2,3,2,1,1,1,1,1
NAValue,1,2,3,4,5,6,7
NACount,7,20,40,19,2,5,7
MPCValue,0.00000,0.52000,0.63673,0.64735,0.65000,0.65260,0.69333,0.73917,0.74880,0.75111,0.75833,0.78000,0.78541,0.79040,0.79170,0.80609,0.81939,0.82512,0.83778,0.84741,0.85280,0.85313,0.87750
MPCCount,7,20,1,1,11,1,29,1,2,1,1,13,1,1,1,1,1,1,1,1,2,1,1
Typed Out Degree
EClass eTypeParameters,1,1,1
EPackage eSuperPackage,1,1,1,1
EReference eKeys,1,1,1,1,1,1,2,2,1,2,1,1,1,1,1
EDataType eTypeParameters,1
EOperation eContainingClass,1,1,1,1,1,1
EAttribute eContainingClass,1,1,1,1,1,1,1,1,1,1,1,1,1,1,1,1,1,1,1,1,1,1,1,1
EReference eOpposite,1,1,1,1,1,1
EPackage eClassifiers,17,1,1,1
EDataType ePackage,1
EAttribute eType,1,1,1,1,1,1,1,1,1,1,1,1,1,1,1
EOperation eExceptions,1
EEnum eLiterals,6
EOperation eTypeParameters,1
EClass eStructuralFeatures,1,3,5,2,1,2,4,5,2,6,2,3,3,6,8,1
EEnumLiteral eEnum,1,1,1,1,1,1
EReference eContainingClass,1,1,1,1,1,1,1,1,1,1,1,1,1,1,1,1,1,1,1,1,1,1,1,1,1,1,1,1,1,1
EEnum ePackage,1,1,1
EEnum eTypeParameters,1,1
EClass eSuperTypes,2,1,2,2,4,2,4,4
ETypeParameter eBounds,1,1
EClass ePackage,1,1,1,1,1,1,1,1,1,1,1,1,1,1,1,1
EPackage eSubpackages,3,1
EClass eOperations,1,1,1,2,1
EReference eType,1,1,1,1,1,1,1
EOperation eType,1,1,1
Node Type
EAttribute,EClass,EDataType,EGenericType,EEnumLiteral,EOperation,EEnum,EReference,ETypeParameter,EPackage
0.24000000000000007,0.16,0.01,0.02,0.060000000000000005,0.060000000000000005,0.03,0.3000000000000001,0.07,0.05
Edge Type
eSuperPackage,eOperation,eUpperBound,eTypeParameter,eSubpackages,eType,eSuperTypes,eParameters,eOpposite,eKeys,eTypeArguments,eModelElement,eAnnotations,ePackage,eLowerBound,eLiterals,details,eStructuralFeatures,eClassifier,eClassifiers,eTypeParameters,eContainingClass,eBounds,eEnum,eOperations,eExceptions
0.015384615384615385,0.0,0.0,0.0,0.015384615384615385,0.09615384615384616,0.08076923076923077,0.0,0.023076923076923078,0.06923076923076923,0.0,0.0,0.0,0.07692307692307693,0.0,0.023076923076923078,0.0,0.2076923076923077,0.0,0.07692307692307693,0.026923076923076925,0.23076923076923078,0.007692307692307693,0.023076923076923078,0.023076923076923078,0.0038461538461538464
violations,3
