Meta Mode,ecore
Number of Edge types,26
Number Of Nodes,100
State Id,100_1
OutDegreeValue,0,1,2,3,4,5,6,9
OutDegreeCount,7,25,11,41,10,3,2,1
NAValue,1,2,3,4,5,7,9
NACount,3,25,16,44,9,2,1
MPCValue,0.00000,0.17190,0.22750,0.28889,0.30333,0.33280,0.35129,0.42250,0.46694,0.52000,0.57406,0.61013,0.63556,0.64775,0.65000,0.68250,0.69333,0.71500,0.71552,0.74880,0.75111,0.76408,0.77355,0.78000,0.80889,0.83200
MPCCount,3,1,1,1,1,1,1,1,1,22,1,1,1,1,4,1,6,1,1,3,2,1,1,37,2,4
Typed Out Degree
EGenericType eTypeParameter,1,1,1,1,1,1,1,1,1,1,1,1,1,1,1,1,1,1,1,1,1,1,1,1,1,1,1,1,1,1,1,1,1,1,1,1,1,1,1,1,1,1,1,1,1,1,1,1,1,1,1,1,1,1,1,1,1,1,1,1,1,1,1,1,1,1
EPackage eSuperPackage,1,1,1,1
EGenericType eTypeArguments,1,1,1,1,1,1,1,1,1,1,1,1,2,1,1,1
EDataType eTypeParameters,3,5
EOperation eContainingClass,1
EReference eOpposite,1
EPackage eClassifiers,1,3,2,3,1
EDataType ePackage,1,1,1
EOperation eExceptions,5
EEnum eLiterals,2
EOperation eTypeParameters,1
EClass eStructuralFeatures,1
EGenericType eClassifier,1,1,1,1,1,1,1,1,1,1,1,1,1,1,1,1,1,1,1,1,1,1,1,1,1,1,1,1,1,1,1,1,1,1,1,1,1,1,1,1,1,1,1,1,1,1,1,1,1,1,1
EEnumLiteral eEnum,1,1
EReference eContainingClass,1
EEnum ePackage,1,1,1,1,1
EGenericType eUpperBound,1,1,1,1,1,1,1,1,1,1,1,1,1,1,1,1,1,1,1,1,1,1
EEnum eTypeParameters,1,1
EClass eSuperTypes,2,2
ETypeParameter eBounds,2,2,1,1,1,1
EClass ePackage,1,1
EOperation eParameters,1
EPackage eSubpackages,3,1
EGenericType eLowerBound,1,1,1,1,1,1,1,1,1,1,1,1,1,1,1,1,1,1,1,1,1,1
EClass eOperations,1
EParameter eOperation,1
EOperation eType,1
Node Type
EClass,EDataType,EParameter,EGenericType,EOperation,EEnumLiteral,EEnum,EReference,ETypeParameter,EPackage
0.02,0.03,0.01,0.6900000000000004,0.01,0.02,0.05,0.01,0.10999999999999999,0.05
Edge Type
eSuperPackage,eOperation,eUpperBound,eTypeParameter,eSubpackages,eType,eSuperTypes,eParameters,eOpposite,eKeys,eTypeArguments,eModelElement,eAnnotations,ePackage,eLowerBound,eLiterals,details,eStructuralFeatures,eClassifier,eClassifiers,eTypeParameters,eContainingClass,eBounds,eEnum,eOperations,eExceptions
0.016260162601626018,0.0040650406504065045,0.08943089430894309,0.2682926829268293,0.016260162601626018,0.0040650406504065045,0.016260162601626018,0.0040650406504065045,0.0040650406504065045,0.0,0.06910569105691057,0.0,0.0,0.04065040650406504,0.08943089430894309,0.008130081300813009,0.0,0.0040650406504065045,0.2073170731707317,0.04065040650406504,0.044715447154471545,0.008130081300813009,0.032520325203252036,0.008130081300813009,0.0040650406504065045,0.02032520325203252
violations,2
