Meta Mode,ecore
Number of Edge types,26
Number Of Nodes,100
State Id,10_1
OutDegreeValue,0,1,2,3,4,5,6,12
OutDegreeCount,7,28,10,33,15,4,2,1
NAValue,1,2,3,4,5,6,9
NACount,1,33,14,38,9,3,2
MPCValue,0.00000,0.20543,0.21185,0.25469,0.28889,0.30173,0.39385,0.46222,0.52000,0.58240,0.65000,0.67600,0.68409,0.69333,0.70344,0.71168,0.74880,0.75111,0.78000,0.80889,0.81250,0.83200
MPCCount,1,1,1,2,1,1,1,1,28,1,2,1,1,8,1,1,8,2,28,3,1,6
Typed Out Degree
EGenericType eTypeParameter,1,1,1,1,1,1,1,1,1,1,1,1,1,1,1,1,1,1,1,1,1,1,1,1,1,1,1,1,1,1,1,1,1,1,1,1,1,1,1,1,1,1,1,1,1,1,1,1,1,1,1,1,1,1,1,1,1,1,1,1,1,1,1,1,1,1,1,1,1
EClass eTypeParameters,3,1
EPackage eSuperPackage,1
EGenericType eTypeArguments,1,1,1,1,1,1,1,1,1,2,2,1,1,1,1,2,1,1,1,1
EDataType eTypeParameters,3
EOperation eContainingClass,1
EAttribute eContainingClass,1,1,1,1,1
EReference eOpposite,1
EPackage eClassifiers,2,2
EDataType ePackage,1
EAttribute eType,1
EOperation eExceptions,3
EEnum eLiterals,2
EClass eStructuralFeatures,6
EGenericType eClassifier,1,1,1,1,1,1,1,1,1,1,1,1,1,1,1,1,1,1,1,1,1,1,1,1,1,1,1,1,1,1,1,1,1,1,1,1,1,1,1,1,1,1,1,1,1,1,1,1,1,1,1,1,1,1,1,1,1
EEnumLiteral eEnum,1,1
EReference eContainingClass,1
EEnum ePackage,1
EGenericType eUpperBound,1,1,1,1,1,1,1,1,1,1,1,1,1,1,1,1,1,1,1
EEnum eTypeParameters,3
EClass eSuperTypes,2,2
ETypeParameter eBounds,1,1,2,2
EClass ePackage,1,1
EOperation eParameters,1
EPackage eSubpackages,1
EGenericType eLowerBound,1,1,1,1,1,1,1,1,1,1,1,1,1,1,1,1,1,1,1,1,1,1,1,1,1,1
EClass eOperations,1
EParameter eOperation,1
EReference eType,1
EOperation eType,1
Node Type
EClass,EAttribute,EDataType,EParameter,EGenericType,EEnumLiteral,EOperation,EEnum,EReference,EPackage,ETypeParameter
0.02,0.05,0.01,0.01,0.7400000000000004,0.02,0.01,0.01,0.01,0.02,0.09999999999999999
Edge Type
eSuperPackage,eOperation,eUpperBound,eTypeParameter,eSubpackages,eType,eSuperTypes,eParameters,eOpposite,eKeys,eTypeArguments,eModelElement,eAnnotations,ePackage,eLowerBound,eLiterals,details,eStructuralFeatures,eClassifier,eClassifiers,eTypeParameters,eContainingClass,eBounds,eEnum,eOperations,eExceptions
0.00398406374501992,0.00398406374501992,0.07569721115537849,0.2749003984063745,0.00398406374501992,0.01195219123505976,0.01593625498007968,0.00398406374501992,0.00398406374501992,0.0,0.09163346613545817,0.0,0.0,0.01593625498007968,0.10358565737051793,0.00796812749003984,0.0,0.02390438247011952,0.22709163346613545,0.01593625498007968,0.0398406374501992,0.027888446215139442,0.02390438247011952,0.00796812749003984,0.00398406374501992,0.01195219123505976
violations,2
