Meta Mode,ecore
Number of Edge types,26
Number Of Nodes,100
State Id,11_1
OutDegreeValue,0,1,2,3,4,5,6,9
OutDegreeCount,8,26,16,29,9,7,3,2
NAValue,1,2,3,4,5,6,7,8,10
NACount,3,29,19,37,4,3,3,1,1
MPCValue,0.00000,0.15889,0.20543,0.25469,0.28308,0.28889,0.38519,0.39000,0.44694,0.52000,0.58240,0.65000,0.66560,0.68809,0.69333,0.74522,0.74880,0.75111,0.76960,0.77355,0.78000,0.78321,0.80889,0.84898,0.85311
MPCCount,3,1,1,1,1,1,1,1,1,24,1,4,1,1,11,1,7,1,1,1,29,1,3,2,1
Typed Out Degree
EGenericType eTypeParameter,1,1,1,1,1,1,1,1,1,1,1,1,1,1,1,1,1,1,1,1,1,1,1,1,1,1,1,1,1,1,1,1,1,1,1,1,1,1,1,1,1,1,1,1,1,1,1,1,1,1,1,1,1,1,1,1,1,1,1,1,1
EClass eTypeParameters,2,1
EPackage eSuperPackage,1,1
EGenericType eTypeArguments,1,2,2,1,1,2,1,1,1,1,1,1,1,1,1,1,1,1,1,1,1,2
EOperation eContainingClass,1,1
EAttribute eContainingClass,1
EReference eOpposite,1,1
EPackage eClassifiers,1,3,2
EAttribute eType,1
EOperation eExceptions,5,2
EEnum eLiterals,4,1
EOperation eTypeParameters,1
EClass eStructuralFeatures,3
EGenericType eClassifier,1,1,1,1,1,1,1,1,1,1,1,1,1,1,1,1,1,1,1,1,1,1,1,1,1,1,1,1,1,1,1,1,1,1,1,1,1,1,1,1,1,1,1,1,1,1,1,1,1,1,1
EEnumLiteral eEnum,1,1,1,1,1
EReference eContainingClass,1,1
EEnum ePackage,1,1,1
EGenericType eUpperBound,1,1,1,1,1,1,1,1,1,1,1,1,1,1,1,1,1,1,1,1,1
EEnum eTypeParameters,1,3,3
EClass eSuperTypes,3,3,3
ETypeParameter eBounds,2,1,1,2
EClass ePackage,1,1,1
EOperation eParameters,1,1
EPackage eSubpackages,1,1
EGenericType eLowerBound,1,1,1,1,1,1,1,1,1,1,1,1,1,1,1
EClass eOperations,1,1
EParameter eOperation,1,1
EOperation eType,1,1
Node Type
EAttribute,EClass,EParameter,EGenericType,EEnumLiteral,EOperation,EEnum,EReference,EPackage,ETypeParameter
0.01,0.03,0.02,0.6800000000000004,0.05,0.02,0.03,0.02,0.03,0.10999999999999999
Edge Type
eSuperPackage,eOperation,eUpperBound,eTypeParameter,eSubpackages,eType,eSuperTypes,eParameters,eOpposite,eKeys,eTypeArguments,eModelElement,eAnnotations,ePackage,eLowerBound,eLiterals,details,eStructuralFeatures,eClassifier,eClassifiers,eTypeParameters,eContainingClass,eBounds,eEnum,eOperations,eExceptions
0.007936507936507936,0.007936507936507936,0.08333333333333333,0.24206349206349206,0.007936507936507936,0.011904761904761904,0.03571428571428571,0.007936507936507936,0.007936507936507936,0.0,0.10317460317460317,0.0,0.0,0.023809523809523808,0.05952380952380952,0.01984126984126984,0.0,0.011904761904761904,0.20238095238095238,0.023809523809523808,0.04365079365079365,0.01984126984126984,0.023809523809523808,0.01984126984126984,0.007936507936507936,0.027777777777777776
violations,3
