Meta Mode,ecore
Number of Edge types,26
Number Of Nodes,100
State Id,12_1
OutDegreeValue,0,1,2,3,4,5,6,7
OutDegreeCount,6,30,15,28,10,7,2,2
NAValue,1,2,3,4,5,6,7
NACount,2,31,18,39,5,4,1
MPCValue,0.00000,0.20543,0.24960,0.25469,0.28889,0.32661,0.39585,0.45298,0.46222,0.52000,0.62769,0.65000,0.66560,0.68809,0.69333,0.71500,0.73667,0.74050,0.74750,0.74880,0.75111,0.78000,0.80889,0.83200,0.86667
MPCCount,2,1,1,1,1,1,1,1,1,28,1,1,1,1,12,3,1,1,1,6,1,27,3,1,2
Typed Out Degree
EReference eContainingClass,1
EGenericType eTypeParameter,1,1,1,1,1,1,1,1,1,1,1,1,1,1,1,1,1,1,1,1,1,1,1,1,1,1,1,1,1,1,1,1,1,1,1,1,1,1,1,1,1,1,1,1,1,1,1,1,1,1,1,1,1,1,1,1,1,1,1,1,1,1
EEnum ePackage,1,1
EClass eTypeParameters,1,3
EGenericType eUpperBound,1,1,1,1,1,1,1,1,1,1,1,1,1,1,1,1,1
EEnum eTypeParameters,1,1
EPackage eSuperPackage,1,1,1
EClass eSuperTypes,3,3,3
EGenericType eTypeArguments,1,1,1,1,1,1,2,1,1,1,2,2,1,1,1
ETypeParameter eBounds,2,1,1,1,1,3,1
EClass ePackage,1,1,1
EDataType eTypeParameters,2,4
EAttribute eContainingClass,1,1,1
EPackage eSubpackages,3
EReference eOpposite,1
EPackage eClassifiers,3,1,3
EDataType ePackage,1,1
EGenericType eLowerBound,1,1,1,1,1,1,1,1,1,1,1,1,1,1,1,1,1,1,1,1,1,1,1,1
EEnum eLiterals,4
EClass eStructuralFeatures,2,2
EGenericType eClassifier,1,1,1,1,1,1,1,1,1,1,1,1,1,1,1,1,1,1,1,1,1,1,1,1,1,1,1,1,1,1,1,1,1,1,1,1,1,1,1,1,1,1,1,1,1,1,1,1,1,1,1,1,1,1,1,1
EEnumLiteral eEnum,1,1,1,1
Node Type
EClass,EAttribute,EDataType,EGenericType,EEnumLiteral,EEnum,EReference,ETypeParameter,EPackage
0.03,0.03,0.02,0.6900000000000004,0.04,0.02,0.01,0.11999999999999998,0.04
Edge Type
eSuperPackage,eOperation,eUpperBound,eTypeParameter,eSubpackages,eType,eSuperTypes,eParameters,eOpposite,eKeys,eTypeArguments,eModelElement,eAnnotations,ePackage,eLowerBound,eLiterals,details,eStructuralFeatures,eClassifier,eClassifiers,eTypeParameters,eContainingClass,eBounds,eEnum,eOperations,eExceptions
0.012244897959183673,0.0,0.06938775510204082,0.2530612244897959,0.012244897959183673,0.0,0.036734693877551024,0.0,0.004081632653061225,0.0,0.07346938775510205,0.0,0.0,0.02857142857142857,0.09795918367346938,0.0163265306122449,0.0,0.0163265306122449,0.22857142857142856,0.02857142857142857,0.04897959183673469,0.0163265306122449,0.04081632653061224,0.0163265306122449,0.0,0.0
violations,3
