Meta Mode,ecore
Number of Edge types,26
Number Of Nodes,100
State Id,13_1
OutDegreeValue,0,1,2,3,4,5,6,7,11,12
OutDegreeCount,4,31,11,33,13,3,2,1,1,1
NAValue,1,2,3,4,5,6,7,8
NACount,1,31,10,42,6,5,2,3
MPCValue,0.00000,0.20543,0.33280,0.35360,0.37143,0.42250,0.46222,0.46694,0.47840,0.52000,0.58367,0.61538,0.65000,0.67407,0.68760,0.69333,0.71446,0.71500,0.74880,0.75111,0.75636,0.76960,0.77278,0.78000,0.78531,0.80653,0.80889,0.83200,0.83488
MPCCount,1,1,1,1,1,1,1,1,1,28,1,1,1,1,1,4,1,1,7,2,1,1,1,31,2,1,1,4,1
Typed Out Degree
EGenericType eTypeParameter,1,1,1,1,1,1,1,1,1,1,1,1,1,1,1,1,1,1,1,1,1,1,1,1,1,1,1,1,1,1,1,1,1,1,1,1,1,1,1,1,1,1,1,1,1,1,1,1,1,1,1
EClass eTypeParameters,2
EPackage eSuperPackage,1,1,1,1,1
EGenericType eTypeArguments,1,1,1,1,1,1,1,1,1,2,1,1,1,1,1,1
EDataType eTypeParameters,1,1,1
EOperation eContainingClass,1,1
EReference eOpposite,1,1
EPackage eClassifiers,3,1,3,2,2
EDataType ePackage,1,1,1,1,1
EOperation eExceptions,9,8
EEnum eLiterals,1,2,1
EClass eStructuralFeatures,1,1
EGenericType eClassifier,1,1,1,1,1,1,1,1,1,1,1,1,1,1,1,1,1,1,1,1,1,1,1,1,1,1,1,1,1,1,1,1,1,1,1,1,1,1,1,1,1,1,1,1,1,1,1,1,1,1,1,1,1,1
EEnumLiteral eEnum,1,1,1,1
EReference eContainingClass,1,1
EEnum ePackage,1,1,1
EGenericType eUpperBound,1,1,1,1,1,1,1,1,1,1,1,1,1,1,1
EEnum eTypeParameters,2,2
EClass eSuperTypes,3,3,3
ETypeParameter eBounds,1,1,1,2,2,1
EClass ePackage,1,1,1
EOperation eParameters,1,1
EPackage eSubpackages,2,3
EGenericType eLowerBound,1,1,1,1,1,1,1,1,1,1,1,1,1,1,1,1,1,1,1,1,1,1,1,1
EClass eOperations,1,1
EParameter eOperation,1,1
EReference eType,1
EOperation eType,1,1
Node Type
EClass,EDataType,EParameter,EGenericType,EEnumLiteral,EOperation,EEnum,EReference,ETypeParameter,EPackage
0.03,0.05,0.02,0.6400000000000003,0.04,0.02,0.03,0.02,0.09,0.060000000000000005
Edge Type
eSuperPackage,eOperation,eUpperBound,eTypeParameter,eSubpackages,eType,eSuperTypes,eParameters,eOpposite,eKeys,eTypeArguments,eModelElement,eAnnotations,ePackage,eLowerBound,eLiterals,details,eStructuralFeatures,eClassifier,eClassifiers,eTypeParameters,eContainingClass,eBounds,eEnum,eOperations,eExceptions
0.019157088122605363,0.007662835249042145,0.05747126436781609,0.19540229885057472,0.019157088122605363,0.011494252873563218,0.034482758620689655,0.007662835249042145,0.007662835249042145,0.0,0.06513409961685823,0.0,0.0,0.0421455938697318,0.09195402298850575,0.01532567049808429,0.0,0.007662835249042145,0.20689655172413793,0.0421455938697318,0.034482758620689655,0.01532567049808429,0.03065134099616858,0.01532567049808429,0.007662835249042145,0.06513409961685823
violations,3
