Meta Mode,ecore
Number of Edge types,26
Number Of Nodes,100
State Id,14_1
OutDegreeValue,0,1,2,3,4,5,7,8,9,15,16
OutDegreeCount,11,23,19,25,14,1,2,1,2,1,1
NAValue,1,2,3,4,5,6,7,9
NACount,5,25,18,32,12,2,3,3
MPCValue,0.00000,0.28889,0.32661,0.39000,0.43875,0.48000,0.52000,0.55852,0.63556,0.65000,0.66560,0.68923,0.69333,0.71500,0.73224,0.74286,0.74880,0.75111,0.77037,0.77679,0.78000,0.78531,0.80600,0.80665,0.81250,0.83200,0.84930,0.86667
MPCCount,5,1,1,4,1,1,22,1,1,3,1,1,10,2,1,1,8,2,1,1,21,1,1,1,1,5,1,1
Typed Out Degree
EGenericType eTypeParameter,1,1,1,1,1,1,1,1,1,1,1,1,1,1,1,1,1,1,1,1,1,1,1,1,1,1,1,1,1,1,1,1,1,1,1,1,1,1,1,1,1,1,1,1,1,1,1,1
EClass eTypeParameters,1,2,1
EPackage eSuperPackage,1,1,1,1,1
EGenericType eTypeArguments,1,1,1,1,1,1,1,2,1,2,1,1,1,2,1,1
EDataType eTypeParameters,1,2,1,1
EOperation eContainingClass,1,1,1
EReference eOpposite,1,1
EPackage eClassifiers,3,4,2,1,2
EDataType ePackage,1,1,1,1
EOperation eExceptions,12,12,4
EEnum eLiterals,1,1
EOperation eTypeParameters,1,1,1
EClass eStructuralFeatures,1,1
EGenericType eClassifier,1,1,1,1,1,1,1,1,1,1,1,1,1,1,1,1,1,1,1,1,1,1,1,1,1,1,1,1,1,1,1,1,1,1,1,1,1,1,1,1,1,1,1,1,1,1,1,1
EEnumLiteral eEnum,1,1
EReference eContainingClass,1,1
EEnum ePackage,1,1,1,1
EGenericType eUpperBound,1,1,1,1,1,1,1,1,1,1,1,1,1,1,1,1
EEnum eTypeParameters,1,2,1,1
EClass eSuperTypes,4,3,4,4
ETypeParameter eBounds,1,2,3,1,1,1,1
EClass ePackage,1,1,1,1
EOperation eParameters,1
EPackage eSubpackages,5
EGenericType eLowerBound,1,1,1,1,1,1,1,1,1,1,1,1
EClass eOperations,1,2
EParameter eOperation,1
EOperation eType,1,1,1
Node Type
EClass,EDataType,EParameter,EGenericType,EOperation,EEnumLiteral,EEnum,EReference,ETypeParameter,EPackage
0.04,0.04,0.01,0.5700000000000003,0.03,0.02,0.04,0.02,0.17,0.060000000000000005
Edge Type
eSuperPackage,eOperation,eUpperBound,eTypeParameter,eSubpackages,eType,eSuperTypes,eParameters,eOpposite,eKeys,eTypeArguments,eModelElement,eAnnotations,ePackage,eLowerBound,eLiterals,details,eStructuralFeatures,eClassifier,eClassifiers,eTypeParameters,eContainingClass,eBounds,eEnum,eOperations,eExceptions
0.018656716417910446,0.0037313432835820895,0.05970149253731343,0.1791044776119403,0.018656716417910446,0.011194029850746268,0.055970149253731345,0.0037313432835820895,0.007462686567164179,0.0,0.0708955223880597,0.0,0.0,0.04477611940298507,0.04477611940298507,0.007462686567164179,0.0,0.007462686567164179,0.1791044776119403,0.04477611940298507,0.06343283582089553,0.018656716417910446,0.03731343283582089,0.007462686567164179,0.011194029850746268,0.1044776119402985
violations,4
