Meta Mode,ecore
Number of Edge types,26
Number Of Nodes,100
State Id,15_1
OutDegreeValue,0,1,2,3,4,5,6,7,8,9
OutDegreeCount,7,30,10,29,14,5,1,2,1,1
NAValue,1,2,3,4,5,6,7,10
NACount,2,30,14,34,14,4,1,1
MPCValue,0.00000,0.14769,0.25469,0.30333,0.35360,0.37877,0.39000,0.50960,0.52000,0.58240,0.65000,0.68409,0.69333,0.70720,0.73224,0.74469,0.74880,0.75692,0.78000,0.80889,0.83200,0.86667
MPCCount,2,1,2,1,1,1,1,1,26,2,3,1,6,1,1,1,3,1,31,5,7,2
Typed Out Degree
EGenericType eTypeParameter,1,1,1,1,1,1,1,1,1,1,1,1,1,1,1,1,1,1,1,1,1,1,1,1,1,1,1,1,1,1,1,1,1,1,1,1,1,1,1,1,1,1,1,1,1,1,1,1,1,1,1,1,1,1,1,1,1,1,1,1,1,1,1,1
EClass eTypeParameters,2
EPackage eSuperPackage,1,1,1
EGenericType eTypeArguments,1,1,1,1,1,1,1,1,1,1,1,1,2,1,1,1,1,1,1,1,1,1
EReference eKeys,1,1
EDataType eTypeParameters,1,1
EOperation eContainingClass,1,1
EAttribute eContainingClass,1
EReference eOpposite,1,1,1
EPackage eClassifiers,2,1,5,1
EDataType ePackage,1,1,1
EOperation eExceptions,5,3
EOperation eTypeParameters,2,2
EClass eStructuralFeatures,3,1
EGenericType eClassifier,1,1,1,1,1,1,1,1,1,1,1,1,1,1,1,1,1,1,1,1,1,1,1,1,1,1,1,1,1,1,1,1,1,1,1,1,1,1,1,1,1,1,1,1,1,1,1,1,1,1,1,1,1
EReference eContainingClass,1,1,1
EEnum ePackage,1,1,1,1
EGenericType eUpperBound,1,1,1,1,1,1,1,1,1,1,1,1,1,1,1,1,1,1,1,1,1
EEnum eTypeParameters,3
EClass eSuperTypes,2,2
ETypeParameter eBounds,1,3,1,1,1
EClass ePackage,1,1
EPackage eSubpackages,2,1
EGenericType eLowerBound,1,1,1,1,1,1,1,1,1,1,1,1,1,1,1,1,1,1,1
EClass eOperations,2
EReference eType,1,1
EOperation eType,1,1
Node Type
EAttribute,EClass,EDataType,EGenericType,EOperation,EEnum,EReference,ETypeParameter,EPackage
0.01,0.02,0.03,0.7000000000000004,0.02,0.04,0.03,0.10999999999999999,0.04
Edge Type
eSuperPackage,eOperation,eUpperBound,eTypeParameter,eSubpackages,eType,eSuperTypes,eParameters,eOpposite,eKeys,eTypeArguments,eModelElement,eAnnotations,ePackage,eLowerBound,eLiterals,details,eStructuralFeatures,eClassifier,eClassifiers,eTypeParameters,eContainingClass,eBounds,eEnum,eOperations,eExceptions
0.011764705882352941,0.0,0.08235294117647059,0.25098039215686274,0.011764705882352941,0.01568627450980392,0.01568627450980392,0.0,0.011764705882352941,0.00784313725490196,0.09019607843137255,0.0,0.0,0.03529411764705882,0.07450980392156863,0.0,0.0,0.01568627450980392,0.20784313725490197,0.03529411764705882,0.043137254901960784,0.023529411764705882,0.027450980392156862,0.0,0.00784313725490196,0.03137254901960784
violations,2
