Meta Mode,ecore
Number of Edge types,26
Number Of Nodes,100
State Id,16_1
OutDegreeValue,0,1,2,3,4,5,6,7,8,9
OutDegreeCount,10,25,14,27,12,6,1,2,1,2
NAValue,1,2,3,4,5,6,8,10
NACount,1,33,12,38,11,2,1,2
MPCValue,0.00000,0.14769,0.20543,0.22750,0.25355,0.28889,0.46222,0.52000,0.64617,0.65000,0.66765,0.68640,0.69333,0.70308,0.74880,0.76973,0.77037,0.78000,0.80889,0.82048,0.83200
MPCCount,1,1,1,2,1,1,2,26,1,4,1,1,8,1,6,1,1,31,3,1,6
Typed Out Degree
EGenericType eTypeParameter,1,1,1,1,1,1,1,1,1,1,1,1,1,1,1,1,1,1,1,1,1,1,1,1,1,1,1,1,1,1,1,1,1,1,1,1,1,1,1,1,1,1,1,1,1,1,1,1,1,1,1,1,1,1,1,1,1,1,1,1,1,1,1,1
EClass eTypeParameters,1,3,1
EPackage eSuperPackage,1,1,1,1
EGenericType eTypeArguments,1,1,1,1,1,1,1,2,3,3,1,1,1,1,1,1,1,1,1,1,1,1
EDataType eTypeParameters,4
EOperation eContainingClass,1,1
EAttribute eContainingClass,1,1
EReference eOpposite,1,1,1
EPackage eClassifiers,1,1,1,1,1
EDataType ePackage,1
EAttribute eType,1
EOperation eExceptions,4,5
EOperation eTypeParameters,1
EClass eStructuralFeatures,3,1,1
EGenericType eClassifier,1,1,1,1,1,1,1,1,1,1,1,1,1,1,1,1,1,1,1,1,1,1,1,1,1,1,1,1,1,1,1,1,1,1,1,1,1,1,1,1,1,1,1,1,1,1,1,1,1,1,1,1,1,1
EReference eContainingClass,1,1,1
EEnum ePackage,1
EGenericType eUpperBound,1,1,1,1,1,1,1,1,1,1,1,1,1,1,1,1,1,1,1,1,1
EClass eSuperTypes,3,3,3
ETypeParameter eBounds,2
EClass ePackage,1,1,1
EOperation eParameters,1
EPackage eSubpackages,1,3
EGenericType eLowerBound,1,1,1,1,1,1,1,1,1,1,1,1,1,1,1,1,1,1,1,1,1,1
EClass eOperations,1,1
EParameter eOperation,1
EOperation eType,1,1
Node Type
EClass,EAttribute,EDataType,EParameter,EGenericType,EOperation,EEnum,EReference,EPackage,ETypeParameter
0.03,0.02,0.01,0.01,0.7200000000000004,0.02,0.01,0.03,0.05,0.09999999999999999
Edge Type
eSuperPackage,eOperation,eUpperBound,eTypeParameter,eSubpackages,eType,eSuperTypes,eParameters,eOpposite,eKeys,eTypeArguments,eModelElement,eAnnotations,ePackage,eLowerBound,eLiterals,details,eStructuralFeatures,eClassifier,eClassifiers,eTypeParameters,eContainingClass,eBounds,eEnum,eOperations,eExceptions
0.015503875968992248,0.003875968992248062,0.08139534883720931,0.24806201550387597,0.015503875968992248,0.011627906976744186,0.03488372093023256,0.003875968992248062,0.011627906976744186,0.0,0.10465116279069768,0.0,0.0,0.01937984496124031,0.08527131782945736,0.0,0.0,0.01937984496124031,0.20930232558139536,0.01937984496124031,0.03875968992248062,0.027131782945736434,0.007751937984496124,0.0,0.007751937984496124,0.03488372093023256
violations,3
