Meta Mode,ecore
Number of Edge types,26
Number Of Nodes,100
State Id,17_1
OutDegreeValue,0,1,2,3,4,5,7,8,9,12,14,17
OutDegreeCount,7,31,13,26,12,3,1,2,2,1,1,1
NAValue,1,2,3,4,5,6,7,8,9,10
NACount,1,32,13,38,5,3,4,1,2,1
MPCValue,0.00000,0.14769,0.32661,0.33280,0.36053,0.46222,0.52000,0.55250,0.58240,0.65000,0.66560,0.68640,0.69333,0.70870,0.71500,0.73224,0.74880,0.76496,0.76960,0.77037,0.77785,0.78000,0.79806,0.80889,0.82512,0.83200,0.83688,0.84231,0.85917,0.86667
MPCCount,1,1,1,1,1,2,28,1,1,3,1,1,7,1,2,1,6,1,1,1,1,26,1,3,1,2,1,1,1,1
Typed Out Degree
EGenericType eTypeParameter,1,1,1,1,1,1,1,1,1,1,1,1,1,1,1,1,1,1,1,1,1,1,1,1,1,1,1,1,1,1,1,1,1,1,1,1,1,1,1,1,1,1,1
EClass eTypeParameters,2,1,2,1
EPackage eSuperPackage,1,1,1,1,1,1
EGenericType eTypeArguments,2,1,1,1,1,1,1,1,2,1,1,1,1
EReference eKeys,1,1
EDataType eTypeParameters,1,3
EOperation eContainingClass,1,1,1
EAttribute eContainingClass,1,1,1,1
EReference eOpposite,1,1,1
EPackage eClassifiers,3,1,1,1,5,2
EDataType ePackage,1,1
EAttribute eType,1
EOperation eExceptions,11,3,12
EEnum eLiterals,3,1,2
EOperation eTypeParameters,2
EParameter eType,1
EClass eStructuralFeatures,3,1,2,1
EGenericType eClassifier,1,1,1,1,1,1,1,1,1,1,1,1,1,1,1,1,1,1,1,1,1,1,1,1,1,1,1,1,1,1,1,1,1,1,1,1,1,1,1,1
EEnumLiteral eEnum,1,1,1,1,1,1
EReference eContainingClass,1,1,1
EEnum ePackage,1,1,1,1,1,1
EGenericType eUpperBound,1,1,1,1,1,1,1,1,1,1,1,1
EEnum eTypeParameters,1,1
EClass eSuperTypes,5,5,5,5,5
ETypeParameter eBounds,1,1,1,1,2,2,1
EClass ePackage,1,1,1,1,1
EOperation eParameters,2
EPackage eSubpackages,2,2,2
EGenericType eLowerBound,1,1,1,1,1,1,1,1,1,1,1,1
EClass eOperations,1,2
EParameter eOperation,1,1
EReference eType,1,1
EOperation eType,1,1,1
Node Type
EAttribute,EClass,EDataType,EParameter,EGenericType,EEnumLiteral,EOperation,EEnum,EReference,ETypeParameter,EPackage
0.04,0.05,0.02,0.02,0.48000000000000026,0.060000000000000005,0.03,0.060000000000000005,0.03,0.13999999999999999,0.07
Edge Type
eSuperPackage,eOperation,eUpperBound,eTypeParameter,eSubpackages,eType,eSuperTypes,eParameters,eOpposite,eKeys,eTypeArguments,eModelElement,eAnnotations,ePackage,eLowerBound,eLiterals,details,eStructuralFeatures,eClassifier,eClassifiers,eTypeParameters,eContainingClass,eBounds,eEnum,eOperations,eExceptions
0.02127659574468085,0.0070921985815602835,0.0425531914893617,0.1524822695035461,0.02127659574468085,0.024822695035460994,0.08865248226950355,0.0070921985815602835,0.010638297872340425,0.0070921985815602835,0.05319148936170213,0.0,0.0,0.04609929078014184,0.0425531914893617,0.02127659574468085,0.0,0.024822695035460994,0.14184397163120568,0.04609929078014184,0.04964539007092199,0.03546099290780142,0.031914893617021274,0.02127659574468085,0.010638297872340425,0.09219858156028368
violations,5
