Meta Mode,ecore
Number of Edge types,26
Number Of Nodes,100
State Id,19_1
OutDegreeValue,0,1,2,3,4,5,6,7,10
OutDegreeCount,6,26,8,39,12,5,2,1,1
NAValue,1,2,3,4,5,6,7,8,9
NACount,3,28,12,42,8,2,3,1,1
MPCValue,0.00000,0.12187,0.15889,0.20543,0.24960,0.39385,0.52000,0.55067,0.55250,0.65000,0.68049,0.68760,0.69333,0.71500,0.72280,0.73667,0.74028,0.74880,0.75111,0.78000,0.80889,0.81596,0.83200
MPCCount,3,1,1,1,1,1,25,1,1,5,1,1,4,1,1,1,1,7,1,33,4,1,4
Typed Out Degree
EGenericType eTypeParameter,1,1,1,1,1,1,1,1,1,1,1,1,1,1,1,1,1,1,1,1,1,1,1,1,1,1,1,1,1,1,1,1,1,1,1,1,1,1,1,1,1,1,1,1,1,1,1,1,1,1,1,1,1,1,1,1,1,1,1,1,1,1
EClass eTypeParameters,1,1
EPackage eSuperPackage,1,1
EGenericType eTypeArguments,1,1,1,1,1,1,1,1,1,1,1,1,2,1,1,1,1,1,1,1,2
EDataType eTypeParameters,3,1
EOperation eContainingClass,1,1,1
EReference eOpposite,1
EPackage eClassifiers,4,1,3
EDataType ePackage,1,1,1
EOperation eExceptions,6,2
EEnum eLiterals,2
EOperation eTypeParameters,1,1
EParameter eType,1
EClass eStructuralFeatures,1
EGenericType eClassifier,1,1,1,1,1,1,1,1,1,1,1,1,1,1,1,1,1,1,1,1,1,1,1,1,1,1,1,1,1,1,1,1,1,1,1,1,1,1,1,1,1,1,1,1,1,1,1,1,1,1,1,1,1,1,1,1,1,1,1,1,1
EEnumLiteral eEnum,1,1
EReference eContainingClass,1
EEnum ePackage,1,1
EGenericType eUpperBound,1,1,1,1,1,1,1,1,1,1,1,1,1,1,1,1,1,1,1,1,1,1,1,1,1,1
EClass eSuperTypes,3,3,3
ETypeParameter eBounds,1,2,1,2
EClass ePackage,1,1,1
EOperation eParameters,1
EPackage eSubpackages,1,1
EGenericType eLowerBound,1,1,1,1,1,1,1,1,1,1,1,1,1,1,1,1,1,1,1
EClass eOperations,1,1,1
EParameter eOperation,1
EReference eType,1
EOperation eType,1,1
Node Type
EClass,EDataType,EParameter,EGenericType,EEnumLiteral,EOperation,EEnum,EReference,ETypeParameter,EPackage
0.03,0.03,0.01,0.7400000000000004,0.02,0.03,0.02,0.01,0.08,0.03
Edge Type
eSuperPackage,eOperation,eUpperBound,eTypeParameter,eSubpackages,eType,eSuperTypes,eParameters,eOpposite,eKeys,eTypeArguments,eModelElement,eAnnotations,ePackage,eLowerBound,eLiterals,details,eStructuralFeatures,eClassifier,eClassifiers,eTypeParameters,eContainingClass,eBounds,eEnum,eOperations,eExceptions
0.007662835249042145,0.0038314176245210726,0.09961685823754789,0.23754789272030652,0.007662835249042145,0.01532567049808429,0.034482758620689655,0.0038314176245210726,0.0038314176245210726,0.0,0.08812260536398467,0.0,0.0,0.03065134099616858,0.07279693486590039,0.007662835249042145,0.0,0.0038314176245210726,0.23371647509578544,0.03065134099616858,0.03065134099616858,0.01532567049808429,0.022988505747126436,0.007662835249042145,0.011494252873563218,0.03065134099616858
violations,3
