Meta Mode,ecore
Number of Edge types,26
Number Of Nodes,100
State Id,1_1
OutDegreeValue,0,1,2,3,4,5,6,7,8,9
OutDegreeCount,9,28,9,28,17,2,3,1,1,2
NAValue,1,2,3,4,5,6,7,8
NACount,3,33,9,39,9,2,1,4
MPCValue,0.00000,0.17190,0.22750,0.32661,0.33313,0.39000,0.52000,0.63673,0.65000,0.68477,0.68760,0.69333,0.71500,0.71898,0.73751,0.74880,0.75610,0.77785,0.78000,0.80889,0.83200,0.84898
MPCCount,3,1,3,1,1,2,27,1,1,1,1,6,1,1,1,8,1,1,30,2,6,1
Typed Out Degree
EGenericType eTypeParameter,1,1,1,1,1,1,1,1,1,1,1,1,1,1,1,1,1,1,1,1,1,1,1,1,1,1,1,1,1,1,1,1,1,1,1,1,1,1,1,1,1,1,1,1,1,1,1,1,1,1,1,1,1,1,1,1,1,1,1
EClass eTypeParameters,3,2
EPackage eSuperPackage,1,1
EGenericType eTypeArguments,1,1,1,1,1,1,1,1,1,2,1,1,1,1,2,1,1,1,1,1,1,1,1
EDataType eTypeParameters,3
EOperation eContainingClass,1
EAttribute eContainingClass,1,1,1
EReference eOpposite,1
EPackage eClassifiers,1,2,3
EDataType ePackage,1
EAttribute eType,1
EOperation eExceptions,6
EEnum eLiterals,2
EClass eStructuralFeatures,1,1,1,1
EGenericType eClassifier,1,1,1,1,1,1,1,1,1,1,1,1,1,1,1,1,1,1,1,1,1,1,1,1,1,1,1,1,1,1,1,1,1,1,1,1,1,1,1,1,1,1,1,1,1,1,1,1,1,1,1,1,1,1,1,1,1,1,1,1
EEnumLiteral eEnum,1,1
EReference eContainingClass,1
EEnum ePackage,1
EGenericType eUpperBound,1,1,1,1,1,1,1,1,1,1,1,1,1,1,1,1,1,1,1,1,1,1,1,1
EEnum eTypeParameters,3
EClass eSuperTypes,4,4,4,4
ETypeParameter eBounds,2,1,1
EClass ePackage,1,1,1,1
EOperation eParameters,1
EPackage eSubpackages,2
EGenericType eLowerBound,1,1,1,1,1,1,1,1,1,1,1,1,1,1,1,1,1,1,1
EClass eOperations,1
EParameter eOperation,1
EOperation eType,1
Node Type
EClass,EAttribute,EDataType,EParameter,EGenericType,EEnumLiteral,EOperation,EEnum,EReference,EPackage,ETypeParameter
0.04,0.03,0.01,0.01,0.7200000000000004,0.02,0.01,0.01,0.01,0.03,0.10999999999999999
Edge Type
eSuperPackage,eOperation,eUpperBound,eTypeParameter,eSubpackages,eType,eSuperTypes,eParameters,eOpposite,eKeys,eTypeArguments,eModelElement,eAnnotations,ePackage,eLowerBound,eLiterals,details,eStructuralFeatures,eClassifier,eClassifiers,eTypeParameters,eContainingClass,eBounds,eEnum,eOperations,eExceptions
0.007722007722007722,0.003861003861003861,0.09266409266409266,0.2277992277992278,0.007722007722007722,0.007722007722007722,0.06177606177606178,0.003861003861003861,0.003861003861003861,0.0,0.09652509652509653,0.0,0.0,0.023166023166023165,0.07335907335907337,0.007722007722007722,0.0,0.015444015444015444,0.23166023166023167,0.023166023166023165,0.04247104247104247,0.019305019305019305,0.015444015444015444,0.007722007722007722,0.003861003861003861,0.023166023166023165
violations,4
