Meta Mode,ecore
Number of Edge types,26
Number Of Nodes,100
State Id,20_1
OutDegreeValue,0,1,2,3,4,5,6,7,11
OutDegreeCount,5,30,18,25,15,3,1,2,1
NAValue,1,2,3,4,5,6,7,9
NACount,1,30,19,33,11,4,1,1
MPCValue,0.00000,0.18720,0.22750,0.33280,0.35360,0.46222,0.51358,0.52000,0.59429,0.60308,0.64463,0.66765,0.68409,0.69333,0.73412,0.74880,0.75111,0.77653,0.78000,0.78208,0.80889,0.83200,0.86667
MPCCount,1,1,1,1,3,1,2,27,1,1,1,1,1,13,1,6,2,1,24,1,1,8,1
Typed Out Degree
EGenericType eTypeParameter,1,1,1,1,1,1,1,1,1,1,1,1,1,1,1,1,1,1,1,1,1,1,1,1,1,1,1,1,1,1,1,1,1,1,1,1,1,1,1,1,1,1,1,1,1,1,1,1,1,1,1,1,1,1,1,1,1,1,1,1,1,1,1,1,1,1
EClass eTypeParameters,1
EPackage eSuperPackage,1,1
EGenericType eTypeArguments,1,1,1,1,1,1,1,1,1,1,1,1,1,1,1,1,1,1,1,2,1
EDataType eTypeParameters,6,1,2,1
EOperation eContainingClass,1
EAttribute eContainingClass,1,1,1
EPackage eClassifiers,2,4,1
EDataType ePackage,1,1,1,1
EAttribute eType,1,1
EOperation eExceptions,6
EParameter eType,1
EClass eStructuralFeatures,2,1
EGenericType eClassifier,1,1,1,1,1,1,1,1,1,1,1,1,1,1,1,1,1,1,1,1,1,1,1,1,1,1,1,1,1,1,1,1,1,1,1,1,1,1,1,1,1,1,1,1,1,1,1,1,1,1,1,1
EEnum ePackage,1
EGenericType eUpperBound,1,1,1,1,1,1,1,1,1,1,1,1,1,1,1,1,1,1,1,1,1,1,1
EClass eSuperTypes,2,2
ETypeParameter eBounds,1,2,1,2,2,1,1
EClass ePackage,1,1
EOperation eParameters,3
EPackage eSubpackages,2
EGenericType eLowerBound,1,1,1,1,1,1,1,1,1,1,1,1,1,1,1,1,1
EClass eOperations,1
EParameter eOperation,1,1,1
EOperation eType,1
Node Type
EAttribute,EClass,EDataType,EParameter,EGenericType,EOperation,EEnum,EPackage,ETypeParameter
0.03,0.02,0.04,0.03,0.7200000000000004,0.01,0.01,0.03,0.10999999999999999
Edge Type
eSuperPackage,eOperation,eUpperBound,eTypeParameter,eSubpackages,eType,eSuperTypes,eParameters,eOpposite,eKeys,eTypeArguments,eModelElement,eAnnotations,ePackage,eLowerBound,eLiterals,details,eStructuralFeatures,eClassifier,eClassifiers,eTypeParameters,eContainingClass,eBounds,eEnum,eOperations,eExceptions
0.008097165991902834,0.012145748987854251,0.0931174089068826,0.26720647773279355,0.008097165991902834,0.016194331983805668,0.016194331983805668,0.012145748987854251,0.0,0.0,0.08906882591093117,0.0,0.0,0.02834008097165992,0.06882591093117409,0.0,0.0,0.012145748987854251,0.21052631578947367,0.02834008097165992,0.044534412955465584,0.016194331983805668,0.04048582995951417,0.0,0.004048582995951417,0.024291497975708502
violations,2
