Meta Mode,ecore
Number of Edge types,26
Number Of Nodes,100
State Id,21_1
OutDegreeValue,0,1,2,3,4,5,7
OutDegreeCount,10,20,24,32,9,4,1
NAValue,1,2,3,4,5,6
NACount,2,23,27,41,4,3
MPCValue,0.00000,0.39000,0.42250,0.46222,0.46694,0.51358,0.52000,0.55250,0.58240,0.58500,0.59429,0.60667,0.65000,0.66560,0.66625,0.68760,0.69333,0.74880,0.75111,0.77469,0.78000,0.79605,0.80889,0.83200,0.86667
MPCCount,2,3,2,2,1,1,18,1,3,1,1,2,2,1,1,1,17,4,4,1,27,1,2,1,1
Typed Out Degree
EGenericType eTypeParameter,1,1,1,1,1,1,1,1,1,1,1,1,1,1,1,1,1,1,1,1,1,1,1,1,1,1,1,1,1,1,1,1,1,1,1,1,1,1,1,1,1,1,1,1,1,1,1,1,1,1,1,1,1,1
EEnum ePackage,1,1,1
EGenericType eUpperBound,1,1,1,1,1,1,1,1,1,1,1,1,1,1,1
EEnum eTypeParameters,1,1
EPackage eSuperPackage,1,1,1,1,1,1
EGenericType eTypeArguments,1,2,1,1,1,1,2,1,1,1,1
ETypeParameter eBounds,1,2,1,1,2,1,2,1,1,1
EDataType eTypeParameters,4,1,2,1,3,3,3
EPackage eSubpackages,4,1,1
EPackage eClassifiers,2,3,1,1,2,1,1
EDataType ePackage,1,1,1,1,1,1,1,1
EGenericType eLowerBound,1,1,1,1,1,1,1,1,1,1,1,1,1,1,1,1,1
EEnum eLiterals,2,2,1
EGenericType eClassifier,1,1,1,1,1,1,1,1,1,1,1,1,1,1,1,1,1,1,1,1,1,1,1,1,1,1,1,1,1,1,1,1,1,1,1,1,1,1,1,1,1,1,1,1,1,1,1,1,1,1,1,1
EEnumLiteral eEnum,1,1,1,1,1
Node Type
EDataType,EGenericType,EEnumLiteral,EEnum,ETypeParameter,EPackage
0.08,0.5800000000000003,0.05,0.03,0.19000000000000003,0.07
Edge Type
eSuperPackage,eOperation,eUpperBound,eTypeParameter,eSubpackages,eType,eSuperTypes,eParameters,eOpposite,eKeys,eTypeArguments,eModelElement,eAnnotations,ePackage,eLowerBound,eLiterals,details,eStructuralFeatures,eClassifier,eClassifiers,eTypeParameters,eContainingClass,eBounds,eEnum,eOperations,eExceptions
0.02643171806167401,0.0,0.06607929515418502,0.23788546255506607,0.02643171806167401,0.0,0.0,0.0,0.0,0.0,0.05726872246696035,0.0,0.0,0.048458149779735685,0.07488986784140969,0.022026431718061675,0.0,0.0,0.2290748898678414,0.048458149779735685,0.08370044052863436,0.0,0.05726872246696035,0.022026431718061675,0.0,0.0
violations,0
