Meta Mode,ecore
Number of Edge types,26
Number Of Nodes,100
State Id,22_1
OutDegreeValue,0,1,2,3,4,5,7
OutDegreeCount,7,26,18,30,14,3,2
NAValue,1,2,3,4,5,6
NACount,1,25,26,40,6,2
MPCValue,0.00000,0.25469,0.32661,0.33280,0.38519,0.39000,0.39160,0.41034,0.42250,0.46222,0.47840,0.51358,0.52000,0.57846,0.63556,0.65000,0.68250,0.68691,0.69333,0.71500,0.74880,0.75111,0.78000,0.80889,0.83200
MPCCount,1,1,1,1,1,1,1,1,2,1,1,1,21,1,1,4,1,1,15,1,6,1,29,2,4
Typed Out Degree
EGenericType eTypeParameter,1,1,1,1,1,1,1,1,1,1,1,1,1,1,1,1,1,1,1,1,1,1,1,1,1,1,1,1,1,1,1,1,1,1,1,1,1,1,1,1,1,1,1,1,1,1,1,1,1,1,1,1,1,1,1,1,1,1,1,1,1,1,1,1,1,1,1
EEnum ePackage,1,1
EGenericType eUpperBound,1,1,1,1,1,1,1,1,1,1,1,1,1,1,1,1,1,1
EEnum eTypeParameters,3,5
EPackage eSuperPackage,1,1
EGenericType eTypeArguments,1,1,1,2,1,1,1,1,1,1,1,1,1,1,1,1,1,1,1,2,1,1,1
ETypeParameter eBounds,1,2,1,2,2,1,1,1,1,1
EDataType eTypeParameters,2,3,3
EPackage eSubpackages,1,1
EPackage eClassifiers,3,2
EDataType ePackage,1,1,1
EGenericType eLowerBound,1,1,1,1,1,1,1,1,1,1,1,1,1,1,1,1
EEnum eLiterals,3,1
EGenericType eClassifier,1,1,1,1,1,1,1,1,1,1,1,1,1,1,1,1,1,1,1,1,1,1,1,1,1,1,1,1,1,1,1,1,1,1,1,1,1,1,1,1,1,1,1,1,1,1,1,1,1,1,1,1,1,1,1,1,1,1,1,1
EEnumLiteral eEnum,1,1,1,1
Node Type
EDataType,EGenericType,EEnumLiteral,EEnum,ETypeParameter,EPackage
0.03,0.7200000000000004,0.04,0.02,0.16,0.03
Edge Type
eSuperPackage,eOperation,eUpperBound,eTypeParameter,eSubpackages,eType,eSuperTypes,eParameters,eOpposite,eKeys,eTypeArguments,eModelElement,eAnnotations,ePackage,eLowerBound,eLiterals,details,eStructuralFeatures,eClassifier,eClassifiers,eTypeParameters,eContainingClass,eBounds,eEnum,eOperations,eExceptions
0.008438818565400843,0.0,0.0759493670886076,0.28270042194092826,0.008438818565400843,0.0,0.0,0.0,0.0,0.0,0.10548523206751055,0.0,0.0,0.02109704641350211,0.06751054852320675,0.016877637130801686,0.0,0.0,0.25316455696202533,0.02109704641350211,0.06751054852320675,0.0,0.05485232067510549,0.016877637130801686,0.0,0.0
violations,0
