Meta Mode,ecore
Number of Edge types,26
Number Of Nodes,100
State Id,23_1
OutDegreeValue,0,1,2,3,4,5,6,7,8,9,10,11,14,15
OutDegreeCount,7,26,13,31,11,4,1,1,1,1,1,1,1,1
NAValue,1,2,3,4,5,6,7,9,10
NACount,1,28,14,38,10,5,2,1,1
MPCValue,0.00000,0.13796,0.32661,0.33280,0.39000,0.41889,0.43333,0.46222,0.52000,0.55250,0.58240,0.63336,0.63556,0.64055,0.65000,0.66765,0.68640,0.69333,0.70720,0.71500,0.72198,0.73412,0.74469,0.74880,0.76960,0.78000,0.80461,0.80889,0.80993,0.81231,0.81250,0.83200
MPCCount,1,1,1,1,1,1,1,2,23,1,1,1,1,1,3,1,1,6,1,1,1,2,1,4,1,30,1,3,1,1,1,4
Typed Out Degree
EGenericType eTypeParameter,1,1,1,1,1,1,1,1,1,1,1,1,1,1,1,1,1,1,1,1,1,1,1,1,1,1,1,1,1,1,1,1,1,1,1,1,1,1,1,1,1,1,1,1,1,1,1,1,1,1,1,1,1,1
EClass eTypeParameters,1,1,1
EPackage eSuperPackage,1,1
EGenericType eTypeArguments,2,1,1,1,4,1,1,1,1,1,1,1,1,1,1,1
EReference eKeys,1,1
EDataType eTypeParameters,1,1
EOperation eContainingClass,1,1,1
EAttribute eContainingClass,1,1
EReference eOpposite,1,1,1
EPackage eClassifiers,3,4,3
EDataType ePackage,1,1,1
EOperation eExceptions,8,9,10
EOperation eTypeParameters,4
EParameter eType,1
EClass eStructuralFeatures,1,1,3
EGenericType eClassifier,1,1,1,1,1,1,1,1,1,1,1,1,1,1,1,1,1,1,1,1,1,1,1,1,1,1,1,1,1,1,1,1,1,1,1,1,1,1,1,1,1,1,1,1,1,1,1,1,1,1,1,1,1,1
EReference eContainingClass,1,1,1
EEnum ePackage,1,1
EGenericType eUpperBound,1,1,1,1,1,1,1,1,1,1,1,1,1,1,1,1,1,1,1,1
EEnum eTypeParameters,1,1
EClass eSuperTypes,3,5,4,5,4
ETypeParameter eBounds,2,2,2,1,1
EClass ePackage,1,1,1,1,1
EOperation eParameters,1,2
EPackage eSubpackages,2
EGenericType eLowerBound,1,1,1,1,1,1,1,1,1,1,1,1,1,1,1,1,1
EClass eOperations,2,1
EParameter eOperation,1,1,1
EReference eType,1,1
EOperation eType,1,1,1
Node Type
EAttribute,EClass,EDataType,EParameter,EGenericType,EOperation,EEnum,EReference,ETypeParameter,EPackage
0.02,0.05,0.03,0.03,0.6500000000000004,0.03,0.02,0.03,0.10999999999999999,0.03
Edge Type
eSuperPackage,eOperation,eUpperBound,eTypeParameter,eSubpackages,eType,eSuperTypes,eParameters,eOpposite,eKeys,eTypeArguments,eModelElement,eAnnotations,ePackage,eLowerBound,eLiterals,details,eStructuralFeatures,eClassifier,eClassifiers,eTypeParameters,eContainingClass,eBounds,eEnum,eOperations,eExceptions
0.006920415224913495,0.010380622837370242,0.06920415224913495,0.18685121107266436,0.006920415224913495,0.020761245674740483,0.0726643598615917,0.010380622837370242,0.010380622837370242,0.006920415224913495,0.06920415224913495,0.0,0.0,0.03460207612456748,0.058823529411764705,0.0,0.0,0.01730103806228374,0.18685121107266436,0.03460207612456748,0.03806228373702422,0.02768166089965398,0.02768166089965398,0.0,0.010380622837370242,0.09342560553633218
violations,5
