Meta Mode,ecore
Number of Edge types,26
Number Of Nodes,100
State Id,24_1
OutDegreeValue,0,1,2,3,4,6,12,13,14
OutDegreeCount,6,29,12,32,16,2,1,1,1
NAValue,1,2,3,4,5,6,7,8
NACount,3,29,12,39,9,3,2,3
MPCValue,0.00000,0.20543,0.21185,0.33280,0.35360,0.39000,0.52000,0.53289,0.58500,0.65000,0.66560,0.66857,0.69333,0.70258,0.71500,0.73320,0.73846,0.74880,0.75111,0.75479,0.78000,0.78265,0.79074,0.80653,0.83200,0.83357
MPCCount,3,1,1,1,1,1,26,1,1,4,1,1,4,1,2,1,1,8,1,1,29,1,1,1,6,1
Typed Out Degree
EGenericType eTypeParameter,1,1,1,1,1,1,1,1,1,1,1,1,1,1,1,1,1,1,1,1,1,1,1,1,1,1,1,1,1,1,1,1,1,1,1,1,1,1,1,1,1,1,1,1,1,1,1,1,1,1
EPackage eSuperPackage,1,1,1,1
EGenericType eTypeArguments,1,1,1,1,2,1,1,1,1,1,1,1,1,1,1,1,1,1
EDataType eTypeParameters,1,1,1,1
EOperation eContainingClass,1,1,1
EAttribute eContainingClass,1,1
EReference eOpposite,1
EPackage eClassifiers,1,3,2,1,2
EDataType ePackage,1,1,1,1
EAttribute eType,1
EOperation eExceptions,8,8,8
EEnum eLiterals,1
EOperation eTypeParameters,1,2
EClass eStructuralFeatures,1,2
EGenericType eClassifier,1,1,1,1,1,1,1,1,1,1,1,1,1,1,1,1,1,1,1,1,1,1,1,1,1,1,1,1,1,1,1,1,1,1,1,1,1,1,1,1,1,1,1,1,1,1,1,1,1,1,1,1,1,1,1
EEnumLiteral eEnum,1
EReference eContainingClass,1
EEnum ePackage,1,1
EGenericType eUpperBound,1,1,1,1,1,1,1,1,1,1,1,1,1,1,1,1,1,1,1,1
EEnum eTypeParameters,2,1
EClass eSuperTypes,1,2,2
ETypeParameter eBounds,1,1,1,2,3
EClass ePackage,1,1,1
EOperation eParameters,1,4,1
EPackage eSubpackages,2,1,1
EGenericType eLowerBound,1,1,1,1,1,1,1,1,1,1,1,1,1,1,1,1
EClass eOperations,2,1
EParameter eOperation,1,1,1,1,1,1
EOperation eType,1,1,1
Node Type
EClass,EAttribute,EDataType,EParameter,EGenericType,EOperation,EEnumLiteral,EEnum,EReference,EPackage,ETypeParameter
0.03,0.02,0.04,0.060000000000000005,0.6300000000000003,0.03,0.01,0.02,0.01,0.05,0.09999999999999999
Edge Type
eSuperPackage,eOperation,eUpperBound,eTypeParameter,eSubpackages,eType,eSuperTypes,eParameters,eOpposite,eKeys,eTypeArguments,eModelElement,eAnnotations,ePackage,eLowerBound,eLiterals,details,eStructuralFeatures,eClassifier,eClassifiers,eTypeParameters,eContainingClass,eBounds,eEnum,eOperations,eExceptions
0.015151515151515152,0.022727272727272728,0.07575757575757576,0.1893939393939394,0.015151515151515152,0.015151515151515152,0.01893939393939394,0.022727272727272728,0.003787878787878788,0.0,0.07196969696969698,0.0,0.0,0.03409090909090909,0.06060606060606061,0.003787878787878788,0.0,0.011363636363636364,0.20833333333333334,0.03409090909090909,0.03787878787878788,0.022727272727272728,0.030303030303030304,0.003787878787878788,0.011363636363636364,0.09090909090909091
violations,2
