Meta Mode,ecore
Number of Edge types,26
Number Of Nodes,100
State Id,25_1
OutDegreeValue,0,1,2,3,4,5,6
OutDegreeCount,5,29,16,31,12,4,3
NAValue,1,2,3,4,5,6,7
NACount,1,30,13,45,7,3,1
MPCValue,0.00000,0.15889,0.18720,0.20543,0.33313,0.38204,0.38519,0.39000,0.42250,0.43333,0.52000,0.58500,0.64198,0.65000,0.67654,0.68760,0.69333,0.71500,0.74880,0.75111,0.78000,0.80653,0.80889,0.82512,0.83200,0.86667
MPCCount,1,1,1,1,1,2,1,1,1,1,26,1,1,1,1,1,10,1,5,2,31,1,1,1,4,2
Typed Out Degree
EGenericType eTypeParameter,1,1,1,1,1,1,1,1,1,1,1,1,1,1,1,1,1,1,1,1,1,1,1,1,1,1,1,1,1,1,1,1,1,1,1,1,1,1,1,1,1,1,1,1,1,1,1,1,1,1,1,1,1,1,1,1,1,1,1
EEnum ePackage,1,1,1,1
EClass eTypeParameters,1
EGenericType eUpperBound,1,1,1,1,1,1,1,1,1,1,1,1,1,1,1,1,1
EEnum eTypeParameters,1,1
EPackage eSuperPackage,1,1,1
EClass eSuperTypes,1
EGenericType eTypeArguments,1,1,1,2,2,1,1,1,2,1,2,1,1,2,1,1,1,1,1,1,1
ETypeParameter eBounds,1,1,1,2,1
EClass ePackage,1,1
EDataType eTypeParameters,1,1,1,2,1
EAttribute eContainingClass,1
EPackage eSubpackages,1,2
EPackage eClassifiers,1,4,4,3
EDataType ePackage,1,1,1,1,1,1
EGenericType eLowerBound,1,1,1,1,1,1,1,1,1,1,1,1,1,1,1,1,1,1,1,1,1
EEnum eLiterals,1,3
EClass eStructuralFeatures,1
EGenericType eClassifier,1,1,1,1,1,1,1,1,1,1,1,1,1,1,1,1,1,1,1,1,1,1,1,1,1,1,1,1,1,1,1,1,1,1,1,1,1,1,1,1,1,1,1,1,1,1,1,1,1,1,1,1,1,1,1,1,1,1,1,1,1
EEnumLiteral eEnum,1,1,1,1
Node Type
EAttribute,EClass,EDataType,EGenericType,EEnumLiteral,EEnum,ETypeParameter,EPackage
0.01,0.02,0.060000000000000005,0.7000000000000004,0.04,0.04,0.09,0.04
Edge Type
eSuperPackage,eOperation,eUpperBound,eTypeParameter,eSubpackages,eType,eSuperTypes,eParameters,eOpposite,eKeys,eTypeArguments,eModelElement,eAnnotations,ePackage,eLowerBound,eLiterals,details,eStructuralFeatures,eClassifier,eClassifiers,eTypeParameters,eContainingClass,eBounds,eEnum,eOperations,eExceptions
0.0125,0.0,0.07083333333333333,0.24583333333333332,0.0125,0.0,0.004166666666666667,0.0,0.0,0.0,0.10833333333333334,0.0,0.0,0.05,0.0875,0.016666666666666666,0.0,0.004166666666666667,0.25416666666666665,0.05,0.0375,0.004166666666666667,0.025,0.016666666666666666,0.0,0.0
violations,1
