Meta Mode,ecore
Number of Edge types,26
Number Of Nodes,100
State Id,26_1
OutDegreeValue,0,1,2,3,4,5,6,7,8
OutDegreeCount,6,27,15,30,12,6,2,1,1
NAValue,1,2,3,4,5,6,7,8
NACount,2,30,16,37,10,2,2,1
MPCValue,0.00000,0.09433,0.14769,0.24960,0.28889,0.39000,0.46413,0.52000,0.57306,0.59632,0.65000,0.66560,0.68611,0.69333,0.71500,0.74028,0.74880,0.75111,0.77037,0.78000,0.80889,0.83200,0.86667
MPCCount,2,1,1,1,1,1,1,27,1,1,3,1,1,11,1,1,6,2,1,26,4,5,1
Typed Out Degree
EGenericType eTypeParameter,1,1,1,1,1,1,1,1,1,1,1,1,1,1,1,1,1,1,1,1,1,1,1,1,1,1,1,1,1,1,1,1,1,1,1,1,1,1,1,1,1,1,1,1,1,1,1,1,1,1,1,1,1,1,1
EClass eTypeParameters,1,1
EPackage eSuperPackage,1,1,1
EGenericType eTypeArguments,2,1,1,1,2,1,1,1,1,1,1,1,1,1,1,1,1,1,1,1
EReference eKeys,1
EDataType eTypeParameters,1,2
EOperation eContainingClass,1
EAttribute eContainingClass,1
EReference eOpposite,1,1
EPackage eClassifiers,2,6,4
EDataType ePackage,1,1,1
EAttribute eType,1
EEnum eLiterals,1,3
EClass eStructuralFeatures,1,2
EGenericType eClassifier,1,1,1,1,1,1,1,1,1,1,1,1,1,1,1,1,1,1,1,1,1,1,1,1,1,1,1,1,1,1,1,1,1,1,1,1,1,1,1,1,1,1,1,1,1,1,1,1,1,1,1,1,1,1,1,1,1,1,1,1,1,1,1
EEnumLiteral eEnum,1,1,1,1
EReference eContainingClass,1,1
EEnum ePackage,1,1,1,1,1,1
EGenericType eUpperBound,1,1,1,1,1,1,1,1,1,1,1,1,1,1,1,1,1,1,1,1,1
EEnum eTypeParameters,1,1,1
EClass eSuperTypes,3,2,2
ETypeParameter eBounds,1,1,2
EClass ePackage,1,1,1
EPackage eSubpackages,1,2
EGenericType eLowerBound,1,1,1,1,1,1,1,1,1,1,1,1,1,1,1,1,1,1,1,1,1
EClass eOperations,1
EReference eType,1
Node Type
EAttribute,EClass,EDataType,EGenericType,EEnumLiteral,EOperation,EEnum,EReference,ETypeParameter,EPackage
0.01,0.03,0.03,0.6800000000000004,0.04,0.01,0.060000000000000005,0.02,0.08,0.04
Edge Type
eSuperPackage,eOperation,eUpperBound,eTypeParameter,eSubpackages,eType,eSuperTypes,eParameters,eOpposite,eKeys,eTypeArguments,eModelElement,eAnnotations,ePackage,eLowerBound,eLiterals,details,eStructuralFeatures,eClassifier,eClassifiers,eTypeParameters,eContainingClass,eBounds,eEnum,eOperations,eExceptions
0.011904761904761904,0.0,0.08333333333333333,0.21825396825396826,0.011904761904761904,0.007936507936507936,0.027777777777777776,0.0,0.007936507936507936,0.003968253968253968,0.0873015873015873,0.0,0.0,0.047619047619047616,0.08333333333333333,0.015873015873015872,0.0,0.011904761904761904,0.25,0.047619047619047616,0.031746031746031744,0.015873015873015872,0.015873015873015872,0.015873015873015872,0.003968253968253968,0.0
violations,3
