Meta Mode,ecore
Number of Edge types,26
Number Of Nodes,100
State Id,27_1
OutDegreeValue,0,1,2,3,4,5,6,7,8,9,15,17,22
OutDegreeCount,10,24,24,23,6,3,1,1,4,1,1,1,1
NAValue,1,2,3,4,5,6,7,8,9
NACount,4,24,22,30,7,9,1,1,2
MPCValue,0.00000,0.28889,0.33280,0.34125,0.39000,0.46094,0.46694,0.52000,0.58240,0.63556,0.65000,0.66765,0.68760,0.69333,0.71500,0.72800,0.73846,0.74880,0.76375,0.76408,0.77037,0.77469,0.78000,0.79605,0.80653,0.80889,0.81250,0.82173,0.82769,0.83200,0.84500,0.85846
MPCCount,4,1,1,1,4,1,1,18,4,1,4,1,1,14,2,1,1,2,1,2,1,1,21,1,1,2,1,2,1,2,1,1
Typed Out Degree
EGenericType eTypeParameter,1,1,1,1,1,1,1,1,1,1,1,1,1,1,1,1,1,1,1,1,1,1,1,1,1,1,1,1,1,1,1,1,1,1,1,1,1,1,1
EClass eTypeParameters,2
EPackage eSuperPackage,1,1,1,1,1
EGenericType eTypeArguments,1,1,1,3,1,1,2,1,1,1,1,1,1,1
EDataType eTypeParameters,1,1,1,1,4,1,2
EOperation eContainingClass,1,1,1,1
EAttribute eContainingClass,1,1,1
EReference eOpposite,1,1,1
EPackage eClassifiers,3,1,5,4,3
EDataType ePackage,1,1,1,1,1,1,1
EAttribute eType,1,1
EOperation eExceptions,15,5,14,13
EOperation eTypeParameters,1
EParameter eType,1,1,1
EClass eStructuralFeatures,2,1,3
EGenericType eClassifier,1,1,1,1,1,1,1,1,1,1,1,1,1,1,1,1,1,1,1,1,1,1,1,1,1,1,1,1,1,1,1,1,1,1,1,1,1
EReference eContainingClass,1,1,1
EEnum ePackage,1,1,1,1
EGenericType eUpperBound,1,1,1,1,1,1
EEnum eTypeParameters,1,1,1
EClass eSuperTypes,4,3,2,4,4
ETypeParameter eBounds,1,1,1,1,2,1,1,1
EClass ePackage,1,1,1,1,1
EOperation eParameters,4,1,1
EPackage eSubpackages,2,3
EGenericType eLowerBound,1,1,1,1,1,1,1,1,1,1,1,1,1
EClass eOperations,1,1,1,1
EParameter eOperation,1,1,1,1,1,1
EOperation eType,1,1,1,1
Node Type
EClass,EAttribute,EDataType,EParameter,EGenericType,EOperation,EEnum,EReference,ETypeParameter,EPackage
0.05,0.03,0.07,0.060000000000000005,0.45000000000000023,0.04,0.04,0.03,0.17,0.060000000000000005
Edge Type
eSuperPackage,eOperation,eUpperBound,eTypeParameter,eSubpackages,eType,eSuperTypes,eParameters,eOpposite,eKeys,eTypeArguments,eModelElement,eAnnotations,ePackage,eLowerBound,eLiterals,details,eStructuralFeatures,eClassifier,eClassifiers,eTypeParameters,eContainingClass,eBounds,eEnum,eOperations,eExceptions
0.017361111111111112,0.020833333333333332,0.020833333333333332,0.13541666666666666,0.017361111111111112,0.03125,0.059027777777777776,0.020833333333333332,0.010416666666666666,0.0,0.059027777777777776,0.0,0.0,0.05555555555555555,0.04513888888888889,0.0,0.0,0.020833333333333332,0.1284722222222222,0.05555555555555555,0.059027777777777776,0.034722222222222224,0.03125,0.0,0.013888888888888888,0.16319444444444445
violations,5
