Meta Mode,ecore
Number of Edge types,26
Number Of Nodes,100
State Id,28_1
OutDegreeValue,0,1,2,3,4,5,8
OutDegreeCount,8,26,12,34,14,5,1
NAValue,1,2,3,4,5,6
NACount,2,32,15,41,7,3
MPCValue,0.00000,0.13796,0.14769,0.20543,0.25469,0.28615,0.33280,0.39585,0.42250,0.48000,0.52000,0.65000,0.68449,0.68760,0.69333,0.71500,0.74880,0.78000,0.80889,0.83200,0.86667
MPCCount,2,1,1,1,1,1,1,1,1,1,27,2,1,1,11,1,9,29,4,3,1
Typed Out Degree
EGenericType eTypeParameter,1,1,1,1,1,1,1,1,1,1,1,1,1,1,1,1,1,1,1,1,1,1,1,1,1,1,1,1,1,1,1,1,1,1,1,1,1,1,1,1,1,1,1,1,1,1,1,1,1,1,1,1,1,1,1,1,1,1,1,1,1,1,1,1,1,1
EEnum ePackage,1,1,1
EClass eTypeParameters,1
EGenericType eUpperBound,1,1,1,1,1,1,1,1,1,1,1,1,1,1,1,1,1,1,1,1,1
EEnum eTypeParameters,3,1
EPackage eSuperPackage,1,1
EClass eSuperTypes,1
EGenericType eTypeArguments,1,1,2,1,2,1,1,1,1,1,1,1,1,2,1,2,1,2,1,1,1,1
ETypeParameter eBounds,3,1,3,1
EClass ePackage,1
EDataType eTypeParameters,4,2
EPackage eSubpackages,1,1
EPackage eClassifiers,1,3,2
EDataType ePackage,1,1
EGenericType eLowerBound,1,1,1,1,1,1,1,1,1,1,1,1,1,1,1,1,1,1,1
EEnum eLiterals,4,1
EGenericType eClassifier,1,1,1,1,1,1,1,1,1,1,1,1,1,1,1,1,1,1,1,1,1,1,1,1,1,1,1,1,1,1,1,1,1,1,1,1,1,1,1,1,1,1,1,1,1,1,1,1,1,1,1,1,1,1,1,1,1,1,1,1,1,1
EEnumLiteral eEnum,1,1,1,1,1
Node Type
EClass,EDataType,EGenericType,EEnumLiteral,EEnum,ETypeParameter,EPackage
0.01,0.02,0.7500000000000004,0.05,0.03,0.10999999999999999,0.03
Edge Type
eSuperPackage,eOperation,eUpperBound,eTypeParameter,eSubpackages,eType,eSuperTypes,eParameters,eOpposite,eKeys,eTypeArguments,eModelElement,eAnnotations,ePackage,eLowerBound,eLiterals,details,eStructuralFeatures,eClassifier,eClassifiers,eTypeParameters,eContainingClass,eBounds,eEnum,eOperations,eExceptions
0.008298755186721992,0.0,0.08713692946058091,0.27385892116182575,0.008298755186721992,0.0,0.004149377593360996,0.0,0.0,0.0,0.11203319502074689,0.0,0.0,0.024896265560165973,0.07883817427385892,0.02074688796680498,0.0,0.0,0.2572614107883817,0.024896265560165973,0.04564315352697095,0.0,0.03319502074688797,0.02074688796680498,0.0,0.0
violations,1
