Meta Mode,ecore
Number of Edge types,26
Number Of Nodes,100
State Id,29_1
OutDegreeValue,0,1,2,3,4,5,6,7,9,18,25
OutDegreeCount,11,28,20,19,7,5,3,2,2,1,2
NAValue,1,2,3,4,5,6,7,8
NACount,5,26,20,25,10,5,4,5
MPCValue,0.00000,0.38028,0.46222,0.52000,0.58500,0.65000,0.66098,0.66560,0.68760,0.69333,0.71500,0.72163,0.73224,0.74469,0.75111,0.75479,0.77037,0.77355,0.78000,0.79806,0.80653,0.80889,0.80998,0.81120,0.82173,0.82462,0.83200,0.85950,0.86367,0.87669
MPCCount,5,1,2,25,2,4,1,1,1,15,3,1,1,1,2,1,1,1,18,1,2,2,1,1,2,1,1,1,1,1
Typed Out Degree
EGenericType eTypeParameter,1,1,1,1,1,1,1,1,1,1,1,1,1,1,1,1,1,1,1,1,1,1
EPackage eSuperPackage,1,1,1,1,1,1,1,1
EGenericType eTypeArguments,1,1,1
EReference eKeys,2,2,2,2,2
EDataType eTypeParameters,2,1,2,1
EOperation eContainingClass,1,1,1
EAttribute eContainingClass,1,1,1
EReference eOpposite,1,1,1,1,1
EPackage eClassifiers,3,2,1,4,1,2,3,1,1
EDataType ePackage,1,1,1,1,1,1
EAttribute eType,1,1
EOperation eExceptions,16,17,15
EEnum eLiterals,2,1,2,2
EOperation eTypeParameters,3,2,1
EParameter eType,1,1,1,1,1,1,1
EClass eStructuralFeatures,3,1,2,2
EGenericType eClassifier,1,1,1,1,1,1,1,1,1,1,1,1,1,1,1,1,1,1,1,1,1,1
EEnumLiteral eEnum,1,1,1,1,1,1,1
EReference eContainingClass,1,1,1,1,1
EEnum ePackage,1,1,1,1,1,1,1
EGenericType eUpperBound,1,1,1,1,1,1
EEnum eTypeParameters,2,1,2,1,2
EClass eSuperTypes,4,5,4,4,4
ETypeParameter eBounds,1,1,1,1,1,1,1,1,2,1
EClass ePackage,1,1,1,1,1
EOperation eParameters,4,4
EPackage eSubpackages,5,2,1
EGenericType eLowerBound,1,1,1,1,1,1,1
EClass eOperations,1,2
EParameter eOperation,1,1,1,1,1,1,1,1
EReference eType,1,1,1,1,1
EOperation eType,1,1,1
Node Type
EClass,EAttribute,EDataType,EParameter,EGenericType,EEnumLiteral,EOperation,EEnum,EReference,ETypeParameter,EPackage
0.05,0.03,0.060000000000000005,0.08,0.2700000000000001,0.07,0.03,0.07,0.05,0.20000000000000004,0.09
Edge Type
eSuperPackage,eOperation,eUpperBound,eTypeParameter,eSubpackages,eType,eSuperTypes,eParameters,eOpposite,eKeys,eTypeArguments,eModelElement,eAnnotations,ePackage,eLowerBound,eLiterals,details,eStructuralFeatures,eClassifier,eClassifiers,eTypeParameters,eContainingClass,eBounds,eEnum,eOperations,eExceptions
0.02702702702702703,0.02702702702702703,0.02027027027027027,0.07432432432432433,0.02702702702702703,0.057432432432432436,0.07094594594594594,0.02702702702702703,0.016891891891891893,0.033783783783783786,0.010135135135135136,0.0,0.0,0.060810810810810814,0.02364864864864865,0.02364864864864865,0.0,0.02702702702702703,0.07432432432432433,0.060810810810810814,0.06756756756756757,0.037162162162162164,0.037162162162162164,0.02364864864864865,0.010135135135135136,0.16216216216216217
violations,7
