Meta Mode,ecore
Number of Edge types,26
Number Of Nodes,100
State Id,30_1
OutDegreeValue,0,1,2,3,4,5,6
OutDegreeCount,7,28,13,30,14,6,2
NAValue,1,2,3,4,5,6,7
NACount,2,32,12,40,9,2,3
MPCValue,0.00000,0.20543,0.22750,0.28889,0.32661,0.39385,0.44694,0.52000,0.58500,0.65000,0.65752,0.67901,0.69333,0.71500,0.73224,0.73751,0.74880,0.75111,0.75636,0.76960,0.78000,0.80889,0.81351,0.83200
MPCCount,2,1,1,2,1,1,2,28,1,1,1,1,7,1,1,1,5,1,1,1,31,2,1,6
Typed Out Degree
EGenericType eTypeParameter,1,1,1,1,1,1,1,1,1,1,1,1,1,1,1,1,1,1,1,1,1,1,1,1,1,1,1,1,1,1,1,1,1,1,1,1,1,1,1,1,1,1,1,1,1,1,1,1,1,1,1,1,1,1,1,1,1,1,1,1,1
EClass eTypeParameters,2
EPackage eSuperPackage,1,1
EGenericType eTypeArguments,2,1,1,1,1,1,1,1,1,2,1,2,1,1,1
EDataType eTypeParameters,1
EOperation eContainingClass,1
EAttribute eContainingClass,1
EReference eOpposite,1
EPackage eClassifiers,3,3,1
EDataType ePackage,1
EAttribute eType,1
EEnum eLiterals,1,4,1,3
EClass eStructuralFeatures,1,1
EGenericType eClassifier,1,1,1,1,1,1,1,1,1,1,1,1,1,1,1,1,1,1,1,1,1,1,1,1,1,1,1,1,1,1,1,1,1,1,1,1,1,1,1,1,1,1,1,1,1,1,1,1,1,1,1,1,1,1,1
EEnumLiteral eEnum,1,1,1,1,1,1,1,1,1
EReference eContainingClass,1
EEnum ePackage,1,1,1,1
EGenericType eUpperBound,1,1,1,1,1,1,1,1,1,1,1,1,1,1,1,1,1,1,1,1,1,1,1
EEnum eTypeParameters,2,2,2
EClass eSuperTypes,2,2
ETypeParameter eBounds,1,2,2,2
EClass ePackage,1,1
EPackage eSubpackages,2
EGenericType eLowerBound,1,1,1,1,1,1,1,1,1,1,1,1,1,1,1,1,1,1,1,1,1
EClass eOperations,1
Node Type
EClass,EAttribute,EDataType,EGenericType,EEnumLiteral,EOperation,EEnum,EReference,ETypeParameter,EPackage
0.02,0.01,0.01,0.6900000000000004,0.09,0.01,0.04,0.01,0.09,0.03
Edge Type
eSuperPackage,eOperation,eUpperBound,eTypeParameter,eSubpackages,eType,eSuperTypes,eParameters,eOpposite,eKeys,eTypeArguments,eModelElement,eAnnotations,ePackage,eLowerBound,eLiterals,details,eStructuralFeatures,eClassifier,eClassifiers,eTypeParameters,eContainingClass,eBounds,eEnum,eOperations,eExceptions
0.008264462809917356,0.0,0.09504132231404959,0.25206611570247933,0.008264462809917356,0.004132231404958678,0.01652892561983471,0.0,0.004132231404958678,0.0,0.0743801652892562,0.0,0.0,0.028925619834710745,0.08677685950413223,0.0371900826446281,0.0,0.008264462809917356,0.22727272727272727,0.028925619834710745,0.0371900826446281,0.012396694214876033,0.028925619834710745,0.0371900826446281,0.004132231404958678,0.0
violations,2
