Meta Mode,ecore
Number of Edge types,26
Number Of Nodes,100
State Id,31_1
OutDegreeValue,0,1,2,3,4,5,6,7,8,9,10,12,14,15
OutDegreeCount,10,25,15,25,10,4,1,1,2,1,3,1,1,1
NAValue,1,2,3,4,5,6,7,8,9
NACount,4,27,16,32,12,3,1,1,4
MPCValue,0.00000,0.18720,0.30333,0.33280,0.35360,0.46222,0.46413,0.51358,0.52000,0.63673,0.65000,0.66560,0.67437,0.68250,0.69141,0.69333,0.72107,0.73031,0.73224,0.74880,0.75111,0.76960,0.78000,0.79083,0.80628,0.80653,0.80889,0.81250,0.82276,0.83200,0.83837,0.84703
MPCCount,4,1,1,1,1,1,1,1,24,1,3,1,1,1,1,11,1,1,1,2,2,1,22,1,1,1,2,1,1,7,1,1
Typed Out Degree
EGenericType eTypeParameter,1,1,1,1,1,1,1,1,1,1,1,1,1,1,1,1,1,1,1,1,1,1,1,1,1,1,1,1,1,1,1,1,1,1,1,1,1,1,1,1,1,1
EClass eTypeParameters,3,1
EPackage eSuperPackage,1,1,1,1
EGenericType eTypeArguments,1,1,1,1,1,2,1,1,1,2,1,1,1
EReference eKeys,2
EDataType eTypeParameters,3
EOperation eContainingClass,1,1,1,1,1
EAttribute eContainingClass,1,1,1
EReference eOpposite,1,1,1
EPackage eClassifiers,2,5,1,3
EDataType ePackage,1,1,1,1
EAttribute eType,1,1
EOperation eExceptions,9,8,3,8,10
EOperation eTypeParameters,2
EParameter eType,1
EClass eStructuralFeatures,3,2,1
EGenericType eClassifier,1,1,1,1,1,1,1,1,1,1,1,1,1,1,1,1,1,1,1,1,1,1,1,1,1,1,1,1,1,1,1,1,1,1,1,1,1,1,1,1,1,1,1,1,1,1,1,1
EReference eContainingClass,1,1,1
EEnum ePackage,1,1
EGenericType eUpperBound,1,1,1,1,1,1,1,1,1,1,1,1,1,1,1,1
EEnum eTypeParameters,2,2
EClass eSuperTypes,5,5,5,5,5
ETypeParameter eBounds,1,1,2,1,1
EClass ePackage,1,1,1,1,1
EOperation eParameters,1,2,1,3
EPackage eSubpackages,2,1,1
EGenericType eLowerBound,1,1,1,1,1,1,1,1,1,1,1,1,1,1,1,1
EClass eOperations,1,1,1,1,1
EParameter eOperation,1,1,1,1,1,1,1
EReference eType,1
EOperation eType,1,1,1,1,1
Node Type
EAttribute,EClass,EDataType,EParameter,EGenericType,EOperation,EEnum,EReference,ETypeParameter,EPackage
0.03,0.05,0.04,0.07,0.5300000000000002,0.05,0.02,0.03,0.12999999999999998,0.05
Edge Type
eSuperPackage,eOperation,eUpperBound,eTypeParameter,eSubpackages,eType,eSuperTypes,eParameters,eOpposite,eKeys,eTypeArguments,eModelElement,eAnnotations,ePackage,eLowerBound,eLiterals,details,eStructuralFeatures,eClassifier,eClassifiers,eTypeParameters,eContainingClass,eBounds,eEnum,eOperations,eExceptions
0.013377926421404682,0.023411371237458192,0.05351170568561873,0.14046822742474915,0.013377926421404682,0.030100334448160536,0.08361204013377926,0.023411371237458192,0.010033444816053512,0.006688963210702341,0.05016722408026756,0.0,0.0,0.03678929765886288,0.05351170568561873,0.0,0.0,0.020066889632107024,0.1605351170568562,0.03678929765886288,0.043478260869565216,0.03678929765886288,0.020066889632107024,0.0,0.016722408026755852,0.12709030100334448
violations,5
