Meta Mode,ecore
Number of Edge types,26
Number Of Nodes,100
State Id,32_1
OutDegreeValue,0,1,2,3,4,6,7,8,9,11,13,14
OutDegreeCount,7,28,11,34,12,1,1,1,2,1,1,1
NAValue,1,2,3,4,5,6,7,8,9
NACount,2,30,12,40,8,2,3,1,2
MPCValue,0.00000,0.20543,0.22750,0.38519,0.39000,0.41889,0.46222,0.46694,0.51358,0.52000,0.54889,0.58240,0.61750,0.65000,0.66765,0.68565,0.69333,0.71500,0.72313,0.73125,0.73917,0.74880,0.76544,0.77355,0.78000,0.79074,0.80212,0.83200,0.85862,0.86125
MPCCount,2,1,1,1,1,1,1,1,1,26,1,1,1,1,1,1,5,3,1,1,1,5,1,1,32,1,1,4,1,1
Typed Out Degree
EGenericType eTypeParameter,1,1,1,1,1,1,1,1,1,1,1,1,1,1,1,1,1,1,1,1,1,1,1,1,1,1,1,1,1,1,1,1,1,1,1,1,1,1,1,1,1,1,1,1,1,1,1,1,1,1,1,1,1,1,1
EClass eTypeParameters,1
EPackage eSuperPackage,1,1,1
EGenericType eTypeArguments,1,2,1,1,1,1,1,1,1,1,1,1,1,1
EDataType eTypeParameters,2
EOperation eContainingClass,1,1,1,1
EAttribute eContainingClass,1,1,1,1,1
EReference eOpposite,1
EPackage eClassifiers,3,1,3,1
EDataType ePackage,1
EOperation eExceptions,8,8,8,5
EOperation eTypeParameters,1,1,3,1
EParameter eType,1
EClass eStructuralFeatures,2,1,3
EGenericType eClassifier,1,1,1,1,1,1,1,1,1,1,1,1,1,1,1,1,1,1,1,1,1,1,1,1,1,1,1,1,1,1,1,1,1,1,1,1,1,1,1,1,1,1,1,1,1,1,1,1
EReference eContainingClass,1
EEnum ePackage,1,1,1
EGenericType eUpperBound,1,1,1,1,1,1,1,1,1,1,1,1,1,1,1,1
EEnum eTypeParameters,1,2,1
EClass eSuperTypes,4,4,4,4
ETypeParameter eBounds,2,3,1,2,1,1,1,1
EClass ePackage,1,1,1,1
EOperation eParameters,2,1
EPackage eSubpackages,1,2
EGenericType eLowerBound,1,1,1,1,1,1,1,1,1,1,1,1,1,1,1,1,1,1,1
EClass eOperations,2,1,1
EParameter eOperation,1,1,1
EOperation eType,1,1,1,1
Node Type
EClass,EAttribute,EDataType,EParameter,EGenericType,EOperation,EEnum,EReference,ETypeParameter,EPackage
0.04,0.05,0.01,0.03,0.6200000000000003,0.04,0.03,0.01,0.12999999999999998,0.04
Edge Type
eSuperPackage,eOperation,eUpperBound,eTypeParameter,eSubpackages,eType,eSuperTypes,eParameters,eOpposite,eKeys,eTypeArguments,eModelElement,eAnnotations,ePackage,eLowerBound,eLiterals,details,eStructuralFeatures,eClassifier,eClassifiers,eTypeParameters,eContainingClass,eBounds,eEnum,eOperations,eExceptions
0.010830324909747292,0.010830324909747292,0.05776173285198556,0.19855595667870035,0.010830324909747292,0.018050541516245487,0.05776173285198556,0.010830324909747292,0.0036101083032490976,0.0,0.05415162454873646,0.0,0.0,0.02888086642599278,0.06859205776173286,0.0,0.0,0.021660649819494584,0.17328519855595667,0.02888086642599278,0.04693140794223827,0.036101083032490974,0.04332129963898917,0.0,0.01444043321299639,0.10469314079422383
violations,4
