Meta Mode,ecore
Number of Edge types,26
Number Of Nodes,100
State Id,33_1
OutDegreeValue,0,1,2,3,4,5,6,8,11,12,21
OutDegreeCount,15,19,17,33,7,2,3,1,1,1,1
NAValue,1,2,3,4,5,6,7,8
NACount,6,26,14,34,7,6,4,3
MPCValue,0.00000,0.33280,0.39000,0.46222,0.52000,0.55250,0.58240,0.58446,0.59429,0.63673,0.65000,0.66560,0.68611,0.69333,0.71102,0.71500,0.72628,0.74880,0.75111,0.76408,0.78000,0.79040,0.80889,0.81223,0.82173,0.83200,0.84741,0.85222,0.85950,0.86667,0.87750
MPCCount,6,1,3,1,21,2,2,1,1,1,1,1,1,9,1,1,1,2,2,1,27,1,1,1,1,4,1,1,1,2,1
Typed Out Degree
EGenericType eTypeParameter,1,1,1,1,1,1,1,1,1,1,1,1,1,1,1,1,1,1,1,1,1,1,1,1,1,1,1,1,1,1,1,1,1,1,1,1,1,1,1,1,1
EClass eTypeParameters,2,1
EPackage eSuperPackage,1,1,1,1
EGenericType eTypeArguments,1,1,1,1,2,1,1,1,1,1,1,1
EReference eKeys,3,3,3,1
EDataType eTypeParameters,1,2,2,1
EOperation eContainingClass,1
EAttribute eContainingClass,1,1,1
EReference eOpposite,1,1,1,1
EPackage eClassifiers,2,3,1,1,8
EDataType ePackage,1,1,1,1
EAttribute eType,1,1,1
EOperation eExceptions,13
EEnum eLiterals,2,1,1,1
EOperation eTypeParameters,4
EClass eStructuralFeatures,5,2
EGenericType eClassifier,1,1,1,1,1,1,1,1,1,1,1,1,1,1,1,1,1,1,1,1,1,1,1,1,1,1,1,1,1,1,1,1,1,1,1,1
EEnumLiteral eEnum,1,1,1,1,1
EReference eContainingClass,1,1,1,1
EEnum ePackage,1,1,1,1,1,1,1
EGenericType eUpperBound,1,1,1,1,1,1,1,1
EEnum eTypeParameters,1,3,1,1,1,1,1
EClass eSuperTypes,4,4,4,3
ETypeParameter eBounds,2,2,1,1,1,2,2
EClass ePackage,1,1,1,1
EOperation eParameters,2
EPackage eSubpackages,1,3
EGenericType eLowerBound,1,1,1,1,1,1,1,1,1,1,1
EClass eOperations,1
EParameter eOperation,1,1
EReference eType,1,1,1,1
EOperation eType,1
Node Type
EClass,EAttribute,EDataType,EParameter,EGenericType,EEnumLiteral,EOperation,EEnum,EReference,ETypeParameter,EPackage
0.04,0.03,0.04,0.02,0.4300000000000002,0.05,0.01,0.07,0.04,0.22000000000000006,0.05
Edge Type
eSuperPackage,eOperation,eUpperBound,eTypeParameter,eSubpackages,eType,eSuperTypes,eParameters,eOpposite,eKeys,eTypeArguments,eModelElement,eAnnotations,ePackage,eLowerBound,eLiterals,details,eStructuralFeatures,eClassifier,eClassifiers,eTypeParameters,eContainingClass,eBounds,eEnum,eOperations,eExceptions
0.015384615384615385,0.007692307692307693,0.03076923076923077,0.1576923076923077,0.015384615384615385,0.03076923076923077,0.057692307692307696,0.007692307692307693,0.015384615384615385,0.038461538461538464,0.05,0.0,0.0,0.057692307692307696,0.04230769230769231,0.019230769230769232,0.0,0.026923076923076925,0.13846153846153847,0.057692307692307696,0.08461538461538462,0.03076923076923077,0.04230769230769231,0.019230769230769232,0.0038461538461538464,0.05
violations,6
