Meta Mode,ecore
Number of Edge types,26
Number Of Nodes,100
State Id,34_1
OutDegreeValue,0,1,2,3,4,5,7,8,9,19
OutDegreeCount,5,30,22,26,8,1,3,3,1,1
NAValue,1,2,3,4,5,6,7,9
NACount,4,23,25,31,6,5,4,2
MPCValue,0.00000,0.42250,0.46222,0.46694,0.51358,0.51692,0.52000,0.58240,0.59429,0.65000,0.66560,0.68760,0.69333,0.70617,0.71500,0.72022,0.72800,0.73125,0.74469,0.74880,0.76408,0.76960,0.77469,0.77639,0.78000,0.80889,0.83200,0.84898,0.85950,0.86667
MPCCount,4,1,1,2,1,1,23,2,1,4,1,1,12,1,1,1,1,1,1,4,1,1,1,1,24,1,3,1,1,2
Typed Out Degree
EGenericType eTypeParameter,1,1,1,1,1,1,1,1,1,1,1,1,1,1,1,1,1,1,1,1,1,1,1,1,1,1,1,1,1,1,1,1,1,1,1,1,1,1,1,1,1,1
EClass eTypeParameters,1,2,1
EPackage eSuperPackage,1,1,1,1,1,1
EGenericType eTypeArguments,1,1,1,1,2,1,1
EDataType eTypeParameters,2,1,3
EOperation eContainingClass,1,1
EAttribute eContainingClass,1,1
EReference eOpposite,1,1,1,1
EPackage eClassifiers,3,6,3,1,1
EDataType ePackage,1,1,1,1,1
EOperation eExceptions,12
EEnum eLiterals,1,1,2
EOperation eTypeParameters,3
EParameter eType,1,1
EClass eStructuralFeatures,1,2,1,2
EGenericType eClassifier,1,1,1,1,1,1,1,1,1,1,1,1,1,1,1,1,1,1,1,1,1,1,1,1,1,1,1,1,1,1,1,1,1,1,1,1,1,1,1,1,1,1,1
EEnumLiteral eEnum,1,1,1,1
EReference eContainingClass,1,1,1,1
EEnum ePackage,1,1,1
EGenericType eUpperBound,1,1,1,1,1,1,1,1,1,1,1,1,1,1,1,1
EEnum eTypeParameters,1,1
EClass eSuperTypes,1,5,4,5,5,4
ETypeParameter eBounds,1,2,1,2,1,1,1,1,1,1,2,1
EClass ePackage,1,1,1,1,1,1
EOperation eParameters,2
EPackage eSubpackages,4,1,1
EGenericType eLowerBound,1,1,1,1,1,1,1,1,1,1,1
EClass eOperations,1,1
EParameter eOperation,1,1
EReference eType,1
EOperation eType,1
Node Type
EClass,EAttribute,EDataType,EParameter,EGenericType,EEnumLiteral,EOperation,EEnum,EReference,EPackage,ETypeParameter
0.060000000000000005,0.02,0.05,0.02,0.5000000000000002,0.04,0.02,0.03,0.04,0.07,0.15
Edge Type
eSuperPackage,eOperation,eUpperBound,eTypeParameter,eSubpackages,eType,eSuperTypes,eParameters,eOpposite,eKeys,eTypeArguments,eModelElement,eAnnotations,ePackage,eLowerBound,eLiterals,details,eStructuralFeatures,eClassifier,eClassifiers,eTypeParameters,eContainingClass,eBounds,eEnum,eOperations,eExceptions
0.022900763358778626,0.007633587786259542,0.061068702290076333,0.16030534351145037,0.022900763358778626,0.015267175572519083,0.0916030534351145,0.007633587786259542,0.015267175572519083,0.0,0.030534351145038167,0.0,0.0,0.05343511450381679,0.04198473282442748,0.015267175572519083,0.0,0.022900763358778626,0.16412213740458015,0.05343511450381679,0.05725190839694656,0.030534351145038167,0.05725190839694656,0.015267175572519083,0.007633587786259542,0.04580152671755725
violations,5
