Meta Mode,ecore
Number of Edge types,26
Number Of Nodes,100
State Id,35_1
OutDegreeValue,0,1,2,3,4,5,7,8,9,12,13
OutDegreeCount,8,25,11,29,17,4,1,1,2,1,1
NAValue,1,2,3,4,5,7,8,9
NACount,2,30,15,37,8,6,1,1
MPCValue,0.00000,0.13796,0.15889,0.28889,0.39385,0.46222,0.52000,0.56858,0.60938,0.65000,0.66560,0.66857,0.67437,0.69333,0.69813,0.71500,0.73125,0.74880,0.75571,0.76181,0.76960,0.77785,0.78000,0.80889,0.81382,0.83200
MPCCount,2,1,2,2,1,1,24,1,1,4,1,1,1,10,1,2,1,8,1,1,1,1,25,1,1,5
Typed Out Degree
EGenericType eTypeParameter,1,1,1,1,1,1,1,1,1,1,1,1,1,1,1,1,1,1,1,1,1,1,1,1,1,1,1,1,1,1,1,1,1,1,1,1,1,1,1,1,1,1,1,1,1,1,1,1,1,1,1,1,1,1,1,1,1
EClass eTypeParameters,2
EPackage eSuperPackage,1,1
EGenericType eTypeArguments,2,1,1,1,1,1,1,2,1,1,1,1,1,1,1,1,2,1,1,1,1,1
EDataType eTypeParameters,2
EOperation eContainingClass,1,1
EAttribute eContainingClass,1,1,1
EReference eOpposite,1,1
EPackage eClassifiers,3,3,3
EDataType ePackage,1,1
EAttribute eType,1
EOperation eExceptions,8,8
EEnum eLiterals,2,1
EOperation eTypeParameters,1,1
EClass eStructuralFeatures,1,3,1
EGenericType eClassifier,1,1,1,1,1,1,1,1,1,1,1,1,1,1,1,1,1,1,1,1,1,1,1,1,1,1,1,1,1,1,1,1,1,1,1,1,1,1,1,1,1,1,1,1,1,1,1,1,1,1,1,1,1,1,1
EEnumLiteral eEnum,1,1,1
EReference eContainingClass,1,1
EEnum ePackage,1,1
EGenericType eUpperBound,1,1,1,1,1,1,1,1,1,1,1,1,1,1,1,1,1,1,1
EEnum eTypeParameters,1,1
EClass eSuperTypes,5,5,5,4,5
ETypeParameter eBounds,1,2
EClass ePackage,1,1,1,1,1
EOperation eParameters,1,2
EPackage eSubpackages,2
EGenericType eLowerBound,1,1,1,1,1,1,1,1,1,1,1,1,1,1,1,1,1,1,1,1
EClass eOperations,2
EParameter eOperation,1,1,1
EOperation eType,1,1
Node Type
EAttribute,EClass,EDataType,EParameter,EGenericType,EOperation,EEnumLiteral,EEnum,EReference,ETypeParameter,EPackage
0.03,0.05,0.02,0.03,0.6700000000000004,0.02,0.03,0.02,0.02,0.08,0.03
Edge Type
eSuperPackage,eOperation,eUpperBound,eTypeParameter,eSubpackages,eType,eSuperTypes,eParameters,eOpposite,eKeys,eTypeArguments,eModelElement,eAnnotations,ePackage,eLowerBound,eLiterals,details,eStructuralFeatures,eClassifier,eClassifiers,eTypeParameters,eContainingClass,eBounds,eEnum,eOperations,eExceptions
0.007142857142857143,0.010714285714285714,0.06785714285714285,0.20357142857142857,0.007142857142857143,0.010714285714285714,0.08571428571428572,0.010714285714285714,0.007142857142857143,0.0,0.08928571428571429,0.0,0.0,0.03214285714285714,0.07142857142857142,0.010714285714285714,0.0,0.017857142857142856,0.19642857142857142,0.03214285714285714,0.02857142857142857,0.025,0.010714285714285714,0.010714285714285714,0.007142857142857143,0.05714285714285714
violations,5
