Meta Mode,ecore
Number of Edge types,26
Number Of Nodes,100
State Id,36_1
OutDegreeValue,0,1,2,3,4,5,7,10,12,13,14
OutDegreeCount,6,27,17,29,12,4,1,1,1,1,1
NAValue,1,2,3,4,5,6,7,8,10
NACount,1,29,20,38,5,3,2,1,1
MPCValue,0.00000,0.20543,0.25469,0.33280,0.38519,0.46222,0.46694,0.47840,0.51358,0.52000,0.58240,0.65000,0.66560,0.68192,0.68640,0.69333,0.70617,0.71500,0.72615,0.73224,0.74880,0.75111,0.78000,0.82173,0.83200,0.84462,0.86667
MPCCount,1,1,1,3,2,1,1,1,1,23,1,3,1,1,1,10,1,1,1,1,9,1,29,1,2,1,1
Typed Out Degree
EGenericType eTypeParameter,1,1,1,1,1,1,1,1,1,1,1,1,1,1,1,1,1,1,1,1,1,1,1,1,1,1,1,1,1,1,1,1,1,1,1,1,1,1,1,1,1,1,1,1,1,1,1,1,1,1,1,1,1,1,1,1,1,1,1,1,1,1,1
EClass eTypeParameters,1,1,3
EPackage eSuperPackage,1
EGenericType eTypeArguments,2,2,2,1,1,2,1,1,1,2,1,1,1,1,1,1,1,1
EDataType eTypeParameters,1,3
EOperation eContainingClass,1,1,1
EAttribute eContainingClass,1,1,1,1
EReference eOpposite,1,1
EPackage eClassifiers,3,4
EDataType ePackage,1,1
EAttribute eType,1,1
EOperation eExceptions,7,7
EOperation eTypeParameters,2,3
EClass eStructuralFeatures,4,2
EGenericType eClassifier,1,1,1,1,1,1,1,1,1,1,1,1,1,1,1,1,1,1,1,1,1,1,1,1,1,1,1,1,1,1,1,1,1,1,1,1,1,1,1,1,1,1,1,1,1,1,1,1,1
EReference eContainingClass,1,1
EGenericType eUpperBound,1,1,1,1,1,1,1,1,1,1,1,1,1,1,1,1
EClass eSuperTypes,4,4,5,5,4
ETypeParameter eBounds,2,1,1,1,2,1,1,2,1
EClass ePackage,1,1,1,1,1
EOperation eParameters,1,1
EPackage eSubpackages,1
EGenericType eLowerBound,1,1,1,1,1,1,1,1,1,1,1,1,1,1,1
EClass eOperations,3
EParameter eOperation,1,1
EOperation eType,1,1
Node Type
EClass,EAttribute,EDataType,EParameter,EGenericType,EOperation,EReference,ETypeParameter,EPackage
0.05,0.04,0.02,0.02,0.6600000000000004,0.03,0.02,0.13999999999999999,0.02
Edge Type
eSuperPackage,eOperation,eUpperBound,eTypeParameter,eSubpackages,eType,eSuperTypes,eParameters,eOpposite,eKeys,eTypeArguments,eModelElement,eAnnotations,ePackage,eLowerBound,eLiterals,details,eStructuralFeatures,eClassifier,eClassifiers,eTypeParameters,eContainingClass,eBounds,eEnum,eOperations,eExceptions
0.003676470588235294,0.007352941176470588,0.058823529411764705,0.23161764705882354,0.003676470588235294,0.014705882352941176,0.08088235294117647,0.007352941176470588,0.007352941176470588,0.0,0.08455882352941177,0.0,0.0,0.025735294117647058,0.05514705882352941,0.0,0.0,0.022058823529411766,0.1801470588235294,0.025735294117647058,0.051470588235294115,0.03308823529411765,0.04411764705882353,0.0,0.011029411764705883,0.051470588235294115
violations,5
