Meta Mode,ecore
Number of Edge types,26
Number Of Nodes,100
State Id,39_1
OutDegreeValue,0,1,2,3,4,6,8,18,21
OutDegreeCount,8,30,15,27,14,3,1,1,1
NAValue,1,2,3,4,5,6,7,8,10
NACount,3,27,15,39,9,2,3,1,1
MPCValue,0.00000,0.28889,0.33280,0.39000,0.46694,0.52000,0.54542,0.58240,0.59429,0.61315,0.61750,0.64198,0.65000,0.66560,0.67226,0.68250,0.69333,0.70778,0.71500,0.74880,0.75077,0.75111,0.78000,0.80653,0.80889,0.82970,0.83200,0.85280,0.88200
MPCCount,3,2,1,1,1,24,1,1,1,1,1,1,1,1,1,1,8,1,1,9,1,2,25,2,1,1,5,1,1
Typed Out Degree
EGenericType eTypeParameter,1,1,1,1,1,1,1,1,1,1,1,1,1,1,1,1,1,1,1,1,1,1,1,1,1,1,1,1,1,1,1,1,1,1,1,1,1,1,1,1,1,1
EClass eTypeParameters,1
EPackage eSuperPackage,1,1,1,1,1
EGenericType eTypeArguments,1,1,1,1,1,1,1,1,1,1,1,1,1,1,1,1
EDataType eTypeParameters,1,3,1,1,1,1
EOperation eContainingClass,1,1
EAttribute eContainingClass,1,1
EReference eOpposite,1
EPackage eClassifiers,3,2,4,3,2
EDataType ePackage,1,1,1,1,1,1,1,1,1
EOperation eExceptions,14,13
EEnum eLiterals,1
EOperation eTypeParameters,2,1
EParameter eType,1,1
EClass eStructuralFeatures,2,1
EGenericType eClassifier,1,1,1,1,1,1,1,1,1,1,1,1,1,1,1,1,1,1,1,1,1,1,1,1,1,1,1,1,1,1,1,1,1,1,1,1,1,1,1,1,1,1,1,1,1,1,1,1,1
EEnumLiteral eEnum,1
EReference eContainingClass,1
EEnum ePackage,1,1
EGenericType eUpperBound,1,1,1,1,1,1,1,1,1,1,1,1,1,1,1,1,1
EEnum eTypeParameters,1
EClass eSuperTypes,3,3,3
ETypeParameter eBounds,1,2,3,1,2,1,1
EClass ePackage,1,1,1
EOperation eParameters,3,2
EPackage eSubpackages,2,1,2
EGenericType eLowerBound,1,1,1,1,1,1,1,1,1,1,1,1
EClass eOperations,1,1
EParameter eOperation,1,1,1,1,1
EReference eType,1
EOperation eType,1,1
Node Type
EClass,EAttribute,EDataType,EParameter,EGenericType,EOperation,EEnumLiteral,EEnum,EReference,EPackage,ETypeParameter
0.03,0.02,0.09,0.05,0.5600000000000003,0.02,0.01,0.02,0.01,0.060000000000000005,0.12999999999999998
Edge Type
eSuperPackage,eOperation,eUpperBound,eTypeParameter,eSubpackages,eType,eSuperTypes,eParameters,eOpposite,eKeys,eTypeArguments,eModelElement,eAnnotations,ePackage,eLowerBound,eLiterals,details,eStructuralFeatures,eClassifier,eClassifiers,eTypeParameters,eContainingClass,eBounds,eEnum,eOperations,eExceptions
0.019083969465648856,0.019083969465648856,0.0648854961832061,0.16030534351145037,0.019083969465648856,0.019083969465648856,0.03435114503816794,0.019083969465648856,0.003816793893129771,0.0,0.061068702290076333,0.0,0.0,0.05343511450381679,0.04580152671755725,0.003816793893129771,0.0,0.011450381679389313,0.18702290076335878,0.05343511450381679,0.04961832061068702,0.019083969465648856,0.04198473282442748,0.003816793893129771,0.007633587786259542,0.10305343511450382
violations,3
