Meta Mode,ecore
Number of Edge types,26
Number Of Nodes,100
State Id,3_1
OutDegreeValue,0,1,2,3,4,5,6,7,10,14
OutDegreeCount,13,21,16,31,10,4,2,1,1,1
NAValue,1,2,3,4,5,6,7,8,9
NACount,4,28,12,39,9,4,2,1,1
MPCValue,0.00000,0.17190,0.22750,0.28889,0.33280,0.36053,0.39000,0.42250,0.46222,0.52000,0.58500,0.63556,0.63603,0.65000,0.68760,0.69333,0.71500,0.72800,0.74880,0.75111,0.77037,0.77469,0.78000,0.79592,0.80889,0.83200,0.84923,0.85222,0.87750
MPCCount,4,1,1,1,1,1,1,1,2,21,1,1,1,3,2,8,1,1,1,5,1,1,28,1,2,6,1,1,1
Typed Out Degree
EGenericType eTypeParameter,1,1,1,1,1,1,1,1,1,1,1,1,1,1,1,1,1,1,1,1,1,1,1,1,1,1,1,1,1,1,1,1,1,1,1,1,1,1,1,1,1,1,1,1
EClass eTypeParameters,2,1,1
EPackage eSuperPackage,1,1,1,1,1,1,1
EGenericType eTypeArguments,1,1,1,1,1,1,1,1,1,3,1,1
EDataType eTypeParameters,3,3
EOperation eContainingClass,1,1
EAttribute eContainingClass,1
EReference eOpposite,1,1,1
EPackage eClassifiers,2,2,3,3,1,1,4
EDataType ePackage,1,1,1,1,1
EOperation eExceptions,12
EEnum eLiterals,2,1,1,1,1
EClass eStructuralFeatures,1,3
EGenericType eClassifier,1,1,1,1,1,1,1,1,1,1,1,1,1,1,1,1,1,1,1,1,1,1,1,1,1,1,1,1,1,1,1,1,1,1,1,1,1,1,1,1,1,1,1,1
EEnumLiteral eEnum,1,1,1,1,1,1
EReference eContainingClass,1,1,1
EEnum ePackage,1,1,1,1,1,1,1
EGenericType eUpperBound,1,1,1,1,1,1,1,1,1,1,1,1,1,1,1,1
EEnum eTypeParameters,2,1,1,1
EClass eSuperTypes,2,2,3,4
ETypeParameter eBounds,1,2,1
EClass ePackage,1,1,1,1
EPackage eSubpackages,3,2,1,1
EGenericType eLowerBound,1,1,1,1,1,1,1,1,1,1,1,1,1,1,1
EClass eOperations,1,1
EOperation eType,1
Node Type
EClass,EAttribute,EDataType,EGenericType,EEnumLiteral,EOperation,EEnum,EReference,ETypeParameter,EPackage
0.04,0.01,0.05,0.49000000000000027,0.060000000000000005,0.02,0.07,0.03,0.15,0.08
Edge Type
eSuperPackage,eOperation,eUpperBound,eTypeParameter,eSubpackages,eType,eSuperTypes,eParameters,eOpposite,eKeys,eTypeArguments,eModelElement,eAnnotations,ePackage,eLowerBound,eLiterals,details,eStructuralFeatures,eClassifier,eClassifiers,eTypeParameters,eContainingClass,eBounds,eEnum,eOperations,eExceptions
0.028112449799196786,0.0,0.0642570281124498,0.17670682730923695,0.028112449799196786,0.004016064257028112,0.04417670682730924,0.0,0.012048192771084338,0.0,0.05622489959839357,0.0,0.0,0.0642570281124498,0.060240963855421686,0.024096385542168676,0.0,0.01606425702811245,0.17670682730923695,0.0642570281124498,0.060240963855421686,0.024096385542168676,0.01606425702811245,0.024096385542168676,0.008032128514056224,0.04819277108433735
violations,4
