Meta Mode,ecore
Number of Edge types,26
Number Of Nodes,100
State Id,40_1
OutDegreeValue,0,1,2,3,4,5,7,8,10
OutDegreeCount,5,31,10,32,14,4,1,1,2
NAValue,1,2,3,4,5,6,7,9,10
NACount,1,34,10,38,10,3,2,1,1
MPCValue,0.00000,0.13796,0.18720,0.26531,0.31668,0.44694,0.45633,0.52000,0.58500,0.67041,0.68409,0.69333,0.71500,0.72800,0.74880,0.75040,0.75111,0.78000,0.79444,0.80889,0.81231,0.83200,0.83599
MPCCount,1,1,1,1,1,1,1,32,1,1,1,6,1,1,6,1,1,30,1,2,1,7,1
Typed Out Degree
EGenericType eTypeParameter,1,1,1,1,1,1,1,1,1,1,1,1,1,1,1,1,1,1,1,1,1,1,1,1,1,1,1,1,1,1,1,1,1,1,1,1,1,1,1,1,1,1,1,1,1,1,1,1,1,1,1,1,1,1,1,1,1,1,1,1,1,1,1,1,1,1,1,1
EClass eTypeParameters,1
EPackage eSuperPackage,1
EGenericType eTypeArguments,1,1,1,1,1,1,1,1,1,1,2,1,1,1,1,2,1,1
EDataType eTypeParameters,4
EOperation eContainingClass,1,1,1
EAttribute eContainingClass,1,1
EPackage eClassifiers,3,2
EDataType ePackage,1
EOperation eExceptions,5,5,5
EOperation eTypeParameters,2,1
EParameter eType,1
EClass eStructuralFeatures,1,1
EGenericType eClassifier,1,1,1,1,1,1,1,1,1,1,1,1,1,1,1,1,1,1,1,1,1,1,1,1,1,1,1,1,1,1,1,1,1,1,1,1,1,1,1,1,1,1,1,1,1,1,1,1,1,1,1,1,1
EEnum ePackage,1,1
EGenericType eUpperBound,1,1,1,1,1,1,1,1,1,1,1,1,1,1,1,1,1
EEnum eTypeParameters,1,1
EClass eSuperTypes,2,2
ETypeParameter eBounds,3,2,1,1,1,2
EClass ePackage,1,1
EOperation eParameters,1,1,2
EPackage eSubpackages,1
EGenericType eLowerBound,1,1,1,1,1,1,1,1,1,1,1,1,1,1,1,1,1,1,1,1,1,1,1,1,1,1,1
EClass eOperations,2,1
EParameter eOperation,1,1,1,1
EOperation eType,1,1,1
Node Type
EAttribute,EClass,EDataType,EParameter,EGenericType,EOperation,EEnum,ETypeParameter,EPackage
0.02,0.02,0.01,0.04,0.7400000000000004,0.03,0.02,0.09999999999999999,0.02
Edge Type
eSuperPackage,eOperation,eUpperBound,eTypeParameter,eSubpackages,eType,eSuperTypes,eParameters,eOpposite,eKeys,eTypeArguments,eModelElement,eAnnotations,ePackage,eLowerBound,eLiterals,details,eStructuralFeatures,eClassifier,eClassifiers,eTypeParameters,eContainingClass,eBounds,eEnum,eOperations,eExceptions
0.003875968992248062,0.015503875968992248,0.06589147286821706,0.26356589147286824,0.003875968992248062,0.015503875968992248,0.015503875968992248,0.015503875968992248,0.0,0.0,0.07751937984496124,0.0,0.0,0.01937984496124031,0.10465116279069768,0.0,0.0,0.007751937984496124,0.2054263565891473,0.01937984496124031,0.03875968992248062,0.01937984496124031,0.03875968992248062,0.0,0.011627906976744186,0.05813953488372093
violations,2
