Meta Mode,ecore
Number of Edge types,26
Number Of Nodes,100
State Id,41_1
OutDegreeValue,0,1,2,3,4,5,6,7,9,10,11,20,23
OutDegreeCount,10,27,13,26,8,7,1,1,2,1,2,1,1
NAValue,1,2,3,4,5,6,7,8,9
NACount,2,32,7,34,13,5,3,3,1
MPCValue,0.00000,0.22750,0.25469,0.39000,0.46694,0.52000,0.57720,0.58500,0.59583,0.63673,0.65000,0.66560,0.68760,0.68980,0.69333,0.70778,0.71446,0.73549,0.74880,0.75111,0.75213,0.75612,0.76408,0.76960,0.77037,0.77679,0.78000,0.78812,0.80653,0.80889,0.81250,0.83200,0.84500,0.89440
MPCCount,2,1,1,3,1,27,1,1,1,1,1,1,1,1,4,1,1,1,2,4,1,1,1,2,1,1,24,1,4,3,1,2,1,1
Typed Out Degree
EGenericType eTypeParameter,1,1,1,1,1,1,1,1,1,1,1,1,1,1,1,1,1,1,1,1,1,1,1,1,1,1,1,1,1,1,1,1
EClass eTypeParameters,1
EPackage eSuperPackage,1,1,1,1,1,1,1,1
EGenericType eTypeArguments,1,2,2,1,1,1,1,1,1,1
EReference eKeys,2,2,1,2,2
EDataType eTypeParameters,1,1,1,1
EOperation eContainingClass,1,1,1
EAttribute eContainingClass,1,1,1,1,1
EReference eOpposite,1,1,1,1,1
EPackage eClassifiers,5,2,1,1,3,2,2,3,1
EDataType ePackage,1,1,1,1,1,1
EAttribute eType,1,1
EOperation eExceptions,15,15
EEnum eLiterals,1
EOperation eTypeParameters,2
EParameter eType,1
EClass eStructuralFeatures,4,1,1,1,2,1
EGenericType eClassifier,1,1,1,1,1,1,1,1,1,1,1,1,1,1,1,1,1,1,1,1,1,1,1,1,1,1,1,1,1,1,1,1
EEnumLiteral eEnum,1
EReference eContainingClass,1,1,1,1,1
EEnum ePackage,1,1,1,1,1,1
EGenericType eUpperBound,1,1,1,1,1,1,1,1,1,1,1,1
EEnum eTypeParameters,2,1,2
EClass eSuperTypes,2,6,2,7,7,6,5,3
ETypeParameter eBounds,1,1,2
EClass ePackage,1,1,1,1,1,1,1,1
EOperation eParameters,4,3
EPackage eSubpackages,3,1,2,1,1
EGenericType eLowerBound,1,1,1,1,1,1,1,1,1,1
EClass eOperations,1,1,1
EParameter eOperation,1,1,1,1,1,1,1
EReference eType,1,1,1,1,1
EOperation eType,1,1
Node Type
EClass,EAttribute,EDataType,EParameter,EGenericType,EOperation,EEnumLiteral,EEnum,EReference,EPackage,ETypeParameter
0.08,0.05,0.060000000000000005,0.07,0.38000000000000017,0.03,0.01,0.060000000000000005,0.05,0.09,0.11999999999999998
Edge Type
eSuperPackage,eOperation,eUpperBound,eTypeParameter,eSubpackages,eType,eSuperTypes,eParameters,eOpposite,eKeys,eTypeArguments,eModelElement,eAnnotations,ePackage,eLowerBound,eLiterals,details,eStructuralFeatures,eClassifier,eClassifiers,eTypeParameters,eContainingClass,eBounds,eEnum,eOperations,eExceptions
0.02631578947368421,0.023026315789473683,0.039473684210526314,0.10526315789473684,0.02631578947368421,0.03289473684210526,0.125,0.023026315789473683,0.01644736842105263,0.029605263157894735,0.039473684210526314,0.0,0.0,0.06578947368421052,0.03289473684210526,0.003289473684210526,0.0,0.03289473684210526,0.10526315789473684,0.06578947368421052,0.039473684210526314,0.04276315789473684,0.013157894736842105,0.003289473684210526,0.009868421052631578,0.09868421052631579
violations,8
