Meta Mode,ecore
Number of Edge types,26
Number Of Nodes,100
State Id,42_1
OutDegreeValue,0,1,2,3,4,5,7,8,9,10,16,17,20
OutDegreeCount,6,29,22,24,8,3,1,1,1,1,1,2,1
NAValue,1,2,3,4,5,6,7,8,9
NACount,2,28,16,30,15,4,2,2,1
MPCValue,0.00000,0.28889,0.30333,0.30815,0.32661,0.33280,0.39000,0.39802,0.48148,0.52000,0.58240,0.60840,0.65000,0.66560,0.68640,0.68972,0.69333,0.71500,0.73840,0.74286,0.74469,0.74880,0.75111,0.76408,0.76960,0.78000,0.79040,0.79074,0.80889,0.81125,0.82776,0.83200,0.85323,0.87077
MPCCount,2,1,1,1,1,1,1,1,1,25,1,1,3,1,1,1,9,2,1,1,1,4,1,1,1,21,1,1,4,1,1,5,1,1
Typed Out Degree
EGenericType eTypeParameter,1,1,1,1,1,1,1,1,1,1,1,1,1,1,1,1,1,1,1,1,1,1,1,1,1,1,1,1,1,1,1,1,1,1,1,1,1,1,1,1,1
EClass eTypeParameters,1
EPackage eSuperPackage,1,1,1,1
EGenericType eTypeArguments,1,2,1,1,1,1,1,1,1,1,1,1,2
EDataType eTypeParameters,1,1,1,3,2
EOperation eContainingClass,1,1,1,1
EAttribute eContainingClass,1
EReference eOpposite,1,1,1
EPackage eClassifiers,3,1,2,3,7
EDataType ePackage,1,1,1,1,1
EOperation eExceptions,13,14,15,13
EEnum eLiterals,1,1,1,1,1
EOperation eTypeParameters,1,2
EParameter eType,1
EClass eStructuralFeatures,3,2
EGenericType eClassifier,1,1,1,1,1,1,1,1,1,1,1,1,1,1,1,1,1,1,1,1,1,1,1,1,1,1,1,1,1,1,1,1,1,1,1,1,1,1,1,1
EEnumLiteral eEnum,1,1,1,1,1
EReference eContainingClass,1,1,1,1
EEnum ePackage,1,1,1,1,1,1
EGenericType eUpperBound,1,1,1,1,1,1,1,1,1,1,1,1,1
EEnum eTypeParameters,1
EClass eSuperTypes,1,4,4,4
ETypeParameter eBounds,1,1,1,1,2,1,1,1
EClass ePackage,1,1,1,1,1
EOperation eParameters,1,3
EPackage eSubpackages,1,3
EGenericType eLowerBound,1,1,1,1,1,1,1,1,1,1,1
EClass eOperations,1,1,2
EParameter eOperation,1,1,1,1
EReference eType,1,1
EOperation eType,1,1,1,1
Node Type
EClass,EAttribute,EDataType,EParameter,EGenericType,EEnumLiteral,EOperation,EEnum,EReference,ETypeParameter,EPackage
0.05,0.01,0.05,0.04,0.48000000000000026,0.05,0.04,0.060000000000000005,0.04,0.12999999999999998,0.05
Edge Type
eSuperPackage,eOperation,eUpperBound,eTypeParameter,eSubpackages,eType,eSuperTypes,eParameters,eOpposite,eKeys,eTypeArguments,eModelElement,eAnnotations,ePackage,eLowerBound,eLiterals,details,eStructuralFeatures,eClassifier,eClassifiers,eTypeParameters,eContainingClass,eBounds,eEnum,eOperations,eExceptions
0.013513513513513514,0.013513513513513514,0.04391891891891892,0.13851351351351351,0.013513513513513514,0.02364864864864865,0.04391891891891892,0.013513513513513514,0.010135135135135136,0.0,0.05067567567567568,0.0,0.0,0.05405405405405406,0.037162162162162164,0.016891891891891893,0.0,0.016891891891891893,0.13513513513513514,0.05405405405405406,0.04391891891891892,0.030405405405405407,0.030405405405405407,0.016891891891891893,0.013513513513513514,0.1858108108108108
violations,4
