Meta Mode,ecore
Number of Edge types,26
Number Of Nodes,100
State Id,43_1
OutDegreeValue,0,1,2,3,4,5,6,7,8
OutDegreeCount,4,30,12,38,9,3,2,1,1
NAValue,1,2,3,4,5,6,8,9
NACount,3,31,13,40,9,2,1,1
MPCValue,0.00000,0.12942,0.17620,0.39385,0.41437,0.42787,0.46222,0.52000,0.62612,0.65000,0.68194,0.69333,0.71500,0.74880,0.78000,0.80653,0.80889,0.83200,0.86667
MPCCount,3,1,1,1,2,1,1,29,1,1,1,8,1,4,36,2,1,5,1
Typed Out Degree
EGenericType eTypeParameter,1,1,1,1,1,1,1,1,1,1,1,1,1,1,1,1,1,1,1,1,1,1,1,1,1,1,1,1,1,1,1,1,1,1,1,1,1,1,1,1,1,1,1,1,1,1,1,1,1,1,1,1,1,1,1,1,1,1,1,1,1,1,1,1,1,1,1,1
EClass eTypeParameters,2,1
EPackage eSuperPackage,1
EGenericType eTypeArguments,1,1,1,1,1,1,1,1,1,1,2,1,1,1,1,1,2,1
EOperation eContainingClass,1
EAttribute eContainingClass,1,1
EReference eOpposite,1
EPackage eClassifiers,1,3
EOperation eExceptions,3
EEnum eLiterals,3,2
EOperation eTypeParameters,2
EClass eStructuralFeatures,3
EGenericType eClassifier,1,1,1,1,1,1,1,1,1,1,1,1,1,1,1,1,1,1,1,1,1,1,1,1,1,1,1,1,1,1,1,1,1,1,1,1,1,1,1,1,1,1,1,1,1,1,1,1,1,1,1,1,1,1,1,1,1,1
EEnumLiteral eEnum,1,1,1,1,1
EReference eContainingClass,1
EEnum ePackage,1,1
EGenericType eUpperBound,1,1,1,1,1,1,1,1,1,1,1,1,1,1,1,1,1,1,1,1,1,1,1,1,1,1,1
EEnum eTypeParameters,1
EClass eSuperTypes,1,1
ETypeParameter eBounds,3,1,2,3
EClass ePackage,1,1
EPackage eSubpackages,1
EGenericType eLowerBound,1,1,1,1,1,1,1,1,1,1,1,1,1,1,1,1,1,1,1,1,1,1,1
EClass eOperations,1
EOperation eType,1
Node Type
EClass,EAttribute,EGenericType,EEnumLiteral,EOperation,EEnum,EReference,ETypeParameter,EPackage
0.02,0.02,0.7900000000000005,0.05,0.01,0.02,0.01,0.060000000000000005,0.02
Edge Type
eSuperPackage,eOperation,eUpperBound,eTypeParameter,eSubpackages,eType,eSuperTypes,eParameters,eOpposite,eKeys,eTypeArguments,eModelElement,eAnnotations,ePackage,eLowerBound,eLiterals,details,eStructuralFeatures,eClassifier,eClassifiers,eTypeParameters,eContainingClass,eBounds,eEnum,eOperations,eExceptions
0.0040650406504065045,0.0,0.10975609756097561,0.2764227642276423,0.0040650406504065045,0.0040650406504065045,0.008130081300813009,0.0,0.0040650406504065045,0.0,0.08130081300813008,0.0,0.0,0.016260162601626018,0.09349593495934959,0.02032520325203252,0.0,0.012195121951219513,0.23577235772357724,0.016260162601626018,0.024390243902439025,0.016260162601626018,0.036585365853658534,0.02032520325203252,0.0040650406504065045,0.012195121951219513
violations,2
