Meta Mode,ecore
Number of Edge types,26
Number Of Nodes,100
State Id,44_1
OutDegreeValue,0,1,2,3,4,5,6,8,9,12,15
OutDegreeCount,9,29,14,29,9,3,3,1,1,1,1
NAValue,1,2,3,4,5,6,7,8,9
NACount,3,33,11,39,4,4,2,2,2
MPCValue,0.00000,0.17190,0.18720,0.38519,0.39000,0.46222,0.52000,0.59429,0.63556,0.65000,0.68049,0.68760,0.69333,0.71500,0.74880,0.76375,0.77730,0.78000,0.80364,0.80889,0.82970,0.83200,0.84500,0.84861,0.86125,0.87020
MPCCount,3,1,2,1,1,1,28,1,1,1,1,1,10,2,4,1,1,30,1,2,1,2,1,1,1,1
Typed Out Degree
EGenericType eTypeParameter,1,1,1,1,1,1,1,1,1,1,1,1,1,1,1,1,1,1,1,1,1,1,1,1,1,1,1,1,1,1,1,1,1,1,1,1,1,1,1,1,1,1,1,1,1,1,1,1
EClass eTypeParameters,3,1
EPackage eSuperPackage,1,1,1
EGenericType eTypeArguments,1,1,2,2,1,1,1,1,1,2,1,1,1,2,1
EDataType eTypeParameters,1,1
EOperation eContainingClass,1,1,1
EAttribute eContainingClass,1
EReference eOpposite,1
EPackage eClassifiers,1,3,5,3
EDataType ePackage,1,1,1,1
EOperation eExceptions,8,10
EEnum eLiterals,1,2,2,3
EOperation eTypeParameters,1
EParameter eType,1,1
EClass eStructuralFeatures,1,1
EGenericType eClassifier,1,1,1,1,1,1,1,1,1,1,1,1,1,1,1,1,1,1,1,1,1,1,1,1,1,1,1,1,1,1,1,1,1,1,1,1,1,1,1,1,1,1,1,1,1,1
EEnumLiteral eEnum,1,1,1,1,1,1,1,1
EReference eContainingClass,1
EEnum ePackage,1,1,1,1,1
EGenericType eUpperBound,1,1,1,1,1,1,1,1,1,1,1,1
EEnum eTypeParameters,3,1,1
EClass eSuperTypes,3,3,3
ETypeParameter eBounds,2,2,1,1
EClass ePackage,1,1,1
EOperation eParameters,2,2
EPackage eSubpackages,2,1
EGenericType eLowerBound,1,1,1,1,1,1,1,1,1,1,1,1,1,1,1,1,1,1
EClass eOperations,1,1,1
EParameter eOperation,1,1,1,1
EOperation eType,1,1
Node Type
EAttribute,EClass,EDataType,EParameter,EGenericType,EEnumLiteral,EOperation,EEnum,EReference,ETypeParameter,EPackage
0.01,0.03,0.04,0.04,0.5500000000000003,0.08,0.03,0.05,0.01,0.11999999999999998,0.04
Edge Type
eSuperPackage,eOperation,eUpperBound,eTypeParameter,eSubpackages,eType,eSuperTypes,eParameters,eOpposite,eKeys,eTypeArguments,eModelElement,eAnnotations,ePackage,eLowerBound,eLiterals,details,eStructuralFeatures,eClassifier,eClassifiers,eTypeParameters,eContainingClass,eBounds,eEnum,eOperations,eExceptions
0.011673151750972763,0.01556420233463035,0.04669260700389105,0.1867704280155642,0.011673151750972763,0.01556420233463035,0.03501945525291829,0.01556420233463035,0.0038910505836575876,0.0,0.07392996108949416,0.0,0.0,0.04669260700389105,0.07003891050583658,0.0311284046692607,0.0,0.007782101167315175,0.17898832684824903,0.04669260700389105,0.04669260700389105,0.019455252918287938,0.023346303501945526,0.0311284046692607,0.011673151750972763,0.07003891050583658
violations,3
