Meta Mode,ecore
Number of Edge types,26
Number Of Nodes,100
State Id,45_1
OutDegreeValue,0,1,2,3,4,5,6,11
OutDegreeCount,3,31,12,36,14,1,2,1
NAValue,1,2,3,4,5,6,7,9
NACount,2,26,17,42,8,2,2,1
MPCValue,0.00000,0.32661,0.33280,0.37143,0.41889,0.42250,0.43333,0.46694,0.49524,0.52000,0.56138,0.60308,0.65000,0.68923,0.69333,0.71500,0.72218,0.74880,0.76308,0.76408,0.78000,0.83200,0.84898
MPCCount,2,1,1,2,1,1,1,1,1,27,1,1,1,1,8,2,1,6,1,1,33,5,1
Typed Out Degree
EGenericType eTypeParameter,1,1,1,1,1,1,1,1,1,1,1,1,1,1,1,1,1,1,1,1,1,1,1,1,1,1,1,1,1,1,1,1,1,1,1,1,1,1,1,1,1,1,1,1,1,1,1,1,1,1,1,1,1,1,1,1,1,1,1,1,1,1,1
EPackage eSuperPackage,1
EGenericType eTypeArguments,2,1,1,2,2,2,1,1,1,1,1,1,1,1,1,1,1,1,1,1,1
EDataType eTypeParameters,2,2
EOperation eContainingClass,1,1
EAttribute eContainingClass,1
EPackage eClassifiers,3,3
EDataType ePackage,1,1,1
EAttribute eType,1
EOperation eExceptions,6
EEnum eLiterals,1
EOperation eTypeParameters,2
EClass eStructuralFeatures,1
EGenericType eClassifier,1,1,1,1,1,1,1,1,1,1,1,1,1,1,1,1,1,1,1,1,1,1,1,1,1,1,1,1,1,1,1,1,1,1,1,1,1,1,1,1,1,1,1,1,1,1,1,1,1,1,1,1,1,1,1,1,1,1,1,1,1,1,1
EEnumLiteral eEnum,1
EEnum ePackage,1,1
EGenericType eUpperBound,1,1,1,1,1,1,1,1,1,1,1,1,1,1,1,1,1,1,1,1,1
EEnum eTypeParameters,1,3
EClass eSuperTypes,1
ETypeParameter eBounds,1,1,1,2,1,2,1,2,1
EClass ePackage,1
EOperation eParameters,1,1
EPackage eSubpackages,1
EGenericType eLowerBound,1,1,1,1,1,1,1,1,1,1,1,1,1,1,1,1,1,1
EClass eOperations,2
EParameter eOperation,1,1
EOperation eType,1
Node Type
EAttribute,EClass,EDataType,EParameter,EGenericType,EEnumLiteral,EOperation,EEnum,ETypeParameter,EPackage
0.01,0.01,0.03,0.02,0.7600000000000005,0.01,0.02,0.02,0.09999999999999999,0.02
Edge Type
eSuperPackage,eOperation,eUpperBound,eTypeParameter,eSubpackages,eType,eSuperTypes,eParameters,eOpposite,eKeys,eTypeArguments,eModelElement,eAnnotations,ePackage,eLowerBound,eLiterals,details,eStructuralFeatures,eClassifier,eClassifiers,eTypeParameters,eContainingClass,eBounds,eEnum,eOperations,eExceptions
0.004048582995951417,0.008097165991902834,0.08502024291497975,0.2550607287449393,0.004048582995951417,0.008097165991902834,0.004048582995951417,0.008097165991902834,0.0,0.0,0.10121457489878542,0.0,0.0,0.024291497975708502,0.0728744939271255,0.004048582995951417,0.0,0.004048582995951417,0.2550607287449393,0.024291497975708502,0.04048582995951417,0.012145748987854251,0.048582995951417005,0.004048582995951417,0.008097165991902834,0.024291497975708502
violations,1
