Meta Mode,ecore
Number of Edge types,26
Number Of Nodes,100
State Id,46_1
OutDegreeValue,0,1,2,3,4,5,6,9
OutDegreeCount,7,27,9,34,17,4,1,1
NAValue,2,3,4,5,6,8
NACount,32,11,45,9,2,1
MPCValue,0.10914,0.15889,0.17190,0.22750,0.28080,0.28889,0.38519,0.52000,0.55184,0.58500,0.65000,0.68409,0.69333,0.71500,0.71816,0.74880,0.78000,0.80889,0.82048,0.83200
MPCCount,1,1,1,2,1,1,1,27,1,1,4,1,6,2,1,7,32,2,1,7
Typed Out Degree
EReference eContainingClass,1,1,1
EGenericType eTypeParameter,1,1,1,1,1,1,1,1,1,1,1,1,1,1,1,1,1,1,1,1,1,1,1,1,1,1,1,1,1,1,1,1,1,1,1,1,1,1,1,1,1,1,1,1,1,1,1,1,1,1,1,1,1,1,1,1,1,1,1,1,1,1,1,1,1,1,1,1,1
EEnum ePackage,1
EClass eTypeParameters,2
EGenericType eUpperBound,1,1,1,1,1,1,1,1,1,1,1,1,1,1,1,1,1,1,1,1,1,1,1,1,1
EEnum eTypeParameters,3
EPackage eSuperPackage,1
EClass eSuperTypes,2,2
EGenericType eTypeArguments,1,1,1,1,1,1,1,1,1,1,1,1,1,1,1,1,1,1,1,1,3
ETypeParameter eBounds,1,1,1
EClass ePackage,1,1
EDataType eTypeParameters,1,1,3
EOperation eContainingClass,1
EAttribute eContainingClass,1,1,1
EPackage eSubpackages,1
EReference eOpposite,1,1
EPackage eClassifiers,3,3
EDataType ePackage,1,1,1
EGenericType eLowerBound,1,1,1,1,1,1,1,1,1,1,1,1,1,1,1,1,1,1,1,1,1,1,1
EClass eOperations,1
EEnum eLiterals,1
EClass eStructuralFeatures,3,3
EGenericType eClassifier,1,1,1,1,1,1,1,1,1,1,1,1,1,1,1,1,1,1,1,1,1,1,1,1,1,1,1,1,1,1,1,1,1,1,1,1,1,1,1,1,1,1,1,1,1,1,1,1,1,1,1,1,1,1,1,1,1,1,1,1,1
EEnumLiteral eEnum,1
Node Type
EClass,EAttribute,EDataType,EGenericType,EEnumLiteral,EOperation,EEnum,EReference,ETypeParameter,EPackage
0.02,0.03,0.03,0.7400000000000004,0.01,0.01,0.01,0.03,0.09999999999999999,0.02
Edge Type
eSuperPackage,eOperation,eUpperBound,eTypeParameter,eSubpackages,eType,eSuperTypes,eParameters,eOpposite,eKeys,eTypeArguments,eModelElement,eAnnotations,ePackage,eLowerBound,eLiterals,details,eStructuralFeatures,eClassifier,eClassifiers,eTypeParameters,eContainingClass,eBounds,eEnum,eOperations,eExceptions
0.004,0.0,0.1,0.276,0.004,0.0,0.016,0.0,0.008,0.0,0.092,0.0,0.0,0.024,0.092,0.004,0.0,0.024,0.244,0.024,0.04,0.028,0.012,0.004,0.004,0.0
violations,2
