Meta Mode,ecore
Number of Edge types,26
Number Of Nodes,100
State Id,47_1
OutDegreeValue,0,1,2,3,4,5,6,10,12
OutDegreeCount,4,31,10,34,9,6,3,1,2
NAValue,1,2,3,4,5,6,7,8,9
NACount,2,30,14,37,8,3,2,2,2
MPCValue,0.00000,0.33280,0.35360,0.37143,0.38519,0.39000,0.42250,0.48000,0.52000,0.59062,0.65000,0.66462,0.68565,0.69333,0.73667,0.74880,0.75111,0.78000,0.79040,0.80437,0.80653,0.80889,0.81617,0.83200,0.83778,0.84898,0.86667,0.87579
MPCCount,2,1,1,1,1,1,1,1,28,1,2,1,1,8,1,4,2,29,1,1,3,1,1,3,1,1,1,1
Typed Out Degree
EGenericType eTypeParameter,1,1,1,1,1,1,1,1,1,1,1,1,1,1,1,1,1,1,1,1,1,1,1,1,1,1,1,1,1,1,1,1,1,1,1,1,1,1,1,1,1,1,1,1,1,1,1,1,1,1,1,1,1
EClass eTypeParameters,1,2
EPackage eSuperPackage,1,1
EGenericType eTypeArguments,1,1,1,1,1,1,1,1,1,1,1,2,2,1,1
EReference eKeys,2,2,2
EOperation eContainingClass,1,1
EAttribute eContainingClass,1,1
EReference eOpposite,1,1,1
EPackage eClassifiers,2,2,2
EAttribute eType,1,1
EOperation eExceptions,6,6
EEnum eLiterals,3,2,1
EOperation eTypeParameters,1,1
EParameter eType,1,1
EClass eStructuralFeatures,5
EGenericType eClassifier,1,1,1,1,1,1,1,1,1,1,1,1,1,1,1,1,1,1,1,1,1,1,1,1,1,1,1,1,1,1,1,1,1,1,1,1,1,1,1,1,1,1,1,1,1,1,1,1,1,1,1,1,1,1,1
EEnumLiteral eEnum,1,1,1,1,1,1
EReference eContainingClass,1,1,1
EEnum ePackage,1,1,1
EGenericType eUpperBound,1,1,1,1,1,1,1,1,1,1,1,1,1,1,1,1
EEnum eTypeParameters,2,2
EClass eSuperTypes,3,3,3
ETypeParameter eBounds,1,3,1,3,1,2
EClass ePackage,1,1,1
EOperation eParameters,3,1
EPackage eSubpackages,2
EGenericType eLowerBound,1,1,1,1,1,1,1,1,1,1,1,1,1,1,1,1,1,1,1,1,1
EClass eOperations,1,1
EParameter eOperation,1,1,1,1
EReference eType,1,1,1
EOperation eType,1,1
Node Type
EClass,EAttribute,EParameter,EGenericType,EEnumLiteral,EOperation,EEnum,EReference,ETypeParameter,EPackage
0.03,0.02,0.04,0.6500000000000004,0.060000000000000005,0.02,0.03,0.03,0.09,0.03
Edge Type
eSuperPackage,eOperation,eUpperBound,eTypeParameter,eSubpackages,eType,eSuperTypes,eParameters,eOpposite,eKeys,eTypeArguments,eModelElement,eAnnotations,ePackage,eLowerBound,eLiterals,details,eStructuralFeatures,eClassifier,eClassifiers,eTypeParameters,eContainingClass,eBounds,eEnum,eOperations,eExceptions
0.007380073800738007,0.014760147601476014,0.05904059040590406,0.19557195571955718,0.007380073800738007,0.033210332103321034,0.033210332103321034,0.014760147601476014,0.01107011070110701,0.02214022140221402,0.06273062730627306,0.0,0.0,0.02214022140221402,0.07749077490774908,0.02214022140221402,0.0,0.01845018450184502,0.2029520295202952,0.02214022140221402,0.033210332103321034,0.025830258302583026,0.04059040590405904,0.02214022140221402,0.007380073800738007,0.04428044280442804
violations,3
