Meta Mode,ecore
Number of Edge types,26
Number Of Nodes,100
State Id,48_1
OutDegreeValue,0,1,2,3,4,5,6,7,8,10,11,13
OutDegreeCount,8,26,22,23,10,2,4,1,1,1,1,1
NAValue,1,2,3,4,5,6,8
NACount,3,30,12,37,10,5,3
MPCValue,0.00000,0.25469,0.28889,0.39000,0.41024,0.46222,0.52000,0.53926,0.59429,0.65000,0.66560,0.69333,0.71500,0.72800,0.73320,0.74880,0.75111,0.76408,0.76960,0.77208,0.78000,0.80889,0.81122,0.83200,0.84500
MPCCount,3,1,1,1,1,1,26,1,1,5,1,7,2,1,1,3,3,1,1,1,27,6,1,3,1
Typed Out Degree
EGenericType eTypeParameter,1,1,1,1,1,1,1,1,1,1,1,1,1,1,1,1,1,1,1,1,1,1,1,1,1
EClass eTypeParameters,1,1,1,1
EPackage eSuperPackage,1,1,1,1,1,1,1,1,1,1,1
EGenericType eTypeArguments,1,1,1,1,1,3,1
EReference eKeys,1,1,1,1,1,1
EDataType eTypeParameters,1,1,1
EOperation eContainingClass,1,1
EAttribute eContainingClass,1,1,1
EReference eOpposite,1,1,1,1,1,1,1,1,1
EPackage eClassifiers,1,3,3,1,1,1,1,3,1,2,3
EDataType ePackage,1,1,1,1
EAttribute eType,1
EEnum eLiterals,1,2,2,1,1
EClass eStructuralFeatures,2,6,3,3
EGenericType eClassifier,1,1,1,1,1,1,1,1,1,1,1,1,1,1,1,1,1,1,1,1,1,1,1,1,1,1,1,1,1,1,1
EEnumLiteral eEnum,1,1,1,1,1,1,1
EReference eContainingClass,1,1,1,1,1,1,1,1,1,1,1
EEnum ePackage,1,1,1,1,1,1,1,1,1
EGenericType eUpperBound,1,1,1,1,1,1,1,1
EEnum eTypeParameters,2,1,1,1,1
EClass eSuperTypes,2,5,6,5,4,3,6
ETypeParameter eBounds,1,2,1,2,1
EClass ePackage,1,1,1,1,1,1,1
EPackage eSubpackages,1,2,1,1,4,2
EGenericType eLowerBound,1,1,1,1,1,1,1,1
EClass eOperations,1,1
EReference eType,1,1,1,1,1,1
Node Type
EAttribute,EClass,EDataType,EGenericType,EOperation,EEnumLiteral,EEnum,EReference,ETypeParameter,EPackage
0.03,0.07,0.04,0.3200000000000001,0.02,0.07,0.09,0.10999999999999999,0.12999999999999998,0.11999999999999998
Edge Type
eSuperPackage,eOperation,eUpperBound,eTypeParameter,eSubpackages,eType,eSuperTypes,eParameters,eOpposite,eKeys,eTypeArguments,eModelElement,eAnnotations,ePackage,eLowerBound,eLiterals,details,eStructuralFeatures,eClassifier,eClassifiers,eTypeParameters,eContainingClass,eBounds,eEnum,eOperations,eExceptions
0.04198473282442748,0.0,0.030534351145038167,0.09541984732824428,0.04198473282442748,0.026717557251908396,0.1183206106870229,0.0,0.03435114503816794,0.022900763358778626,0.03435114503816794,0.0,0.0,0.07633587786259542,0.030534351145038167,0.026717557251908396,0.0,0.05343511450381679,0.1183206106870229,0.07633587786259542,0.04961832061068702,0.061068702290076333,0.026717557251908396,0.026717557251908396,0.007633587786259542,0.0
violations,7
