Meta Mode,ecore
Number of Edge types,26
Number Of Nodes,100
State Id,49_1
OutDegreeValue,0,1,2,3,4,5,6,9,11,13,16
OutDegreeCount,10,24,17,32,7,4,1,1,2,1,1
NAValue,1,2,3,4,5,6,7,9,10
NACount,2,31,13,36,8,4,4,1,1
MPCValue,0.00000,0.22750,0.25469,0.33280,0.46222,0.46694,0.52000,0.55250,0.58500,0.59429,0.65000,0.68760,0.69333,0.70258,0.74880,0.75077,0.75111,0.76440,0.76960,0.77037,0.77187,0.78000,0.78769,0.80437,0.80889,0.82173,0.83200,0.87615,0.89578
MPCCount,2,1,1,3,1,1,25,1,1,1,4,1,6,1,4,1,1,1,1,1,1,30,1,1,2,1,4,1,1
Typed Out Degree
EGenericType eTypeParameter,1,1,1,1,1,1,1,1,1,1,1,1,1,1,1,1,1,1,1,1,1,1,1,1,1,1,1,1,1,1,1,1,1,1,1,1,1,1,1,1,1,1,1
EClass eTypeParameters,1,1
EPackage eSuperPackage,1,1,1
EGenericType eTypeArguments,1,1,2,1,1,1,1,1,1,1,1,1,1,1,1
EDataType eTypeParameters,1,2
EOperation eContainingClass,1,1,1
EAttribute eContainingClass,1
EReference eOpposite,1,1,1,1,1,1,1,1,1
EPackage eClassifiers,1,1,3,4
EDataType ePackage,1,1
EOperation eExceptions,6,8,9
EEnum eLiterals,1
EOperation eTypeParameters,2,2
EParameter eType,1
EClass eStructuralFeatures,6,1,3
EGenericType eClassifier,1,1,1,1,1,1,1,1,1,1,1,1,1,1,1,1,1,1,1,1,1,1,1,1,1,1,1,1,1,1,1,1,1,1,1,1,1,1,1,1,1,1,1,1
EEnumLiteral eEnum,1
EReference eContainingClass,1,1,1,1,1,1,1,1,1
EEnum ePackage,1,1,1,1
EGenericType eUpperBound,1,1,1,1,1,1,1,1,1,1,1,1,1,1,1,1,1
EEnum eTypeParameters,1,1,3
EClass eSuperTypes,3,3,3
ETypeParameter eBounds,1,1,2,1,1,2
EClass ePackage,1,1,1
EOperation eParameters,1,1,3
EPackage eSubpackages,1,2
EGenericType eLowerBound,1,1,1,1,1,1,1,1,1,1,1,1,1
EClass eOperations,3
EParameter eOperation,1,1,1,1,1
EReference eType,1,1,1,1,1,1
EOperation eType,1,1,1
Node Type
EClass,EAttribute,EDataType,EParameter,EGenericType,EOperation,EEnumLiteral,EEnum,EReference,ETypeParameter,EPackage
0.03,0.01,0.02,0.05,0.5400000000000003,0.03,0.01,0.04,0.09,0.13999999999999999,0.04
Edge Type
eSuperPackage,eOperation,eUpperBound,eTypeParameter,eSubpackages,eType,eSuperTypes,eParameters,eOpposite,eKeys,eTypeArguments,eModelElement,eAnnotations,ePackage,eLowerBound,eLiterals,details,eStructuralFeatures,eClassifier,eClassifiers,eTypeParameters,eContainingClass,eBounds,eEnum,eOperations,eExceptions
0.011194029850746268,0.018656716417910446,0.06343283582089553,0.16044776119402984,0.011194029850746268,0.03731343283582089,0.033582089552238806,0.018656716417910446,0.033582089552238806,0.0,0.05970149253731343,0.0,0.0,0.033582089552238806,0.048507462686567165,0.0037313432835820895,0.0,0.03731343283582089,0.16417910447761194,0.033582089552238806,0.05223880597014925,0.048507462686567165,0.029850746268656716,0.0037313432835820895,0.011194029850746268,0.08582089552238806
violations,6
