Meta Mode,ecore
Number of Edge types,26
Number Of Nodes,100
State Id,4_1
OutDegreeValue,0,1,2,3,4,5,6,8
OutDegreeCount,3,27,13,38,13,2,3,1
NAValue,2,3,4,5,6,7
NACount,28,13,50,4,3,2
MPCValue,0.15889,0.23472,0.25469,0.35360,0.39000,0.44694,0.48816,0.50462,0.52000,0.53926,0.58240,0.58500,0.65000,0.66625,0.68250,0.69333,0.71500,0.74880,0.75111,0.76308,0.76632,0.78000,0.80889,0.82512,0.83200,0.86667
MPCCount,1,1,1,1,1,1,1,1,25,1,1,1,4,1,1,5,3,8,1,1,1,34,1,1,2,1
Typed Out Degree
EReference eContainingClass,1,1,1,1
EGenericType eTypeParameter,1,1,1,1,1,1,1,1,1,1,1,1,1,1,1,1,1,1,1,1,1,1,1,1,1,1,1,1,1,1,1,1,1,1,1,1,1,1,1,1,1,1,1,1,1,1,1,1,1,1,1,1,1,1,1,1,1
EEnum ePackage,1,1,1
EGenericType eUpperBound,1,1,1,1,1,1,1,1,1,1,1,1,1,1,1,1,1,1
EEnum eTypeParameters,1
EPackage eSuperPackage,1,1,1,1
EClass eSuperTypes,3,3,3
EGenericType eTypeArguments,1,2,1,2,1,1,1,1,1,1,3,1,1,1,1,2,1,1,1
ETypeParameter eBounds,1,2,2,1
EClass ePackage,1,1,1
EDataType eTypeParameters,2,1,1,2
EOperation eContainingClass,1,1
EAttribute eContainingClass,1,1
EPackage eSubpackages,2,2
EReference eOpposite,1,1,1,1
EPackage eClassifiers,3,1,3,4,1
EDataType ePackage,1,1,1,1,1,1
EGenericType eLowerBound,1,1,1,1,1,1,1,1,1,1,1,1,1,1,1,1,1
EClass eOperations,1,1
EEnum eLiterals,2,1
EReference eType,1,1
EClass eStructuralFeatures,3,2,1
EGenericType eClassifier,1,1,1,1,1,1,1,1,1,1,1,1,1,1,1,1,1,1,1,1,1,1,1,1,1,1,1,1,1,1,1,1,1,1,1,1,1,1,1,1,1,1,1,1,1,1,1,1,1,1,1,1,1,1,1,1,1
EEnumLiteral eEnum,1,1,1
Node Type
EClass,EAttribute,EDataType,EGenericType,EEnumLiteral,EOperation,EEnum,EReference,ETypeParameter,EPackage
0.03,0.02,0.060000000000000005,0.6500000000000004,0.03,0.02,0.03,0.04,0.07,0.05
Edge Type
eSuperPackage,eOperation,eUpperBound,eTypeParameter,eSubpackages,eType,eSuperTypes,eParameters,eOpposite,eKeys,eTypeArguments,eModelElement,eAnnotations,ePackage,eLowerBound,eLiterals,details,eStructuralFeatures,eClassifier,eClassifiers,eTypeParameters,eContainingClass,eBounds,eEnum,eOperations,eExceptions
0.01568627450980392,0.0,0.07058823529411765,0.2235294117647059,0.01568627450980392,0.00784313725490196,0.03529411764705882,0.0,0.01568627450980392,0.0,0.09411764705882353,0.0,0.0,0.047058823529411764,0.06666666666666667,0.011764705882352941,0.0,0.023529411764705882,0.2235294117647059,0.047058823529411764,0.027450980392156862,0.03137254901960784,0.023529411764705882,0.011764705882352941,0.00784313725490196,0.0
violations,3
