Meta Mode,ecore
Number of Edge types,26
Number Of Nodes,100
State Id,51_1
OutDegreeValue,0,1,2,3,4,5,6,8
OutDegreeCount,6,31,22,23,10,5,1,2
NAValue,1,2,3,4,5,6,7,8
NACount,1,31,20,35,7,4,1,1
MPCValue,0.00000,0.22750,0.33280,0.39000,0.42250,0.46222,0.47840,0.52000,0.53926,0.64198,0.65000,0.68923,0.69333,0.71102,0.74880,0.75111,0.76375,0.76408,0.76960,0.78000,0.79074,0.80889,0.83200,0.83837,0.86667,0.87806
MPCCount,1,1,1,1,2,2,1,28,1,1,2,1,14,1,3,1,1,1,1,27,1,1,4,1,1,1
Typed Out Degree
EReference eContainingClass,1
EGenericType eTypeParameter,1,1,1,1,1,1,1,1,1,1,1,1,1,1,1,1,1,1,1,1,1,1,1,1,1,1,1,1,1,1,1,1,1,1,1,1,1,1,1,1,1,1,1,1,1,1,1
EEnum ePackage,1,1,1,1,1,1,1,1
EClass eTypeParameters,2
EGenericType eUpperBound,1,1,1,1,1,1,1,1,1,1,1
EEnum eTypeParameters,2,1,3
EPackage eSuperPackage,1,1,1,1,1,1
EClass eSuperTypes,2,2
EGenericType eTypeArguments,2,1,1,1,1,1,2,1,1,1,1,1,2,1
ETypeParameter eBounds,1,1,1,1,1,1,1,2
EClass ePackage,1,1
EDataType eTypeParameters,1,2,1,1,1
EAttribute eContainingClass,1,1,1
EPackage eSubpackages,1,2,2,1
EReference eOpposite,1
EPackage eClassifiers,2,1,1,5,4,2
EDataType ePackage,1,1,1,1,1
EGenericType eLowerBound,1,1,1,1,1,1,1,1,1,1,1,1,1,1
EAttribute eType,1,1
EEnum eLiterals,1,2,3,1,1,1
EClass eStructuralFeatures,1,3
EGenericType eClassifier,1,1,1,1,1,1,1,1,1,1,1,1,1,1,1,1,1,1,1,1,1,1,1,1,1,1,1,1,1,1,1,1,1,1,1,1,1,1,1,1,1,1,1,1
EEnumLiteral eEnum,1,1,1,1,1,1,1,1,1
Node Type
EClass,EAttribute,EDataType,EGenericType,EEnumLiteral,EEnum,EReference,ETypeParameter,EPackage
0.02,0.03,0.05,0.5100000000000002,0.09,0.08,0.01,0.13999999999999999,0.07
Edge Type
eSuperPackage,eOperation,eUpperBound,eTypeParameter,eSubpackages,eType,eSuperTypes,eParameters,eOpposite,eKeys,eTypeArguments,eModelElement,eAnnotations,ePackage,eLowerBound,eLiterals,details,eStructuralFeatures,eClassifier,eClassifiers,eTypeParameters,eContainingClass,eBounds,eEnum,eOperations,eExceptions
0.025974025974025976,0.0,0.047619047619047616,0.20346320346320346,0.025974025974025976,0.008658008658008658,0.017316017316017316,0.0,0.004329004329004329,0.0,0.0735930735930736,0.0,0.0,0.06493506493506493,0.06060606060606061,0.03896103896103896,0.0,0.017316017316017316,0.19047619047619047,0.06493506493506493,0.06060606060606061,0.017316017316017316,0.03896103896103896,0.03896103896103896,0.0,0.0
violations,2
