Meta Mode,ecore
Number of Edge types,26
Number Of Nodes,100
State Id,52_1
OutDegreeValue,0,1,2,3,4,5,7,8,12
OutDegreeCount,2,30,15,34,15,1,1,1,1
NAValue,1,2,3,4,5,6,7
NACount,1,30,14,43,6,2,4
MPCValue,0.00000,0.28809,0.31668,0.32661,0.39385,0.45633,0.52000,0.53008,0.59429,0.66765,0.66791,0.67236,0.68923,0.69333,0.74880,0.75111,0.75571,0.76960,0.78000,0.82048,0.83200
MPCCount,1,1,1,1,1,1,30,1,1,1,1,1,1,8,9,1,1,1,32,1,5
Typed Out Degree
EGenericType eTypeParameter,1,1,1,1,1,1,1,1,1,1,1,1,1,1,1,1,1,1,1,1,1,1,1,1,1,1,1,1,1,1,1,1,1,1,1,1,1,1,1,1,1,1,1,1,1,1,1,1,1,1,1,1,1,1,1,1,1,1,1,1,1,1,1,1
EEnum ePackage,1,1,1
EGenericType eUpperBound,1,1,1,1,1,1,1,1,1,1,1,1,1,1,1,1,1,1,1,1,1
EEnum eTypeParameters,3
EPackage eSuperPackage,1,1
EClass eSuperTypes,1
EGenericType eTypeArguments,1,1,1,1,1,1,1,1,2,1,1,2,2,1,1,1,1,1,1,1
ETypeParameter eBounds,3,2,2,1,2,2
EClass ePackage,1
EDataType eTypeParameters,1,1
EOperation eContainingClass,1,1
EOperation eParameters,4
EPackage eSubpackages,2
EPackage eClassifiers,2,1,3
EDataType ePackage,1,1
EGenericType eLowerBound,1,1,1,1,1,1,1,1,1,1,1,1,1,1,1,1
EClass eOperations,2
EOperation eExceptions,5,5
EParameter eOperation,1,1,1,1
EEnum eLiterals,3,1,2
EOperation eTypeParameters,1,1
EGenericType eClassifier,1,1,1,1,1,1,1,1,1,1,1,1,1,1,1,1,1,1,1,1,1,1,1,1,1,1,1,1,1,1,1,1,1,1,1,1,1,1,1,1,1,1,1,1,1,1,1,1,1,1,1,1,1,1,1,1,1,1
EEnumLiteral eEnum,1,1,1,1,1,1
EOperation eType,1,1
Node Type
EClass,EDataType,EParameter,EGenericType,EEnumLiteral,EOperation,EEnum,ETypeParameter,EPackage
0.01,0.02,0.04,0.7200000000000004,0.060000000000000005,0.02,0.03,0.07,0.03
Edge Type
eSuperPackage,eOperation,eUpperBound,eTypeParameter,eSubpackages,eType,eSuperTypes,eParameters,eOpposite,eKeys,eTypeArguments,eModelElement,eAnnotations,ePackage,eLowerBound,eLiterals,details,eStructuralFeatures,eClassifier,eClassifiers,eTypeParameters,eContainingClass,eBounds,eEnum,eOperations,eExceptions
0.007874015748031496,0.015748031496062992,0.08267716535433071,0.25196850393700787,0.007874015748031496,0.007874015748031496,0.003937007874015748,0.015748031496062992,0.0,0.0,0.09055118110236221,0.0,0.0,0.023622047244094488,0.06299212598425197,0.023622047244094488,0.0,0.0,0.2283464566929134,0.023622047244094488,0.027559055118110236,0.007874015748031496,0.047244094488188976,0.023622047244094488,0.007874015748031496,0.03937007874015748
violations,1
