Meta Mode,ecore
Number of Edge types,26
Number Of Nodes,100
State Id,53_1
OutDegreeValue,0,1,2,3,4,5,7,8,9,18
OutDegreeCount,4,29,21,27,9,3,4,1,1,1
NAValue,1,2,3,4,5,6,7,8,9
NACount,1,28,15,35,8,5,4,3,1
MPCValue,0.00000,0.32661,0.33280,0.42250,0.44200,0.52000,0.55250,0.59429,0.65000,0.66765,0.68640,0.69333,0.71500,0.73224,0.73938,0.74880,0.75571,0.76408,0.78000,0.79934,0.80653,0.81231,0.81250,0.82942,0.83200,0.84741,0.84898,0.89143
MPCCount,1,1,2,1,1,27,1,1,4,2,1,6,1,1,1,5,1,1,28,1,1,1,2,1,3,1,2,2
Typed Out Degree
EGenericType eTypeParameter,1,1,1,1,1,1,1,1,1,1,1,1,1,1,1,1,1,1,1,1,1,1,1,1,1,1,1,1,1,1,1,1,1,1,1,1,1,1,1
EClass eTypeParameters,1
EPackage eSuperPackage,1,1,1,1
EGenericType eTypeArguments,1,1,1,1,1,2,1,1,1,1,1
EReference eKeys,2
EDataType eTypeParameters,1,1,1,1,1
EOperation eContainingClass,1,1
EAttribute eContainingClass,1,1,1,1
EReference eOpposite,1,1,1
EPackage eClassifiers,6,4,2,5,1
EDataType ePackage,1,1,1,1,1,1
EAttribute eType,1,1
EOperation eExceptions,15,2
EEnum eLiterals,1,1,1,1,2,1
EClass eStructuralFeatures,1,1,2,3
EGenericType eClassifier,1,1,1,1,1,1,1,1,1,1,1,1,1,1,1,1,1,1,1,1,1,1,1,1,1,1,1,1,1,1,1,1,1,1,1,1,1,1,1,1,1,1,1,1,1
EEnumLiteral eEnum,1,1,1,1,1,1,1
EReference eContainingClass,1,1,1
EEnum ePackage,1,1,1,1,1,1,1,1
EGenericType eUpperBound,1,1,1,1,1,1,1,1,1,1,1,1,1,1
EEnum eTypeParameters,1,1,1,1
EClass eSuperTypes,4,4,4,4
ETypeParameter eBounds,1,2,1,1,2,1,1
EClass ePackage,1,1,1,1
EOperation eParameters,1,1
EPackage eSubpackages,1,1,2
EGenericType eLowerBound,1,1,1,1,1,1,1,1,1,1,1,1,1,1
EClass eOperations,1,1
EParameter eOperation,1,1
EReference eType,1
EOperation eType,1,1
Node Type
EClass,EAttribute,EDataType,EParameter,EGenericType,EEnumLiteral,EOperation,EEnum,EReference,ETypeParameter,EPackage
0.04,0.04,0.060000000000000005,0.02,0.49000000000000027,0.07,0.02,0.08,0.03,0.09999999999999999,0.05
Edge Type
eSuperPackage,eOperation,eUpperBound,eTypeParameter,eSubpackages,eType,eSuperTypes,eParameters,eOpposite,eKeys,eTypeArguments,eModelElement,eAnnotations,ePackage,eLowerBound,eLiterals,details,eStructuralFeatures,eClassifier,eClassifiers,eTypeParameters,eContainingClass,eBounds,eEnum,eOperations,eExceptions
0.015037593984962405,0.007518796992481203,0.05263157894736842,0.14661654135338345,0.015037593984962405,0.018796992481203006,0.06015037593984962,0.007518796992481203,0.011278195488721804,0.007518796992481203,0.045112781954887216,0.0,0.0,0.06766917293233082,0.05263157894736842,0.02631578947368421,0.0,0.02631578947368421,0.16917293233082706,0.06766917293233082,0.03759398496240601,0.03383458646616541,0.03383458646616541,0.02631578947368421,0.007518796992481203,0.06390977443609022
violations,4
