Meta Mode,ecore
Number of Edge types,26
Number Of Nodes,100
State Id,54_1
OutDegreeValue,0,1,2,3,4,5,6,9
OutDegreeCount,4,27,12,35,14,4,2,2
NAValue,1,2,3,4,5,6,7,8
NACount,1,29,11,43,8,6,1,1
MPCValue,0.00000,0.15889,0.20166,0.20543,0.26413,0.28889,0.44200,0.50960,0.52000,0.58446,0.65000,0.67407,0.68760,0.69333,0.71500,0.74880,0.75111,0.75636,0.78000,0.79385,0.80889,0.83200
MPCCount,1,1,1,1,1,1,1,1,26,1,4,1,2,7,1,9,1,2,30,1,2,5
Typed Out Degree
EGenericType eTypeParameter,1,1,1,1,1,1,1,1,1,1,1,1,1,1,1,1,1,1,1,1,1,1,1,1,1,1,1,1,1,1,1,1,1,1,1,1,1,1,1,1,1,1,1,1,1,1,1,1,1,1,1,1,1,1,1,1,1,1,1
EPackage eSuperPackage,1,1
EGenericType eTypeArguments,3,1,1,1,1,1,1,1,1,1,1,2,1,1,1,1
EDataType eTypeParameters,1,1
EOperation eContainingClass,1,1
EAttribute eContainingClass,1
EReference eOpposite,1
EPackage eClassifiers,1,4,3
EDataType ePackage,1,1
EOperation eExceptions,6,6
EEnum eLiterals,1,1
EClass eStructuralFeatures,2
EGenericType eClassifier,1,1,1,1,1,1,1,1,1,1,1,1,1,1,1,1,1,1,1,1,1,1,1,1,1,1,1,1,1,1,1,1,1,1,1,1,1,1,1,1,1,1,1,1,1,1,1,1,1,1,1,1,1,1,1,1,1,1,1,1,1,1,1,1,1,1,1
EEnumLiteral eEnum,1,1
EReference eContainingClass,1
EEnum ePackage,1,1,1,1
EGenericType eUpperBound,1,1,1,1,1,1,1,1,1,1,1,1,1,1,1,1,1,1,1,1,1,1,1,1,1
EEnum eTypeParameters,1,3,1
EClass eSuperTypes,1,2
ETypeParameter eBounds,2,1,1,1
EClass ePackage,1,1
EOperation eParameters,1,1
EPackage eSubpackages,1,1
EGenericType eLowerBound,1,1,1,1,1,1,1,1,1,1,1,1,1,1,1,1,1,1,1,1,1,1,1,1,1
EClass eOperations,2
EParameter eOperation,1,1
EReference eType,1
EOperation eType,1,1
Node Type
EClass,EAttribute,EDataType,EParameter,EGenericType,EOperation,EEnumLiteral,EEnum,EReference,ETypeParameter,EPackage
0.02,0.01,0.02,0.02,0.7400000000000004,0.02,0.02,0.04,0.01,0.07,0.03
Edge Type
eSuperPackage,eOperation,eUpperBound,eTypeParameter,eSubpackages,eType,eSuperTypes,eParameters,eOpposite,eKeys,eTypeArguments,eModelElement,eAnnotations,ePackage,eLowerBound,eLiterals,details,eStructuralFeatures,eClassifier,eClassifiers,eTypeParameters,eContainingClass,eBounds,eEnum,eOperations,eExceptions
0.007633587786259542,0.007633587786259542,0.09541984732824428,0.22519083969465647,0.007633587786259542,0.011450381679389313,0.011450381679389313,0.007633587786259542,0.003816793893129771,0.0,0.07251908396946564,0.0,0.0,0.030534351145038167,0.09541984732824428,0.007633587786259542,0.0,0.007633587786259542,0.25572519083969464,0.030534351145038167,0.026717557251908396,0.015267175572519083,0.019083969465648856,0.007633587786259542,0.007633587786259542,0.04580152671755725
violations,2
