Meta Mode,ecore
Number of Edge types,26
Number Of Nodes,100
State Id,55_1
OutDegreeValue,0,1,2,3,4,5,6,7,9
OutDegreeCount,5,29,10,34,10,8,2,1,1
NAValue,1,2,3,4,5,6,7,8,9
NACount,3,29,12,39,12,1,1,1,2
MPCValue,0.00000,0.10914,0.18720,0.27560,0.28308,0.36053,0.41231,0.41889,0.52000,0.65000,0.65131,0.68449,0.69333,0.71500,0.74880,0.75111,0.77355,0.78000,0.79592,0.80889,0.83200
MPCCount,3,1,1,1,1,1,1,1,27,3,1,1,6,1,5,1,1,31,1,8,4
Typed Out Degree
EGenericType eTypeParameter,1,1,1,1,1,1,1,1,1,1,1,1,1,1,1,1,1,1,1,1,1,1,1,1,1,1,1,1,1,1,1,1,1,1,1,1,1,1,1,1,1,1,1,1,1,1,1,1,1,1,1,1,1,1,1,1,1,1,1,1,1,1,1
EClass eTypeParameters,1,1,1
EPackage eSuperPackage,1
EGenericType eTypeArguments,1,1,1,1,1,1,1,1,2,1,1,2,1,1,1,1,2,1,2,1,1,1
EDataType eTypeParameters,2
EOperation eContainingClass,1
EAttribute eContainingClass,1
EReference eOpposite,1,1
EPackage eClassifiers,2,3
EDataType ePackage,1,1
EOperation eExceptions,5
EOperation eTypeParameters,1
EParameter eType,1
EClass eStructuralFeatures,1,1,1
EGenericType eClassifier,1,1,1,1,1,1,1,1,1,1,1,1,1,1,1,1,1,1,1,1,1,1,1,1,1,1,1,1,1,1,1,1,1,1,1,1,1,1,1,1,1,1,1,1,1,1,1,1,1,1,1,1,1,1,1,1,1,1,1,1,1,1,1,1,1,1,1,1
EReference eContainingClass,1,1
EGenericType eUpperBound,1,1,1,1,1,1,1,1,1,1,1,1,1,1,1,1,1,1,1,1,1,1,1,1,1,1,1
EClass eSuperTypes,3,3,3
ETypeParameter eBounds,1,2,2,1
EClass ePackage,1,1,1
EOperation eParameters,1
EPackage eSubpackages,1
EGenericType eLowerBound,1,1,1,1,1,1,1,1,1,1,1,1,1,1,1,1,1,1,1,1,1,1,1
EClass eOperations,1
EParameter eOperation,1
EOperation eType,1
Node Type
EClass,EAttribute,EDataType,EParameter,EGenericType,EOperation,EReference,ETypeParameter,EPackage
0.03,0.01,0.02,0.01,0.8200000000000005,0.01,0.02,0.060000000000000005,0.02
Edge Type
eSuperPackage,eOperation,eUpperBound,eTypeParameter,eSubpackages,eType,eSuperTypes,eParameters,eOpposite,eKeys,eTypeArguments,eModelElement,eAnnotations,ePackage,eLowerBound,eLiterals,details,eStructuralFeatures,eClassifier,eClassifiers,eTypeParameters,eContainingClass,eBounds,eEnum,eOperations,eExceptions
0.003861003861003861,0.003861003861003861,0.10424710424710425,0.24324324324324326,0.003861003861003861,0.007722007722007722,0.03474903474903475,0.003861003861003861,0.007722007722007722,0.0,0.10038610038610038,0.0,0.0,0.019305019305019305,0.0888030888030888,0.0,0.0,0.011583011583011582,0.2625482625482625,0.019305019305019305,0.023166023166023165,0.015444015444015444,0.023166023166023165,0.0,0.003861003861003861,0.019305019305019305
violations,3
