Meta Mode,ecore
Number of Edge types,26
Number Of Nodes,100
State Id,56_1
OutDegreeValue,0,1,2,3,4,5,6,7,8,9,15
OutDegreeCount,6,28,15,31,11,3,1,2,1,1,1
NAValue,1,2,3,4,5,6,7,8
NACount,1,32,15,35,9,4,1,3
MPCValue,0.00000,0.15889,0.18720,0.20543,0.22750,0.25469,0.39385,0.49920,0.52000,0.65000,0.66560,0.68409,0.69333,0.73840,0.73917,0.74880,0.75111,0.76960,0.77784,0.78000,0.78360,0.80889,0.83200,0.84231,0.86667
MPCCount,1,1,1,1,1,1,1,1,27,5,1,1,8,1,1,5,3,1,1,26,1,1,8,1,1
Typed Out Degree
EGenericType eTypeParameter,1,1,1,1,1,1,1,1,1,1,1,1,1,1,1,1,1,1,1,1,1,1,1,1,1,1,1,1,1,1,1,1,1,1,1,1,1,1,1,1,1,1,1,1,1,1,1,1,1,1,1,1,1
EClass eTypeParameters,3
EPackage eSuperPackage,1,1,1,1
EGenericType eTypeArguments,1,2,1,1,2,1,1,1,1,1,1,1,1,1,1,1,1,1
EDataType eTypeParameters,1,3,1
EOperation eContainingClass,1
EAttribute eContainingClass,1,1,1,1,1
EReference eOpposite,1,1
EPackage eClassifiers,2,4,3,1,1
EDataType ePackage,1,1,1,1
EAttribute eType,1,1
EOperation eExceptions,9
EEnum eLiterals,1
EParameter eType,1,1
EClass eStructuralFeatures,4,1,2
EGenericType eClassifier,1,1,1,1,1,1,1,1,1,1,1,1,1,1,1,1,1,1,1,1,1,1,1,1,1,1,1,1,1,1,1,1,1,1,1,1,1,1,1,1,1,1,1,1,1,1,1,1,1,1
EEnumLiteral eEnum,1
EReference eContainingClass,1,1
EEnum ePackage,1,1
EGenericType eUpperBound,1,1,1,1,1,1,1,1,1,1,1,1,1,1,1,1,1,1,1
EEnum eTypeParameters,1
EClass eSuperTypes,4,4,4,4
ETypeParameter eBounds,2,2,1,1
EClass ePackage,1,1,1,1,1
EOperation eParameters,4
EPackage eSubpackages,2,1,1
EGenericType eLowerBound,1,1,1,1,1,1,1,1,1,1,1,1,1,1,1,1,1
EClass eOperations,1
EParameter eOperation,1,1,1,1
EOperation eType,1
Node Type
EAttribute,EClass,EDataType,EParameter,EGenericType,EEnumLiteral,EOperation,EEnum,EReference,EPackage,ETypeParameter
0.05,0.05,0.04,0.04,0.6200000000000003,0.01,0.01,0.02,0.02,0.05,0.09
Edge Type
eSuperPackage,eOperation,eUpperBound,eTypeParameter,eSubpackages,eType,eSuperTypes,eParameters,eOpposite,eKeys,eTypeArguments,eModelElement,eAnnotations,ePackage,eLowerBound,eLiterals,details,eStructuralFeatures,eClassifier,eClassifiers,eTypeParameters,eContainingClass,eBounds,eEnum,eOperations,eExceptions
0.015267175572519083,0.015267175572519083,0.07251908396946564,0.20229007633587787,0.015267175572519083,0.019083969465648856,0.061068702290076333,0.015267175572519083,0.007633587786259542,0.0,0.07633587786259542,0.0,0.0,0.04198473282442748,0.0648854961832061,0.003816793893129771,0.0,0.026717557251908396,0.19083969465648856,0.04198473282442748,0.03435114503816794,0.030534351145038167,0.022900763358778626,0.003816793893129771,0.003816793893129771,0.03435114503816794
violations,4
