Meta Mode,ecore
Number of Edge types,26
Number Of Nodes,100
State Id,57_1
OutDegreeValue,0,1,2,3,4,5,6,7,8
OutDegreeCount,7,29,11,32,14,2,1,3,1
NAValue,1,2,3,4,5,7,9
NACount,2,30,15,42,7,3,1
MPCValue,0.00000,0.22311,0.22750,0.33280,0.33313,0.35360,0.39000,0.44694,0.46222,0.52000,0.65000,0.65231,0.66277,0.69333,0.71500,0.73538,0.73578,0.74469,0.74880,0.78000,0.80889,0.83200
MPCCount,2,1,1,1,1,1,1,1,2,26,3,1,1,7,1,1,1,1,9,32,2,4
Typed Out Degree
EGenericType eTypeParameter,1,1,1,1,1,1,1,1,1,1,1,1,1,1,1,1,1,1,1,1,1,1,1,1,1,1,1,1,1,1,1,1,1,1,1,1,1,1,1,1,1,1,1,1,1,1,1,1,1,1,1,1,1,1,1,1,1,1,1,1,1,1,1,1,1,1,1,1
EClass eTypeParameters,3,1
EPackage eSuperPackage,1
EGenericType eTypeArguments,1,1,1,1,1,1,1,1,1,1,1,1,1,1,1,1,1,1,1
EOperation eContainingClass,1
EAttribute eContainingClass,1
EReference eOpposite,1
EPackage eClassifiers,1,3
EOperation eExceptions,4
EEnum eLiterals,2,5
EOperation eTypeParameters,2
EClass eStructuralFeatures,2
EGenericType eClassifier,1,1,1,1,1,1,1,1,1,1,1,1,1,1,1,1,1,1,1,1,1,1,1,1,1,1,1,1,1,1,1,1,1,1,1,1,1,1,1,1,1,1,1,1,1,1,1,1,1,1,1,1,1,1,1,1
EEnumLiteral eEnum,1,1,1,1,1,1,1
EReference eContainingClass,1
EEnum ePackage,1,1
EGenericType eUpperBound,1,1,1,1,1,1,1,1,1,1,1,1,1,1,1,1,1,1,1,1,1,1,1
EEnum eTypeParameters,4,1
EClass eSuperTypes,2,2
ETypeParameter eBounds,1,2,1,2,1,1
EClass ePackage,1,1
EPackage eSubpackages,1
EGenericType eLowerBound,1,1,1,1,1,1,1,1,1,1,1,1,1,1,1,1,1,1,1,1,1,1,1
EClass eOperations,1
EOperation eType,1
Node Type
EAttribute,EClass,EGenericType,EEnumLiteral,EOperation,EEnum,EReference,ETypeParameter,EPackage
0.01,0.02,0.7300000000000004,0.07,0.01,0.02,0.01,0.10999999999999999,0.02
Edge Type
eSuperPackage,eOperation,eUpperBound,eTypeParameter,eSubpackages,eType,eSuperTypes,eParameters,eOpposite,eKeys,eTypeArguments,eModelElement,eAnnotations,ePackage,eLowerBound,eLiterals,details,eStructuralFeatures,eClassifier,eClassifiers,eTypeParameters,eContainingClass,eBounds,eEnum,eOperations,eExceptions
0.004032258064516129,0.0,0.09274193548387097,0.27419354838709675,0.004032258064516129,0.004032258064516129,0.016129032258064516,0.0,0.004032258064516129,0.0,0.07661290322580645,0.0,0.0,0.016129032258064516,0.09274193548387097,0.028225806451612902,0.0,0.008064516129032258,0.22580645161290322,0.016129032258064516,0.04435483870967742,0.012096774193548387,0.03225806451612903,0.028225806451612902,0.004032258064516129,0.016129032258064516
violations,2
