Meta Mode,ecore
Number of Edge types,26
Number Of Nodes,100
State Id,58_1
OutDegreeValue,0,1,2,3,4,5,6,9,10
OutDegreeCount,8,25,11,33,13,6,2,1,1
NAValue,1,2,3,4,5,6,7,8,9
NACount,3,28,13,42,7,4,1,1,1
MPCValue,0.00000,0.13796,0.17190,0.18720,0.25469,0.26531,0.28308,0.52000,0.55210,0.58446,0.63673,0.65000,0.67629,0.68640,0.69333,0.71500,0.74469,0.74880,0.77037,0.78000,0.78568,0.80889,0.81351,0.83200,0.86667
MPCCount,3,1,1,1,1,1,1,24,1,1,2,3,1,1,8,1,1,8,1,31,1,3,1,2,1
Typed Out Degree
EGenericType eTypeParameter,1,1,1,1,1,1,1,1,1,1,1,1,1,1,1,1,1,1,1,1,1,1,1,1,1,1,1,1,1,1,1,1,1,1,1,1,1,1,1,1,1,1,1,1,1,1,1,1,1,1,1,1,1,1,1,1,1,1,1,1,1,1
EClass eTypeParameters,2,1
EPackage eSuperPackage,1
EGenericType eTypeArguments,2,1,1,1,1,1,1,1,1,1,2,1,1,1,1,1,1,3,1,1,1,1,1,1,2
EDataType eTypeParameters,3,2
EOperation eContainingClass,1
EAttribute eContainingClass,1,1
EReference eOpposite,1,1
EPackage eClassifiers,4,3
EDataType ePackage,1,1
EAttribute eType,1
EOperation eExceptions,7
EEnum eLiterals,1,2
EOperation eTypeParameters,1
EClass eStructuralFeatures,3,1
EGenericType eClassifier,1,1,1,1,1,1,1,1,1,1,1,1,1,1,1,1,1,1,1,1,1,1,1,1,1,1,1,1,1,1,1,1,1,1,1,1,1,1,1,1,1,1,1,1,1,1,1,1,1,1,1,1,1,1,1,1,1,1,1,1,1,1
EEnumLiteral eEnum,1,1,1
EReference eContainingClass,1,1
EEnum ePackage,1,1
EGenericType eUpperBound,1,1,1,1,1,1,1,1,1,1,1,1,1,1,1,1,1,1,1
EEnum eTypeParameters,1
EClass eSuperTypes,3,3,3
ETypeParameter eBounds,1,1,1
EClass ePackage,1,1,1
EPackage eSubpackages,1
EGenericType eLowerBound,1,1,1,1,1,1,1,1,1,1,1,1,1,1,1,1,1,1,1,1,1
EClass eOperations,1
EOperation eType,1
Node Type
EAttribute,EClass,EDataType,EGenericType,EEnumLiteral,EOperation,EEnum,EReference,EPackage,ETypeParameter
0.02,0.03,0.02,0.7300000000000004,0.03,0.01,0.02,0.02,0.02,0.09999999999999999
Edge Type
eSuperPackage,eOperation,eUpperBound,eTypeParameter,eSubpackages,eType,eSuperTypes,eParameters,eOpposite,eKeys,eTypeArguments,eModelElement,eAnnotations,ePackage,eLowerBound,eLiterals,details,eStructuralFeatures,eClassifier,eClassifiers,eTypeParameters,eContainingClass,eBounds,eEnum,eOperations,eExceptions
0.003861003861003861,0.0,0.07335907335907337,0.23938223938223938,0.003861003861003861,0.007722007722007722,0.03474903474903475,0.0,0.007722007722007722,0.0,0.11583011583011583,0.0,0.0,0.02702702702702703,0.08108108108108109,0.011583011583011582,0.0,0.015444015444015444,0.23938223938223938,0.02702702702702703,0.03861003861003861,0.019305019305019305,0.011583011583011582,0.011583011583011582,0.003861003861003861,0.02702702702702703
violations,3
