Meta Mode,ecore
Number of Edge types,26
Number Of Nodes,100
State Id,59_1
OutDegreeValue,0,1,2,3,4,5,6,7
OutDegreeCount,5,27,9,39,15,3,1,1
NAValue,1,2,3,4,5,6,7,8
NACount,1,28,15,45,7,1,2,1
MPCValue,0.00000,0.14769,0.18720,0.30333,0.38519,0.39000,0.39385,0.46222,0.52000,0.54542,0.56127,0.58500,0.63673,0.65000,0.67041,0.68409,0.68760,0.69333,0.71500,0.74880,0.75111,0.78000,0.80889,0.83200
MPCCount,1,1,1,2,1,1,1,1,24,1,1,1,1,2,1,1,1,8,3,8,1,33,1,4
Typed Out Degree
EGenericType eTypeParameter,1,1,1,1,1,1,1,1,1,1,1,1,1,1,1,1,1,1,1,1,1,1,1,1,1,1,1,1,1,1,1,1,1,1,1,1,1,1,1,1,1,1,1,1,1,1,1,1,1,1,1,1,1,1,1,1,1,1,1,1,1,1,1,1,1,1
EEnum ePackage,1,1,1
EGenericType eUpperBound,1,1,1,1,1,1,1,1,1,1,1,1,1,1,1,1,1,1,1,1,1,1
EEnum eTypeParameters,1,2,1
EPackage eSuperPackage,1
EClass eSuperTypes,1
EGenericType eTypeArguments,1,1,1,2,1,1,1,1,1,1,1,1,2,1,1,2,1,1,1,1,1,1
ETypeParameter eBounds,1,1,1,3,2
EClass ePackage,1
EDataType eTypeParameters,3,2
EOperation eContainingClass,1
EAttribute eContainingClass,1,1
EPackage eSubpackages,1
EPackage eClassifiers,3,3
EDataType ePackage,1,1
EGenericType eLowerBound,1,1,1,1,1,1,1,1,1,1,1,1,1,1,1,1,1,1,1,1
EAttribute eType,1
EClass eOperations,1
EOperation eExceptions,5
EEnum eLiterals,4,1
EClass eStructuralFeatures,2
EGenericType eClassifier,1,1,1,1,1,1,1,1,1,1,1,1,1,1,1,1,1,1,1,1,1,1,1,1,1,1,1,1,1,1,1,1,1,1,1,1,1,1,1,1,1,1,1,1,1,1,1,1,1,1,1,1,1,1,1,1,1,1,1,1,1,1
EEnumLiteral eEnum,1,1,1,1,1
EOperation eType,1
Node Type
EAttribute,EClass,EDataType,EGenericType,EEnumLiteral,EOperation,EEnum,ETypeParameter,EPackage
0.02,0.01,0.02,0.7500000000000004,0.05,0.01,0.03,0.09,0.02
Edge Type
eSuperPackage,eOperation,eUpperBound,eTypeParameter,eSubpackages,eType,eSuperTypes,eParameters,eOpposite,eKeys,eTypeArguments,eModelElement,eAnnotations,ePackage,eLowerBound,eLiterals,details,eStructuralFeatures,eClassifier,eClassifiers,eTypeParameters,eContainingClass,eBounds,eEnum,eOperations,eExceptions
0.004,0.0,0.088,0.264,0.004,0.008,0.004,0.0,0.0,0.0,0.1,0.0,0.0,0.024,0.08,0.02,0.0,0.008,0.248,0.024,0.036,0.012,0.032,0.02,0.004,0.02
violations,1
