Meta Mode,ecore
Number of Edge types,26
Number Of Nodes,100
State Id,5_1
OutDegreeValue,0,1,2,3,4,5,6,7,8
OutDegreeCount,10,24,16,33,10,4,1,1,1
NAValue,1,2,3,4,5,6,8
NACount,2,30,18,42,5,2,1
MPCValue,0.00000,0.17190,0.20543,0.32661,0.39000,0.39385,0.46222,0.47840,0.52000,0.56727,0.57846,0.58240,0.64198,0.65000,0.65812,0.68809,0.69333,0.71500,0.74880,0.75111,0.75493,0.78000,0.80889,0.83200
MPCCount,2,1,1,1,4,1,1,1,23,1,1,1,1,1,1,1,14,2,4,2,1,30,1,4
Typed Out Degree
EGenericType eTypeParameter,1,1,1,1,1,1,1,1,1,1,1,1,1,1,1,1,1,1,1,1,1,1,1,1,1,1,1,1,1,1,1,1,1,1,1,1,1,1,1,1,1,1,1,1,1,1,1,1,1,1,1,1,1,1,1,1,1,1,1,1,1,1
EEnum ePackage,1,1,1,1
EClass eTypeParameters,3
EGenericType eUpperBound,1,1,1,1,1,1,1,1,1,1,1,1,1,1
EEnum eTypeParameters,1,3
EPackage eSuperPackage,1,1
EClass eSuperTypes,1
EGenericType eTypeArguments,1,2,1,1,1,1,1,1,1,1,1,1,1,1,1,2,1,1,1,1
ETypeParameter eBounds,1,2,1,2,1
EClass ePackage,1
EDataType eTypeParameters,2,2,3
EAttribute eContainingClass,1,1
EPackage eSubpackages,1,1
EPackage eClassifiers,2,3,6
EDataType ePackage,1,1,1,1,1,1
EGenericType eLowerBound,1,1,1,1,1,1,1,1,1,1,1,1,1,1,1,1,1,1,1,1,1
EAttribute eType,1
EEnum eLiterals,4,1,1
EClass eStructuralFeatures,2
EGenericType eClassifier,1,1,1,1,1,1,1,1,1,1,1,1,1,1,1,1,1,1,1,1,1,1,1,1,1,1,1,1,1,1,1,1,1,1,1,1,1,1,1,1,1,1,1,1,1,1,1,1,1,1,1,1
EEnumLiteral eEnum,1,1,1,1,1,1
Node Type
EAttribute,EClass,EDataType,EGenericType,EEnumLiteral,EEnum,ETypeParameter,EPackage
0.02,0.01,0.060000000000000005,0.6400000000000003,0.060000000000000005,0.04,0.13999999999999999,0.03
Edge Type
eSuperPackage,eOperation,eUpperBound,eTypeParameter,eSubpackages,eType,eSuperTypes,eParameters,eOpposite,eKeys,eTypeArguments,eModelElement,eAnnotations,ePackage,eLowerBound,eLiterals,details,eStructuralFeatures,eClassifier,eClassifiers,eTypeParameters,eContainingClass,eBounds,eEnum,eOperations,eExceptions
0.00847457627118644,0.0,0.059322033898305086,0.2627118644067797,0.00847457627118644,0.00423728813559322,0.00423728813559322,0.0,0.0,0.0,0.09322033898305085,0.0,0.0,0.046610169491525424,0.08898305084745763,0.025423728813559324,0.0,0.00847457627118644,0.22033898305084745,0.046610169491525424,0.059322033898305086,0.00847457627118644,0.029661016949152543,0.025423728813559324,0.0,0.0
violations,1
