Meta Mode,ecore
Number of Edge types,26
Number Of Nodes,100
State Id,60_1
OutDegreeValue,0,1,2,3,4,5,8,9,14
OutDegreeCount,9,23,19,29,15,2,1,1,1
NAValue,1,2,3,4,5,6,7,8,10
NACount,2,28,16,34,13,2,3,1,1
MPCValue,0.00000,0.18720,0.25469,0.33280,0.39000,0.42250,0.44694,0.46222,0.51358,0.52000,0.54889,0.60938,0.64775,0.65000,0.66765,0.68409,0.69333,0.71500,0.74880,0.75111,0.76408,0.78000,0.79444,0.80653,0.80889,0.83200,0.86316,0.86667,0.87360
MPCCount,2,1,1,1,1,1,1,3,1,22,1,1,1,3,1,1,9,1,4,1,1,28,1,1,3,6,1,1,1
Typed Out Degree
EGenericType eTypeParameter,1,1,1,1,1,1,1,1,1,1,1,1,1,1,1,1,1,1,1,1,1,1,1,1,1,1,1,1,1,1,1,1,1,1,1,1,1,1,1,1,1,1,1,1,1,1,1,1,1,1,1,1
EClass eTypeParameters,1
EPackage eSuperPackage,1,1,1
EGenericType eTypeArguments,1,1,1,1,1,1,1,1,1,1,2,1,1,1,1,1,1,1,1
EReference eKeys,1
EDataType eTypeParameters,1,1
EOperation eContainingClass,1
EAttribute eContainingClass,1
EReference eOpposite,1,1,1,1
EPackage eClassifiers,2,1,6,2
EDataType ePackage,1,1,1
EAttribute eType,1
EOperation eExceptions,10
EEnum eLiterals,1,1,2,1
EOperation eTypeParameters,1
EParameter eType,1
EClass eStructuralFeatures,5
EGenericType eClassifier,1,1,1,1,1,1,1,1,1,1,1,1,1,1,1,1,1,1,1,1,1,1,1,1,1,1,1,1,1,1,1,1,1,1,1,1,1,1,1,1,1,1,1,1,1,1,1,1,1,1
EEnumLiteral eEnum,1,1,1,1,1
EReference eContainingClass,1,1,1,1
EEnum ePackage,1,1,1,1,1,1
EGenericType eUpperBound,1,1,1,1,1,1,1,1,1,1,1,1,1,1,1,1,1,1,1,1
EEnum eTypeParameters,1,2,1,2,3
EClass eSuperTypes,1,2
ETypeParameter eBounds,1,1,2,1,2
EClass ePackage,1,1
EOperation eParameters,1
EPackage eSubpackages,1,2
EGenericType eLowerBound,1,1,1,1,1,1,1,1,1,1,1,1,1
EClass eOperations,1
EParameter eOperation,1
EReference eType,1
EOperation eType,1
Node Type
EClass,EAttribute,EDataType,EParameter,EGenericType,EEnumLiteral,EOperation,EEnum,EReference,ETypeParameter,EPackage
0.02,0.01,0.03,0.01,0.6000000000000003,0.05,0.01,0.060000000000000005,0.04,0.12999999999999998,0.04
Edge Type
eSuperPackage,eOperation,eUpperBound,eTypeParameter,eSubpackages,eType,eSuperTypes,eParameters,eOpposite,eKeys,eTypeArguments,eModelElement,eAnnotations,ePackage,eLowerBound,eLiterals,details,eStructuralFeatures,eClassifier,eClassifiers,eTypeParameters,eContainingClass,eBounds,eEnum,eOperations,eExceptions
0.012048192771084338,0.004016064257028112,0.08032128514056225,0.20883534136546184,0.012048192771084338,0.01606425702811245,0.012048192771084338,0.004016064257028112,0.01606425702811245,0.004016064257028112,0.08032128514056225,0.0,0.0,0.04417670682730924,0.05220883534136546,0.020080321285140562,0.0,0.020080321285140562,0.20080321285140562,0.04417670682730924,0.05220883534136546,0.024096385542168676,0.028112449799196786,0.020080321285140562,0.004016064257028112,0.040160642570281124
violations,2
