Meta Mode,ecore
Number of Edge types,26
Number Of Nodes,100
State Id,61_1
OutDegreeValue,0,1,2,3,4,5,6,7,8,17
OutDegreeCount,7,24,22,29,10,2,2,2,1,1
NAValue,1,2,3,4,5,6,7,8,9
NACount,1,29,15,39,11,2,1,1,1
MPCValue,0.00000,0.14769,0.25469,0.33280,0.47840,0.51692,0.52000,0.53289,0.58446,0.62400,0.65000,0.66765,0.68640,0.69333,0.70720,0.73224,0.74880,0.75111,0.77037,0.78000,0.80653,0.80889,0.83200,0.84698,0.85950
MPCCount,1,1,1,3,2,1,25,1,1,1,3,1,1,10,1,1,9,1,1,28,1,1,3,1,1
Typed Out Degree
EGenericType eTypeParameter,1,1,1,1,1,1,1,1,1,1,1,1,1,1,1,1,1,1,1,1,1,1,1,1,1,1,1,1,1,1,1,1,1,1,1,1,1,1,1,1,1,1,1,1,1,1,1,1,1,1,1,1,1,1,1,1
EClass eTypeParameters,1
EPackage eSuperPackage,1,1,1
EGenericType eTypeArguments,1,1,2,3,1,1,1,2,2,2,1,1,2,1,1,1,1
EDataType eTypeParameters,1,1,1,1
EOperation eContainingClass,1
EAttribute eContainingClass,1,1
EReference eOpposite,1,1,1
EPackage eClassifiers,5,4,1,1
EDataType ePackage,1,1,1,1
EOperation eExceptions,11
EEnum eLiterals,1
EOperation eTypeParameters,2
EClass eStructuralFeatures,2,3
EGenericType eClassifier,1,1,1,1,1,1,1,1,1,1,1,1,1,1,1,1,1,1,1,1,1,1,1,1,1,1,1,1,1,1,1,1,1,1,1,1,1,1,1,1,1,1,1,1,1,1,1,1,1,1,1,1,1,1
EEnumLiteral eEnum,1
EReference eContainingClass,1,1,1
EEnum ePackage,1,1,1,1
EGenericType eUpperBound,1,1,1,1,1,1,1,1,1,1,1,1,1,1,1
EEnum eTypeParameters,1,2,1
EClass eSuperTypes,3,2,3
ETypeParameter eBounds,3,2,2,1,1
EClass ePackage,1,1,1
EOperation eParameters,2
EPackage eSubpackages,1,1,1
EGenericType eLowerBound,1,1,1,1,1,1,1,1,1,1,1,1,1,1,1,1,1
EClass eOperations,1
EParameter eOperation,1,1
EReference eType,1
EOperation eType,1
Node Type
EClass,EAttribute,EDataType,EParameter,EGenericType,EEnumLiteral,EOperation,EEnum,EReference,EPackage,ETypeParameter
0.03,0.02,0.04,0.02,0.6500000000000004,0.01,0.01,0.04,0.03,0.04,0.10999999999999999
Edge Type
eSuperPackage,eOperation,eUpperBound,eTypeParameter,eSubpackages,eType,eSuperTypes,eParameters,eOpposite,eKeys,eTypeArguments,eModelElement,eAnnotations,ePackage,eLowerBound,eLiterals,details,eStructuralFeatures,eClassifier,eClassifiers,eTypeParameters,eContainingClass,eBounds,eEnum,eOperations,eExceptions
0.01171875,0.0078125,0.05859375,0.21875,0.01171875,0.0078125,0.03125,0.0078125,0.01171875,0.0,0.09375,0.0,0.0,0.04296875,0.06640625,0.00390625,0.0,0.01953125,0.2109375,0.04296875,0.04296875,0.0234375,0.03515625,0.00390625,0.00390625,0.04296875
violations,3
