Meta Mode,ecore
Number of Edge types,26
Number Of Nodes,100
State Id,62_1
OutDegreeValue,0,1,2,3,4,5,7,8,10
OutDegreeCount,8,19,23,33,9,5,1,1,1
NAValue,1,2,3,4,5,7
NACount,2,23,24,43,4,4
MPCValue,0.00000,0.22750,0.35360,0.39000,0.39385,0.46222,0.49920,0.51358,0.52000,0.53289,0.59429,0.62769,0.64198,0.65000,0.67629,0.68250,0.68640,0.69333,0.74880,0.75111,0.77469,0.78000,0.82680,0.83200,0.83357
MPCCount,2,1,1,1,1,2,1,1,19,1,1,1,1,6,1,1,1,15,5,2,1,29,1,4,1
Typed Out Degree
EReference eContainingClass,1,1,1,1,1,1
EGenericType eTypeParameter,1,1,1,1,1,1,1,1,1,1,1,1,1,1,1,1,1,1,1,1,1,1,1,1,1,1,1,1,1,1,1,1,1,1,1,1,1,1,1,1,1,1,1,1,1,1,1,1,1,1,1,1,1
EEnum ePackage,1,1
EClass eTypeParameters,1,1
EGenericType eUpperBound,1,1,1,1,1,1,1,1,1,1,1,1,1,1
EEnum eTypeParameters,2
EPackage eSuperPackage,1,1,1,1
EClass eSuperTypes,3,3,3
EGenericType eTypeArguments,3,1,1,1,1,1,1,1,1,1,1,2,3,1,1,2
ETypeParameter eBounds,3,1,2,2,1,2
EClass ePackage,1,1,1
EDataType eTypeParameters,4,2,1,2
EAttribute eContainingClass,1,1,1
EPackage eSubpackages,2,2
EReference eOpposite,1,1,1,1,1,1
EPackage eClassifiers,2,2,2,4,1
EDataType ePackage,1,1,1,1,1,1
EGenericType eLowerBound,1,1,1,1,1,1,1,1,1,1,1,1,1
EAttribute eType,1
EEnum eLiterals,2
EReference eType,1
EClass eStructuralFeatures,3,5,1
EGenericType eClassifier,1,1,1,1,1,1,1,1,1,1,1,1,1,1,1,1,1,1,1,1,1,1,1,1,1,1,1,1,1,1,1,1,1,1,1,1,1,1,1,1,1,1,1,1,1,1,1,1,1,1,1,1,1,1,1
EEnumLiteral eEnum,1,1
Node Type
EClass,EAttribute,EDataType,EGenericType,EEnumLiteral,EEnum,EReference,EPackage,ETypeParameter
0.03,0.03,0.060000000000000005,0.6000000000000003,0.02,0.02,0.060000000000000005,0.05,0.12999999999999998
Edge Type
eSuperPackage,eOperation,eUpperBound,eTypeParameter,eSubpackages,eType,eSuperTypes,eParameters,eOpposite,eKeys,eTypeArguments,eModelElement,eAnnotations,ePackage,eLowerBound,eLiterals,details,eStructuralFeatures,eClassifier,eClassifiers,eTypeParameters,eContainingClass,eBounds,eEnum,eOperations,eExceptions
0.016,0.0,0.056,0.212,0.016,0.008,0.036,0.0,0.024,0.0,0.088,0.0,0.0,0.044,0.052,0.008,0.0,0.036,0.22,0.044,0.052,0.036,0.044,0.008,0.0,0.0
violations,3
