Meta Mode,ecore
Number of Edge types,26
Number Of Nodes,100
State Id,63_1
OutDegreeValue,0,1,2,3,4,5,6,7,8,9,16,17,18,20
OutDegreeCount,5,33,17,28,4,3,2,1,2,1,1,1,1,1
NAValue,1,2,3,4,5,6,7,8
NACount,2,30,16,35,1,8,6,2
MPCValue,0.00000,0.33280,0.46222,0.46694,0.48148,0.52000,0.55250,0.61315,0.63556,0.65000,0.66560,0.68640,0.69333,0.69888,0.70617,0.72198,0.73956,0.74880,0.75111,0.76960,0.77823,0.78000,0.78531,0.79934,0.81250,0.82173,0.82875,0.84923,0.86667
MPCCount,2,2,1,1,1,29,1,1,1,1,1,1,11,1,1,1,1,1,3,1,1,28,2,1,1,2,1,1,1
Typed Out Degree
EGenericType eTypeParameter,1,1,1,1,1,1,1,1,1,1,1,1,1,1,1,1,1,1,1,1,1,1,1,1,1,1,1,1,1,1,1,1,1
EClass eTypeParameters,2
EPackage eSuperPackage,1,1,1,1,1,1,1
EGenericType eTypeArguments,1,1,1,1,1,1,1,1,1
EDataType eTypeParameters,1,1,1
EOperation eContainingClass,1,1,1,1,1
EAttribute eContainingClass,1,1
EPackage eClassifiers,2,3,2,4,1,3,1,1
EDataType ePackage,1,1,1,1,1,1
EOperation eExceptions,13,13,11,13,3
EEnum eLiterals,2,1,2
EOperation eTypeParameters,1,2,1
EParameter eType,1,1
EClass eStructuralFeatures,1,2
EGenericType eClassifier,1,1,1,1,1,1,1,1,1,1,1,1,1,1,1,1,1,1,1,1,1,1,1,1,1,1,1,1,1,1,1,1,1,1,1,1,1
EEnumLiteral eEnum,1,1,1,1,1
EReference eContainingClass,1
EEnum ePackage,1,1,1,1,1
EGenericType eUpperBound,1,1,1,1,1,1,1,1,1,1,1
EEnum eTypeParameters,1,1,1
EClass eSuperTypes,1,5,4,5,2,5
ETypeParameter eBounds,1,2,1,1,1,1,2,2
EClass ePackage,1,1,1,1,1,1
EOperation eParameters,2,1,2,4
EPackage eSubpackages,1,1,2,1,2
EGenericType eLowerBound,1,1,1,1,1,1,1,1,1,1
EClass eOperations,3,2
EParameter eOperation,1,1,1,1,1,1,1,1,1
EOperation eType,1,1,1,1,1
Node Type
EAttribute,EClass,EDataType,EParameter,EGenericType,EOperation,EEnumLiteral,EEnum,EReference,EPackage,ETypeParameter
0.02,0.060000000000000005,0.060000000000000005,0.09,0.4100000000000002,0.05,0.05,0.05,0.01,0.08,0.11999999999999998
Edge Type
eSuperPackage,eOperation,eUpperBound,eTypeParameter,eSubpackages,eType,eSuperTypes,eParameters,eOpposite,eKeys,eTypeArguments,eModelElement,eAnnotations,ePackage,eLowerBound,eLiterals,details,eStructuralFeatures,eClassifier,eClassifiers,eTypeParameters,eContainingClass,eBounds,eEnum,eOperations,eExceptions
0.02356902356902357,0.030303030303030304,0.037037037037037035,0.1111111111111111,0.02356902356902357,0.02356902356902357,0.07407407407407407,0.030303030303030304,0.0,0.0,0.030303030303030304,0.0,0.0,0.05723905723905724,0.03367003367003367,0.016835016835016835,0.0,0.010101010101010102,0.12457912457912458,0.05723905723905724,0.04040404040404041,0.026936026936026935,0.037037037037037035,0.016835016835016835,0.016835016835016835,0.17845117845117844
violations,6
