Meta Mode,ecore
Number of Edge types,26
Number Of Nodes,100
State Id,64_1
OutDegreeValue,0,1,2,3,4,5,6
OutDegreeCount,10,19,26,25,13,6,1
NAValue,1,2,3,4,5,6
NACount,3,21,27,36,11,2
MPCValue,0.00000,0.20543,0.33280,0.38204,0.39000,0.44694,0.49920,0.51358,0.52000,0.55184,0.57846,0.58240,0.58500,0.65000,0.68250,0.69333,0.71500,0.74880,0.75111,0.78000,0.80889,0.82333,0.83200,0.86667
MPCCount,3,1,1,1,4,2,1,1,15,1,1,3,2,5,1,17,1,2,2,23,4,1,7,1
Typed Out Degree
EReference eContainingClass,1,1
EGenericType eTypeParameter,1,1,1,1,1,1,1,1,1,1,1,1,1,1,1,1,1,1,1,1,1,1,1,1,1,1,1,1,1,1,1,1,1,1,1,1,1,1,1,1,1,1,1,1,1,1,1,1,1,1,1,1,1,1,1,1,1,1,1,1
EEnum ePackage,1,1
EGenericType eUpperBound,1,1,1,1,1,1,1,1,1,1,1,1,1,1,1,1,1,1,1,1,1
EEnum eTypeParameters,1,2
EPackage eSuperPackage,1,1
EClass eSuperTypes,1
EGenericType eTypeArguments,1,2,1,1,1,1,1,1,1,1,1,1,1,1,1
ETypeParameter eBounds,1,1,2,2,2,1,1,1,1
EClass ePackage,1
EDataType eTypeParameters,1,1,4,3,3,1
EPackage eSubpackages,2
EReference eOpposite,1,1
EPackage eClassifiers,2,4,3
EDataType ePackage,1,1,1,1,1,1
EGenericType eLowerBound,1,1,1,1,1,1,1,1,1,1,1,1,1,1,1,1,1,1,1,1,1
EClass eStructuralFeatures,2
EGenericType eClassifier,1,1,1,1,1,1,1,1,1,1,1,1,1,1,1,1,1,1,1,1,1,1,1,1,1,1,1,1,1,1,1,1,1,1,1,1,1,1,1,1,1,1,1,1,1,1,1,1,1,1,1,1,1,1,1,1,1,1,1
Node Type
EClass,EDataType,EGenericType,EEnum,EReference,ETypeParameter,EPackage
0.01,0.060000000000000005,0.7000000000000004,0.02,0.02,0.16,0.03
Edge Type
eSuperPackage,eOperation,eUpperBound,eTypeParameter,eSubpackages,eType,eSuperTypes,eParameters,eOpposite,eKeys,eTypeArguments,eModelElement,eAnnotations,ePackage,eLowerBound,eLiterals,details,eStructuralFeatures,eClassifier,eClassifiers,eTypeParameters,eContainingClass,eBounds,eEnum,eOperations,eExceptions
0.008547008547008548,0.0,0.08974358974358974,0.2564102564102564,0.008547008547008548,0.0,0.004273504273504274,0.0,0.008547008547008548,0.0,0.06837606837606838,0.0,0.0,0.038461538461538464,0.08974358974358974,0.0,0.0,0.008547008547008548,0.25213675213675213,0.038461538461538464,0.06837606837606838,0.008547008547008548,0.05128205128205128,0.0,0.0,0.0
violations,1
