Meta Mode,ecore
Number of Edge types,26
Number Of Nodes,100
State Id,66_1
OutDegreeValue,0,1,2,3,4,5,6,9
OutDegreeCount,11,23,15,34,9,6,1,1
NAValue,1,2,3,4,5,6,7
NACount,3,30,13,41,10,2,1
MPCValue,0.00000,0.25469,0.28889,0.33280,0.39000,0.41437,0.52000,0.53444,0.59429,0.60320,0.64735,0.65000,0.67692,0.68250,0.69333,0.71500,0.74880,0.75111,0.76408,0.78000,0.79040,0.80889,0.83200,0.84698
MPCCount,3,1,1,3,1,1,25,1,1,1,1,1,1,1,10,1,7,2,1,29,1,3,3,1
Typed Out Degree
EReference eContainingClass,1,1
EGenericType eTypeParameter,1,1,1,1,1,1,1,1,1,1,1,1,1,1,1,1,1,1,1,1,1,1,1,1,1,1,1,1,1,1,1,1,1,1,1,1,1,1,1,1,1,1,1,1,1,1,1,1
EEnum ePackage,1,1,1,1,1
EGenericType eUpperBound,1,1,1,1,1,1,1,1,1,1,1,1,1,1
EEnum eTypeParameters,2,2,2
EPackage eSuperPackage,1,1,1,1
EClass eSuperTypes,1
EGenericType eTypeArguments,1,1,2,1,1,1,1,1,1,1,1,3,1,1
ETypeParameter eBounds,1,3,2,1,1
EReference eKeys,2,2
EClass ePackage,1
EDataType eTypeParameters,2,2,2,1
EAttribute eContainingClass,1,1
EPackage eSubpackages,2,1,1
EReference eOpposite,1,1
EPackage eClassifiers,6,1,3,1
EDataType ePackage,1,1,1,1,1
EGenericType eLowerBound,1,1,1,1,1,1,1,1,1,1,1,1,1,1,1,1,1,1,1,1,1,1
EAttribute eType,1,1
EEnum eLiterals,1,2,1,2
EReference eType,1,1
EClass eStructuralFeatures,4
EGenericType eClassifier,1,1,1,1,1,1,1,1,1,1,1,1,1,1,1,1,1,1,1,1,1,1,1,1,1,1,1,1,1,1,1,1,1,1,1,1,1,1,1,1,1,1,1,1,1,1,1,1,1,1,1,1,1
EEnumLiteral eEnum,1,1,1,1,1,1
Node Type
EClass,EAttribute,EDataType,EGenericType,EEnumLiteral,EEnum,EReference,ETypeParameter,EPackage
0.01,0.02,0.05,0.6100000000000003,0.060000000000000005,0.05,0.02,0.12999999999999998,0.05
Edge Type
eSuperPackage,eOperation,eUpperBound,eTypeParameter,eSubpackages,eType,eSuperTypes,eParameters,eOpposite,eKeys,eTypeArguments,eModelElement,eAnnotations,ePackage,eLowerBound,eLiterals,details,eStructuralFeatures,eClassifier,eClassifiers,eTypeParameters,eContainingClass,eBounds,eEnum,eOperations,eExceptions
0.01694915254237288,0.0,0.059322033898305086,0.2033898305084746,0.01694915254237288,0.01694915254237288,0.00423728813559322,0.0,0.00847457627118644,0.01694915254237288,0.07203389830508475,0.0,0.0,0.046610169491525424,0.09322033898305085,0.025423728813559324,0.0,0.01694915254237288,0.2245762711864407,0.046610169491525424,0.05508474576271186,0.01694915254237288,0.03389830508474576,0.025423728813559324,0.0,0.0
violations,2
