Meta Mode,ecore
Number of Edge types,26
Number Of Nodes,100
State Id,67_1
OutDegreeValue,0,1,2,3,4,5,6,11,14
OutDegreeCount,8,26,16,27,17,2,2,1,1
NAValue,1,2,3,4,5,6,7,8
NACount,3,30,12,38,10,3,3,1
MPCValue,0.00000,0.17190,0.25469,0.28889,0.44694,0.46222,0.47840,0.49920,0.52000,0.59429,0.63556,0.64775,0.65000,0.68923,0.69333,0.70533,0.71500,0.72163,0.74880,0.75111,0.76408,0.76960,0.77823,0.78000,0.80653,0.81596,0.83200
MPCCount,3,1,1,1,1,1,2,1,26,1,1,1,1,1,7,1,1,1,8,1,1,1,1,27,1,1,7
Typed Out Degree
EGenericType eTypeParameter,1,1,1,1,1,1,1,1,1,1,1,1,1,1,1,1,1,1,1,1,1,1,1,1,1,1,1,1,1,1,1,1,1,1,1,1,1,1,1,1,1,1,1,1,1,1,1,1,1,1
EPackage eSuperPackage,1,1,1
EGenericType eTypeArguments,1,1,2,1,2,1,1,1,1,1,2,2,1,1,1,1,1,1
EDataType eTypeParameters,1,1
EOperation eContainingClass,1,1
EAttribute eContainingClass,1
EReference eOpposite,1
EPackage eClassifiers,1,3,2,4
EDataType ePackage,1,1,1
EOperation eExceptions,9,7
EEnum eLiterals,1
EOperation eTypeParameters,1
EParameter eType,1
EClass eStructuralFeatures,2
EGenericType eClassifier,1,1,1,1,1,1,1,1,1,1,1,1,1,1,1,1,1,1,1,1,1,1,1,1,1,1,1,1,1,1,1,1,1,1,1,1,1,1,1,1,1,1,1,1,1,1,1,1,1,1,1,1,1,1,1,1,1,1,1
EEnumLiteral eEnum,1
EReference eContainingClass,1
EEnum ePackage,1,1,1,1,1
EGenericType eUpperBound,1,1,1,1,1,1,1,1,1,1,1,1,1,1,1,1,1,1,1,1,1,1,1
EEnum eTypeParameters,2,3,1,1
EClass eSuperTypes,2,2
ETypeParameter eBounds,2,2,2,2
EClass ePackage,1,1
EOperation eParameters,2,2
EPackage eSubpackages,1,2
EGenericType eLowerBound,1,1,1,1,1,1,1,1,1,1,1,1,1,1
EClass eOperations,2
EParameter eOperation,1,1,1,1
EOperation eType,1,1
Node Type
EClass,EAttribute,EDataType,EParameter,EGenericType,EOperation,EEnumLiteral,EEnum,EReference,EPackage,ETypeParameter
0.02,0.01,0.03,0.04,0.6700000000000004,0.02,0.01,0.05,0.01,0.04,0.09999999999999999
Edge Type
eSuperPackage,eOperation,eUpperBound,eTypeParameter,eSubpackages,eType,eSuperTypes,eParameters,eOpposite,eKeys,eTypeArguments,eModelElement,eAnnotations,ePackage,eLowerBound,eLiterals,details,eStructuralFeatures,eClassifier,eClassifiers,eTypeParameters,eContainingClass,eBounds,eEnum,eOperations,eExceptions
0.011811023622047244,0.015748031496062992,0.09055118110236221,0.1968503937007874,0.011811023622047244,0.011811023622047244,0.015748031496062992,0.015748031496062992,0.003937007874015748,0.0,0.08661417322834646,0.0,0.0,0.03937007874015748,0.05511811023622047,0.003937007874015748,0.0,0.007874015748031496,0.23228346456692914,0.03937007874015748,0.03937007874015748,0.015748031496062992,0.031496062992125984,0.003937007874015748,0.007874015748031496,0.06299212598425197
violations,2
