Meta Mode,ecore
Number of Edge types,26
Number Of Nodes,100
State Id,68_1
OutDegreeValue,0,1,2,3,4,5,6,9,10,11,14
OutDegreeCount,7,29,12,30,12,3,2,2,1,1,1
NAValue,1,2,3,4,5,6,7,8,9
NACount,3,28,13,38,9,3,2,2,2
MPCValue,0.00000,0.20543,0.26531,0.35360,0.38519,0.39000,0.42250,0.46222,0.46413,0.52000,0.54889,0.59429,0.65000,0.67918,0.68760,0.69333,0.73827,0.73956,0.74880,0.75111,0.75571,0.76408,0.76960,0.78000,0.80889,0.82173,0.83200,0.83457,0.86306,0.86898,0.88790
MPCCount,3,1,1,1,1,1,1,1,1,26,1,1,1,1,1,6,1,1,5,1,1,1,1,30,2,1,4,1,1,1,1
Typed Out Degree
EGenericType eTypeParameter,1,1,1,1,1,1,1,1,1,1,1,1,1,1,1,1,1,1,1,1,1,1,1,1,1,1,1,1,1,1,1,1,1,1,1,1,1,1,1,1,1,1,1,1,1,1,1,1,1,1,1,1,1,1,1
EClass eTypeParameters,2
EPackage eSuperPackage,1,1,1,1
EGenericType eTypeArguments,1,1,1,1,1,1,1,1,1,1,1,1,1,1,1,1,1
EDataType eTypeParameters,1
EOperation eContainingClass,1,1,1,1,1
EAttribute eContainingClass,1,1
EPackage eClassifiers,1,1,2,2,2
EDataType ePackage,1
EAttribute eType,1
EOperation eExceptions,8,8,8,6,3
EEnum eLiterals,1,2,1,2
EOperation eTypeParameters,1,2,1
EClass eStructuralFeatures,2
EGenericType eClassifier,1,1,1,1,1,1,1,1,1,1,1,1,1,1,1,1,1,1,1,1,1,1,1,1,1,1,1,1,1,1,1,1,1,1,1,1,1,1,1,1,1,1,1,1,1,1
EEnumLiteral eEnum,1,1,1,1,1,1
EEnum ePackage,1,1,1,1,1
EGenericType eUpperBound,1,1,1,1,1,1,1,1,1,1,1,1,1,1,1,1,1
EEnum eTypeParameters,1,1,1,1
EClass eSuperTypes,2,2
ETypeParameter eBounds,1,1,1,1,2,1
EClass ePackage,1,1
EOperation eParameters,2,1
EPackage eSubpackages,1,3
EGenericType eLowerBound,1,1,1,1,1,1,1,1,1,1,1,1,1,1,1,1,1,1,1
EClass eOperations,1,4
EParameter eOperation,1,1,1
EOperation eType,1,1,1,1,1
Node Type
EClass,EAttribute,EDataType,EParameter,EGenericType,EEnumLiteral,EOperation,EEnum,ETypeParameter,EPackage
0.02,0.02,0.01,0.03,0.6000000000000003,0.060000000000000005,0.05,0.05,0.10999999999999999,0.05
Edge Type
eSuperPackage,eOperation,eUpperBound,eTypeParameter,eSubpackages,eType,eSuperTypes,eParameters,eOpposite,eKeys,eTypeArguments,eModelElement,eAnnotations,ePackage,eLowerBound,eLiterals,details,eStructuralFeatures,eClassifier,eClassifiers,eTypeParameters,eContainingClass,eBounds,eEnum,eOperations,eExceptions
0.014760147601476014,0.01107011070110701,0.06273062730627306,0.2029520295202952,0.014760147601476014,0.02214022140221402,0.014760147601476014,0.01107011070110701,0.0,0.0,0.06273062730627306,0.0,0.0,0.02952029520295203,0.07011070110701106,0.02214022140221402,0.0,0.007380073800738007,0.16974169741697417,0.02952029520295203,0.04059040590405904,0.025830258302583026,0.025830258302583026,0.02214022140221402,0.01845018450184502,0.12177121771217712
violations,2
