Meta Mode,ecore
Number of Edge types,26
Number Of Nodes,100
State Id,69_1
OutDegreeValue,0,1,2,3,4,6,7
OutDegreeCount,5,29,15,30,19,1,1
NAValue,1,2,3,4,5,6
NACount,2,31,15,36,9,7
MPCValue,0.00000,0.22311,0.28889,0.39000,0.44694,0.48000,0.52000,0.59429,0.61538,0.67600,0.68923,0.69333,0.71500,0.74880,0.75077,0.77469,0.77653,0.78000,0.79074,0.83200
MPCCount,2,1,1,1,2,1,29,1,1,1,2,11,1,6,1,1,1,28,1,8
Typed Out Degree
EGenericType eTypeParameter,1,1,1,1,1,1,1,1,1,1,1,1,1,1,1,1,1,1,1,1,1,1,1,1,1,1,1,1,1,1,1,1,1,1,1,1,1,1,1,1,1,1,1,1,1,1,1,1,1,1,1,1,1
EEnum ePackage,1,1,1,1,1,1,1
EClass eTypeParameters,1
EGenericType eUpperBound,1,1,1,1,1,1,1,1,1,1,1,1,1,1,1,1,1
EEnum eTypeParameters,3,1,1,1,2
EPackage eSuperPackage,1,1,1
EClass eSuperTypes,1,1
EGenericType eTypeArguments,1,1,1,1,1,1,1,1,1,1,1,2,1,1,1,1,1,1
ETypeParameter eBounds,1,2,3,2,2
EClass ePackage,1,1
EAttribute eContainingClass,1
EPackage eSubpackages,1,2
EPackage eClassifiers,3,1,1,4
EGenericType eLowerBound,1,1,1,1,1,1,1,1,1,1,1,1,1,1,1,1,1
EAttribute eType,1
EEnum eLiterals,2,2,1,2,3,1,3
EClass eStructuralFeatures,1
EGenericType eClassifier,1,1,1,1,1,1,1,1,1,1,1,1,1,1,1,1,1,1,1,1,1,1,1,1,1,1,1,1,1,1,1,1,1,1,1,1,1,1,1,1,1,1,1,1,1,1,1,1,1,1,1,1,1,1,1,1
EEnumLiteral eEnum,1,1,1,1,1,1,1,1,1,1,1,1,1,1
Node Type
EClass,EAttribute,EGenericType,EEnumLiteral,EEnum,EPackage,ETypeParameter
0.02,0.01,0.6300000000000003,0.13999999999999999,0.07,0.04,0.09
Edge Type
eSuperPackage,eOperation,eUpperBound,eTypeParameter,eSubpackages,eType,eSuperTypes,eParameters,eOpposite,eKeys,eTypeArguments,eModelElement,eAnnotations,ePackage,eLowerBound,eLiterals,details,eStructuralFeatures,eClassifier,eClassifiers,eTypeParameters,eContainingClass,eBounds,eEnum,eOperations,eExceptions
0.012605042016806723,0.0,0.07142857142857142,0.22268907563025211,0.012605042016806723,0.004201680672268907,0.008403361344537815,0.0,0.0,0.0,0.07983193277310924,0.0,0.0,0.037815126050420166,0.07142857142857142,0.058823529411764705,0.0,0.004201680672268907,0.23529411764705882,0.037815126050420166,0.037815126050420166,0.004201680672268907,0.04201680672268908,0.058823529411764705,0.0,0.0
violations,2
