Meta Mode,ecore
Number of Edge types,26
Number Of Nodes,100
State Id,6_1
OutDegreeValue,0,1,2,3,4,5,6,7,8,9,11,12,26,27,30
OutDegreeCount,13,22,23,19,8,3,1,2,2,1,1,1,2,1,1
NAValue,1,2,3,4,5,6,7,8,9
NACount,7,21,17,32,9,7,3,2,2
MPCValue,0.00000,0.21399,0.33163,0.38204,0.46222,0.51570,0.52000,0.53979,0.59429,0.63673,0.65000,0.66560,0.68640,0.68972,0.69333,0.69875,0.70306,0.71240,0.71253,0.71500,0.73724,0.73917,0.74880,0.75111,0.76960,0.77037,0.78000,0.80889,0.83200,0.83778,0.85222
MPCCount,7,1,1,1,4,1,19,1,1,1,3,1,1,1,12,1,1,1,1,4,1,1,3,5,2,3,15,3,1,2,1
Typed Out Degree
EGenericType eTypeParameter,1,1,1,1,1,1,1,1,1,1,1,1,1,1,1,1,1,1,1,1,1,1,1,1
EClass eTypeParameters,1
EPackage eSuperPackage,1,1,1,1,1,1,1,1
EGenericType eTypeArguments,1,1,1,1,1,1
EReference eKeys,1,1
EDataType eTypeParameters,1,1,1,1,1,2,1
EOperation eContainingClass,1,1,1,1
EAttribute eContainingClass,1,1,1
EReference eOpposite,1,1,1
EPackage eClassifiers,2,2,1,2,3,2,6,4,3
EDataType ePackage,1,1,1,1,1,1,1,1,1,1
EAttribute eType,1
EOperation eExceptions,22,23,24,23
EEnum eLiterals,1,1,1,1,1
EOperation eTypeParameters,3,3
EParameter eType,1,1,1
EClass eStructuralFeatures,1,1,1,2,1
EGenericType eClassifier,1,1,1,1,1,1,1,1,1,1,1,1,1,1,1,1,1,1,1,1,1,1,1,1,1,1
EEnumLiteral eEnum,1,1,1,1,1
EReference eContainingClass,1,1,1
EEnum ePackage,1,1,1,1,1,1,1
EGenericType eUpperBound,1,1,1,1,1
EEnum eTypeParameters,2,1,1
EClass eSuperTypes,5,5,2,8,6,5,7,4
ETypeParameter eBounds,1,1,2,2,1,1,1
EClass ePackage,1,1,1,1,1,1,1,1
EOperation eParameters,2,1
EPackage eSubpackages,2,2,2,1,1
EGenericType eLowerBound,1,1,1,1,1,1,1,1,1
EClass eOperations,1,1,2
EParameter eOperation,1,1,1
EReference eType,1,1
EOperation eType,1,1,1,1
Node Type
EAttribute,EClass,EDataType,EParameter,EGenericType,EEnumLiteral,EOperation,EEnum,EReference,ETypeParameter,EPackage
0.03,0.08,0.09999999999999999,0.03,0.2900000000000001,0.05,0.04,0.07,0.03,0.19000000000000003,0.09
Edge Type
eSuperPackage,eOperation,eUpperBound,eTypeParameter,eSubpackages,eType,eSuperTypes,eParameters,eOpposite,eKeys,eTypeArguments,eModelElement,eAnnotations,ePackage,eLowerBound,eLiterals,details,eStructuralFeatures,eClassifier,eClassifiers,eTypeParameters,eContainingClass,eBounds,eEnum,eOperations,eExceptions
0.022922636103151862,0.008595988538681949,0.014326647564469915,0.06876790830945559,0.022922636103151862,0.02865329512893983,0.12034383954154727,0.008595988538681949,0.008595988538681949,0.0057306590257879654,0.017191977077363897,0.0,0.0,0.07163323782234957,0.025787965616045846,0.014326647564469915,0.0,0.017191977077363897,0.07449856733524356,0.07163323782234957,0.054441260744985676,0.02865329512893983,0.025787965616045846,0.014326647564469915,0.011461318051575931,0.2636103151862464
violations,8
