Meta Mode,ecore
Number of Edge types,26
Number Of Nodes,100
State Id,70_1
OutDegreeValue,0,1,2,3,4,5,6,7,8,11,12
OutDegreeCount,10,28,13,26,12,5,2,1,1,1,1
NAValue,1,2,3,4,5,6,8
NACount,3,31,13,34,12,5,2
MPCValue,0.00000,0.18720,0.25469,0.28889,0.32661,0.33280,0.39000,0.39385,0.46222,0.52000,0.54889,0.63673,0.65000,0.67077,0.68760,0.69333,0.69875,0.74880,0.75111,0.76960,0.78000,0.80528,0.80653,0.80889,0.81596,0.83200,0.86667
MPCCount,3,1,1,1,1,1,1,1,2,25,1,1,1,1,1,10,1,6,2,1,25,1,1,3,1,6,1
Typed Out Degree
EGenericType eTypeParameter,1,1,1,1,1,1,1,1,1,1,1,1,1,1,1,1,1,1,1,1,1,1,1,1,1,1,1,1,1,1,1,1,1,1,1,1,1,1,1,1,1,1,1,1,1,1,1,1,1,1,1,1,1,1,1
EClass eTypeParameters,4,2
EPackage eSuperPackage,1,1,1,1
EGenericType eTypeArguments,1,1,1,1,1,1,2,1,1,1,1,1,1,1,1,1,1,2,1,1,1
EDataType eTypeParameters,1,1,1,3
EOperation eContainingClass,1,1
EAttribute eContainingClass,1,1,1
EReference eOpposite,1
EPackage eClassifiers,2,3,2,3
EDataType ePackage,1,1,1,1,1
EAttribute eType,1
EOperation eExceptions,8
EEnum eLiterals,1
EClass eStructuralFeatures,1,2,1
EGenericType eClassifier,1,1,1,1,1,1,1,1,1,1,1,1,1,1,1,1,1,1,1,1,1,1,1,1,1,1,1,1,1,1,1,1,1,1,1,1,1,1,1,1,1,1,1,1,1,1,1,1,1,1,1
EEnumLiteral eEnum,1
EReference eContainingClass,1
EEnum ePackage,1
EGenericType eUpperBound,1,1,1,1,1,1,1,1,1,1,1,1,1,1,1,1,1,1
EEnum eTypeParameters,1
EClass eSuperTypes,4,4,4,4
ETypeParameter eBounds,1,1,1,2
EClass ePackage,1,1,1,1
EOperation eParameters,2
EPackage eSubpackages,3,1
EGenericType eLowerBound,1,1,1,1,1,1,1,1,1,1,1,1,1,1,1,1,1
EClass eOperations,2
EParameter eOperation,1,1
EOperation eType,1
Node Type
EClass,EAttribute,EDataType,EParameter,EGenericType,EOperation,EEnumLiteral,EEnum,EReference,EPackage,ETypeParameter
0.04,0.03,0.05,0.02,0.6300000000000003,0.02,0.01,0.01,0.01,0.05,0.12999999999999998
Edge Type
eSuperPackage,eOperation,eUpperBound,eTypeParameter,eSubpackages,eType,eSuperTypes,eParameters,eOpposite,eKeys,eTypeArguments,eModelElement,eAnnotations,ePackage,eLowerBound,eLiterals,details,eStructuralFeatures,eClassifier,eClassifiers,eTypeParameters,eContainingClass,eBounds,eEnum,eOperations,eExceptions
0.01568627450980392,0.00784313725490196,0.07058823529411765,0.21568627450980393,0.01568627450980392,0.00784313725490196,0.06274509803921569,0.00784313725490196,0.00392156862745098,0.0,0.09019607843137255,0.0,0.0,0.0392156862745098,0.06666666666666667,0.00392156862745098,0.0,0.01568627450980392,0.2,0.0392156862745098,0.050980392156862744,0.023529411764705882,0.0196078431372549,0.00392156862745098,0.00784313725490196,0.03137254901960784
violations,4
