Meta Mode,ecore
Number of Edge types,26
Number Of Nodes,100
State Id,71_1
OutDegreeValue,0,1,2,3,4,5,7,8,11
OutDegreeCount,10,22,19,27,14,4,2,1,1
NAValue,1,2,3,4,5,6,7,8,9
NACount,4,26,20,34,9,1,4,1,1
MPCValue,0.00000,0.28889,0.30333,0.33280,0.44694,0.46222,0.46694,0.47840,0.52000,0.54889,0.58240,0.63556,0.64198,0.65000,0.66560,0.67041,0.68250,0.69333,0.71500,0.74880,0.76308,0.77037,0.78000,0.78531,0.80889,0.81231,0.81784,0.82776,0.83200,0.84099
MPCCount,4,1,1,1,1,4,1,1,20,1,1,1,1,1,1,1,1,13,2,5,1,1,25,1,1,1,1,1,5,1
Typed Out Degree
EGenericType eTypeParameter,1,1,1,1,1,1,1,1,1,1,1,1,1,1,1,1,1,1,1,1,1,1,1,1,1,1,1,1,1,1,1,1,1,1,1,1,1,1,1,1,1,1,1,1,1,1,1,1,1,1
EClass eTypeParameters,1
EPackage eSuperPackage,1,1,1
EGenericType eTypeArguments,1,1,1,2,1,1,1,1,1,1,1,1,1,1,1,1,1,1
EDataType eTypeParameters,2,2
EOperation eContainingClass,1,1,1
EAttribute eContainingClass,1
EPackage eClassifiers,6,1,3,2
EDataType ePackage,1,1
EAttribute eType,1
EOperation eExceptions,4,8
EEnum eLiterals,2,3,1
EOperation eTypeParameters,1
EClass eStructuralFeatures,1
EGenericType eClassifier,1,1,1,1,1,1,1,1,1,1,1,1,1,1,1,1,1,1,1,1,1,1,1,1,1,1,1,1,1,1,1,1,1,1,1,1,1,1,1,1,1,1,1,1,1,1,1,1,1,1
EEnumLiteral eEnum,1,1,1,1,1,1
EEnum ePackage,1,1,1,1,1,1
EGenericType eUpperBound,1,1,1,1,1,1,1,1,1,1,1,1,1,1,1
EEnum eTypeParameters,2,1,2,1,2
EClass eSuperTypes,2,3,1,4
ETypeParameter eBounds,1,1,2,1,2,2,1
EClass ePackage,1,1,1,1
EOperation eParameters,1
EPackage eSubpackages,2,1
EGenericType eLowerBound,1,1,1,1,1,1,1,1,1,1,1,1,1,1,1
EClass eOperations,2,1
EParameter eOperation,1
EOperation eType,1,1
Node Type
EClass,EAttribute,EDataType,EParameter,EGenericType,EEnumLiteral,EOperation,EEnum,ETypeParameter,EPackage
0.04,0.01,0.02,0.01,0.5900000000000003,0.060000000000000005,0.03,0.060000000000000005,0.13999999999999999,0.04
Edge Type
eSuperPackage,eOperation,eUpperBound,eTypeParameter,eSubpackages,eType,eSuperTypes,eParameters,eOpposite,eKeys,eTypeArguments,eModelElement,eAnnotations,ePackage,eLowerBound,eLiterals,details,eStructuralFeatures,eClassifier,eClassifiers,eTypeParameters,eContainingClass,eBounds,eEnum,eOperations,eExceptions
0.012,0.004,0.06,0.2,0.012,0.012,0.04,0.004,0.0,0.0,0.076,0.0,0.0,0.048,0.06,0.024,0.0,0.004,0.2,0.048,0.056,0.016,0.04,0.024,0.012,0.048
violations,4
