Meta Mode,ecore
Number of Edge types,26
Number Of Nodes,100
State Id,72_1
OutDegreeValue,0,1,2,3,4,5,8
OutDegreeCount,7,29,13,27,18,5,1
NAValue,1,2,3,4,5,6,7
NACount,2,31,12,45,8,1,1
MPCValue,0.00000,0.17190,0.26531,0.35129,0.38204,0.38519,0.39000,0.39160,0.47840,0.52000,0.57542,0.58240,0.66560,0.69333,0.73703,0.74880,0.75111,0.76960,0.77037,0.78000,0.80889,0.83200
MPCCount,2,1,1,1,1,1,1,1,1,29,1,1,1,7,1,10,1,1,1,30,3,4
Typed Out Degree
EGenericType eTypeParameter,1,1,1,1,1,1,1,1,1,1,1,1,1,1,1,1,1,1,1,1,1,1,1,1,1,1,1,1,1,1,1,1,1,1,1,1,1,1,1,1,1,1,1,1,1,1,1,1,1,1,1,1,1,1,1,1,1
EEnum ePackage,1,1,1,1
EClass eTypeParameters,2,1
EGenericType eUpperBound,1,1,1,1,1,1,1,1,1,1,1,1,1,1,1,1,1,1,1
EEnum eTypeParameters,2,3,1
EPackage eSuperPackage,1,1,1,1,1
EClass eSuperTypes,2,3,2
EGenericType eTypeArguments,1,2,1,1,1,1,1,1,1,1,1,1,1,1,1,1,1,1,2,1,1
ETypeParameter eBounds,1,2,1,2,1
EClass ePackage,1,1,1
EDataType eTypeParameters,1
EAttribute eContainingClass,1,1,1,1
EPackage eSubpackages,2,2,1
EPackage eClassifiers,2,1,2,1,2,2
EDataType ePackage,1,1,1
EGenericType eLowerBound,1,1,1,1,1,1,1,1,1,1,1,1,1,1,1,1,1,1,1,1,1
EClass eStructuralFeatures,3,1
EGenericType eClassifier,1,1,1,1,1,1,1,1,1,1,1,1,1,1,1,1,1,1,1,1,1,1,1,1,1,1,1,1,1,1,1,1,1,1,1,1,1,1,1,1,1,1,1,1,1,1,1,1,1,1,1,1,1,1,1,1,1,1,1
Node Type
EAttribute,EClass,EDataType,EGenericType,EEnum,EPackage,ETypeParameter
0.04,0.03,0.03,0.7000000000000004,0.04,0.060000000000000005,0.09999999999999999
Edge Type
eSuperPackage,eOperation,eUpperBound,eTypeParameter,eSubpackages,eType,eSuperTypes,eParameters,eOpposite,eKeys,eTypeArguments,eModelElement,eAnnotations,ePackage,eLowerBound,eLiterals,details,eStructuralFeatures,eClassifier,eClassifiers,eTypeParameters,eContainingClass,eBounds,eEnum,eOperations,eExceptions
0.02074688796680498,0.0,0.07883817427385892,0.23651452282157676,0.02074688796680498,0.0,0.029045643153526972,0.0,0.0,0.0,0.0954356846473029,0.0,0.0,0.04149377593360996,0.08713692946058091,0.0,0.0,0.016597510373443983,0.24481327800829875,0.04149377593360996,0.04149377593360996,0.016597510373443983,0.029045643153526972,0.0,0.0,0.0
violations,3
