Meta Mode,ecore
Number of Edge types,26
Number Of Nodes,100
State Id,73_1
OutDegreeValue,0,1,2,3,4,5,6,7,9,10
OutDegreeCount,6,25,9,43,5,5,4,1,1,1
NAValue,1,2,3,4,5,6,7,8,9
NACount,2,30,11,45,5,2,2,2,1
MPCValue,0.00000,0.09433,0.17190,0.28889,0.32231,0.33280,0.46222,0.52000,0.56127,0.58240,0.65000,0.67041,0.68923,0.69333,0.70154,0.71500,0.73306,0.74327,0.74880,0.75111,0.78000,0.78090,0.80653,0.80889,0.83200,0.86667
MPCCount,2,1,1,1,1,1,1,26,1,1,4,1,1,5,1,1,1,1,4,2,37,1,1,2,1,1
Typed Out Degree
EGenericType eTypeParameter,1,1,1,1,1,1,1,1,1,1,1,1,1,1,1,1,1,1,1,1,1,1,1,1,1,1,1,1,1,1,1,1,1,1,1,1,1,1,1,1,1,1,1,1,1,1,1,1,1,1,1,1,1,1,1,1,1,1,1,1,1
EClass eTypeParameters,1
EPackage eSuperPackage,1,1,1,1,1
EGenericType eTypeArguments,1,1,1,1,1,3,2,1,1,1,1,1,1,1,1,1,1,1,1
EOperation eContainingClass,1,1
EAttribute eContainingClass,1
EReference eOpposite,1,1,1,1
EPackage eClassifiers,1,3,3,2,4
EDataType ePackage,1
EOperation eExceptions,6
EEnum eLiterals,1
EOperation eTypeParameters,2
EClass eStructuralFeatures,1,1,2,1
EGenericType eClassifier,1,1,1,1,1,1,1,1,1,1,1,1,1,1,1,1,1,1,1,1,1,1,1,1,1,1,1,1,1,1,1,1,1,1,1,1,1,1,1,1,1,1,1,1,1,1,1,1,1,1,1,1,1
EEnumLiteral eEnum,1
EReference eContainingClass,1,1,1,1
EEnum ePackage,1,1,1,1,1,1,1,1
EGenericType eUpperBound,1,1,1,1,1,1,1,1,1,1,1,1,1,1,1,1,1,1,1,1,1
EEnum eTypeParameters,1,2
EClass eSuperTypes,4,3,4,4
ETypeParameter eBounds,1,3
EClass ePackage,1,1,1,1
EPackage eSubpackages,1,2,2
EGenericType eLowerBound,1,1,1,1,1,1,1,1,1,1,1,1,1,1,1,1,1,1,1,1
EClass eOperations,2
EReference eType,1,1
EOperation eType,1
Node Type
EAttribute,EClass,EDataType,EGenericType,EOperation,EEnumLiteral,EEnum,EReference,ETypeParameter,EPackage
0.01,0.04,0.01,0.6700000000000004,0.02,0.01,0.08,0.04,0.060000000000000005,0.060000000000000005
Edge Type
eSuperPackage,eOperation,eUpperBound,eTypeParameter,eSubpackages,eType,eSuperTypes,eParameters,eOpposite,eKeys,eTypeArguments,eModelElement,eAnnotations,ePackage,eLowerBound,eLiterals,details,eStructuralFeatures,eClassifier,eClassifiers,eTypeParameters,eContainingClass,eBounds,eEnum,eOperations,eExceptions
0.018726591760299626,0.0,0.07865168539325842,0.22846441947565543,0.018726591760299626,0.011235955056179775,0.056179775280898875,0.0,0.0149812734082397,0.0,0.08239700374531835,0.0,0.0,0.04868913857677903,0.0749063670411985,0.003745318352059925,0.0,0.018726591760299626,0.19850187265917604,0.04868913857677903,0.02247191011235955,0.026217228464419477,0.0149812734082397,0.003745318352059925,0.00749063670411985,0.02247191011235955
violations,5
