Meta Mode,ecore
Number of Edge types,26
Number Of Nodes,100
State Id,74_1
OutDegreeValue,0,1,2,3,4,5,6,7,8,9,12
OutDegreeCount,6,29,15,27,11,3,2,2,2,1,2
NAValue,1,2,3,4,5,6,7,9,10
NACount,1,32,12,38,10,3,2,1,1
MPCValue,0.00000,0.17190,0.18720,0.26531,0.39000,0.44694,0.46222,0.47840,0.52000,0.58194,0.61013,0.65000,0.66857,0.68409,0.69333,0.70720,0.71500,0.72692,0.73224,0.74880,0.75111,0.76408,0.78000,0.80605,0.80889,0.83200,0.88111,0.89143
MPCCount,1,1,1,1,1,1,2,1,27,1,1,2,1,1,8,1,1,1,1,7,4,1,26,1,1,4,1,1
Typed Out Degree
EGenericType eTypeParameter,1,1,1,1,1,1,1,1,1,1,1,1,1,1,1,1,1,1,1,1,1,1,1,1,1,1,1,1,1,1,1,1,1,1,1,1,1,1,1,1,1,1,1,1,1,1,1,1,1,1,1,1,1
EClass eTypeParameters,1
EPackage eSuperPackage,1,1
EGenericType eTypeArguments,2,2,2,1,1,1,1,1,1,1,1,2,1,1,1,1,1
EDataType eTypeParameters,2,1
EOperation eContainingClass,1,1,1,1
EAttribute eContainingClass,1,1,1
EReference eOpposite,1,1
EPackage eClassifiers,2,5,1
EDataType ePackage,1,1
EAttribute eType,1,1
EOperation eExceptions,8,4,5,8
EEnum eLiterals,1
EOperation eTypeParameters,1,2,1
EClass eStructuralFeatures,2,2,1
EGenericType eClassifier,1,1,1,1,1,1,1,1,1,1,1,1,1,1,1,1,1,1,1,1,1,1,1,1,1,1,1,1,1,1,1,1,1,1,1,1,1,1,1,1,1,1,1,1,1,1,1,1,1,1,1,1,1,1,1,1,1
EEnumLiteral eEnum,1
EReference eContainingClass,1,1
EEnum ePackage,1,1,1
EGenericType eUpperBound,1,1,1,1,1,1,1,1,1,1,1,1,1,1,1,1,1,1,1
EEnum eTypeParameters,1
EClass eSuperTypes,3,3,3
ETypeParameter eBounds,2,2,1,1
EClass ePackage,1,1,1
EOperation eParameters,2,1
EPackage eSubpackages,2
EGenericType eLowerBound,1,1,1,1,1,1,1,1,1,1,1,1,1,1,1,1,1,1,1,1,1
EClass eOperations,2,2
EParameter eOperation,1,1,1
EOperation eType,1,1,1,1
Node Type
EClass,EAttribute,EDataType,EParameter,EGenericType,EOperation,EEnumLiteral,EEnum,EReference,ETypeParameter,EPackage
0.03,0.03,0.02,0.03,0.6700000000000004,0.04,0.01,0.03,0.02,0.09,0.03
Edge Type
eSuperPackage,eOperation,eUpperBound,eTypeParameter,eSubpackages,eType,eSuperTypes,eParameters,eOpposite,eKeys,eTypeArguments,eModelElement,eAnnotations,ePackage,eLowerBound,eLiterals,details,eStructuralFeatures,eClassifier,eClassifiers,eTypeParameters,eContainingClass,eBounds,eEnum,eOperations,eExceptions
0.0072992700729927005,0.010948905109489052,0.06934306569343066,0.19343065693430658,0.0072992700729927005,0.021897810218978103,0.032846715328467155,0.010948905109489052,0.0072992700729927005,0.0,0.07664233576642336,0.0,0.0,0.029197080291970802,0.07664233576642336,0.0036496350364963502,0.0,0.01824817518248175,0.20802919708029197,0.029197080291970802,0.032846715328467155,0.032846715328467155,0.021897810218978103,0.0036496350364963502,0.014598540145985401,0.09124087591240876
violations,3
