Meta Mode,ecore
Number of Edge types,26
Number Of Nodes,100
State Id,75_1
OutDegreeValue,0,1,2,3,4,5,6,7,9,22
OutDegreeCount,11,32,14,25,7,4,1,3,2,1
NAValue,1,2,3,4,5,6,7,8,10
NACount,6,30,12,36,9,2,2,2,1
MPCValue,0.00000,0.28889,0.39000,0.41889,0.42250,0.46222,0.52000,0.58240,0.63673,0.66560,0.69333,0.70475,0.72198,0.74880,0.75111,0.76960,0.77469,0.77784,0.78000,0.79040,0.80889,0.82160,0.83056,0.83200,0.88615
MPCCount,6,1,1,1,1,2,26,2,1,1,8,1,1,9,3,1,1,1,22,1,3,1,1,4,1
Typed Out Degree
EGenericType eTypeParameter,1,1,1,1,1,1,1,1,1,1,1,1,1,1,1,1,1,1,1,1,1,1,1,1,1,1,1,1,1,1,1,1,1,1,1,1
EClass eTypeParameters,1
EPackage eSuperPackage,1,1,1,1,1,1
EGenericType eTypeArguments,1,1,2,1,1,1,1,1,1,1,2,1,1,1
EDataType eTypeParameters,1,3,3,1,2
EOperation eContainingClass,1
EAttribute eContainingClass,1,1,1,1,1,1,1
EReference eOpposite,1,1,1
EPackage eClassifiers,2,2,4,2,1,4,1
EDataType ePackage,1,1,1,1,1,1,1
EOperation eExceptions,14
EEnum eLiterals,2,1
EOperation eTypeParameters,2
EParameter eType,1
EClass eStructuralFeatures,2,2,2,4
EGenericType eClassifier,1,1,1,1,1,1,1,1,1,1,1,1,1,1,1,1,1,1,1,1,1,1,1,1,1,1,1,1,1,1,1,1,1,1,1,1,1
EEnumLiteral eEnum,1,1,1
EReference eContainingClass,1,1,1
EEnum ePackage,1,1,1,1,1
EGenericType eUpperBound,1,1,1,1,1,1,1,1,1,1
EEnum eTypeParameters,2
EClass eSuperTypes,4,4,4,4
ETypeParameter eBounds,1,1,1,2,2,1
EClass ePackage,1,1,1,1
EOperation eParameters,4
EPackage eSubpackages,3,2,1
EGenericType eLowerBound,1,1,1,1,1,1,1,1,1,1
EClass eOperations,1
EParameter eOperation,1,1,1,1
EReference eType,1,1,1
EOperation eType,1
Node Type
EAttribute,EClass,EDataType,EParameter,EGenericType,EOperation,EEnumLiteral,EEnum,EReference,ETypeParameter,EPackage
0.07,0.04,0.07,0.04,0.4400000000000002,0.01,0.03,0.05,0.03,0.15,0.07
Edge Type
eSuperPackage,eOperation,eUpperBound,eTypeParameter,eSubpackages,eType,eSuperTypes,eParameters,eOpposite,eKeys,eTypeArguments,eModelElement,eAnnotations,ePackage,eLowerBound,eLiterals,details,eStructuralFeatures,eClassifier,eClassifiers,eTypeParameters,eContainingClass,eBounds,eEnum,eOperations,eExceptions
0.024,0.016,0.04,0.144,0.024,0.02,0.064,0.016,0.012,0.0,0.064,0.0,0.0,0.064,0.04,0.012,0.0,0.04,0.148,0.064,0.06,0.044,0.032,0.012,0.004,0.056
violations,4
