Meta Mode,ecore
Number of Edge types,26
Number Of Nodes,100
State Id,76_1
OutDegreeValue,0,1,2,3,4,5,6,7,8,12,15
OutDegreeCount,6,26,15,29,15,1,2,2,2,1,1
NAValue,1,2,3,4,5,6,7,8,9
NACount,3,27,15,37,11,2,1,3,1
MPCValue,0.00000,0.22750,0.32661,0.33280,0.34840,0.46694,0.47840,0.52000,0.59429,0.64055,0.65000,0.66462,0.69333,0.71500,0.73125,0.74880,0.75111,0.75937,0.76408,0.77037,0.78000,0.78722,0.82333,0.83200,0.85592,0.86667
MPCCount,3,1,1,2,1,1,1,24,1,1,5,1,6,2,1,8,1,1,1,1,26,1,1,7,1,1
Typed Out Degree
EGenericType eTypeParameter,1,1,1,1,1,1,1,1,1,1,1,1,1,1,1,1,1,1,1,1,1,1,1,1,1,1,1,1,1,1,1,1,1,1,1,1,1,1,1,1,1,1,1,1,1,1,1,1,1,1,1,1,1,1,1,1
EClass eTypeParameters,1,1
EPackage eSuperPackage,1,1
EGenericType eTypeArguments,1,1,1,1,2,1,1,1,2,1,1,1,1,1,1,1,1,2,1
EReference eKeys,3,3
EDataType eTypeParameters,2
EOperation eContainingClass,1,1
EAttribute eContainingClass,1,1,1,1,1,1,1
EReference eOpposite,1,1,1,1,1,1
EPackage eClassifiers,3,2,2
EDataType ePackage,1
EAttribute eType,1,1,1
EOperation eExceptions,7,4
EEnum eLiterals,1
EOperation eTypeParameters,3,1
EClass eStructuralFeatures,2,8,1,2
EGenericType eClassifier,1,1,1,1,1,1,1,1,1,1,1,1,1,1,1,1,1,1,1,1,1,1,1,1,1,1,1,1,1,1,1,1,1,1,1,1,1,1,1,1,1,1,1,1,1,1,1,1,1
EEnumLiteral eEnum,1
EReference eContainingClass,1,1,1,1,1,1
EEnum ePackage,1
EGenericType eUpperBound,1,1,1,1,1,1,1,1,1,1,1,1,1,1,1,1,1,1
EEnum eTypeParameters,2
EClass eSuperTypes,5,4,4,4,1
ETypeParameter eBounds,2,2,1,3,1,1
EClass ePackage,1,1,1,1,1
EPackage eSubpackages,2
EGenericType eLowerBound,1,1,1,1,1,1,1,1,1,1,1,1,1,1
EClass eOperations,2
EReference eType,1,1
EOperation eType,1,1
Node Type
EClass,EAttribute,EDataType,EGenericType,EOperation,EEnumLiteral,EEnum,EReference,EPackage,ETypeParameter
0.05,0.07,0.01,0.6400000000000003,0.02,0.01,0.01,0.060000000000000005,0.03,0.09999999999999999
Edge Type
eSuperPackage,eOperation,eUpperBound,eTypeParameter,eSubpackages,eType,eSuperTypes,eParameters,eOpposite,eKeys,eTypeArguments,eModelElement,eAnnotations,ePackage,eLowerBound,eLiterals,details,eStructuralFeatures,eClassifier,eClassifiers,eTypeParameters,eContainingClass,eBounds,eEnum,eOperations,eExceptions
0.007220216606498195,0.0,0.06498194945848375,0.20216606498194944,0.007220216606498195,0.02527075812274368,0.06498194945848375,0.0,0.021660649819494584,0.021660649819494584,0.07942238267148015,0.0,0.0,0.02527075812274368,0.05054151624548736,0.0036101083032490976,0.0,0.04693140794223827,0.17689530685920576,0.02527075812274368,0.036101083032490974,0.05415162454873646,0.036101083032490974,0.0036101083032490976,0.007220216606498195,0.039711191335740074
violations,6
