Meta Mode,ecore
Number of Edge types,26
Number Of Nodes,100
State Id,77_1
OutDegreeValue,0,1,2,3,4,5,6,9,10,11,12
OutDegreeCount,8,26,12,31,10,6,1,2,1,2,1
NAValue,1,2,3,4,5,6,7,8,10
NACount,3,28,15,34,14,1,2,1,2
MPCValue,0.00000,0.10371,0.33280,0.36299,0.46222,0.52000,0.58446,0.65000,0.65752,0.66560,0.66857,0.68760,0.69333,0.70154,0.70775,0.73125,0.73224,0.74880,0.75111,0.78000,0.80889,0.83200,0.83938,0.84122
MPCCount,3,1,2,1,1,24,1,5,1,1,1,1,9,1,1,1,1,5,3,25,4,6,1,1
Typed Out Degree
EGenericType eTypeParameter,1,1,1,1,1,1,1,1,1,1,1,1,1,1,1,1,1,1,1,1,1,1,1,1,1,1,1,1,1,1,1,1,1,1,1,1,1,1,1,1,1,1,1,1,1,1
EClass eTypeParameters,1,1
EPackage eSuperPackage,1,1,1,1
EGenericType eTypeArguments,1,1,1,1,1,1,1,1,1,1,2,1,1,1,1,1,1,1,1,1,1
EDataType eTypeParameters,4
EOperation eContainingClass,1,1,1,1
EReference eOpposite,1,1,1,1
EPackage eClassifiers,1,2,2,1,3
EDataType ePackage,1,1,1
EOperation eExceptions,7,7,6,8
EEnum eLiterals,1
EOperation eTypeParameters,1,1,1
EParameter eType,1
EClass eStructuralFeatures,1,3
EGenericType eClassifier,1,1,1,1,1,1,1,1,1,1,1,1,1,1,1,1,1,1,1,1,1,1,1,1,1,1,1,1,1,1,1,1,1,1,1,1,1,1,1,1,1,1,1,1,1,1,1,1,1,1,1,1,1,1,1,1,1,1,1
EEnumLiteral eEnum,1
EReference eContainingClass,1,1,1,1
EEnum ePackage,1,1
EGenericType eUpperBound,1,1,1,1,1,1,1,1,1,1,1,1,1,1,1,1,1,1
EEnum eTypeParameters,1
EClass eSuperTypes,4,2,4,4
ETypeParameter eBounds,3,1,1,1
EClass ePackage,1,1,1,1
EOperation eParameters,1,1,1
EPackage eSubpackages,1,3
EGenericType eLowerBound,1,1,1,1,1,1,1,1,1,1,1,1,1,1,1,1,1,1
EClass eOperations,2,2
EParameter eOperation,1,1,1
EReference eType,1
EOperation eType,1,1,1,1
Node Type
EClass,EDataType,EParameter,EGenericType,EOperation,EEnumLiteral,EEnum,EReference,EPackage,ETypeParameter
0.04,0.03,0.03,0.6400000000000003,0.04,0.01,0.02,0.04,0.05,0.09999999999999999
Edge Type
eSuperPackage,eOperation,eUpperBound,eTypeParameter,eSubpackages,eType,eSuperTypes,eParameters,eOpposite,eKeys,eTypeArguments,eModelElement,eAnnotations,ePackage,eLowerBound,eLiterals,details,eStructuralFeatures,eClassifier,eClassifiers,eTypeParameters,eContainingClass,eBounds,eEnum,eOperations,eExceptions
0.014234875444839857,0.010676156583629894,0.06405693950177936,0.16370106761565836,0.014234875444839857,0.021352313167259787,0.0498220640569395,0.010676156583629894,0.014234875444839857,0.0,0.07829181494661921,0.0,0.0,0.03202846975088968,0.06405693950177936,0.0035587188612099642,0.0,0.014234875444839857,0.2099644128113879,0.03202846975088968,0.03558718861209965,0.028469750889679714,0.021352313167259787,0.0035587188612099642,0.014234875444839857,0.099644128113879
violations,4
