Meta Mode,ecore
Number of Edge types,26
Number Of Nodes,100
State Id,78_1
OutDegreeValue,0,1,2,3,4,5,7,10
OutDegreeCount,5,29,10,36,15,3,1,1
NAValue,1,2,3,4,5,7,10
NACount,2,30,12,40,12,3,1
MPCValue,0.00000,0.20166,0.26413,0.33280,0.37143,0.39000,0.42931,0.46222,0.46694,0.52000,0.65000,0.66560,0.68640,0.69333,0.71433,0.74880,0.75111,0.76408,0.76960,0.78000,0.79444,0.80889,0.83200
MPCCount,2,1,1,1,1,1,1,2,1,27,2,1,1,5,1,7,2,1,1,30,1,1,9
Typed Out Degree
EGenericType eTypeParameter,1,1,1,1,1,1,1,1,1,1,1,1,1,1,1,1,1,1,1,1,1,1,1,1,1,1,1,1,1,1,1,1,1,1,1,1,1,1,1,1,1,1,1,1,1,1,1,1,1,1,1,1,1,1,1,1,1,1,1,1,1,1
EClass eTypeParameters,1
EPackage eSuperPackage,1,1
EGenericType eTypeArguments,1,1,1,1,1,1,1,1,1,1,1,1,1,1,1,1,1,1,2,1,1
EDataType eTypeParameters,1,1
EOperation eContainingClass,1
EAttribute eContainingClass,1,1
EReference eOpposite,1
EPackage eClassifiers,2,3,2
EDataType ePackage,1,1,1,1
EOperation eExceptions,5
EEnum eLiterals,2,1
EOperation eTypeParameters,2
EClass eStructuralFeatures,3
EGenericType eClassifier,1,1,1,1,1,1,1,1,1,1,1,1,1,1,1,1,1,1,1,1,1,1,1,1,1,1,1,1,1,1,1,1,1,1,1,1,1,1,1,1,1,1,1,1,1,1,1,1,1,1,1,1,1,1,1,1,1,1,1,1,1,1
EEnumLiteral eEnum,1,1,1
EReference eContainingClass,1
EEnum ePackage,1,1
EGenericType eUpperBound,1,1,1,1,1,1,1,1,1,1,1,1,1,1,1,1,1,1,1,1,1,1
EEnum eTypeParameters,2,1
EClass eSuperTypes,1
ETypeParameter eBounds,2,1,1,2,2
EClass ePackage,1
EOperation eParameters,1
EPackage eSubpackages,1,1
EGenericType eLowerBound,1,1,1,1,1,1,1,1,1,1,1,1,1,1,1,1,1,1,1,1,1,1
EClass eOperations,1
EParameter eOperation,1
EReference eType,1
EOperation eType,1
Node Type
EAttribute,EClass,EDataType,EParameter,EGenericType,EEnumLiteral,EOperation,EEnum,EReference,EPackage,ETypeParameter
0.02,0.01,0.04,0.01,0.7400000000000004,0.03,0.01,0.02,0.01,0.03,0.08
Edge Type
eSuperPackage,eOperation,eUpperBound,eTypeParameter,eSubpackages,eType,eSuperTypes,eParameters,eOpposite,eKeys,eTypeArguments,eModelElement,eAnnotations,ePackage,eLowerBound,eLiterals,details,eStructuralFeatures,eClassifier,eClassifiers,eTypeParameters,eContainingClass,eBounds,eEnum,eOperations,eExceptions
0.008032128514056224,0.004016064257028112,0.08835341365461848,0.24899598393574296,0.008032128514056224,0.008032128514056224,0.004016064257028112,0.004016064257028112,0.004016064257028112,0.0,0.08835341365461848,0.0,0.0,0.028112449799196786,0.08835341365461848,0.012048192771084338,0.0,0.012048192771084338,0.24899598393574296,0.028112449799196786,0.0321285140562249,0.01606425702811245,0.0321285140562249,0.012048192771084338,0.004016064257028112,0.020080321285140562
violations,1
