Meta Mode,ecore
Number of Edge types,26
Number Of Nodes,100
State Id,79_1
OutDegreeValue,0,1,2,3,4,5,9,10,11,12,16
OutDegreeCount,10,26,18,25,7,6,1,3,1,1,2
NAValue,1,2,3,4,5,6,7,8,9
NACount,4,27,17,35,6,2,3,4,2
MPCValue,0.00000,0.28889,0.39000,0.41744,0.46222,0.51358,0.52000,0.58240,0.63556,0.65000,0.66560,0.69333,0.70154,0.71500,0.71955,0.74880,0.75111,0.76194,0.76960,0.78000,0.78464,0.78874,0.81184,0.81250,0.83200,0.84741,0.84898,0.87669,0.87822
MPCCount,4,1,2,2,1,1,25,1,1,3,1,10,1,2,1,6,2,1,2,23,1,1,1,1,2,1,1,1,1
Typed Out Degree
EGenericType eTypeParameter,1,1,1,1,1,1,1,1,1,1,1,1,1,1,1,1,1,1,1,1,1,1,1,1,1,1,1,1,1,1,1,1,1,1,1,1,1,1,1
EClass eTypeParameters,1,3,1,2
EPackage eSuperPackage,1,1,1,1,1,1
EGenericType eTypeArguments,1,1,2,1,1,1,1,1,1,1
EDataType eTypeParameters,1,1
EOperation eContainingClass,1,1,1
EAttribute eContainingClass,1,1
EReference eOpposite,1,1,1,1,1,1,1
EPackage eClassifiers,3,1,1,1,3,3,2
EDataType ePackage,1,1,1
EOperation eExceptions,13,7,13
EEnum eLiterals,2,3,1
EOperation eTypeParameters,1,1,1
EClass eStructuralFeatures,2,2,1,3,1
EGenericType eClassifier,1,1,1,1,1,1,1,1,1,1,1,1,1,1,1,1,1,1,1,1,1,1,1,1,1,1,1,1,1,1,1,1,1
EEnumLiteral eEnum,1,1,1,1,1,1
EReference eContainingClass,1,1,1,1,1,1,1
EEnum ePackage,1,1,1,1,1
EGenericType eUpperBound,1,1,1,1,1,1,1,1,1
EEnum eTypeParameters,1,1,4
EClass eSuperTypes,5,6,4,5,5,6
ETypeParameter eBounds,1,1,2,2,1,1,1,1,2
EClass ePackage,1,1,1,1,1,1
EOperation eParameters,1
EPackage eSubpackages,1,2,1,1,1
EGenericType eLowerBound,1,1,1,1,1,1,1,1,1,1
EClass eOperations,1,2
EParameter eOperation,1
EReference eType,1,1,1,1,1
EOperation eType,1,1,1
Node Type
EClass,EAttribute,EDataType,EParameter,EGenericType,EOperation,EEnumLiteral,EEnum,EReference,ETypeParameter,EPackage
0.060000000000000005,0.02,0.03,0.01,0.4200000000000002,0.03,0.060000000000000005,0.05,0.07,0.18000000000000002,0.07
Edge Type
eSuperPackage,eOperation,eUpperBound,eTypeParameter,eSubpackages,eType,eSuperTypes,eParameters,eOpposite,eKeys,eTypeArguments,eModelElement,eAnnotations,ePackage,eLowerBound,eLiterals,details,eStructuralFeatures,eClassifier,eClassifiers,eTypeParameters,eContainingClass,eBounds,eEnum,eOperations,eExceptions
0.020761245674740483,0.0034602076124567475,0.031141868512110725,0.13494809688581316,0.020761245674740483,0.02768166089965398,0.10726643598615918,0.0034602076124567475,0.02422145328719723,0.0,0.03806228373702422,0.0,0.0,0.04844290657439446,0.03460207612456748,0.020761245674740483,0.0,0.031141868512110725,0.11418685121107267,0.04844290657439446,0.06228373702422145,0.04152249134948097,0.04152249134948097,0.020761245674740483,0.010380622837370242,0.11418685121107267
violations,6
