Meta Mode,ecore
Number of Edge types,26
Number Of Nodes,100
State Id,7_1
OutDegreeValue,0,1,2,3,4,5,6,9,14
OutDegreeCount,8,20,20,34,12,2,2,1,1
NAValue,1,2,3,4,5,6,7,9
NACount,3,25,17,39,9,3,3,1
MPCValue,0.00000,0.22750,0.25469,0.28889,0.39000,0.41889,0.46222,0.52000,0.54542,0.54889,0.55250,0.61538,0.65000,0.65812,0.66560,0.68760,0.69333,0.71500,0.74880,0.75111,0.76395,0.77355,0.78000,0.78321,0.80889,0.83200,0.84861
MPCCount,3,1,1,1,1,3,1,20,1,1,2,1,3,1,1,1,8,1,4,1,1,1,33,1,1,6,1
Typed Out Degree
EGenericType eTypeParameter,1,1,1,1,1,1,1,1,1,1,1,1,1,1,1,1,1,1,1,1,1,1,1,1,1,1,1,1,1,1,1,1,1,1,1,1,1,1,1,1,1,1,1,1,1,1,1,1,1,1,1,1,1,1,1,1,1,1,1,1,1,1
EClass eTypeParameters,2,2
EPackage eSuperPackage,1,1
EGenericType eTypeArguments,1,1,1,1,1,1,1,1,1,1,1,1,1,1,1,1,1
EDataType eTypeParameters,1,3,2,1
EOperation eContainingClass,1
EReference eOpposite,1,1,1
EPackage eClassifiers,3,4,1
EDataType ePackage,1,1,1,1
EOperation eExceptions,8
EEnum eLiterals,1
EOperation eTypeParameters,1
EParameter eType,1,1
EClass eStructuralFeatures,1,2
EGenericType eClassifier,1,1,1,1,1,1,1,1,1,1,1,1,1,1,1,1,1,1,1,1,1,1,1,1,1,1,1,1,1,1,1,1,1,1,1,1,1,1,1,1,1,1,1,1,1,1,1,1,1,1,1,1,1
EEnumLiteral eEnum,1
EReference eContainingClass,1,1,1
EEnum ePackage,1
EGenericType eUpperBound,1,1,1,1,1,1,1,1,1,1,1,1,1,1,1,1,1,1,1,1,1
EEnum eTypeParameters,1
EClass eSuperTypes,3,3,3
ETypeParameter eBounds,2,2,2,2,2,2
EClass ePackage,1,1,1
EOperation eParameters,3
EPackage eSubpackages,2
EGenericType eLowerBound,1,1,1,1,1,1,1,1,1,1,1,1,1,1,1,1,1,1
EClass eOperations,1
EParameter eOperation,1,1,1
EOperation eType,1
Node Type
EClass,EDataType,EParameter,EGenericType,EEnumLiteral,EOperation,EEnum,EReference,ETypeParameter,EPackage
0.03,0.04,0.03,0.6800000000000004,0.01,0.01,0.01,0.03,0.12999999999999998,0.03
Edge Type
eSuperPackage,eOperation,eUpperBound,eTypeParameter,eSubpackages,eType,eSuperTypes,eParameters,eOpposite,eKeys,eTypeArguments,eModelElement,eAnnotations,ePackage,eLowerBound,eLiterals,details,eStructuralFeatures,eClassifier,eClassifiers,eTypeParameters,eContainingClass,eBounds,eEnum,eOperations,eExceptions
0.00784313725490196,0.011764705882352941,0.08235294117647059,0.24313725490196078,0.00784313725490196,0.011764705882352941,0.03529411764705882,0.011764705882352941,0.011764705882352941,0.0,0.06666666666666667,0.0,0.0,0.03137254901960784,0.07058823529411765,0.00392156862745098,0.0,0.011764705882352941,0.20784313725490197,0.03137254901960784,0.050980392156862744,0.01568627450980392,0.047058823529411764,0.00392156862745098,0.00392156862745098,0.03137254901960784
violations,3
