Meta Mode,ecore
Number of Edge types,26
Number Of Nodes,100
State Id,80_1
OutDegreeValue,0,1,2,3,4,5,6,8,11
OutDegreeCount,6,29,16,25,16,3,3,1,1
NAValue,1,2,3,4,5,6,7,10
NACount,1,33,14,31,16,3,1,1
MPCValue,0.00000,0.12942,0.17190,0.25469,0.26531,0.30173,0.41977,0.46222,0.52000,0.54889,0.61538,0.65000,0.67041,0.68760,0.69333,0.71500,0.72163,0.74880,0.75111,0.75562,0.76408,0.78000,0.80889,0.83200,0.84308
MPCCount,1,1,1,1,1,1,1,1,29,1,1,1,1,1,11,1,1,6,2,1,2,22,3,8,1
Typed Out Degree
EGenericType eTypeParameter,1,1,1,1,1,1,1,1,1,1,1,1,1,1,1,1,1,1,1,1,1,1,1,1,1,1,1,1,1,1,1,1,1,1,1,1,1,1,1,1,1,1,1,1,1,1,1,1,1,1,1,1,1,1,1,1,1,1,1,1
EClass eTypeParameters,1
EPackage eSuperPackage,1,1
EGenericType eTypeArguments,3,1,1,1,2,2,1,1,1,1,3,1,1,1,1,1,1,1,1
EDataType eTypeParameters,1,1,1,2
EOperation eContainingClass,1
EAttribute eContainingClass,1,1,1
EReference eOpposite,1
EPackage eClassifiers,4,3,2
EDataType ePackage,1,1,1,1,1
EAttribute eType,1
EOperation eExceptions,7
EParameter eType,1
EClass eStructuralFeatures,1,3
EGenericType eClassifier,1,1,1,1,1,1,1,1,1,1,1,1,1,1,1,1,1,1,1,1,1,1,1,1,1,1,1,1,1,1,1,1,1,1,1,1,1,1,1,1,1,1,1,1,1,1,1,1,1,1,1,1,1,1,1,1,1,1,1,1
EReference eContainingClass,1
EEnum ePackage,1
EGenericType eUpperBound,1,1,1,1,1,1,1,1,1,1,1,1,1,1,1,1,1,1,1,1,1,1,1,1,1
EEnum eTypeParameters,2
EClass eSuperTypes,2,2
ETypeParameter eBounds,1,2,1
EClass ePackage,1,1,1
EOperation eParameters,2
EPackage eSubpackages,1,1
EGenericType eLowerBound,1,1,1,1,1,1,1,1,1,1,1,1,1,1,1,1,1,1,1
EClass eOperations,1
EParameter eOperation,1,1
EOperation eType,1
Node Type
EAttribute,EClass,EDataType,EParameter,EGenericType,EOperation,EEnum,EReference,ETypeParameter,EPackage
0.03,0.03,0.05,0.02,0.7300000000000004,0.01,0.01,0.01,0.08,0.03
Edge Type
eSuperPackage,eOperation,eUpperBound,eTypeParameter,eSubpackages,eType,eSuperTypes,eParameters,eOpposite,eKeys,eTypeArguments,eModelElement,eAnnotations,ePackage,eLowerBound,eLiterals,details,eStructuralFeatures,eClassifier,eClassifiers,eTypeParameters,eContainingClass,eBounds,eEnum,eOperations,eExceptions
0.007936507936507936,0.007936507936507936,0.0992063492063492,0.23809523809523808,0.007936507936507936,0.011904761904761904,0.015873015873015872,0.007936507936507936,0.003968253968253968,0.0,0.0992063492063492,0.0,0.0,0.03571428571428571,0.07539682539682539,0.0,0.0,0.015873015873015872,0.23809523809523808,0.03571428571428571,0.031746031746031744,0.01984126984126984,0.015873015873015872,0.0,0.003968253968253968,0.027777777777777776
violations,2
