Meta Mode,ecore
Number of Edge types,26
Number Of Nodes,100
State Id,81_1
OutDegreeValue,0,1,2,3,4,5,6,7,9,10,11,14,16,17,22
OutDegreeCount,16,23,19,19,8,3,1,1,1,3,1,1,2,1,1
NAValue,1,2,3,4,5,6,7,8,9,10
NACount,9,21,21,27,9,4,4,1,3,1
MPCValue,0.00000,0.30815,0.32388,0.39000,0.46222,0.48148,0.52000,0.58240,0.59429,0.63556,0.63673,0.65000,0.68250,0.69333,0.70775,0.71500,0.72308,0.73306,0.74880,0.75111,0.75213,0.75385,0.77469,0.77653,0.78000,0.79040,0.79074,0.80653,0.80889,0.81813,0.82248,0.82512,0.83200
MPCCount,9,1,1,1,4,1,16,1,1,1,1,4,1,15,1,2,1,1,3,3,1,1,1,1,15,1,2,3,1,1,1,1,3
Typed Out Degree
EGenericType eTypeParameter,1,1,1,1,1,1,1,1,1,1,1,1,1,1,1,1,1,1,1,1,1,1,1,1,1,1,1,1,1,1,1,1,1
EClass eTypeParameters,1,2,2,5,1
EPackage eSuperPackage,1,1,1,1
EGenericType eTypeArguments,1,1,1,1,1,1,2,1,2,1,1
EReference eKeys,2,2,1,2
EDataType eTypeParameters,1,1,2,1
EOperation eContainingClass,1,1,1,1
EAttribute eContainingClass,1,1,1
EReference eOpposite,1,1,1,1
EPackage eClassifiers,2,4,4,3,2
EDataType ePackage,1,1,1,1
EAttribute eType,1,1
EOperation eExceptions,13,15,14,13
EEnum eLiterals,1,1
EOperation eTypeParameters,4
EParameter eType,1,1
EClass eStructuralFeatures,1,2,1,1,2
EGenericType eClassifier,1,1,1,1,1,1,1,1,1,1,1,1,1,1,1,1,1,1,1,1,1,1,1,1,1,1,1,1,1,1,1
EEnumLiteral eEnum,1,1
EReference eContainingClass,1,1,1,1
EEnum ePackage,1,1,1,1,1
EGenericType eUpperBound,1,1,1,1,1
EEnum eTypeParameters,3,1
EClass eSuperTypes,6,6,6,6,6,6
ETypeParameter eBounds,1,1,1,2,1,1,1,1,2,1,1
EClass ePackage,1,1,1,1,1,1
EOperation eParameters,3,1
EPackage eSubpackages,3,1
EGenericType eLowerBound,1,1,1,1,1,1,1,1
EClass eOperations,1,1,2
EParameter eOperation,1,1,1,1
EReference eType,1,1,1,1
EOperation eType,1,1,1,1
Node Type
EClass,EAttribute,EDataType,EParameter,EGenericType,EEnumLiteral,EOperation,EEnum,EReference,EPackage,ETypeParameter
0.060000000000000005,0.03,0.04,0.04,0.3900000000000002,0.02,0.04,0.05,0.04,0.05,0.24000000000000007
Edge Type
eSuperPackage,eOperation,eUpperBound,eTypeParameter,eSubpackages,eType,eSuperTypes,eParameters,eOpposite,eKeys,eTypeArguments,eModelElement,eAnnotations,ePackage,eLowerBound,eLiterals,details,eStructuralFeatures,eClassifier,eClassifiers,eTypeParameters,eContainingClass,eBounds,eEnum,eOperations,eExceptions
0.012779552715654952,0.012779552715654952,0.01597444089456869,0.10543130990415335,0.012779552715654952,0.038338658146964855,0.11501597444089456,0.012779552715654952,0.012779552715654952,0.022364217252396165,0.04153354632587859,0.0,0.0,0.04792332268370607,0.025559105431309903,0.006389776357827476,0.0,0.022364217252396165,0.09904153354632587,0.04792332268370607,0.07667731629392971,0.03514376996805112,0.04153354632587859,0.006389776357827476,0.012779552715654952,0.1757188498402556
violations,6
