Meta Mode,ecore
Number of Edge types,26
Number Of Nodes,100
State Id,82_1
OutDegreeValue,0,1,2,3,4,5,6,7,8,13,17
OutDegreeCount,8,27,12,29,10,4,2,3,2,2,1
NAValue,1,2,3,4,5,6,7,8,9
NACount,1,30,14,36,10,2,3,2,2
MPCValue,0.00000,0.20543,0.33280,0.38519,0.39000,0.46222,0.46694,0.48816,0.49920,0.52000,0.65000,0.66560,0.68640,0.69333,0.70154,0.71500,0.72313,0.72800,0.73185,0.74880,0.75111,0.77469,0.78000,0.78639,0.79539,0.80889,0.83200,0.85973
MPCCount,1,1,1,1,3,1,1,2,1,24,4,1,1,7,1,1,1,1,1,8,3,1,25,1,1,3,3,1
Typed Out Degree
EGenericType eTypeParameter,1,1,1,1,1,1,1,1,1,1,1,1,1,1,1,1,1,1,1,1,1,1,1,1,1,1,1,1,1,1,1,1,1,1,1,1,1,1,1,1,1,1,1,1,1,1
EPackage eSuperPackage,1,1,1,1
EGenericType eTypeArguments,1,1,1,1,1,1,1,1,2,1,1,1,1,1,1
EDataType eTypeParameters,3,1
EOperation eContainingClass,1,1,1,1
EAttribute eContainingClass,1
EReference eOpposite,1,1,1
EPackage eClassifiers,1,4,4,2,2
EDataType ePackage,1,1,1,1
EOperation eExceptions,10,10,4,11
EEnum eLiterals,1,3
EOperation eTypeParameters,1,1,1,2
EClass eStructuralFeatures,1,1,1,1
EGenericType eClassifier,1,1,1,1,1,1,1,1,1,1,1,1,1,1,1,1,1,1,1,1,1,1,1,1,1,1,1,1,1,1,1,1,1,1,1,1,1,1,1,1,1,1,1,1,1,1,1,1,1,1
EEnumLiteral eEnum,1,1,1,1
EReference eContainingClass,1,1,1
EEnum ePackage,1,1,1,1
EGenericType eUpperBound,1,1,1,1,1,1,1,1,1,1,1,1,1,1,1,1
EEnum eTypeParameters,1,1,1,1
EClass eSuperTypes,4,5,5,3,4
ETypeParameter eBounds,1,1,1,1,4
EClass ePackage,1,1,1,1,1
EOperation eParameters,2
EPackage eSubpackages,2,2
EGenericType eLowerBound,1,1,1,1,1,1,1,1,1,1,1,1,1,1,1
EClass eOperations,1,1,1,1
EParameter eOperation,1,1
EReference eType,1
EOperation eType,1,1,1,1
Node Type
EClass,EAttribute,EDataType,EParameter,EGenericType,EEnumLiteral,EOperation,EEnum,EReference,EPackage,ETypeParameter
0.05,0.01,0.04,0.02,0.5500000000000003,0.04,0.04,0.04,0.03,0.05,0.12999999999999998
Edge Type
eSuperPackage,eOperation,eUpperBound,eTypeParameter,eSubpackages,eType,eSuperTypes,eParameters,eOpposite,eKeys,eTypeArguments,eModelElement,eAnnotations,ePackage,eLowerBound,eLiterals,details,eStructuralFeatures,eClassifier,eClassifiers,eTypeParameters,eContainingClass,eBounds,eEnum,eOperations,eExceptions
0.013793103448275862,0.006896551724137931,0.05517241379310345,0.15862068965517243,0.013793103448275862,0.017241379310344827,0.07241379310344828,0.006896551724137931,0.010344827586206896,0.0,0.05517241379310345,0.0,0.0,0.04482758620689655,0.05172413793103448,0.013793103448275862,0.0,0.013793103448275862,0.1724137931034483,0.04482758620689655,0.04482758620689655,0.027586206896551724,0.027586206896551724,0.013793103448275862,0.013793103448275862,0.1206896551724138
violations,5
