Meta Mode,ecore
Number of Edge types,26
Number Of Nodes,100
State Id,83_1
OutDegreeValue,0,1,2,3,4,5,6,8
OutDegreeCount,8,27,9,33,18,3,1,1
NAValue,1,2,3,4,5,6,7,8,9
NACount,4,31,10,41,8,2,2,1,1
MPCValue,0.00000,0.12942,0.17190,0.20543,0.31668,0.33488,0.43333,0.46222,0.52000,0.53584,0.65000,0.68023,0.68250,0.69333,0.72800,0.74880,0.75111,0.75804,0.76408,0.78000,0.80889,0.83200,0.86667
MPCCount,4,1,1,1,1,1,1,1,27,1,1,1,1,7,1,10,1,1,1,30,1,5,1
Typed Out Degree
EGenericType eTypeParameter,1,1,1,1,1,1,1,1,1,1,1,1,1,1,1,1,1,1,1,1,1,1,1,1,1,1,1,1,1,1,1,1,1,1,1,1,1,1,1,1,1,1,1,1,1,1,1,1,1,1,1,1,1,1,1,1,1,1,1,1,1,1,1,1,1
EClass eTypeParameters,1
EPackage eSuperPackage,1,1
EGenericType eTypeArguments,1,1,1,1,1,1,1,1,1,1,1,2,1,1,1,1,1,1,1,1,1,3,1,2,1,1
EDataType eTypeParameters,3
EOperation eContainingClass,1
EAttribute eContainingClass,1
EPackage eClassifiers,2,2,1
EDataType ePackage,1
EOperation eExceptions,5
EEnum eLiterals,1,2,1
EClass eStructuralFeatures,1
EGenericType eClassifier,1,1,1,1,1,1,1,1,1,1,1,1,1,1,1,1,1,1,1,1,1,1,1,1,1,1,1,1,1,1,1,1,1,1,1,1,1,1,1,1,1,1,1,1,1,1,1,1,1,1,1,1,1,1,1,1,1,1,1,1
EEnumLiteral eEnum,1,1,1,1
EEnum ePackage,1,1,1
EGenericType eUpperBound,1,1,1,1,1,1,1,1,1,1,1,1,1,1,1,1,1,1,1,1,1,1
EEnum eTypeParameters,1,1,1
EClass eSuperTypes,1
ETypeParameter eBounds,3,1,2
EClass ePackage,1
EOperation eParameters,1
EPackage eSubpackages,2
EGenericType eLowerBound,1,1,1,1,1,1,1,1,1,1,1,1,1,1,1,1,1,1,1,1
EClass eOperations,1
EParameter eOperation,1
EOperation eType,1
Node Type
EClass,EAttribute,EDataType,EParameter,EGenericType,EEnumLiteral,EOperation,EEnum,ETypeParameter,EPackage
0.01,0.01,0.01,0.01,0.7800000000000005,0.04,0.01,0.03,0.07,0.03
Edge Type
eSuperPackage,eOperation,eUpperBound,eTypeParameter,eSubpackages,eType,eSuperTypes,eParameters,eOpposite,eKeys,eTypeArguments,eModelElement,eAnnotations,ePackage,eLowerBound,eLiterals,details,eStructuralFeatures,eClassifier,eClassifiers,eTypeParameters,eContainingClass,eBounds,eEnum,eOperations,eExceptions
0.00816326530612245,0.004081632653061225,0.08979591836734693,0.2653061224489796,0.00816326530612245,0.004081632653061225,0.004081632653061225,0.004081632653061225,0.0,0.0,0.12244897959183673,0.0,0.0,0.02040816326530612,0.08163265306122448,0.0163265306122449,0.0,0.004081632653061225,0.24489795918367346,0.02040816326530612,0.02857142857142857,0.00816326530612245,0.024489795918367346,0.0163265306122449,0.004081632653061225,0.02040816326530612
violations,1
