Meta Mode,ecore
Number of Edge types,26
Number Of Nodes,100
State Id,84_1
OutDegreeValue,0,1,2,3,4,5,7,8
OutDegreeCount,8,26,16,32,13,3,1,1
NAValue,1,2,3,4,5,6
NACount,2,31,16,43,5,3
MPCValue,0.00000,0.24960,0.25469,0.28889,0.33280,0.38519,0.39000,0.39385,0.41889,0.46413,0.52000,0.55250,0.63556,0.68000,0.68760,0.69333,0.71500,0.72163,0.74880,0.75111,0.78000,0.80889,0.83200
MPCCount,2,1,1,1,2,1,2,1,1,1,25,1,1,1,1,12,1,1,8,1,30,1,4
Typed Out Degree
EGenericType eTypeParameter,1,1,1,1,1,1,1,1,1,1,1,1,1,1,1,1,1,1,1,1,1,1,1,1,1,1,1,1,1,1,1,1,1,1,1,1,1,1,1,1,1,1,1,1,1,1,1,1,1,1,1,1,1,1,1,1,1,1,1,1,1,1,1,1,1
EEnum ePackage,1,1,1
EGenericType eUpperBound,1,1,1,1,1,1,1,1,1,1,1,1,1,1,1,1,1,1,1,1,1,1,1,1,1
EEnum eTypeParameters,5,2,1
EPackage eSuperPackage,1
EGenericType eTypeArguments,1,2,1,1,1,1,1,1,1,1,1,1,1,1,2
ETypeParameter eBounds,2,2,2,2,1,1
EDataType eTypeParameters,4,1
EPackage eSubpackages,1
EPackage eClassifiers,3,2
EDataType ePackage,1,1
EGenericType eLowerBound,1,1,1,1,1,1,1,1,1,1,1,1,1,1,1,1,1,1,1,1,1
EEnum eLiterals,2,4,1
EGenericType eClassifier,1,1,1,1,1,1,1,1,1,1,1,1,1,1,1,1,1,1,1,1,1,1,1,1,1,1,1,1,1,1,1,1,1,1,1,1,1,1,1,1,1,1,1,1,1,1,1,1,1,1,1,1,1,1,1,1,1,1,1
EEnumLiteral eEnum,1,1,1,1,1,1,1
Node Type
EDataType,EGenericType,EEnumLiteral,EEnum,EPackage,ETypeParameter
0.02,0.7300000000000004,0.07,0.03,0.02,0.12999999999999998
Edge Type
eSuperPackage,eOperation,eUpperBound,eTypeParameter,eSubpackages,eType,eSuperTypes,eParameters,eOpposite,eKeys,eTypeArguments,eModelElement,eAnnotations,ePackage,eLowerBound,eLiterals,details,eStructuralFeatures,eClassifier,eClassifiers,eTypeParameters,eContainingClass,eBounds,eEnum,eOperations,eExceptions
0.00423728813559322,0.0,0.1059322033898305,0.2754237288135593,0.00423728813559322,0.0,0.0,0.0,0.0,0.0,0.07203389830508475,0.0,0.0,0.0211864406779661,0.08898305084745763,0.029661016949152543,0.0,0.0,0.25,0.0211864406779661,0.05508474576271186,0.0,0.0423728813559322,0.029661016949152543,0.0,0.0
violations,0
