Meta Mode,ecore
Number of Edge types,26
Number Of Nodes,100
State Id,85_1
OutDegreeValue,0,1,2,3,4,5,7,8,11
OutDegreeCount,6,29,22,24,11,2,3,1,2
NAValue,1,2,3,4,5,6,7,8,9
NACount,3,27,20,32,8,5,2,2,1
MPCValue,0.00000,0.32661,0.44694,0.46222,0.46694,0.52000,0.55250,0.58240,0.65000,0.66560,0.68760,0.69333,0.70154,0.71500,0.73224,0.73846,0.74469,0.74880,0.75111,0.78000,0.79605,0.80889,0.81250,0.83200,0.83688,0.84537,0.85049,0.85231
MPCCount,3,1,1,3,1,25,1,2,3,1,1,9,1,1,1,1,1,1,1,29,1,1,2,5,1,1,1,1
Typed Out Degree
EGenericType eTypeParameter,1,1,1,1,1,1,1,1,1,1,1,1,1,1,1,1,1,1,1,1,1,1,1,1,1,1,1,1,1,1,1,1,1,1,1,1,1,1,1,1,1,1,1,1,1
EClass eTypeParameters,4,1
EPackage eSuperPackage,1,1,1
EGenericType eTypeArguments,2,1,1,1,2,1,1,1,1,1,1,1,2,1
EReference eKeys,4
EDataType eTypeParameters,1,3,1,1
EOperation eContainingClass,1
EAttribute eContainingClass,1,1,1,1,1
EReference eOpposite,1,1,1
EPackage eClassifiers,1,2,5,3
EDataType ePackage,1,1,1,1
EAttribute eType,1,1,1,1,1
EOperation eExceptions,7
EEnum eLiterals,2,2,1,2
EOperation eTypeParameters,1
EClass eStructuralFeatures,3,4,1
EGenericType eClassifier,1,1,1,1,1,1,1,1,1,1,1,1,1,1,1,1,1,1,1,1,1,1,1,1,1,1,1,1,1,1,1,1,1,1,1,1,1,1,1,1,1,1,1,1,1
EEnumLiteral eEnum,1,1,1,1,1,1,1
EReference eContainingClass,1,1,1
EEnum ePackage,1,1,1,1
EGenericType eUpperBound,1,1,1,1,1,1,1,1,1,1,1,1,1
EEnum eTypeParameters,1,1
EClass eSuperTypes,3,3,3
ETypeParameter eBounds,1,1,2,2,1,2,1,1,1
EClass ePackage,1,1,1
EOperation eParameters,1
EPackage eSubpackages,1,2
EGenericType eLowerBound,1,1,1,1,1,1,1,1,1,1,1,1
EClass eOperations,1
EParameter eOperation,1
EReference eType,1
EOperation eType,1
Node Type
EAttribute,EClass,EDataType,EParameter,EGenericType,EEnumLiteral,EOperation,EEnum,EReference,EPackage,ETypeParameter
0.05,0.03,0.04,0.01,0.5400000000000003,0.07,0.01,0.04,0.03,0.04,0.13999999999999999
Edge Type
eSuperPackage,eOperation,eUpperBound,eTypeParameter,eSubpackages,eType,eSuperTypes,eParameters,eOpposite,eKeys,eTypeArguments,eModelElement,eAnnotations,ePackage,eLowerBound,eLiterals,details,eStructuralFeatures,eClassifier,eClassifiers,eTypeParameters,eContainingClass,eBounds,eEnum,eOperations,eExceptions
0.012,0.004,0.052,0.18,0.012,0.028,0.036,0.004,0.012,0.016,0.068,0.0,0.0,0.044,0.048,0.028,0.0,0.032,0.18,0.044,0.056,0.036,0.048,0.028,0.004,0.028
violations,3
