Meta Mode,ecore
Number of Edge types,26
Number Of Nodes,100
State Id,86_1
OutDegreeValue,0,1,2,3,4,5,6
OutDegreeCount,7,25,12,37,13,5,1
NAValue,1,2,3,4,5,6,7
NACount,3,29,14,43,9,1,1
MPCValue,0.00000,0.13796,0.18720,0.25469,0.28809,0.30173,0.38519,0.39000,0.46222,0.48286,0.49781,0.52000,0.60844,0.65000,0.68250,0.69333,0.71500,0.74880,0.75111,0.78000,0.80889,0.83200
MPCCount,3,1,1,1,1,1,1,1,1,1,1,24,1,3,1,8,1,6,3,32,3,5
Typed Out Degree
EReference eContainingClass,1
EGenericType eTypeParameter,1,1,1,1,1,1,1,1,1,1,1,1,1,1,1,1,1,1,1,1,1,1,1,1,1,1,1,1,1,1,1,1,1,1,1,1,1,1,1,1,1,1,1,1,1,1,1,1,1,1,1,1,1,1,1,1,1,1,1,1,1,1,1,1,1,1,1,1,1
EEnum ePackage,1,1
EClass eTypeParameters,3
EGenericType eUpperBound,1,1,1,1,1,1,1,1,1,1,1,1,1,1,1,1,1,1,1,1,1,1,1
EEnum eTypeParameters,2
EPackage eSuperPackage,1,1
EClass eSuperTypes,1
EGenericType eTypeArguments,1,1,1,1,1,1,1,1,2,1,1,1,1,2,2,1,1,1,1,1,1,1,1,2
ETypeParameter eBounds,2,2,1
EClass ePackage,1,1
EDataType eTypeParameters,2
EPackage eSubpackages,1,1
EReference eOpposite,1
EPackage eClassifiers,2,3,1
EDataType ePackage,1,1
EGenericType eLowerBound,1,1,1,1,1,1,1,1,1,1,1,1,1,1,1,1,1,1,1,1,1,1
EEnum eLiterals,3,2
EClass eStructuralFeatures,1
EGenericType eClassifier,1,1,1,1,1,1,1,1,1,1,1,1,1,1,1,1,1,1,1,1,1,1,1,1,1,1,1,1,1,1,1,1,1,1,1,1,1,1,1,1,1,1,1,1,1,1,1,1,1,1,1,1,1,1,1,1,1,1,1
EEnumLiteral eEnum,1,1,1,1,1
Node Type
EClass,EDataType,EGenericType,EEnumLiteral,EEnum,EReference,ETypeParameter,EPackage
0.02,0.02,0.7800000000000005,0.05,0.02,0.01,0.07,0.03
Edge Type
eSuperPackage,eOperation,eUpperBound,eTypeParameter,eSubpackages,eType,eSuperTypes,eParameters,eOpposite,eKeys,eTypeArguments,eModelElement,eAnnotations,ePackage,eLowerBound,eLiterals,details,eStructuralFeatures,eClassifier,eClassifiers,eTypeParameters,eContainingClass,eBounds,eEnum,eOperations,eExceptions
0.00823045267489712,0.0,0.09465020576131687,0.2839506172839506,0.00823045267489712,0.0,0.00411522633744856,0.0,0.00411522633744856,0.0,0.11522633744855967,0.0,0.0,0.024691358024691357,0.09053497942386832,0.0205761316872428,0.0,0.00411522633744856,0.24279835390946503,0.024691358024691357,0.02880658436213992,0.00411522633744856,0.0205761316872428,0.0205761316872428,0.0,0.0
violations,1
