Meta Mode,ecore
Number of Edge types,26
Number Of Nodes,100
State Id,87_1
OutDegreeValue,0,1,2,3,4,5,6,9
OutDegreeCount,5,30,16,29,16,2,1,1
NAValue,1,2,3,4,5,6
NACount,2,30,18,37,11,2
MPCValue,0.00000,0.20543,0.25469,0.26413,0.33280,0.42640,0.44694,0.51358,0.52000,0.60125,0.65000,0.67232,0.68640,0.69333,0.73917,0.74880,0.75111,0.78000,0.80889,0.83200
MPCCount,2,1,1,1,1,1,1,1,29,1,1,1,1,12,1,6,6,23,2,8
Typed Out Degree
EGenericType eTypeParameter,1,1,1,1,1,1,1,1,1,1,1,1,1,1,1,1,1,1,1,1,1,1,1,1,1,1,1,1,1,1,1,1,1,1,1,1,1,1,1,1,1,1,1,1,1,1,1,1,1,1,1,1,1,1,1,1,1,1,1,1
EEnum ePackage,1,1,1,1,1,1
EClass eTypeParameters,1
EGenericType eUpperBound,1,1,1,1,1,1,1,1,1,1,1,1,1,1,1,1,1
EEnum eTypeParameters,1,2,3
EPackage eSuperPackage,1,1,1,1,1,1
EClass eSuperTypes,2,2
EGenericType eTypeArguments,2,1,1,1,1,1,1,1,2,1,1,1,1,1,1,2,1,2
ETypeParameter eBounds,2,1,2,1,1,2
EClass ePackage,1,1
EDataType eTypeParameters,3
EPackage eSubpackages,4,1,1
EPackage eClassifiers,2,1,2,1,2,2
EDataType ePackage,1,1
EGenericType eLowerBound,1,1,1,1,1,1,1,1,1,1,1,1,1,1,1,1,1
EEnum eLiterals,1,1,5,1
EGenericType eClassifier,1,1,1,1,1,1,1,1,1,1,1,1,1,1,1,1,1,1,1,1,1,1,1,1,1,1,1,1,1,1,1,1,1,1,1,1,1,1,1,1,1,1,1,1,1,1,1,1,1,1,1
EEnumLiteral eEnum,1,1,1,1,1,1,1,1
Node Type
EClass,EDataType,EGenericType,EEnumLiteral,EEnum,ETypeParameter,EPackage
0.02,0.02,0.6500000000000004,0.08,0.060000000000000005,0.09999999999999999,0.07
Edge Type
eSuperPackage,eOperation,eUpperBound,eTypeParameter,eSubpackages,eType,eSuperTypes,eParameters,eOpposite,eKeys,eTypeArguments,eModelElement,eAnnotations,ePackage,eLowerBound,eLiterals,details,eStructuralFeatures,eClassifier,eClassifiers,eTypeParameters,eContainingClass,eBounds,eEnum,eOperations,eExceptions
0.025210084033613446,0.0,0.07142857142857142,0.25210084033613445,0.025210084033613446,0.0,0.01680672268907563,0.0,0.0,0.0,0.09243697478991597,0.0,0.0,0.04201680672268908,0.07142857142857142,0.03361344537815126,0.0,0.0,0.21428571428571427,0.04201680672268908,0.04201680672268908,0.0,0.037815126050420166,0.03361344537815126,0.0,0.0
violations,2
