Meta Mode,ecore
Number of Edge types,26
Number Of Nodes,100
State Id,88_1
OutDegreeValue,0,1,2,3,4,5,6,7,9,11,17,18,23,24
OutDegreeCount,10,28,20,19,10,1,2,3,2,1,1,1,1,1
NAValue,1,2,3,4,5,6,7,8,9
NACount,4,29,19,25,7,7,3,5,1
MPCValue,0.00000,0.30815,0.33280,0.39000,0.46222,0.46694,0.52000,0.55184,0.58240,0.63556,0.65000,0.68178,0.68980,0.69333,0.69875,0.69975,0.71500,0.72280,0.73224,0.73751,0.74880,0.75111,0.77037,0.78000,0.78812,0.79074,0.80658,0.80793,0.80889,0.81449,0.83200,0.85049,0.86154,0.88526
MPCCount,4,1,1,1,3,1,25,1,2,1,1,1,1,15,1,1,2,1,1,1,2,1,1,16,1,2,1,1,3,1,3,1,1,1
Typed Out Degree
EGenericType eTypeParameter,1,1,1,1,1,1,1,1,1,1,1,1,1,1,1,1,1,1,1,1,1,1,1,1,1,1,1,1,1,1,1,1
EPackage eSuperPackage,1,1,1
EGenericType eTypeArguments,1,1,1,1,1,1,1,1,1,2
EReference eKeys,1,1,1
EDataType eTypeParameters,1,1,1,1
EOperation eContainingClass,1,1,1,1
EAttribute eContainingClass,1,1,1,1,1
EReference eOpposite,1,1,1
EPackage eClassifiers,7,2,5,3
EDataType ePackage,1,1,1,1
EAttribute eType,1
EOperation eExceptions,16,15,14,15
EEnum eLiterals,1,1,2
EOperation eTypeParameters,1,2
EParameter eType,1,1,1,1,1,1,1
EClass eStructuralFeatures,1,2,2,1,2
EGenericType eClassifier,1,1,1,1,1,1,1,1,1,1,1,1,1,1,1,1,1,1,1,1,1,1,1,1,1,1,1
EEnumLiteral eEnum,1,1,1,1
EReference eContainingClass,1,1,1
EEnum ePackage,1,1,1,1,1,1,1
EGenericType eUpperBound,1,1,1,1,1,1,1,1,1
EEnum eTypeParameters,1,2,2,2
EClass eSuperTypes,4,5,4,6,4,5
ETypeParameter eBounds,2,2,1,1,1,1,1
EClass ePackage,1,1,1,1,1,1
EOperation eParameters,5,4,2
EPackage eSubpackages,2,1
EGenericType eLowerBound,1,1,1,1,1,1,1,1,1
EClass eOperations,1,2,1
EParameter eOperation,1,1,1,1,1,1,1,1,1,1,1
EReference eType,1,1,1
EOperation eType,1,1,1,1
Node Type
EAttribute,EClass,EDataType,EParameter,EGenericType,EEnumLiteral,EOperation,EEnum,EReference,ETypeParameter,EPackage
0.05,0.060000000000000005,0.04,0.10999999999999999,0.38000000000000017,0.04,0.04,0.07,0.03,0.13999999999999999,0.04
Edge Type
eSuperPackage,eOperation,eUpperBound,eTypeParameter,eSubpackages,eType,eSuperTypes,eParameters,eOpposite,eKeys,eTypeArguments,eModelElement,eAnnotations,ePackage,eLowerBound,eLiterals,details,eStructuralFeatures,eClassifier,eClassifiers,eTypeParameters,eContainingClass,eBounds,eEnum,eOperations,eExceptions
0.009554140127388535,0.03503184713375796,0.028662420382165606,0.10191082802547771,0.009554140127388535,0.04777070063694268,0.08917197452229299,0.03503184713375796,0.009554140127388535,0.009554140127388535,0.03503184713375796,0.0,0.0,0.054140127388535034,0.028662420382165606,0.012738853503184714,0.0,0.025477707006369428,0.08598726114649681,0.054140127388535034,0.044585987261146494,0.03821656050955414,0.028662420382165606,0.012738853503184714,0.012738853503184714,0.1910828025477707
violations,6
