Meta Mode,ecore
Number of Edge types,26
Number Of Nodes,100
State Id,8_1
OutDegreeValue,0,1,2,3,4,5,7
OutDegreeCount,8,25,9,39,15,3,1
NAValue,1,2,3,4,5,6
NACount,1,32,10,47,7,3
MPCValue,0.00000,0.18720,0.25355,0.25469,0.28889,0.41024,0.41437,0.43333,0.46222,0.52000,0.65000,0.65796,0.67122,0.68760,0.69333,0.71500,0.74880,0.78000,0.80889,0.83200
MPCCount,1,1,1,3,1,1,1,1,1,27,1,1,1,1,7,2,7,35,3,4
Typed Out Degree
EGenericType eTypeParameter,1,1,1,1,1,1,1,1,1,1,1,1,1,1,1,1,1,1,1,1,1,1,1,1,1,1,1,1,1,1,1,1,1,1,1,1,1,1,1,1,1,1,1,1,1,1,1,1,1,1,1,1,1,1,1,1,1,1,1,1,1,1,1,1,1
EEnum ePackage,1,1,1
EGenericType eUpperBound,1,1,1,1,1,1,1,1,1,1,1,1,1,1,1,1,1,1,1,1,1,1,1,1,1,1
EEnum eTypeParameters,2,1,1
EPackage eSuperPackage,1
EGenericType eTypeArguments,1,1,1,2,1,1,1,1,1,1,1,1,1,2,1,1,2,1,1,1
ETypeParameter eBounds,2,3,1
EDataType eTypeParameters,2,3,1
EPackage eSubpackages,1
EPackage eClassifiers,3,3
EDataType ePackage,1,1,1
EGenericType eLowerBound,1,1,1,1,1,1,1,1,1,1,1,1,1,1,1,1,1,1,1,1
EEnum eLiterals,1,5,1
EGenericType eClassifier,1,1,1,1,1,1,1,1,1,1,1,1,1,1,1,1,1,1,1,1,1,1,1,1,1,1,1,1,1,1,1,1,1,1,1,1,1,1,1,1,1,1,1,1,1,1,1,1,1,1,1,1,1,1,1,1,1,1,1,1,1,1,1,1
EEnumLiteral eEnum,1,1,1,1,1,1,1
Node Type
EDataType,EGenericType,EEnumLiteral,EEnum,ETypeParameter,EPackage
0.03,0.7500000000000004,0.07,0.03,0.09999999999999999,0.02
Edge Type
eSuperPackage,eOperation,eUpperBound,eTypeParameter,eSubpackages,eType,eSuperTypes,eParameters,eOpposite,eKeys,eTypeArguments,eModelElement,eAnnotations,ePackage,eLowerBound,eLiterals,details,eStructuralFeatures,eClassifier,eClassifiers,eTypeParameters,eContainingClass,eBounds,eEnum,eOperations,eExceptions
0.004132231404958678,0.0,0.10743801652892562,0.26859504132231404,0.004132231404958678,0.0,0.0,0.0,0.0,0.0,0.09504132231404959,0.0,0.0,0.024793388429752067,0.08264462809917356,0.028925619834710745,0.0,0.0,0.2644628099173554,0.024793388429752067,0.04132231404958678,0.0,0.024793388429752067,0.028925619834710745,0.0,0.0
violations,0
