Meta Mode,ecore
Number of Edge types,26
Number Of Nodes,100
State Id,90_1
OutDegreeValue,0,1,2,3,4,5,7,8,14
OutDegreeCount,4,26,16,38,11,2,1,1,1
NAValue,1,2,3,4,5,6,7,8
NACount,1,24,18,43,11,1,1,1
MPCValue,0.00000,0.20543,0.28889,0.35129,0.35360,0.39000,0.42250,0.47840,0.49920,0.51692,0.52000,0.54542,0.60308,0.61013,0.63673,0.65000,0.66765,0.68760,0.69333,0.70775,0.71500,0.74880,0.75111,0.78000,0.82512,0.83200
MPCCount,1,1,1,1,1,1,1,1,1,1,22,1,1,1,1,4,1,1,8,1,2,5,1,34,1,6
Typed Out Degree
EGenericType eTypeParameter,1,1,1,1,1,1,1,1,1,1,1,1,1,1,1,1,1,1,1,1,1,1,1,1,1,1,1,1,1,1,1,1,1,1,1,1,1,1,1,1,1,1,1,1,1,1,1,1,1,1,1,1,1,1,1,1
EPackage eSuperPackage,1,1
EGenericType eTypeArguments,1,1,1,1,1,1,1,1,1,1,1,1,1,1,1,2,2,1,1,2,1,1
EDataType eTypeParameters,1,2,2,1,1
EOperation eContainingClass,1
EAttribute eContainingClass,1,1,1
EReference eOpposite,1
EPackage eClassifiers,6,3,1
EDataType ePackage,1,1,1,1,1,1,1
EOperation eExceptions,9
EEnum eLiterals,1
EOperation eTypeParameters,3
EClass eStructuralFeatures,1,4
EGenericType eClassifier,1,1,1,1,1,1,1,1,1,1,1,1,1,1,1,1,1,1,1,1,1,1,1,1,1,1,1,1,1,1,1,1,1,1,1,1,1,1,1,1,1,1,1,1,1,1,1,1,1,1,1,1,1,1,1,1,1,1,1,1,1,1,1,1,1,1
EEnumLiteral eEnum,1
EReference eContainingClass,1,1
EEnum ePackage,1
EGenericType eUpperBound,1,1,1,1,1,1,1,1,1,1,1,1,1,1,1,1
EClass eSuperTypes,2,2
ETypeParameter eBounds,1,2,1,1,2,1,3
EClass ePackage,1,1
EPackage eSubpackages,1,1
EGenericType eLowerBound,1,1,1,1,1,1,1,1,1,1,1,1,1,1,1,1,1,1
EClass eOperations,1
EOperation eType,1
Node Type
EClass,EAttribute,EDataType,EGenericType,EOperation,EEnumLiteral,EEnum,EReference,ETypeParameter,EPackage
0.02,0.03,0.07,0.7000000000000004,0.01,0.01,0.01,0.02,0.09999999999999999,0.03
Edge Type
eSuperPackage,eOperation,eUpperBound,eTypeParameter,eSubpackages,eType,eSuperTypes,eParameters,eOpposite,eKeys,eTypeArguments,eModelElement,eAnnotations,ePackage,eLowerBound,eLiterals,details,eStructuralFeatures,eClassifier,eClassifiers,eTypeParameters,eContainingClass,eBounds,eEnum,eOperations,eExceptions
0.00784313725490196,0.0,0.06274509803921569,0.2196078431372549,0.00784313725490196,0.00392156862745098,0.01568627450980392,0.0,0.00392156862745098,0.0,0.09803921568627451,0.0,0.0,0.0392156862745098,0.07058823529411765,0.00392156862745098,0.0,0.0196078431372549,0.25882352941176473,0.0392156862745098,0.0392156862745098,0.023529411764705882,0.043137254901960784,0.00392156862745098,0.00392156862745098,0.03529411764705882
violations,2
