Meta Mode,ecore
Number of Edge types,26
Number Of Nodes,100
State Id,91_1
OutDegreeValue,0,1,2,3,4,5,6
OutDegreeCount,4,28,14,35,12,5,2
NAValue,1,2,3,4,5,6
NACount,3,27,15,43,9,3
MPCValue,0.00000,0.12187,0.22311,0.28308,0.31668,0.32388,0.34125,0.37143,0.40615,0.52000,0.52812,0.65000,0.68760,0.69333,0.71139,0.71500,0.74880,0.76408,0.78000,0.80889,0.83200
MPCCount,3,1,1,1,1,1,1,1,1,26,1,3,1,8,1,2,7,1,31,5,3
Typed Out Degree
EReference eContainingClass,1
EGenericType eTypeParameter,1,1,1,1,1,1,1,1,1,1,1,1,1,1,1,1,1,1,1,1,1,1,1,1,1,1,1,1,1,1,1,1,1,1,1,1,1,1,1,1,1,1,1,1,1,1,1,1,1,1,1,1,1,1,1,1,1,1,1,1,1,1,1,1,1,1
EEnum ePackage,1,1,1
EGenericType eUpperBound,1,1,1,1,1,1,1,1,1,1,1,1,1,1,1,1,1,1,1,1,1,1,1,1,1
EEnum eTypeParameters,1,1,1
EPackage eSuperPackage,1
EClass eSuperTypes,1
EGenericType eTypeArguments,2,1,1,1,1,2,2,1,1,1,1,1,2,2,1,2,2,1,1,1,1
ETypeParameter eBounds,2,1,1,2
EClass ePackage,1
EDataType eTypeParameters,1,1
EAttribute eContainingClass,1,1,1
EPackage eSubpackages,1
EReference eOpposite,1
EPackage eClassifiers,3,3
EDataType ePackage,1,1
EGenericType eLowerBound,1,1,1,1,1,1,1,1,1,1,1,1,1,1,1,1,1,1,1,1,1,1
EEnum eLiterals,1,1
EClass eStructuralFeatures,4
EGenericType eClassifier,1,1,1,1,1,1,1,1,1,1,1,1,1,1,1,1,1,1,1,1,1,1,1,1,1,1,1,1,1,1,1,1,1,1,1,1,1,1,1,1,1,1,1,1,1,1,1,1,1,1,1,1,1,1,1,1,1,1,1,1,1,1,1,1,1,1
EEnumLiteral eEnum,1,1
Node Type
EAttribute,EClass,EDataType,EGenericType,EEnumLiteral,EEnum,EReference,ETypeParameter,EPackage
0.03,0.01,0.02,0.8100000000000005,0.02,0.03,0.01,0.05,0.02
Edge Type
eSuperPackage,eOperation,eUpperBound,eTypeParameter,eSubpackages,eType,eSuperTypes,eParameters,eOpposite,eKeys,eTypeArguments,eModelElement,eAnnotations,ePackage,eLowerBound,eLiterals,details,eStructuralFeatures,eClassifier,eClassifiers,eTypeParameters,eContainingClass,eBounds,eEnum,eOperations,eExceptions
0.0040650406504065045,0.0,0.1016260162601626,0.2682926829268293,0.0040650406504065045,0.0,0.0040650406504065045,0.0,0.0040650406504065045,0.0,0.11382113821138211,0.0,0.0,0.024390243902439025,0.08943089430894309,0.008130081300813009,0.0,0.016260162601626018,0.2682926829268293,0.024390243902439025,0.02032520325203252,0.016260162601626018,0.024390243902439025,0.008130081300813009,0.0,0.0
violations,1
