Meta Mode,ecore
Number of Edge types,26
Number Of Nodes,100
State Id,93_1
OutDegreeValue,0,1,2,3,4,5,6,7,8
OutDegreeCount,7,27,9,32,19,1,2,1,2
NAValue,1,2,3,4,5,6,9,10
NACount,1,32,13,37,13,2,1,1
MPCValue,0.00000,0.14769,0.15889,0.24960,0.39000,0.46222,0.47937,0.52000,0.58194,0.60372,0.65000,0.67556,0.68640,0.69333,0.69906,0.74469,0.74880,0.77037,0.78000,0.80653,0.83200
MPCCount,1,1,1,1,1,1,2,28,1,1,2,1,1,8,1,1,5,1,31,1,10
Typed Out Degree
EGenericType eTypeParameter,1,1,1,1,1,1,1,1,1,1,1,1,1,1,1,1,1,1,1,1,1,1,1,1,1,1,1,1,1,1,1,1,1,1,1,1,1,1,1,1,1,1,1,1,1,1,1,1,1,1,1,1,1,1,1,1,1,1,1,1,1,1,1,1,1
EClass eTypeParameters,1,1
EPackage eSuperPackage,1
EGenericType eTypeArguments,1,1,2,1,1,1,1,1,1,1,1,1,1,1,1,1,1,1,1,1,1,1
EDataType eTypeParameters,3
EOperation eContainingClass,1,1
EAttribute eContainingClass,1,1
EPackage eClassifiers,1,4
EDataType ePackage,1
EAttribute eType,1
EOperation eExceptions,4,4
EOperation eTypeParameters,2
EClass eStructuralFeatures,3,1
EGenericType eClassifier,1,1,1,1,1,1,1,1,1,1,1,1,1,1,1,1,1,1,1,1,1,1,1,1,1,1,1,1,1,1,1,1,1,1,1,1,1,1,1,1,1,1,1,1,1,1,1,1,1,1,1,1,1,1,1,1,1,1,1,1,1,1,1,1,1
EReference eContainingClass,1,1
EEnum ePackage,1,1
EGenericType eUpperBound,1,1,1,1,1,1,1,1,1,1,1,1,1,1,1,1,1,1,1,1,1,1,1,1
EEnum eTypeParameters,3
EClass eSuperTypes,2,2
ETypeParameter eBounds,1,4,4
EClass ePackage,1,1
EOperation eParameters,1
EPackage eSubpackages,1
EGenericType eLowerBound,1,1,1,1,1,1,1,1,1,1,1,1,1,1,1,1,1,1,1,1
EClass eOperations,1,1
EParameter eOperation,1
EOperation eType,1,1
Node Type
EClass,EAttribute,EDataType,EParameter,EGenericType,EOperation,EEnum,EReference,ETypeParameter,EPackage
0.02,0.02,0.01,0.01,0.7600000000000005,0.02,0.02,0.02,0.09999999999999999,0.02
Edge Type
eSuperPackage,eOperation,eUpperBound,eTypeParameter,eSubpackages,eType,eSuperTypes,eParameters,eOpposite,eKeys,eTypeArguments,eModelElement,eAnnotations,ePackage,eLowerBound,eLiterals,details,eStructuralFeatures,eClassifier,eClassifiers,eTypeParameters,eContainingClass,eBounds,eEnum,eOperations,eExceptions
0.0038910505836575876,0.0038910505836575876,0.0933852140077821,0.2529182879377432,0.0038910505836575876,0.011673151750972763,0.01556420233463035,0.0038910505836575876,0.0,0.0,0.08949416342412451,0.0,0.0,0.019455252918287938,0.07782101167315175,0.0,0.0,0.01556420233463035,0.2529182879377432,0.019455252918287938,0.038910505836575876,0.023346303501945526,0.03501945525291829,0.0,0.007782101167315175,0.0311284046692607
violations,2
