Meta Mode,ecore
Number of Edge types,26
Number Of Nodes,100
State Id,94_1
OutDegreeValue,0,1,2,3,4,5,6,7,9,17,19
OutDegreeCount,11,26,11,32,7,4,3,1,3,1,1
NAValue,1,2,3,4,5,6,7,8
NACount,3,31,8,40,7,4,5,2
MPCValue,0.00000,0.22750,0.28889,0.35360,0.39000,0.39802,0.42449,0.46222,0.51358,0.52000,0.63556,0.66560,0.67692,0.68760,0.69333,0.71500,0.73125,0.74327,0.74522,0.74880,0.75111,0.76408,0.76960,0.77037,0.77679,0.78000,0.79806,0.80889,0.82512,0.83200,0.84898,0.87385
MPCCount,3,1,1,1,1,1,1,2,1,26,1,1,1,1,6,1,1,1,1,6,2,1,2,1,1,29,1,1,1,1,1,1
Typed Out Degree
EGenericType eTypeParameter,1,1,1,1,1,1,1,1,1,1,1,1,1,1,1,1,1,1,1,1,1,1,1,1,1,1,1,1,1,1,1,1,1,1,1,1,1,1,1,1,1
EClass eTypeParameters,3
EPackage eSuperPackage,1,1,1,1,1,1
EGenericType eTypeArguments,1,1,2,1,1,1,1,1,2,1,1,1,1,1
EDataType eTypeParameters,1,2,2,1,2
EOperation eContainingClass,1,1,1
EAttribute eContainingClass,1,1,1,1
EPackage eClassifiers,4,3,1,3,2,3
EDataType ePackage,1,1,1,1,1,1
EOperation eExceptions,16,6,14
EEnum eLiterals,2,1,1
EOperation eTypeParameters,1
EClass eStructuralFeatures,1,1,1,1
EGenericType eClassifier,1,1,1,1,1,1,1,1,1,1,1,1,1,1,1,1,1,1,1,1,1,1,1,1,1,1,1,1,1,1,1,1,1,1,1,1,1,1,1,1,1,1,1,1
EEnumLiteral eEnum,1,1,1,1
EEnum ePackage,1,1,1,1,1
EGenericType eUpperBound,1,1,1,1,1,1,1,1,1,1,1,1,1
EEnum eTypeParameters,1,1
EClass eSuperTypes,4,5,4,5,4
ETypeParameter eBounds,2,1,2,2
EClass ePackage,1,1,1,1,1
EOperation eParameters,1,1
EPackage eSubpackages,2,1,1,1,1
EGenericType eLowerBound,1,1,1,1,1,1,1,1,1,1,1,1,1,1
EClass eOperations,1,2
EParameter eOperation,1,1
EOperation eType,1,1,1
Node Type
EAttribute,EClass,EDataType,EParameter,EGenericType,EEnumLiteral,EOperation,EEnum,ETypeParameter,EPackage
0.04,0.05,0.060000000000000005,0.02,0.5000000000000002,0.04,0.03,0.05,0.13999999999999999,0.07
Edge Type
eSuperPackage,eOperation,eUpperBound,eTypeParameter,eSubpackages,eType,eSuperTypes,eParameters,eOpposite,eKeys,eTypeArguments,eModelElement,eAnnotations,ePackage,eLowerBound,eLiterals,details,eStructuralFeatures,eClassifier,eClassifiers,eTypeParameters,eContainingClass,eBounds,eEnum,eOperations,eExceptions
0.02142857142857143,0.007142857142857143,0.04642857142857143,0.14642857142857144,0.02142857142857143,0.010714285714285714,0.07857142857142857,0.007142857142857143,0.0,0.0,0.05714285714285714,0.0,0.0,0.05714285714285714,0.05,0.014285714285714285,0.0,0.014285714285714285,0.15714285714285714,0.05714285714285714,0.05,0.025,0.025,0.014285714285714285,0.010714285714285714,0.12857142857142856
violations,5
