Meta Mode,ecore
Number of Edge types,26
Number Of Nodes,100
State Id,95_1
OutDegreeValue,0,1,2,3,4,5,6,8,9,10,11,14,15,18
OutDegreeCount,13,23,17,16,13,8,2,2,1,1,1,1,1,1
NAValue,1,2,3,4,5,6,7,8,9
NACount,5,31,12,27,10,6,2,5,2
MPCValue,0.00000,0.18720,0.20543,0.39000,0.52000,0.52812,0.55250,0.63673,0.65000,0.68862,0.69141,0.69333,0.71500,0.72628,0.72800,0.73185,0.73827,0.74880,0.75111,0.76960,0.77037,0.78000,0.79444,0.80653,0.80889,0.81329,0.82154,0.82680,0.83200,0.84585,0.87020
MPCCount,5,1,1,3,26,1,1,2,1,1,1,10,1,1,1,1,1,7,1,1,1,16,1,2,4,1,1,1,4,1,1
Typed Out Degree
EGenericType eTypeParameter,1,1,1,1,1,1,1,1,1,1,1,1,1,1,1,1,1,1,1,1,1,1,1,1,1,1,1,1,1,1,1,1,1,1
EClass eTypeParameters,1,1
EPackage eSuperPackage,1,1,1
EGenericType eTypeArguments,2,1,1,2,1,1,1,1,1,2
EReference eKeys,2,2,2,2
EDataType eTypeParameters,4,1,1
EOperation eContainingClass,1,1,1,1,1
EAttribute eContainingClass,1,1,1
EReference eOpposite,1,1,1,1,1
EPackage eClassifiers,3,4,3,1
EDataType ePackage,1,1,1
EAttribute eType,1,1
EOperation eExceptions,11,5,11,10
EEnum eLiterals,2,1,2
EOperation eTypeParameters,2
EParameter eType,1,1,1,1
EClass eStructuralFeatures,1,1,3,3
EGenericType eClassifier,1,1,1,1,1,1,1,1,1,1,1,1,1,1,1,1,1,1,1,1,1,1,1,1,1,1,1,1,1,1,1,1,1,1,1,1,1,1,1,1,1
EEnumLiteral eEnum,1,1,1,1,1
EReference eContainingClass,1,1,1,1,1
EEnum ePackage,1,1,1
EGenericType eUpperBound,1,1,1,1,1,1,1,1,1,1,1,1,1,1
EEnum eTypeParameters,1,1
EClass eSuperTypes,4,5,5,5,5
ETypeParameter eBounds,1,2
EClass ePackage,1,1,1,1,1
EOperation eParameters,3,1,1,3
EPackage eSubpackages,1,2
EGenericType eLowerBound,1,1,1,1,1,1,1,1,1,1,1,1,1,1,1,1,1
EClass eOperations,1,2,1,1
EParameter eOperation,1,1,1,1,1,1,1,1
EReference eType,1,1,1,1
EOperation eType,1,1,1,1
Node Type
EAttribute,EClass,EDataType,EParameter,EGenericType,EEnumLiteral,EOperation,EEnum,EReference,EPackage,ETypeParameter
0.03,0.05,0.03,0.08,0.47000000000000025,0.05,0.05,0.03,0.05,0.04,0.11999999999999998
Edge Type
eSuperPackage,eOperation,eUpperBound,eTypeParameter,eSubpackages,eType,eSuperTypes,eParameters,eOpposite,eKeys,eTypeArguments,eModelElement,eAnnotations,ePackage,eLowerBound,eLiterals,details,eStructuralFeatures,eClassifier,eClassifiers,eTypeParameters,eContainingClass,eBounds,eEnum,eOperations,eExceptions
0.009933774834437087,0.026490066225165563,0.046357615894039736,0.11258278145695365,0.009933774834437087,0.046357615894039736,0.07947019867549669,0.026490066225165563,0.016556291390728478,0.026490066225165563,0.04304635761589404,0.0,0.0,0.03642384105960265,0.056291390728476824,0.016556291390728478,0.0,0.026490066225165563,0.1357615894039735,0.03642384105960265,0.039735099337748346,0.04304635761589404,0.009933774834437087,0.016556291390728478,0.016556291390728478,0.12251655629139073
violations,6
