Meta Mode,ecore
Number of Edge types,26
Number Of Nodes,100
State Id,96_1
OutDegreeValue,0,1,2,3,4,5,6,7,8,14,17
OutDegreeCount,6,27,18,31,11,1,1,2,1,1,1
NAValue,1,2,3,4,5,6,7,8,9
NACount,1,26,18,36,12,2,2,2,1
MPCValue,0.00000,0.20543,0.28889,0.39000,0.41889,0.51358,0.52000,0.60308,0.64735,0.65000,0.65108,0.66560,0.68250,0.68923,0.69333,0.70533,0.73917,0.74880,0.75111,0.76375,0.76408,0.78000,0.78520,0.81531,0.83200,0.83546,0.84231
MPCCount,1,1,1,2,1,1,25,1,1,4,1,1,1,1,8,1,1,4,4,1,2,26,1,1,7,1,1
Typed Out Degree
EGenericType eTypeParameter,1,1,1,1,1,1,1,1,1,1,1,1,1,1,1,1,1,1,1,1,1,1,1,1,1,1,1,1,1,1,1,1,1,1,1,1,1,1,1,1,1,1,1,1,1,1,1,1,1,1,1,1,1
EClass eTypeParameters,1,1
EPackage eSuperPackage,1,1,1,1
EGenericType eTypeArguments,1,1,1,1,1,1,1,1,1,2,1,1,1,1,2,1
EDataType eTypeParameters,1,2
EOperation eContainingClass,1,1
EReference eOpposite,1,1
EPackage eClassifiers,1,2,5,2,1
EDataType ePackage,1,1
EOperation eExceptions,11,9
EEnum eLiterals,2
EOperation eTypeParameters,3,1
EClass eStructuralFeatures,1,1
EGenericType eClassifier,1,1,1,1,1,1,1,1,1,1,1,1,1,1,1,1,1,1,1,1,1,1,1,1,1,1,1,1,1,1,1,1,1,1,1,1,1,1,1,1,1,1,1,1,1,1,1,1,1,1,1,1
EEnumLiteral eEnum,1,1
EReference eContainingClass,1,1
EEnum ePackage,1,1,1,1,1
EGenericType eUpperBound,1,1,1,1,1,1,1,1,1,1,1,1,1
EEnum eTypeParameters,1,2,1
EClass eSuperTypes,4,4,3,1
ETypeParameter eBounds,1,2,2,1,1,2,1,1
EClass ePackage,1,1,1,1
EOperation eParameters,1,2
EPackage eSubpackages,1,2,1
EGenericType eLowerBound,1,1,1,1,1,1,1,1,1,1,1,1,1,1,1,1,1,1,1,1
EClass eOperations,1,1
EParameter eOperation,1,1,1
EOperation eType,1,1
Node Type
EClass,EDataType,EParameter,EGenericType,EOperation,EEnumLiteral,EEnum,EReference,ETypeParameter,EPackage
0.04,0.02,0.03,0.6200000000000003,0.02,0.02,0.05,0.02,0.12999999999999998,0.05
Edge Type
eSuperPackage,eOperation,eUpperBound,eTypeParameter,eSubpackages,eType,eSuperTypes,eParameters,eOpposite,eKeys,eTypeArguments,eModelElement,eAnnotations,ePackage,eLowerBound,eLiterals,details,eStructuralFeatures,eClassifier,eClassifiers,eTypeParameters,eContainingClass,eBounds,eEnum,eOperations,eExceptions
0.015151515151515152,0.011363636363636364,0.04924242424242424,0.20075757575757575,0.015151515151515152,0.007575757575757576,0.045454545454545456,0.011363636363636364,0.007575757575757576,0.0,0.06818181818181818,0.0,0.0,0.041666666666666664,0.07575757575757576,0.007575757575757576,0.0,0.007575757575757576,0.19696969696969696,0.041666666666666664,0.04924242424242424,0.015151515151515152,0.041666666666666664,0.007575757575757576,0.007575757575757576,0.07575757575757576
violations,4
