Meta Mode,ecore
Number of Edge types,26
Number Of Nodes,100
State Id,97_1
OutDegreeValue,0,1,2,3,4,5,6,7,8
OutDegreeCount,8,27,17,27,13,2,4,1,1
NAValue,1,2,3,4,5,6,7,8
NACount,2,30,16,35,13,1,1,2
MPCValue,0.00000,0.14769,0.24960,0.28889,0.33280,0.38519,0.39000,0.43333,0.48816,0.51358,0.52000,0.63556,0.65000,0.66462,0.66765,0.68923,0.69333,0.71500,0.73224,0.74880,0.75111,0.75753,0.78000,0.78812,0.80653,0.80889,0.83200,0.85383
MPCCount,2,1,1,2,1,1,1,1,1,1,25,1,1,1,1,1,12,1,1,2,1,1,28,1,2,1,7,1
Typed Out Degree
EGenericType eTypeParameter,1,1,1,1,1,1,1,1,1,1,1,1,1,1,1,1,1,1,1,1,1,1,1,1,1,1,1,1,1,1,1,1,1,1,1,1,1,1,1,1,1,1,1,1,1,1,1,1,1,1,1,1,1,1,1,1,1,1,1
EClass eTypeParameters,2
EPackage eSuperPackage,1,1
EGenericType eTypeArguments,1,1,1,1,1,2,1,1,1,1,2,1,2,1,1,1,1,1,1
EDataType eTypeParameters,3,1,1,1
EOperation eContainingClass,1
EAttribute eContainingClass,1,1
EReference eOpposite,1
EPackage eClassifiers,3,5,2
EDataType ePackage,1,1,1,1,1
EAttribute eType,1
EOperation eExceptions,5
EEnum eLiterals,1,2
EOperation eTypeParameters,1
EClass eStructuralFeatures,2,1
EGenericType eClassifier,1,1,1,1,1,1,1,1,1,1,1,1,1,1,1,1,1,1,1,1,1,1,1,1,1,1,1,1,1,1,1,1,1,1,1,1,1,1,1,1,1,1,1,1,1,1,1,1,1,1,1,1,1,1
EEnumLiteral eEnum,1,1,1
EReference eContainingClass,1
EEnum ePackage,1,1,1
EGenericType eUpperBound,1,1,1,1,1,1,1,1,1,1,1,1,1,1,1,1,1
EEnum eTypeParameters,2,1,1
EClass eSuperTypes,2,2
ETypeParameter eBounds,1,1,2,1,1,2
EClass ePackage,1,1
EPackage eSubpackages,2
EGenericType eLowerBound,1,1,1,1,1,1,1,1,1,1,1,1,1,1,1,1,1,1,1,1
EClass eOperations,1
EOperation eType,1
Node Type
EClass,EAttribute,EDataType,EGenericType,EEnumLiteral,EOperation,EEnum,EReference,ETypeParameter,EPackage
0.02,0.02,0.05,0.6700000000000004,0.03,0.01,0.03,0.01,0.12999999999999998,0.03
Edge Type
eSuperPackage,eOperation,eUpperBound,eTypeParameter,eSubpackages,eType,eSuperTypes,eParameters,eOpposite,eKeys,eTypeArguments,eModelElement,eAnnotations,ePackage,eLowerBound,eLiterals,details,eStructuralFeatures,eClassifier,eClassifiers,eTypeParameters,eContainingClass,eBounds,eEnum,eOperations,eExceptions
0.00823045267489712,0.0,0.06995884773662552,0.24279835390946503,0.00823045267489712,0.00823045267489712,0.01646090534979424,0.0,0.00411522633744856,0.0,0.09053497942386832,0.0,0.0,0.0411522633744856,0.0823045267489712,0.012345679012345678,0.0,0.012345679012345678,0.2222222222222222,0.0411522633744856,0.053497942386831275,0.01646090534979424,0.03292181069958848,0.012345679012345678,0.00411522633744856,0.0205761316872428
violations,2
