Meta Mode,ecore
Number of Edge types,26
Number Of Nodes,100
State Id,98_1
OutDegreeValue,0,1,2,3,4,6,7
OutDegreeCount,8,22,22,34,10,3,1
NAValue,1,2,3,4,5,6
NACount,3,22,24,45,4,2
MPCValue,0.00000,0.25469,0.33280,0.38519,0.44694,0.46222,0.46694,0.47840,0.49920,0.51358,0.52000,0.53926,0.56160,0.65000,0.66560,0.67654,0.67692,0.68691,0.69333,0.71500,0.74880,0.75111,0.78000,0.80653,0.83200
MPCCount,3,1,1,1,1,2,1,1,2,1,18,2,1,3,1,1,1,1,15,1,7,3,29,1,2
Typed Out Degree
EGenericType eTypeParameter,1,1,1,1,1,1,1,1,1,1,1,1,1,1,1,1,1,1,1,1,1,1,1,1,1,1,1,1,1,1,1,1,1,1,1,1,1,1,1,1,1,1,1,1,1,1,1,1,1,1,1,1,1,1,1,1,1,1,1
EEnum ePackage,1,1,1,1
EGenericType eUpperBound,1,1,1,1,1,1,1,1,1,1,1,1
EEnum eTypeParameters,1,5,4
EPackage eSuperPackage,1,1,1
EGenericType eTypeArguments,1,1,2,1,1,1,1,1,1,1,1,1,2,1,1,1,1,1
ETypeParameter eBounds,1,1,1,3,2,1,2,1,2,1
EDataType eTypeParameters,1,1,1,3,1
EPackage eSubpackages,1,2
EPackage eClassifiers,1,4,2,3
EDataType ePackage,1,1,1,1,1,1
EGenericType eLowerBound,1,1,1,1,1,1,1,1,1,1,1,1,1,1,1,1,1,1
EEnum eLiterals,1,2,1
EGenericType eClassifier,1,1,1,1,1,1,1,1,1,1,1,1,1,1,1,1,1,1,1,1,1,1,1,1,1,1,1,1,1,1,1,1,1,1,1,1,1,1,1,1,1,1,1,1,1,1,1,1,1,1,1,1,1,1,1,1,1,1
EEnumLiteral eEnum,1,1,1,1
Node Type
EDataType,EGenericType,EEnumLiteral,EEnum,EPackage,ETypeParameter
0.060000000000000005,0.6500000000000004,0.04,0.04,0.04,0.17
Edge Type
eSuperPackage,eOperation,eUpperBound,eTypeParameter,eSubpackages,eType,eSuperTypes,eParameters,eOpposite,eKeys,eTypeArguments,eModelElement,eAnnotations,ePackage,eLowerBound,eLiterals,details,eStructuralFeatures,eClassifier,eClassifiers,eTypeParameters,eContainingClass,eBounds,eEnum,eOperations,eExceptions
0.012875536480686695,0.0,0.05150214592274678,0.2532188841201717,0.012875536480686695,0.0,0.0,0.0,0.0,0.0,0.08583690987124463,0.0,0.0,0.04291845493562232,0.07725321888412018,0.017167381974248927,0.0,0.0,0.24892703862660945,0.04291845493562232,0.07296137339055794,0.0,0.06437768240343347,0.017167381974248927,0.0,0.0
violations,0
