Meta Mode,ecore
Number of Edge types,26
Number Of Nodes,100
State Id,99_1
OutDegreeValue,0,1,2,3,4,5,6
OutDegreeCount,7,24,26,27,11,3,2
NAValue,1,2,3,4,5,6
NACount,4,19,28,40,7,2
MPCValue,0.00000,0.28889,0.38519,0.39000,0.46222,0.49920,0.51358,0.52000,0.53444,0.53926,0.55250,0.58240,0.58500,0.63673,0.65000,0.68250,0.69333,0.71500,0.74880,0.75077,0.75111,0.78000,0.80653,0.80889,0.83200
MPCCount,4,1,1,1,1,1,1,18,1,1,1,4,1,2,2,2,18,2,4,1,1,24,1,3,4
Typed Out Degree
EGenericType eTypeParameter,1,1,1,1,1,1,1,1,1,1,1,1,1,1,1,1,1,1,1,1,1,1,1,1,1,1,1,1,1,1,1,1,1,1,1,1,1,1,1,1,1,1,1,1,1,1,1,1,1,1
EEnum ePackage,1,1,1
EGenericType eUpperBound,1,1,1,1,1,1,1,1,1,1,1,1,1,1,1,1,1
EEnum eTypeParameters,1,1
EPackage eSuperPackage,1,1,1,1
EGenericType eTypeArguments,1,2,1,1,1,1,1,1,1,2,2,1,1
ETypeParameter eBounds,2,1,1,1,1,1,2,1,1,1
EDataType eTypeParameters,2,1,1,1,1,2,1,1,2,1
EPackage eSubpackages,1,3
EPackage eClassifiers,3,4,3,3
EDataType ePackage,1,1,1,1,1,1,1,1,1,1
EGenericType eLowerBound,1,1,1,1,1,1,1,1,1,1,1,1,1,1,1,1
EEnum eLiterals,2,2,2
EGenericType eClassifier,1,1,1,1,1,1,1,1,1,1,1,1,1,1,1,1,1,1,1,1,1,1,1,1,1,1,1,1,1,1,1,1,1,1,1,1,1,1,1,1,1,1,1,1,1,1,1,1,1,1,1,1,1,1,1,1
EEnumLiteral eEnum,1,1,1,1,1,1
Node Type
EDataType,EGenericType,EEnumLiteral,EEnum,ETypeParameter,EPackage
0.09999999999999999,0.6100000000000003,0.060000000000000005,0.03,0.15,0.05
Edge Type
eSuperPackage,eOperation,eUpperBound,eTypeParameter,eSubpackages,eType,eSuperTypes,eParameters,eOpposite,eKeys,eTypeArguments,eModelElement,eAnnotations,ePackage,eLowerBound,eLiterals,details,eStructuralFeatures,eClassifier,eClassifiers,eTypeParameters,eContainingClass,eBounds,eEnum,eOperations,eExceptions
0.017543859649122806,0.0,0.07456140350877193,0.21929824561403508,0.017543859649122806,0.0,0.0,0.0,0.0,0.0,0.07017543859649122,0.0,0.0,0.05701754385964912,0.07017543859649122,0.02631578947368421,0.0,0.0,0.24561403508771928,0.05701754385964912,0.06578947368421052,0.0,0.05263157894736842,0.02631578947368421,0.0,0.0
violations,0
