Meta Mode,ecore
Number of Edge types,26
Number Of Nodes,100
State Id,9_1
OutDegreeValue,0,1,2,3,4,5,6
OutDegreeCount,10,25,8,31,20,5,1
NAValue,1,2,3,4,5,6
NACount,3,29,12,44,10,2
MPCValue,0.00000,0.11516,0.13796,0.22750,0.26531,0.33280,0.38743,0.40934,0.46694,0.52000,0.65000,0.66625,0.68640,0.69333,0.73917,0.74880,0.76308,0.78000,0.80889,0.83200
MPCCount,3,1,1,2,1,1,1,1,2,24,3,1,1,6,1,11,1,30,3,6
Typed Out Degree
EReference eContainingClass,1
EGenericType eTypeParameter,1,1,1,1,1,1,1,1,1,1,1,1,1,1,1,1,1,1,1,1,1,1,1,1,1,1,1,1,1,1,1,1,1,1,1,1,1,1,1,1,1,1,1,1,1,1,1,1,1,1,1,1,1,1,1,1,1,1,1,1,1,1,1,1,1,1,1,1,1,1,1
EEnum ePackage,1
EClass eTypeParameters,1
EGenericType eUpperBound,1,1,1,1,1,1,1,1,1,1,1,1,1,1,1,1,1,1,1,1,1,1,1,1,1,1,1
EEnum eTypeParameters,1
EPackage eSuperPackage,1
EClass eSuperTypes,2,2
EGenericType eTypeArguments,2,1,1,1,1,1,1,1,1,2,1,2,1,1,1,1,1,1,1,1,1,1
ETypeParameter eBounds,1,1,1,1
EClass ePackage,1,1
EDataType eTypeParameters,4,5
EPackage eSubpackages,1
EReference eOpposite,1
EPackage eClassifiers,4,1
EDataType ePackage,1,1
EGenericType eLowerBound,1,1,1,1,1,1,1,1,1,1,1,1,1,1,1,1,1,1,1,1,1,1,1
EEnum eLiterals,2
EClass eStructuralFeatures,1
EGenericType eClassifier,1,1,1,1,1,1,1,1,1,1,1,1,1,1,1,1,1,1,1,1,1,1,1,1,1,1,1,1,1,1,1,1,1,1,1,1,1,1,1,1,1,1,1,1,1,1,1,1,1,1,1,1,1,1,1,1,1,1,1,1,1
EEnumLiteral eEnum,1,1
Node Type
EClass,EDataType,EGenericType,EEnumLiteral,EEnum,EReference,ETypeParameter,EPackage
0.02,0.02,0.7900000000000005,0.02,0.01,0.01,0.10999999999999999,0.02
Edge Type
eSuperPackage,eOperation,eUpperBound,eTypeParameter,eSubpackages,eType,eSuperTypes,eParameters,eOpposite,eKeys,eTypeArguments,eModelElement,eAnnotations,ePackage,eLowerBound,eLiterals,details,eStructuralFeatures,eClassifier,eClassifiers,eTypeParameters,eContainingClass,eBounds,eEnum,eOperations,eExceptions
0.004081632653061225,0.0,0.11020408163265306,0.2897959183673469,0.004081632653061225,0.0,0.0163265306122449,0.0,0.004081632653061225,0.0,0.10204081632653061,0.0,0.0,0.02040816326530612,0.09387755102040816,0.00816326530612245,0.0,0.004081632653061225,0.24897959183673468,0.02040816326530612,0.044897959183673466,0.004081632653061225,0.0163265306122449,0.00816326530612245,0.0,0.0
violations,2
