Meta Mode,ecore
Number of Edge types,26
Number Of Nodes,100
State Id,100_1
OutDegreeValue,0,1,2,3,4,5,6,7,8,9,10
OutDegreeCount,6,20,38,15,12,2,3,1,1,1,1
NAValue,1,2,3,4,5,6,7
NACount,5,9,48,17,12,5,4
MPCValue,0.00000,0.35360,0.47840,0.51358,0.52000,0.58240,0.59429,0.61538,0.63673,0.65000,0.65796,0.66857,0.68250,0.69333,0.71500,0.72163,0.72222,0.73840,0.74469,0.74880,0.75111,0.77679,0.78000,0.80653,0.80889,0.81250,0.83200,0.84741,0.84898,0.85222,0.86667
MPCCount,5,1,1,1,11,2,2,1,2,5,1,1,1,34,2,1,1,1,1,1,2,1,8,1,1,1,7,1,1,1,1
Typed Out Degree
EGenericType eTypeParameter,1,1,1,1,1,1,1,1,1,1,1,1,1,1,1,1,1,1,1,1,1,1,1,1,1,1,1,1,1,1,1,1,1,1,1,1,1,1,1,1,1,1,1,1
EClass eTypeParameters,1,2
EPackage eSuperPackage,1,1,1,1,1
EGenericType eTypeArguments,1,1,1,1,1,1,2,1,1
EReference eKeys,1,1,1,1
EDataType eTypeParameters,2,2,1,3,2,1,1
EAttribute eContainingClass,1
EReference eOpposite,1,1,1,1
EPackage eClassifiers,1,6,7,1,1,2
EDataType ePackage,1,1,1,1,1,1,1,1,1
EAttribute eType,1
EEnum eLiterals,2,3,1,1
EClass eStructuralFeatures,1,2,1,1
EGenericType eClassifier,1,1,1,1,1,1,1,1,1,1,1,1,1,1,1,1,1,1,1,1,1,1,1,1,1,1,1,1,1,1,1,1,1,1,1,1,1,1,1,1,1,1,1,1
EEnumLiteral eEnum,1,1,1,1,1,1,1
EReference eContainingClass,1,1,1,1
EEnum ePackage,1,1,1,1,1
EGenericType eUpperBound,1,1,1,1,1,1,1
EEnum eTypeParameters,1,2,1
EClass eSuperTypes,4,4,4,4
ETypeParameter eBounds,2,1,1,1,1,1,1,2,2,1,2,1,1,1
EClass ePackage,1,1,1,1
EPackage eSubpackages,2,2,1
EGenericType eLowerBound,1,1,1,1,1,1,1,1,1,1
EReference eType,1,1,1,1
Node Type
EClass,EAttribute,EDataType,EGenericType,EEnumLiteral,EEnum,EReference,ETypeParameter,EPackage
0.04,0.01,0.09,0.45000000000000023,0.07,0.05,0.04,0.19000000000000003,0.060000000000000005
Edge Type
eSuperPackage,eOperation,eUpperBound,eTypeParameter,eSubpackages,eType,eSuperTypes,eParameters,eOpposite,eKeys,eTypeArguments,eModelElement,eAnnotations,ePackage,eLowerBound,eLiterals,details,eStructuralFeatures,eClassifier,eClassifiers,eTypeParameters,eContainingClass,eBounds,eEnum,eOperations,eExceptions
0.0199203187250996,0.0,0.027888446215139442,0.1752988047808765,0.0199203187250996,0.0199203187250996,0.06374501992031872,0.0,0.01593625498007968,0.01593625498007968,0.0398406374501992,0.0,0.0,0.07171314741035857,0.0398406374501992,0.027888446215139442,0.0,0.0199203187250996,0.1752988047808765,0.07171314741035857,0.07569721115537849,0.0199203187250996,0.07171314741035857,0.027888446215139442,0.0,0.0
violations,6
