Meta Mode,ecore
Number of Edge types,26
Number Of Nodes,100
State Id,10_1
OutDegreeValue,0,1,2,3,4,5,6,7,8,9,20
OutDegreeCount,3,24,43,11,4,4,1,4,2,2,2
NAValue,1,2,3,4,5,6,7,10
NACount,3,8,52,17,10,5,4,1
MPCValue,0.00000,0.30333,0.34902,0.51509,0.52000,0.55467,0.56160,0.58240,0.60346,0.63556,0.64735,0.65000,0.69333,0.69805,0.71500,0.74314,0.74880,0.75111,0.76375,0.76960,0.77469,0.78000,0.78874,0.80889,0.81250,0.82462,0.83200,0.85280,0.85950,0.86667,0.87385
MPCCount,3,1,1,1,8,1,1,5,1,1,1,4,40,1,1,1,1,2,1,1,1,10,1,4,1,1,2,1,1,1,1
Typed Out Degree
EGenericType eTypeParameter,1,1,1,1,1,1,1,1,1,1,1,1,1,1,1,1,1,1,1,1,1,1,1,1,1,1,1,1,1,1,1
EClass eTypeParameters,1
EPackage eSuperPackage,1,1,1,1,1,1,1,1
EGenericType eTypeArguments,1,1,1,1,1,1
EReference eKeys,1
EDataType eTypeParameters,1,1,1,2,3,1
EOperation eContainingClass,1,1
EAttribute eContainingClass,1,1
EReference eOpposite,1
EPackage eClassifiers,3,1,5,1,6,1,1,4,3
EDataType ePackage,1,1,1,1,1,1,1,1,1,1
EAttribute eType,1,1
EOperation eExceptions,17,16
EEnum eLiterals,2,1,2
EOperation eTypeParameters,1
EParameter eType,1,1
EClass eStructuralFeatures,1,1,1,2
EGenericType eClassifier,1,1,1,1,1,1,1,1,1,1,1,1,1,1,1,1,1,1,1,1,1,1,1,1,1,1,1,1,1,1,1,1,1,1
EEnumLiteral eEnum,1,1,1,1,1
EReference eContainingClass,1,1,1
EEnum ePackage,1,1,1,1,1,1,1,1
EGenericType eUpperBound,1,1,1,1,1
EEnum eTypeParameters,1,1,2,2
EClass eSuperTypes,6,6,5,4,5,6
ETypeParameter eBounds,1,1,1,1,1,1,1,1,2,1,1,1,3,1,1
EClass ePackage,1,1,1,1,1,1,1
EOperation eParameters,2
EPackage eSubpackages,4,1,2,1
EGenericType eLowerBound,1,1,1,1,1,1
EClass eOperations,1,1
EParameter eOperation,1,1
EReference eType,1,1,1
EOperation eType,1,1
Node Type
EClass,EAttribute,EDataType,EParameter,EGenericType,EEnumLiteral,EOperation,EEnum,EReference,ETypeParameter,EPackage
0.07,0.02,0.09999999999999999,0.02,0.35000000000000014,0.05,0.02,0.08,0.03,0.17,0.09
Edge Type
eSuperPackage,eOperation,eUpperBound,eTypeParameter,eSubpackages,eType,eSuperTypes,eParameters,eOpposite,eKeys,eTypeArguments,eModelElement,eAnnotations,ePackage,eLowerBound,eLiterals,details,eStructuralFeatures,eClassifier,eClassifiers,eTypeParameters,eContainingClass,eBounds,eEnum,eOperations,eExceptions
0.027874564459930314,0.006968641114982578,0.017421602787456445,0.10801393728222997,0.027874564459930314,0.0313588850174216,0.11149825783972125,0.006968641114982578,0.003484320557491289,0.003484320557491289,0.020905923344947737,0.0,0.0,0.08710801393728224,0.020905923344947737,0.017421602787456445,0.0,0.017421602787456445,0.11846689895470383,0.08710801393728224,0.059233449477351915,0.024390243902439025,0.0627177700348432,0.017421602787456445,0.006968641114982578,0.11498257839721254
violations,6
