Meta Mode,ecore
Number of Edge types,26
Number Of Nodes,100
State Id,11_1
OutDegreeValue,0,1,2,3,4,5,6,7,8,9,12,13,14,17
OutDegreeCount,3,16,47,13,7,1,2,1,3,2,1,1,1,2
NAValue,1,2,3,4,5,6,7,8,10
NACount,2,8,53,16,12,4,2,2,1
MPCValue,0.00000,0.36053,0.42250,0.44694,0.46222,0.46694,0.47840,0.48816,0.52000,0.58240,0.63375,0.63440,0.63556,0.65000,0.65088,0.69333,0.69875,0.69975,0.71500,0.72222,0.72692,0.73917,0.74754,0.74880,0.78000,0.80653,0.80889,0.81939,0.83200,0.83763,0.88400
MPCCount,2,1,1,1,1,2,1,1,9,2,1,1,2,4,1,41,1,1,1,1,1,1,1,2,10,1,1,1,5,1,1
Typed Out Degree
EGenericType eTypeParameter,1,1,1,1,1,1,1,1,1,1,1,1,1,1,1,1,1,1,1,1,1,1,1,1,1,1,1,1,1,1,1,1,1,1,1,1,1,1,1,1,1,1,1,1
EClass eTypeParameters,1
EPackage eSuperPackage,1,1
EGenericType eTypeArguments,1,1,1,1,3,1,1,1,1,1
EReference eKeys,1,1
EDataType eTypeParameters,1,2,1
EOperation eContainingClass,1,1,1,1
EAttribute eContainingClass,1,1
EReference eOpposite,1
EPackage eClassifiers,1,7,7
EDataType ePackage,1,1,1,1,1
EAttribute eType,1,1
EOperation eExceptions,12,10,12,12
EEnum eLiterals,2,4
EOperation eTypeParameters,1,1
EParameter eType,1,1,1,1,1
EClass eStructuralFeatures,1,4,1
EGenericType eClassifier,1,1,1,1,1,1,1,1,1,1,1,1,1,1,1,1,1,1,1,1,1,1,1,1,1,1,1,1,1,1,1,1,1,1,1,1,1,1,1,1,1,1
EEnumLiteral eEnum,1,1,1,1,1,1
EReference eContainingClass,1,1,1,1
EEnum ePackage,1,1,1,1
EGenericType eUpperBound,1,1,1,1,1,1,1,1
EEnum eTypeParameters,4,1,1
EClass eSuperTypes,2,6,5,4,6,6
ETypeParameter eBounds,1,1,1,1,3,2,1,2,1,2,1
EClass ePackage,1,1,1,1,1,1
EOperation eParameters,2,3
EPackage eSubpackages,2
EGenericType eLowerBound,1,1,1,1,1,1,1,1,1,1,1,1
EClass eOperations,1,1,2
EParameter eOperation,1,1,1,1,1
EReference eType,1,1,1,1
EOperation eType,1,1,1,1
Node Type
EClass,EAttribute,EDataType,EParameter,EGenericType,EOperation,EEnumLiteral,EEnum,EReference,EPackage,ETypeParameter
0.060000000000000005,0.02,0.05,0.05,0.48000000000000026,0.04,0.060000000000000005,0.04,0.04,0.03,0.12999999999999998
Edge Type
eSuperPackage,eOperation,eUpperBound,eTypeParameter,eSubpackages,eType,eSuperTypes,eParameters,eOpposite,eKeys,eTypeArguments,eModelElement,eAnnotations,ePackage,eLowerBound,eLiterals,details,eStructuralFeatures,eClassifier,eClassifiers,eTypeParameters,eContainingClass,eBounds,eEnum,eOperations,eExceptions
0.006329113924050633,0.015822784810126583,0.02531645569620253,0.13924050632911392,0.006329113924050633,0.04746835443037975,0.09177215189873418,0.015822784810126583,0.0031645569620253164,0.006329113924050633,0.0379746835443038,0.0,0.0,0.04746835443037975,0.0379746835443038,0.0189873417721519,0.0,0.0189873417721519,0.13291139240506328,0.04746835443037975,0.04113924050632911,0.03164556962025317,0.05063291139240506,0.0189873417721519,0.012658227848101266,0.14556962025316456
violations,6
