Meta Mode,ecore
Number of Edge types,26
Number Of Nodes,100
State Id,13_1
OutDegreeValue,0,1,2,3,4,5,6,7,8,9,13,14,15,16,17,18,21,23,27,28,29
OutDegreeCount,6,30,26,3,3,6,2,1,3,3,2,4,1,1,1,2,1,1,1,1,2
NAValue,1,2,3,4,5,6,7,8,9
NACount,5,7,50,19,8,5,1,2,3
MPCValue,0.00000,0.13173,0.14551,0.15077,0.19413,0.20694,0.31200,0.34239,0.36608,0.38519,0.42250,0.46694,0.49920,0.51640,0.52000,0.53926,0.55912,0.58240,0.58446,0.62400,0.63673,0.65000,0.65021,0.66765,0.67046,0.68455,0.68640,0.69333,0.71500,0.72938,0.72966,0.74880,0.75111,0.76960,0.77679,0.78000,0.80889
MPCCount,5,1,3,1,1,1,1,1,1,1,4,6,1,1,11,1,1,2,1,1,2,6,1,1,1,1,2,23,2,1,1,1,3,1,1,7,1
Typed Out Degree
EGenericType eTypeParameter,1,1,1,1
EClass eTypeParameters,2,1
EPackage eSuperPackage,1,1,1,1,1,1,1,1,1,1,1,1
EGenericType eTypeArguments,1,1,1,1
EReference eKeys,3,2,2,3
EOperation eContainingClass,1,1,1,1,1,1,1,1
EAttribute eContainingClass,1,1,1,1,1,1,1
EReference eOpposite,1,1,1,1,1,1
EPackage eClassifiers,3,4,2,6,4,1,4,6,1,5,1,3
EDataType ePackage,1,1,1,1,1,1,1,1,1,1,1,1
EAttribute eType,1,1,1,1,1,1
EOperation eExceptions,7,27,6,25,7,20,25,28
EEnum eLiterals,2,1
EParameter eType,1,1
EClass eStructuralFeatures,1,5,4,3,4,1,1
EGenericType eClassifier,1,1
EEnumLiteral eEnum,1,1,1
EReference eContainingClass,1,1,1,1,1,1,1,1,1,1,1,1
EEnum ePackage,1,1,1,1,1,1,1,1,1,1,1,1
EEnum eTypeParameters,1,1,1,1
EClass eSuperTypes,12,3,13,11,13,12,4,12,12,13,12,11,12,12
ETypeParameter eBounds,1,1,1,1
EClass ePackage,1,1,1,1,1,1,1,1,1,1,1,1,1,1,1,1
EOperation eParameters,1,1
EPackage eSubpackages,1,1,1,3,2,3,1
EClass eOperations,1,2,1,1,2,1
EParameter eOperation,1,1
EReference eType,1,1,1,1,1,1,1,1,1,1,1
EOperation eType,1,1,1,1,1
Node Type
EClass,EAttribute,EDataType,EParameter,EGenericType,EOperation,EEnumLiteral,EEnum,EReference,EPackage,ETypeParameter
0.16,0.07,0.11999999999999998,0.02,0.08,0.08,0.03,0.11999999999999998,0.11999999999999998,0.12999999999999998,0.07
Edge Type
eSuperPackage,eOperation,eUpperBound,eTypeParameter,eSubpackages,eType,eSuperTypes,eParameters,eOpposite,eKeys,eTypeArguments,eModelElement,eAnnotations,ePackage,eLowerBound,eLiterals,details,eStructuralFeatures,eClassifier,eClassifiers,eTypeParameters,eContainingClass,eBounds,eEnum,eOperations,eExceptions
0.022813688212927757,0.0038022813688212928,0.0,0.0076045627376425855,0.022813688212927757,0.045627376425855515,0.2889733840304182,0.0038022813688212928,0.011406844106463879,0.019011406844106463,0.0076045627376425855,0.0,0.0,0.07604562737642585,0.0,0.005703422053231939,0.0,0.03612167300380228,0.0038022813688212928,0.07604562737642585,0.013307984790874524,0.051330798479087454,0.0076045627376425855,0.005703422053231939,0.015209125475285171,0.27566539923954375
violations,17
