Meta Mode,ecore
Number of Edge types,26
Number Of Nodes,100
State Id,16_1
OutDegreeValue,0,1,2,3,4,5,6,7,8,10,13,14
OutDegreeCount,2,14,46,15,7,4,3,2,4,1,1,1
NAValue,1,2,3,4,5,6,7,8,9
NACount,1,10,52,17,13,2,2,1,2
MPCValue,0.00000,0.35129,0.35360,0.38519,0.39000,0.41889,0.46694,0.51358,0.52000,0.58240,0.59429,0.63673,0.65000,0.66444,0.66625,0.66765,0.66857,0.69333,0.70720,0.72222,0.74692,0.74880,0.75111,0.78000,0.80653,0.80889,0.83200,0.84747,0.85574
MPCCount,1,1,1,1,1,1,1,1,9,2,2,5,6,1,1,2,1,37,2,1,1,2,2,7,1,4,4,1,1
Typed Out Degree
EGenericType eTypeParameter,1,1,1,1,1,1,1,1,1,1,1,1,1,1,1,1,1,1,1,1,1,1,1,1,1,1,1,1,1,1,1,1,1,1,1,1,1,1,1,1,1,1,1,1,1,1,1,1
EClass eTypeParameters,1,1
EPackage eSuperPackage,1,1
EGenericType eTypeArguments,1,1,1,2,1,1,1,1,1,3,1,1,1
EReference eKeys,5,5,5,5
EDataType eTypeParameters,2
EOperation eContainingClass,1
EAttribute eContainingClass,1,1,1,1,1,1
EReference eOpposite,1,1,1,1,1
EPackage eClassifiers,4,2,5
EDataType ePackage,1,1,1
EAttribute eType,1,1,1,1,1,1
EOperation eExceptions,9
EEnum eLiterals,6,3
EParameter eType,1,1
EClass eStructuralFeatures,1,8,4
EGenericType eClassifier,1,1,1,1,1,1,1,1,1,1,1,1,1,1,1,1,1,1,1,1,1,1,1,1,1,1,1,1,1,1,1,1,1,1,1,1,1,1,1,1,1,1,1,1,1,1,1,1,1,1
EEnumLiteral eEnum,1,1,1,1,1,1,1,1,1
EReference eContainingClass,1,1,1,1,1,1,1
EEnum ePackage,1,1,1,1
EGenericType eUpperBound,1,1,1,1,1,1,1,1,1,1,1
EEnum eTypeParameters,2,2
EClass eSuperTypes,4,4,4,4
ETypeParameter eBounds,2,2,1,1,2,2,2
EClass ePackage,1,1,1,1
EOperation eParameters,2
EPackage eSubpackages,1,1
EGenericType eLowerBound,1,1,1,1,1,1,1,1,1,1,1,1,1,1
EClass eOperations,1
EParameter eOperation,1,1
EReference eType,1,1,1,1,1,1
EOperation eType,1
Node Type
EAttribute,EClass,EDataType,EParameter,EGenericType,EEnumLiteral,EOperation,EEnum,EReference,ETypeParameter,EPackage
0.060000000000000005,0.04,0.03,0.02,0.5300000000000002,0.09,0.01,0.04,0.07,0.08,0.03
Edge Type
eSuperPackage,eOperation,eUpperBound,eTypeParameter,eSubpackages,eType,eSuperTypes,eParameters,eOpposite,eKeys,eTypeArguments,eModelElement,eAnnotations,ePackage,eLowerBound,eLiterals,details,eStructuralFeatures,eClassifier,eClassifiers,eTypeParameters,eContainingClass,eBounds,eEnum,eOperations,eExceptions
0.006666666666666667,0.006666666666666667,0.03666666666666667,0.16,0.006666666666666667,0.05,0.05333333333333334,0.006666666666666667,0.016666666666666666,0.06666666666666667,0.05333333333333334,0.0,0.0,0.03666666666666667,0.04666666666666667,0.03,0.0,0.043333333333333335,0.16666666666666666,0.03666666666666667,0.02666666666666667,0.04666666666666667,0.04,0.03,0.0033333333333333335,0.03
violations,7
