Meta Mode,ecore
Number of Edge types,26
Number Of Nodes,100
State Id,1_1
OutDegreeValue,0,1,2,3,4,5,6,7,8,10
OutDegreeCount,4,24,43,11,5,6,2,1,3,1
NAValue,1,2,3,4,5,6,7
NACount,4,12,46,23,11,3,1
MPCValue,0.00000,0.30333,0.32661,0.42250,0.46694,0.52000,0.54542,0.59313,0.63556,0.63787,0.64198,0.65000,0.66560,0.68640,0.69333,0.71500,0.72163,0.74880,0.75111,0.76408,0.76960,0.77653,0.78000,0.79074,0.80889,0.83200,0.84741,0.86667
MPCCount,4,1,1,1,1,14,1,1,2,1,1,5,1,1,35,1,1,4,1,1,2,1,9,1,2,5,1,1
Typed Out Degree
EGenericType eTypeParameter,1,1,1,1,1,1,1,1,1,1,1,1,1,1,1,1,1,1,1,1,1,1,1,1,1,1,1,1,1,1,1,1,1,1,1,1,1
EClass eTypeParameters,2,1
EPackage eSuperPackage,1,1,1,1,1,1
EGenericType eTypeArguments,2,1,1,1,1,1
EReference eKeys,1,1
EDataType eTypeParameters,1,1,1,2,1,1,2,1,1
EAttribute eContainingClass,1
EReference eOpposite,1,1
EPackage eClassifiers,1,4,4,6,3,3,1
EDataType ePackage,1,1,1,1,1,1,1,1,1
EAttribute eType,1
EEnum eLiterals,1,1,1,2,3,3
EClass eStructuralFeatures,2,1
EGenericType eClassifier,1,1,1,1,1,1,1,1,1,1,1,1,1,1,1,1,1,1,1,1,1,1,1,1,1,1,1,1,1,1,1,1,1,1,1,1,1
EEnumLiteral eEnum,1,1,1,1,1,1,1,1,1,1,1
EReference eContainingClass,1,1
EEnum ePackage,1,1,1,1,1,1,1,1
EGenericType eUpperBound,1,1,1,1
EEnum eTypeParameters,2,1,3
EClass eSuperTypes,4,5,5,5,5
ETypeParameter eBounds,1,1,2,1,2,3,1,2,1,1,3,1,1,1,1,1
EClass ePackage,1,1,1,1,1
EPackage eSubpackages,1,3,2
EGenericType eLowerBound,1,1,1
EReference eType,1,1
Node Type
EClass,EAttribute,EDataType,EGenericType,EEnumLiteral,EEnum,EReference,ETypeParameter,EPackage
0.05,0.01,0.09,0.37000000000000016,0.10999999999999999,0.08,0.02,0.20000000000000004,0.07
Edge Type
eSuperPackage,eOperation,eUpperBound,eTypeParameter,eSubpackages,eType,eSuperTypes,eParameters,eOpposite,eKeys,eTypeArguments,eModelElement,eAnnotations,ePackage,eLowerBound,eLiterals,details,eStructuralFeatures,eClassifier,eClassifiers,eTypeParameters,eContainingClass,eBounds,eEnum,eOperations,eExceptions
0.024390243902439025,0.0,0.016260162601626018,0.15040650406504066,0.024390243902439025,0.012195121951219513,0.0975609756097561,0.0,0.008130081300813009,0.008130081300813009,0.028455284552845527,0.0,0.0,0.08943089430894309,0.012195121951219513,0.044715447154471545,0.0,0.012195121951219513,0.15040650406504066,0.08943089430894309,0.08130081300813008,0.012195121951219513,0.09349593495934959,0.044715447154471545,0.0,0.0
violations,6
