Meta Mode,ecore
Number of Edge types,26
Number Of Nodes,100
State Id,20_1
OutDegreeValue,0,1,2,3,4,6,7,8,10,14,15,17,19,21,22,23,24,25
OutDegreeCount,5,18,31,14,6,2,1,2,1,4,5,1,2,2,3,1,1,1
NAValue,1,2,3,4,5,6,7,8,9
NACount,5,8,48,20,7,5,4,2,1
MPCValue,0.00000,0.13173,0.13603,0.14061,0.16907,0.17620,0.23833,0.29952,0.38519,0.42250,0.49920,0.50462,0.50992,0.51938,0.52000,0.55250,0.58240,0.58500,0.59193,0.61389,0.61527,0.61538,0.61871,0.62143,0.63375,0.64735,0.65000,0.65406,0.66444,0.67692,0.68409,0.68923,0.69333,0.70041,0.70923,0.73840,0.74880,0.75111,0.78000,0.79605,0.83200
MPCCount,5,1,2,2,3,1,1,1,2,2,1,1,1,1,9,1,3,1,1,1,1,1,1,1,1,1,5,1,1,1,1,1,25,1,1,1,2,1,11,1,1
Typed Out Degree
EGenericType eTypeParameter,1,1,1,1,1,1,1,1,1,1,1,1,1,1,1,1,1,1,1,1
EClass eTypeParameters,1
EPackage eSuperPackage,1,1,1,1,1,1
EGenericType eTypeArguments,1,2,1,1,1
EDataType eTypeParameters,1,1,1,2,2
EOperation eContainingClass,1,1,1,1,1,1,1,1,1
EAttribute eContainingClass,1,1,1,1,1,1,1
EReference eOpposite,1
EPackage eClassifiers,4,2,7,2,5,7,1
EDataType ePackage,1,1,1,1,1,1,1,1
EAttribute eType,1,1,1,1,1,1,1
EOperation eExceptions,20,21,6,20,21,21,2,21,21
EEnum eLiterals,1,2,2,2,1
EOperation eTypeParameters,1
EParameter eType,1,1,1
EClass eStructuralFeatures,1,1,4,4
EGenericType eClassifier,1,1,1,1,1,1,1,1,1,1,1,1,1,1,1,1,1,1,1,1,1,1,1
EEnumLiteral eEnum,1,1,1,1,1,1,1,1
EReference eContainingClass,1,1,1
EEnum ePackage,1,1,1,1,1,1
EGenericType eUpperBound,1,1,1,1
EEnum eTypeParameters,1,1
EClass eSuperTypes,13,13,13,14,14,14,6,13,13,14,14,14,13,13
ETypeParameter eBounds,1,1,1,1,1,2,1
EClass ePackage,1,1,1,1,1,1,1,1,1,1,1,1,1,1
EOperation eParameters,3
EPackage eSubpackages,1,1,1,1,2
EGenericType eLowerBound,1,1,1,1,1,1
EClass eOperations,1,2,1,1,4
EParameter eOperation,1,1,1
EReference eType,1,1,1
EOperation eType,1,1,1
Node Type
EAttribute,EClass,EDataType,EParameter,EGenericType,EOperation,EEnumLiteral,EEnum,EReference,ETypeParameter,EPackage
0.07,0.13999999999999999,0.08,0.03,0.24000000000000007,0.09,0.08,0.060000000000000005,0.03,0.10999999999999999,0.07
Edge Type
eSuperPackage,eOperation,eUpperBound,eTypeParameter,eSubpackages,eType,eSuperTypes,eParameters,eOpposite,eKeys,eTypeArguments,eModelElement,eAnnotations,ePackage,eLowerBound,eLiterals,details,eStructuralFeatures,eClassifier,eClassifiers,eTypeParameters,eContainingClass,eBounds,eEnum,eOperations,eExceptions
0.010771992818671455,0.005385996409335727,0.00718132854578097,0.03590664272890485,0.010771992818671455,0.02872531418312388,0.3249551166965889,0.005385996409335727,0.0017953321364452424,0.0,0.010771992818671455,0.0,0.0,0.05026929982046679,0.010771992818671455,0.01436265709156194,0.0,0.017953321364452424,0.04129263913824058,0.05026929982046679,0.019748653500897665,0.03411131059245961,0.01436265709156194,0.01436265709156194,0.01615798922800718,0.2746858168761221
violations,15
