Meta Mode,ecore
Number of Edge types,26
Number Of Nodes,100
State Id,21_1
OutDegreeValue,0,1,2,3,4,5,7,8,16
OutDegreeCount,2,21,44,15,9,4,3,1,1
NAValue,1,2,3,4,5,6,7,8
NACount,2,7,55,15,13,4,3,1
MPCValue,0.00000,0.32661,0.41744,0.42250,0.47840,0.51692,0.52000,0.53926,0.55250,0.58240,0.63673,0.65000,0.68760,0.69333,0.73224,0.73667,0.74880,0.75077,0.75111,0.76291,0.76408,0.78000,0.78450,0.79592,0.80889,0.83200,0.86667
MPCCount,2,1,1,2,1,1,8,1,1,1,1,7,1,42,1,1,1,1,3,1,1,8,1,1,1,8,2
Typed Out Degree
EGenericType eTypeParameter,1,1,1,1,1,1,1,1,1,1,1,1,1,1,1,1,1,1,1,1,1,1,1,1,1,1,1,1,1,1,1,1,1,1,1,1,1,1,1,1,1,1,1,1,1,1,1,1,1,1,1
EEnum ePackage,1,1,1,1,1,1,1,1
EClass eTypeParameters,1,1,1
EGenericType eUpperBound,1,1,1,1,1,1,1,1,1,1,1,1,1
EEnum eTypeParameters,1,5,3,1
EPackage eSuperPackage,1,1,1,1,1
EClass eSuperTypes,3,4,3,1
EGenericType eTypeArguments,1,1,1,1,1,1,1,1,1,1,1,1,1
ETypeParameter eBounds,1,1,1,1,2,1,1,1,1,1,1,1,1,2
EClass ePackage,1,1,1,1,1
EDataType eTypeParameters,1,1
EOperation eContainingClass,1
EPackage eSubpackages,2,3
EPackage eClassifiers,5,2,2,4,1,2
EDataType ePackage,1,1,1
EGenericType eLowerBound,1,1,1,1,1,1,1,1,1,1,1,1,1
EClass eOperations,1
EOperation eExceptions,13
EEnum eLiterals,1,1,2,1,1
EOperation eTypeParameters,1
EGenericType eClassifier,1,1,1,1,1,1,1,1,1,1,1,1,1,1,1,1,1,1,1,1,1,1,1,1,1,1,1,1,1,1,1,1,1,1,1,1,1,1,1,1,1,1,1,1,1,1,1,1,1,1,1,1
EEnumLiteral eEnum,1,1,1,1,1,1
EOperation eType,1
Node Type
EClass,EDataType,EGenericType,EEnumLiteral,EOperation,EEnum,EPackage,ETypeParameter
0.05,0.03,0.5500000000000003,0.060000000000000005,0.01,0.08,0.060000000000000005,0.16
Edge Type
eSuperPackage,eOperation,eUpperBound,eTypeParameter,eSubpackages,eType,eSuperTypes,eParameters,eOpposite,eKeys,eTypeArguments,eModelElement,eAnnotations,ePackage,eLowerBound,eLiterals,details,eStructuralFeatures,eClassifier,eClassifiers,eTypeParameters,eContainingClass,eBounds,eEnum,eOperations,eExceptions
0.0196078431372549,0.0,0.050980392156862744,0.2,0.0196078431372549,0.00392156862745098,0.043137254901960784,0.0,0.0,0.0,0.050980392156862744,0.0,0.0,0.06274509803921569,0.050980392156862744,0.023529411764705882,0.0,0.0,0.20392156862745098,0.06274509803921569,0.06274509803921569,0.00392156862745098,0.06274509803921569,0.023529411764705882,0.00392156862745098,0.050980392156862744
violations,4
