Meta Mode,ecore
Number of Edge types,26
Number Of Nodes,100
State Id,23_1
OutDegreeValue,0,1,2,3,4,5,7,9,10,12,13,20,24,25
OutDegreeCount,4,29,28,10,14,3,1,5,1,1,1,1,1,1
NAValue,1,2,3,4,5,6,7,8,9,10
NACount,4,9,48,17,13,4,2,1,1,1
MPCValue,0.00000,0.21185,0.22963,0.28923,0.35360,0.46413,0.52000,0.55611,0.58240,0.62462,0.65000,0.66560,0.68640,0.69333,0.70462,0.70778,0.71500,0.74880,0.75111,0.76408,0.76960,0.77469,0.78000,0.80889,0.82173,0.82620,0.83200,0.84898,0.85280,0.86154,0.88562
MPCCount,4,4,1,1,1,1,10,1,2,1,16,1,1,24,1,1,1,1,2,2,1,1,8,1,1,1,7,1,1,1,1
Typed Out Degree
EGenericType eTypeParameter,1,1,1,1,1,1,1,1,1,1,1,1,1,1,1,1,1,1,1,1,1,1,1,1,1
EClass eTypeParameters,3,1
EPackage eSuperPackage,1,1,1,1,1,1,1,1,1
EGenericType eTypeArguments,1,1,1,1,1,1,1,1
EReference eKeys,1,1,1,1,1,1,1,1
EDataType eTypeParameters,1,1,2,1
EOperation eContainingClass,1,1
EAttribute eContainingClass,1
EReference eOpposite,1,1,1,1,1,1,1,1
EPackage eClassifiers,2,2,4,10,4,2,2,2,1,1
EDataType ePackage,1,1,1,1,1,1,1,1,1,1
EAttribute eType,1
EOperation eExceptions,22,22
EEnum eLiterals,1,3,2,2
EOperation eTypeParameters,1
EClass eStructuralFeatures,7,1,1
EGenericType eClassifier,1,1,1,1,1,1,1,1,1,1,1,1,1,1,1,1,1,1,1,1,1,1,1,1,1
EEnumLiteral eEnum,1,1,1,1,1,1,1,1
EReference eContainingClass,1,1,1,1,1,1,1,1
EEnum ePackage,1,1,1,1,1,1,1,1,1,1,1
EGenericType eUpperBound,1,1,1,1,1,1,1
EEnum eTypeParameters,1,2
EClass eSuperTypes,8,8,8,8,8,8,8,8
ETypeParameter eBounds,1,2,1,1,1,1,1,1,1
EClass ePackage,1,1,1,1,1,1,1,1,1
EPackage eSubpackages,1,2,3,1,2
EGenericType eLowerBound,1,1,1
EClass eOperations,1,1
EReference eType,1,1,1,1,1,1,1,1
EOperation eType,1,1
Node Type
EClass,EAttribute,EDataType,EGenericType,EEnumLiteral,EOperation,EEnum,EReference,ETypeParameter,EPackage
0.09,0.01,0.09999999999999999,0.2800000000000001,0.08,0.02,0.10999999999999999,0.08,0.12999999999999998,0.09999999999999999
Edge Type
eSuperPackage,eOperation,eUpperBound,eTypeParameter,eSubpackages,eType,eSuperTypes,eParameters,eOpposite,eKeys,eTypeArguments,eModelElement,eAnnotations,ePackage,eLowerBound,eLiterals,details,eStructuralFeatures,eClassifier,eClassifiers,eTypeParameters,eContainingClass,eBounds,eEnum,eOperations,eExceptions
0.02631578947368421,0.0,0.02046783625730994,0.07309941520467836,0.02631578947368421,0.03216374269005848,0.1871345029239766,0.0,0.023391812865497075,0.023391812865497075,0.023391812865497075,0.0,0.0,0.08771929824561403,0.008771929824561403,0.023391812865497075,0.0,0.02631578947368421,0.07309941520467836,0.08771929824561403,0.038011695906432746,0.03216374269005848,0.029239766081871343,0.023391812865497075,0.005847953216374269,0.1286549707602339
violations,12
