Meta Mode,ecore
Number of Edge types,26
Number Of Nodes,100
State Id,24_1
OutDegreeValue,0,1,2,3,4,5,6,7,9,10,11,12,14,16,19,20,21,22,23
OutDegreeCount,4,19,36,12,10,1,1,1,3,1,1,1,1,1,2,1,3,1,1
NAValue,1,2,3,4,5,6,7,8,9
NACount,3,9,49,19,10,6,1,1,2
MPCValue,0.00000,0.19240,0.25785,0.26884,0.32242,0.33521,0.35360,0.39000,0.43333,0.44694,0.46694,0.46769,0.51358,0.52000,0.54167,0.58240,0.61538,0.63673,0.64735,0.64942,0.65000,0.67025,0.69333,0.71367,0.71500,0.73175,0.73224,0.73827,0.74880,0.75111,0.75920,0.78000,0.79007,0.79590,0.83200,0.83456
MPCCount,3,2,2,1,1,1,6,1,1,1,1,1,1,9,1,1,1,1,1,1,4,1,32,1,2,1,1,1,3,3,1,5,1,1,5,1
Typed Out Degree
EGenericType eTypeParameter,1,1,1,1,1,1,1,1,1,1,1,1,1,1,1,1,1,1,1,1,1,1,1,1,1,1,1,1,1,1,1,1
EClass eTypeParameters,2
EPackage eSuperPackage,1,1,1,1,1,1,1,1
EGenericType eTypeArguments,1,1,1,1,2,1,1,1,1
EDataType eTypeParameters,2,1,1
EOperation eContainingClass,1,1,1,1,1,1,1,1,1
EReference eOpposite,1
EPackage eClassifiers,3,1,2,6,4,5
EDataType ePackage,1,1,1,1,1,1,1
EOperation eExceptions,18,19,18,19,18,19,18,19
EEnum eLiterals,1,1,2
EOperation eTypeParameters,1,1
EParameter eType,1,1
EClass eStructuralFeatures,5,4
EGenericType eClassifier,1,1,1,1,1,1,1,1,1,1,1,1,1,1,1,1,1,1,1,1,1,1,1,1,1,1,1,1,1,1,1,1,1
EEnumLiteral eEnum,1,1,1,1
EReference eContainingClass,1,1,1,1,1,1,1,1,1
EEnum ePackage,1,1,1,1,1,1
EGenericType eUpperBound,1,1,1,1,1,1,1
EEnum eTypeParameters,1,1,1
EClass eSuperTypes,8,8,4,7,8,8,8,7
ETypeParameter eBounds,1,1,2,1,1,1,2
EClass ePackage,1,1,1,1,1,1,1,1
EOperation eParameters,2
EPackage eSubpackages,2,1,2,1,2
EGenericType eLowerBound,1,1,1,1,1,1,1,1,1
EClass eOperations,2,3,2,2
EParameter eOperation,1,1
EReference eType,1,1,1,1,1,1,1,1
EOperation eType,1,1,1,1,1,1,1
Node Type
EClass,EDataType,EParameter,EGenericType,EEnumLiteral,EOperation,EEnum,EReference,ETypeParameter,EPackage
0.08,0.07,0.02,0.35000000000000014,0.04,0.09,0.060000000000000005,0.09,0.10999999999999999,0.09
Edge Type
eSuperPackage,eOperation,eUpperBound,eTypeParameter,eSubpackages,eType,eSuperTypes,eParameters,eOpposite,eKeys,eTypeArguments,eModelElement,eAnnotations,ePackage,eLowerBound,eLiterals,details,eStructuralFeatures,eClassifier,eClassifiers,eTypeParameters,eContainingClass,eBounds,eEnum,eOperations,eExceptions
0.018140589569160998,0.0045351473922902496,0.015873015873015872,0.07256235827664399,0.018140589569160998,0.03854875283446712,0.13151927437641722,0.0045351473922902496,0.0022675736961451248,0.0,0.022675736961451247,0.0,0.0,0.047619047619047616,0.02040816326530612,0.009070294784580499,0.0,0.02040816326530612,0.07482993197278912,0.047619047619047616,0.024943310657596373,0.04081632653061224,0.02040816326530612,0.009070294784580499,0.02040816326530612,0.3356009070294785
violations,8
