Meta Mode,ecore
Number of Edge types,26
Number Of Nodes,100
State Id,25_1
OutDegreeValue,1,2,3,4,5,6,7,9,11,14,21,22,23
OutDegreeCount,24,42,11,7,3,1,3,2,1,1,1,2,2
NAValue,2,3,4,5,6,7,9
NACount,7,57,14,13,5,1,3
MPCValue,0.17620,0.24771,0.32242,0.36608,0.46694,0.52000,0.54782,0.58240,0.59429,0.65000,0.65481,0.66560,0.66765,0.68409,0.69333,0.69975,0.70200,0.70720,0.71500,0.74750,0.74880,0.75111,0.76729,0.77469,0.78000,0.78769,0.80653,0.83200,0.85568,0.86547,0.87490
MPCCount,1,1,1,1,6,8,1,6,2,5,1,1,2,1,35,1,1,1,1,1,1,2,1,1,9,1,1,4,1,1,1
Typed Out Degree
EGenericType eTypeParameter,1,1,1,1,1,1,1,1,1,1,1,1,1,1,1,1,1,1,1,1,1,1,1,1,1,1,1,1,1,1,1,1
EClass eTypeParameters,1
EPackage eSuperPackage,1,1,1,1,1,1
EGenericType eTypeArguments,1,1,1,1,1,1,1
EReference eKeys,2,2
EDataType eTypeParameters,1,1,3,1,1
EOperation eContainingClass,1,1,1,1,1,1
EAttribute eContainingClass,1,1,1,1,1,1,1,1
EReference eOpposite,1,1,1
EPackage eClassifiers,2,7,3,2,4,4
EDataType ePackage,1,1,1,1,1,1,1,1
EAttribute eType,1,1,1,1,1,1,1
EOperation eExceptions,20,18,19,20,20
EEnum eLiterals,4,1
EOperation eTypeParameters,1
EParameter eType,1,1,1,1
EClass eStructuralFeatures,5,4,2,1
EGenericType eClassifier,1,1,1,1,1,1,1,1,1,1,1,1,1,1,1,1,1,1,1,1,1,1,1,1,1,1,1,1,1,1,1,1
EEnumLiteral eEnum,1,1,1,1,1
EReference eContainingClass,1,1,1,1
EEnum ePackage,1,1,1,1,1,1,1,1
EGenericType eUpperBound,1,1,1,1,1,1
EEnum eTypeParameters,2
EClass eSuperTypes,5,5,5,5,5
ETypeParameter eBounds,1,2,1,1,1,2,1,2,1,1,1
EClass ePackage,1,1,1,1,1,1
EOperation eParameters,1,3
EPackage eSubpackages,1,1,2,2
EGenericType eLowerBound,1,1,1,1,1,1
EClass eOperations,3,1,1,1
EParameter eOperation,1,1,1,1
EReference eType,1,1,1
EOperation eType,1,1,1,1
Node Type
EAttribute,EClass,EDataType,EParameter,EGenericType,EOperation,EEnumLiteral,EEnum,EReference,EPackage,ETypeParameter
0.08,0.060000000000000005,0.08,0.04,0.3300000000000001,0.060000000000000005,0.05,0.08,0.04,0.07,0.10999999999999999
Edge Type
eSuperPackage,eOperation,eUpperBound,eTypeParameter,eSubpackages,eType,eSuperTypes,eParameters,eOpposite,eKeys,eTypeArguments,eModelElement,eAnnotations,ePackage,eLowerBound,eLiterals,details,eStructuralFeatures,eClassifier,eClassifiers,eTypeParameters,eContainingClass,eBounds,eEnum,eOperations,eExceptions
0.01643835616438356,0.010958904109589041,0.01643835616438356,0.08767123287671233,0.01643835616438356,0.049315068493150684,0.0684931506849315,0.010958904109589041,0.00821917808219178,0.010958904109589041,0.019178082191780823,0.0,0.0,0.06027397260273973,0.01643835616438356,0.0136986301369863,0.0,0.03287671232876712,0.08767123287671233,0.06027397260273973,0.030136986301369864,0.049315068493150684,0.038356164383561646,0.0136986301369863,0.01643835616438356,0.26575342465753427
violations,7
