Meta Mode,ecore
Number of Edge types,26
Number Of Nodes,100
State Id,26_1
OutDegreeValue,0,1,2,3,4,5,7,9,13,18,19
OutDegreeCount,3,22,42,12,9,6,1,1,1,1,2
NAValue,1,2,3,4,5,6,7,10
NACount,3,8,52,16,13,4,3,1
MPCValue,0.00000,0.24960,0.26531,0.29385,0.35360,0.36400,0.42449,0.46694,0.52000,0.52693,0.58240,0.62272,0.65000,0.68409,0.69333,0.71500,0.73224,0.74880,0.76408,0.77355,0.78000,0.80889,0.83200,0.84741,0.84923,0.85313,0.86667,0.86755
MPCCount,3,1,1,1,1,1,1,1,8,1,3,1,8,1,41,1,1,4,1,1,6,3,5,1,1,1,1,1
Typed Out Degree
EGenericType eTypeParameter,1,1,1,1,1,1,1,1,1,1,1,1,1,1,1,1,1,1,1,1,1,1,1,1,1,1,1,1,1,1,1,1,1,1,1,1,1,1,1,1,1,1,1,1,1,1,1,1
EClass eTypeParameters,1
EPackage eSuperPackage,1,1
EGenericType eTypeArguments,1,2,1,1,1,1,1,1,2,1,1,1,1
EDataType eTypeParameters,1,1,1,1,1,1,2,1
EOperation eContainingClass,1,1,1
EAttribute eContainingClass,1,1,1
EReference eOpposite,1
EPackage eClassifiers,8,3,5
EDataType ePackage,1,1,1,1,1,1,1,1,1,1
EAttribute eType,1,1,1
EOperation eExceptions,16,16,16
EEnum eLiterals,1,3,3
EOperation eTypeParameters,1
EParameter eType,1
EClass eStructuralFeatures,7
EGenericType eClassifier,1,1,1,1,1,1,1,1,1,1,1,1,1,1,1,1,1,1,1,1,1,1,1,1,1,1,1,1,1,1,1,1,1,1,1,1,1,1,1,1,1,1,1,1,1,1,1,1,1
EEnumLiteral eEnum,1,1,1,1,1,1,1
EReference eContainingClass,1,1,1,1
EEnum ePackage,1,1,1,1,1
EGenericType eUpperBound,1,1,1,1,1,1,1,1,1,1,1
EEnum eTypeParameters,1,1
EClass eSuperTypes,1
ETypeParameter eBounds,1,1,1,1,1,1,1,1,1,1,1
EClass ePackage,1
EOperation eParameters,1
EPackage eSubpackages,1,1
EGenericType eLowerBound,1,1,1,1,1,1,1,1,1,1,1,1,1
EClass eOperations,3
EParameter eOperation,1
EReference eType,1,1,1,1
EOperation eType,1,1,1
Node Type
EClass,EAttribute,EDataType,EParameter,EGenericType,EEnumLiteral,EOperation,EEnum,EReference,EPackage,ETypeParameter
0.01,0.03,0.09999999999999999,0.01,0.5000000000000002,0.07,0.03,0.05,0.04,0.03,0.12999999999999998
Edge Type
eSuperPackage,eOperation,eUpperBound,eTypeParameter,eSubpackages,eType,eSuperTypes,eParameters,eOpposite,eKeys,eTypeArguments,eModelElement,eAnnotations,ePackage,eLowerBound,eLiterals,details,eStructuralFeatures,eClassifier,eClassifiers,eTypeParameters,eContainingClass,eBounds,eEnum,eOperations,eExceptions
0.006825938566552901,0.0034129692832764505,0.03754266211604096,0.16382252559726962,0.006825938566552901,0.03754266211604096,0.0034129692832764505,0.0034129692832764505,0.0034129692832764505,0.0,0.051194539249146756,0.0,0.0,0.05460750853242321,0.04436860068259386,0.023890784982935155,0.0,0.023890784982935155,0.16723549488054607,0.05460750853242321,0.04436860068259386,0.034129692832764506,0.03754266211604096,0.023890784982935155,0.010238907849829351,0.16382252559726962
violations,1
