Meta Mode,ecore
Number of Edge types,26
Number Of Nodes,100
State Id,27_1
OutDegreeValue,0,1,2,3,4,5,6,7,8
OutDegreeCount,6,18,41,11,14,5,2,1,2
NAValue,1,2,3,4,5,6
NACount,5,8,49,20,12,6
MPCValue,0.00000,0.30333,0.32661,0.42250,0.47840,0.52000,0.55250,0.55467,0.57306,0.58240,0.63556,0.64055,0.65000,0.67692,0.68640,0.68760,0.69333,0.71500,0.72163,0.75111,0.76960,0.78000,0.80889,0.83200,0.84898,0.86667
MPCCount,5,1,1,1,1,9,1,1,1,4,1,1,4,2,1,2,34,2,1,1,2,13,1,8,1,1
Typed Out Degree
EGenericType eTypeParameter,1,1,1,1,1,1,1,1,1,1,1,1,1,1,1,1,1,1,1,1,1,1,1,1,1,1,1,1,1,1,1,1,1,1,1,1,1,1,1
EClass eTypeParameters,1,1
EPackage eSuperPackage,1,1,1,1,1,1,1,1,1,1,1
EGenericType eTypeArguments,1,1,1,1,1,1,1,1,1,1
EReference eKeys,1
EDataType eTypeParameters,1,1,2,1,1,2
EAttribute eContainingClass,1,1
EReference eOpposite,1
EPackage eClassifiers,4,2,1,2,1,1,1,4,2,1,1,3
EDataType ePackage,1,1,1,1,1,1,1,1,1
EAttribute eType,1,1
EEnum eLiterals,1,1,2,1,1
EClass eStructuralFeatures,2,1
EGenericType eClassifier,1,1,1,1,1,1,1,1,1,1,1,1,1,1,1,1,1,1,1,1,1,1,1,1,1,1,1,1,1,1,1,1,1,1,1,1,1,1,1
EEnumLiteral eEnum,1,1,1,1,1,1
EReference eContainingClass,1
EEnum ePackage,1,1,1,1,1,1,1,1,1
EGenericType eUpperBound,1,1,1,1,1,1,1,1
EEnum eTypeParameters,1,1,1,2,1,1
EClass eSuperTypes,5,5,5,4,5
ETypeParameter eBounds,2,1,1,1,1,1,1,1,1,2,2
EClass ePackage,1,1,1,1,1
EPackage eSubpackages,2,2,2,1,1,2,1
EGenericType eLowerBound,1,1,1,1,1,1,1
EReference eType,1
Node Type
EAttribute,EClass,EDataType,EGenericType,EEnumLiteral,EEnum,EReference,EPackage,ETypeParameter
0.02,0.05,0.09,0.3900000000000002,0.060000000000000005,0.09,0.01,0.11999999999999998,0.17
Edge Type
eSuperPackage,eOperation,eUpperBound,eTypeParameter,eSubpackages,eType,eSuperTypes,eParameters,eOpposite,eKeys,eTypeArguments,eModelElement,eAnnotations,ePackage,eLowerBound,eLiterals,details,eStructuralFeatures,eClassifier,eClassifiers,eTypeParameters,eContainingClass,eBounds,eEnum,eOperations,eExceptions
0.04417670682730924,0.0,0.0321285140562249,0.1566265060240964,0.04417670682730924,0.012048192771084338,0.0963855421686747,0.0,0.004016064257028112,0.004016064257028112,0.040160642570281124,0.0,0.0,0.09236947791164658,0.028112449799196786,0.024096385542168676,0.0,0.012048192771084338,0.1566265060240964,0.09236947791164658,0.06827309236947791,0.012048192771084338,0.05622489959839357,0.024096385542168676,0.0,0.0
violations,5
