Meta Mode,ecore
Number of Edge types,26
Number Of Nodes,100
State Id,28_1
OutDegreeValue,0,1,2,3,5,6,7,9,10,11,17,27,30
OutDegreeCount,5,29,38,12,3,3,3,1,1,2,1,1,1
NAValue,1,2,3,4,5,6,7,8,10
NACount,5,7,49,20,10,3,3,2,1
MPCValue,0.00000,0.32152,0.38391,0.39802,0.52000,0.58240,0.63556,0.65000,0.68640,0.69333,0.71500,0.73125,0.74469,0.74851,0.74880,0.75111,0.76066,0.76408,0.77730,0.78000,0.80653,0.84000,0.86195,0.87385,0.87669
MPCCount,5,1,1,1,8,8,1,8,1,35,1,1,1,1,1,8,1,1,1,10,1,1,1,1,1
Typed Out Degree
EGenericType eTypeParameter,1,1,1,1,1,1,1,1,1,1,1,1,1,1,1,1,1,1,1,1
EClass eTypeParameters,1,1
EPackage eSuperPackage,1,1,1,1,1,1,1,1,1,1
EGenericType eTypeArguments,1,1
EReference eKeys,4,4,4
EDataType eTypeParameters,1,1,1,1
EOperation eContainingClass,1,1,1
EAttribute eContainingClass,1,1,1,1,1
EReference eOpposite,1,1,1
EPackage eClassifiers,6,2,2,1,4,1,2,2,2,7,2
EDataType ePackage,1,1,1,1,1,1,1,1,1
EAttribute eType,1,1,1,1,1
EOperation eExceptions,24,26,14
EEnum eLiterals,2,3,1
EOperation eTypeParameters,1
EParameter eType,1,1,1
EClass eStructuralFeatures,1,4,3
EGenericType eClassifier,1,1,1,1,1,1,1,1,1,1,1,1,1,1,1,1,1,1,1,1,1
EEnumLiteral eEnum,1,1,1,1,1,1
EReference eContainingClass,1,1,1
EEnum ePackage,1,1,1,1,1,1,1,1,1,1,1,1,1,1,1,1,1,1
EGenericType eUpperBound,1,1,1
EEnum eTypeParameters,2,1,1,2,1,1,1
EClass eSuperTypes,4,4,4,4
ETypeParameter eBounds,2,1,1,1,1,1,1,1,2,2,1
EClass ePackage,1,1,1,1
EOperation eParameters,1,2
EPackage eSubpackages,2,3,1,4
EGenericType eLowerBound,1,1,1
EClass eOperations,2,1
EParameter eOperation,1,1,1
EReference eType,1,1,1
EOperation eType,1,1,1
Node Type
EAttribute,EClass,EDataType,EParameter,EGenericType,EEnumLiteral,EOperation,EEnum,EReference,ETypeParameter,EPackage
0.05,0.04,0.09,0.03,0.22000000000000006,0.060000000000000005,0.03,0.18000000000000002,0.03,0.16,0.10999999999999999
Edge Type
eSuperPackage,eOperation,eUpperBound,eTypeParameter,eSubpackages,eType,eSuperTypes,eParameters,eOpposite,eKeys,eTypeArguments,eModelElement,eAnnotations,ePackage,eLowerBound,eLiterals,details,eStructuralFeatures,eClassifier,eClassifiers,eTypeParameters,eContainingClass,eBounds,eEnum,eOperations,eExceptions
0.03225806451612903,0.00967741935483871,0.00967741935483871,0.06451612903225806,0.03225806451612903,0.04516129032258064,0.05161290322580645,0.00967741935483871,0.00967741935483871,0.03870967741935484,0.0064516129032258064,0.0,0.0,0.1,0.00967741935483871,0.01935483870967742,0.0,0.025806451612903226,0.06774193548387097,0.1,0.05161290322580645,0.035483870967741936,0.04516129032258064,0.01935483870967742,0.00967741935483871,0.2064516129032258
violations,5
