Meta Mode,ecore
Number of Edge types,26
Number Of Nodes,100
State Id,29_1
OutDegreeValue,0,1,2,3,4,5,6,7,8,11,16,19,20,22
OutDegreeCount,2,20,45,7,6,8,2,4,1,1,1,1,1,1
NAValue,1,2,3,4,5,6,7,10
NACount,1,7,57,12,17,4,1,1
MPCValue,0.00000,0.23563,0.28308,0.28809,0.33280,0.38519,0.42250,0.46694,0.51509,0.52000,0.53289,0.58240,0.58500,0.62486,0.63375,0.63673,0.65000,0.67901,0.69333,0.72198,0.72628,0.74880,0.75111,0.76408,0.76960,0.78000,0.80653,0.80889,0.81120,0.82815,0.83200,0.88082
MPCCount,1,1,2,1,1,1,1,1,1,7,1,6,1,1,1,1,3,1,41,1,1,4,2,2,1,2,1,7,1,1,3,1
Typed Out Degree
EGenericType eTypeParameter,1,1,1,1,1,1,1,1,1,1,1,1,1,1,1,1,1,1,1,1,1,1,1,1,1,1,1,1,1,1,1,1,1,1,1,1,1,1,1,1,1,1,1
EClass eTypeParameters,1,1
EPackage eSuperPackage,1,1,1,1
EGenericType eTypeArguments,2,1,1,2,1,1,2,1,1,1,1,1
EReference eKeys,1,1
EDataType eTypeParameters,1,1
EOperation eContainingClass,1,1,1
EAttribute eContainingClass,1,1
EReference eOpposite,1,1,1
EPackage eClassifiers,8,3,2,7,1
EDataType ePackage,1,1,1,1,1,1,1,1,1
EAttribute eType,1,1
EOperation eExceptions,15,16,16
EEnum eLiterals,5
EParameter eType,1,1,1,1,1,1,1,1
EClass eStructuralFeatures,6
EGenericType eClassifier,1,1,1,1,1,1,1,1,1,1,1,1,1,1,1,1,1,1,1,1,1,1,1,1,1,1,1,1,1,1,1,1,1,1,1,1,1,1,1,1,1,1,1
EEnumLiteral eEnum,1,1,1,1,1
EReference eContainingClass,1,1,1,1
EEnum ePackage,1,1,1,1,1
EGenericType eUpperBound,1,1,1,1,1,1,1,1,1,1,1,1
EEnum eTypeParameters,1
EClass eSuperTypes,6,5,6,5,6,2
ETypeParameter eBounds,1,1,1,2
EClass ePackage,1,1,1,1,1,1,1
EOperation eParameters,2,2,4
EPackage eSubpackages,3,1
EGenericType eLowerBound,1,1,1,1,1,1,1,1,1,1,1,1,1,1,1
EClass eOperations,3
EParameter eOperation,1,1,1,1,1,1,1,1
EReference eType,1,1,1,1
EOperation eType,1,1,1
Node Type
EClass,EAttribute,EDataType,EParameter,EGenericType,EOperation,EEnumLiteral,EEnum,EReference,ETypeParameter,EPackage
0.07,0.02,0.09,0.08,0.47000000000000025,0.03,0.05,0.05,0.04,0.05,0.05
Edge Type
eSuperPackage,eOperation,eUpperBound,eTypeParameter,eSubpackages,eType,eSuperTypes,eParameters,eOpposite,eKeys,eTypeArguments,eModelElement,eAnnotations,ePackage,eLowerBound,eLiterals,details,eStructuralFeatures,eClassifier,eClassifiers,eTypeParameters,eContainingClass,eBounds,eEnum,eOperations,eExceptions
0.012084592145015106,0.02416918429003021,0.03625377643504532,0.1299093655589124,0.012084592145015106,0.0513595166163142,0.09063444108761329,0.02416918429003021,0.00906344410876133,0.006042296072507553,0.045317220543806644,0.0,0.0,0.0634441087613293,0.045317220543806644,0.015105740181268883,0.0,0.01812688821752266,0.1299093655589124,0.0634441087613293,0.015105740181268883,0.027190332326283987,0.015105740181268883,0.015105740181268883,0.00906344410876133,0.1419939577039275
violations,6
