Meta Mode,ecore
Number of Edge types,26
Number Of Nodes,100
State Id,2_1
OutDegreeValue,0,1,2,3,4,5,6,7,8,13,14,15,16,22,23
OutDegreeCount,9,16,35,10,2,8,1,2,1,6,1,3,2,1,3
NAValue,1,2,3,4,5,6,7,8
NACount,9,9,38,20,9,8,5,2
MPCValue,0.00000,0.15077,0.23833,0.24771,0.35360,0.36053,0.42250,0.43469,0.46694,0.52000,0.52467,0.55250,0.55370,0.57584,0.59922,0.63180,0.63673,0.65000,0.66444,0.66560,0.69333,0.71500,0.73224,0.74469,0.74880,0.75111,0.76375,0.76960,0.77037,0.78000,0.79040,0.80653,0.80889,0.81120,0.83200,0.85049,0.85959
MPCCount,9,4,3,1,1,1,1,1,1,10,1,1,1,1,1,1,2,2,1,1,26,2,2,1,1,2,1,1,3,7,1,2,3,1,1,1,1
Typed Out Degree
EGenericType eTypeParameter,1,1,1,1,1,1,1,1,1,1,1,1,1,1,1,1,1,1,1,1,1,1,1,1,1,1,1,1,1,1
EClass eTypeParameters,1,1,2
EPackage eSuperPackage,1,1,1,1,1,1
EGenericType eTypeArguments,1,1,2,1,2
EReference eKeys,2,2,1
EDataType eTypeParameters,2,1,4,1,1
EOperation eContainingClass,1,1,1,1
EAttribute eContainingClass,1,1
EReference eOpposite,1,1,1
EPackage eClassifiers,5,5,5,3,2,5,1
EDataType ePackage,1,1,1,1,1
EAttribute eType,1,1
EOperation eExceptions,21,20,21,21
EEnum eLiterals,1,2,3,1,1,1
EClass eStructuralFeatures,2,1,2
EGenericType eClassifier,1,1,1,1,1,1,1,1,1,1,1,1,1,1,1,1,1,1,1,1,1,1,1,1,1,1,1,1,1
EEnumLiteral eEnum,1,1,1,1,1,1,1,1,1
EReference eContainingClass,1,1,1
EEnum ePackage,1,1,1,1,1,1,1,1,1
EGenericType eUpperBound,1,1,1,1,1,1,1
EEnum eTypeParameters,1,1,2,1,1
EClass eSuperTypes,12,12,12,12,12,12,12,12,12,12,12,12
ETypeParameter eBounds,1,2,1,1,2,1,1,3,3,1
EClass ePackage,1,1,1,1,1,1,1,1,1,1,1,1
EPackage eSubpackages,1,1,1,3
EClass eOperations,2,2
EReference eType,1,1,1
EOperation eType,1,1,1,1
Node Type
EClass,EAttribute,EDataType,EGenericType,EEnumLiteral,EOperation,EEnum,EReference,ETypeParameter,EPackage
0.11999999999999998,0.02,0.05,0.3000000000000001,0.09,0.04,0.09,0.03,0.19000000000000003,0.07
Edge Type
eSuperPackage,eOperation,eUpperBound,eTypeParameter,eSubpackages,eType,eSuperTypes,eParameters,eOpposite,eKeys,eTypeArguments,eModelElement,eAnnotations,ePackage,eLowerBound,eLiterals,details,eStructuralFeatures,eClassifier,eClassifiers,eTypeParameters,eContainingClass,eBounds,eEnum,eOperations,eExceptions
0.01327433628318584,0.0,0.015486725663716814,0.06637168141592921,0.01327433628318584,0.01991150442477876,0.3185840707964602,0.0,0.00663716814159292,0.011061946902654867,0.015486725663716814,0.0,0.0,0.05752212389380531,0.0,0.01991150442477876,0.0,0.011061946902654867,0.06415929203539823,0.05752212389380531,0.0420353982300885,0.01991150442477876,0.035398230088495575,0.01991150442477876,0.008849557522123894,0.1836283185840708
violations,12
