Meta Mode,ecore
Number of Edge types,26
Number Of Nodes,100
State Id,30_1
OutDegreeValue,0,1,2,3,4,5,6,7,13
OutDegreeCount,5,20,40,14,14,3,1,2,1
NAValue,1,2,3,4,5,6,7
NACount,4,10,46,21,16,2,1
MPCValue,0.00000,0.35129,0.35360,0.38519,0.42250,0.52000,0.54889,0.57306,0.59062,0.60320,0.61538,0.65000,0.66765,0.66857,0.69333,0.71500,0.74880,0.75111,0.76615,0.77469,0.78000,0.80653,0.80889,0.83200
MPCCount,4,1,2,1,1,12,1,1,1,1,1,2,1,1,37,1,1,2,1,1,15,1,2,9
Typed Out Degree
EGenericType eTypeParameter,1,1,1,1,1,1,1,1,1,1,1,1,1,1,1,1,1,1,1,1,1,1,1,1,1,1,1,1,1,1,1,1,1,1,1,1,1,1,1,1,1,1,1,1,1
EEnum ePackage,1,1,1,1,1,1,1,1,1,1
EClass eTypeParameters,1
EGenericType eUpperBound,1,1,1,1,1,1,1,1,1,1,1,1,1
EEnum eTypeParameters,1,1,1,1
EPackage eSuperPackage,1,1,1,1,1,1,1,1,1
EClass eSuperTypes,4,3,4,4
EGenericType eTypeArguments,1,1,1,2,1,1,1,1,1,1
ETypeParameter eBounds,1,1,1,1,1,1,3,1,2
EClass ePackage,1,1,1,1
EDataType eTypeParameters,1,1,2,2,1,1
EAttribute eContainingClass,1,1
EPackage eSubpackages,3,1,1,4
EPackage eClassifiers,4,1,1,2,1,1,2,8,1
EDataType ePackage,1,1,1,1,1,1,1
EGenericType eLowerBound,1,1,1,1,1,1,1,1,1,1
EAttribute eType,1,1
EEnum eLiterals,2,1,2,1,1,1
EClass eStructuralFeatures,1,1
EGenericType eClassifier,1,1,1,1,1,1,1,1,1,1,1,1,1,1,1,1,1,1,1,1,1,1,1,1,1,1,1,1,1,1,1,1,1,1,1,1,1,1,1,1,1,1,1,1,1
EEnumLiteral eEnum,1,1,1,1,1,1,1,1
Node Type
EAttribute,EClass,EDataType,EGenericType,EEnumLiteral,EEnum,ETypeParameter,EPackage
0.02,0.04,0.07,0.46000000000000024,0.08,0.09999999999999999,0.12999999999999998,0.09999999999999999
Edge Type
eSuperPackage,eOperation,eUpperBound,eTypeParameter,eSubpackages,eType,eSuperTypes,eParameters,eOpposite,eKeys,eTypeArguments,eModelElement,eAnnotations,ePackage,eLowerBound,eLiterals,details,eStructuralFeatures,eClassifier,eClassifiers,eTypeParameters,eContainingClass,eBounds,eEnum,eOperations,eExceptions
0.036585365853658534,0.0,0.052845528455284556,0.18292682926829268,0.036585365853658534,0.008130081300813009,0.06097560975609756,0.0,0.0,0.0,0.044715447154471545,0.0,0.0,0.08536585365853659,0.04065040650406504,0.032520325203252036,0.0,0.008130081300813009,0.18292682926829268,0.08536585365853659,0.052845528455284556,0.008130081300813009,0.04878048780487805,0.032520325203252036,0.0,0.0
violations,4
