Meta Mode,ecore
Number of Edge types,26
Number Of Nodes,100
State Id,31_1
OutDegreeValue,0,1,2,3,4,5,6,7,9,10,12,13,14,15,16,17,19,20,22,23,24,25
OutDegreeCount,3,31,27,4,2,6,1,3,3,1,1,2,3,1,3,3,1,1,1,1,1,1
NAValue,1,2,3,4,5,6,7,9
NACount,2,7,55,15,13,4,2,2
MPCValue,0.00000,0.14551,0.15642,0.16250,0.20166,0.21185,0.23563,0.24771,0.24960,0.28923,0.30815,0.35360,0.37346,0.38519,0.42250,0.46694,0.51391,0.52000,0.53260,0.53316,0.54889,0.58240,0.58446,0.63673,0.64735,0.65000,0.65796,0.65967,0.66765,0.68640,0.69333,0.71500,0.72674,0.73224,0.73539,0.75111,0.77679,0.78000,0.78520,0.80653,0.83200
MPCCount,2,1,1,2,1,1,1,1,1,2,1,1,1,5,3,5,1,10,1,1,1,2,1,1,2,3,1,1,1,1,25,1,1,2,1,4,1,4,1,3,1
Typed Out Degree
EGenericType eTypeParameter,1,1,1,1,1,1,1
EClass eTypeParameters,1,1
EPackage eSuperPackage,1,1,1,1,1,1,1,1,1,1
EGenericType eTypeArguments,1
EReference eKeys,2,1,2,2,1,2
EDataType eTypeParameters,1,1
EOperation eContainingClass,1,1,1,1,1,1,1,1,1,1,1
EAttribute eContainingClass,1,1,1,1
EReference eOpposite,1,1,1,1,1,1,1,1,1,1
EPackage eClassifiers,4,5,2,6,1,4,1,6,5,5,1
EDataType ePackage,1,1,1,1,1,1,1,1,1,1,1,1,1
EAttribute eType,1,1,1
EOperation eExceptions,14,20,16,7,22,23,15,22,13,1
EEnum eLiterals,1,1,1
EOperation eTypeParameters,1
EParameter eType,1
EClass eStructuralFeatures,2,2,3,5,4,3
EGenericType eClassifier,1,1,1,1,1,1
EEnumLiteral eEnum,1,1,1
EReference eContainingClass,1,1,1,1,1,1,1,1,1,1,1,1,1,1,1
EEnum ePackage,1,1,1,1,1,1,1,1,1,1,1,1,1,1
EGenericType eUpperBound,1
EEnum eTypeParameters,1,2
EClass eSuperTypes,11,11,11,13,12,12,11,4,11,11,9,11,13
ETypeParameter eBounds,1,1,1,1,1
EClass ePackage,1,1,1,1,1,1,1,1,1,1,1,1,1
EOperation eParameters,1
EPackage eSubpackages,1,1,2,1,4,1
EClass eOperations,1,4,1,4,1
EParameter eOperation,1
EReference eType,1,1,1,1,1,1,1,1,1
EOperation eType,1,1,1,1
Node Type
EClass,EAttribute,EDataType,EParameter,EGenericType,EEnumLiteral,EOperation,EEnum,EReference,ETypeParameter,EPackage
0.12999999999999998,0.04,0.12999999999999998,0.01,0.07,0.03,0.10999999999999999,0.13999999999999999,0.15,0.08,0.10999999999999999
Edge Type
eSuperPackage,eOperation,eUpperBound,eTypeParameter,eSubpackages,eType,eSuperTypes,eParameters,eOpposite,eKeys,eTypeArguments,eModelElement,eAnnotations,ePackage,eLowerBound,eLiterals,details,eStructuralFeatures,eClassifier,eClassifiers,eTypeParameters,eContainingClass,eBounds,eEnum,eOperations,eExceptions
0.019011406844106463,0.0019011406844106464,0.0019011406844106464,0.013307984790874524,0.019011406844106463,0.03231939163498099,0.2661596958174905,0.0019011406844106464,0.019011406844106463,0.019011406844106463,0.0019011406844106464,0.0,0.0,0.07604562737642585,0.0,0.005703422053231939,0.0,0.03612167300380228,0.011406844106463879,0.07604562737642585,0.015209125475285171,0.057034220532319393,0.009505703422053232,0.005703422053231939,0.02091254752851711,0.2908745247148289
violations,21
