Meta Mode,ecore
Number of Edge types,26
Number Of Nodes,100
State Id,32_1
OutDegreeValue,0,1,2,3,4,5,6,7,8,15
OutDegreeCount,2,16,43,14,14,3,3,3,1,1
NAValue,1,2,3,4,5,6,7,8,9
NACount,1,7,57,13,14,5,1,1,1
MPCValue,0.00000,0.30333,0.32661,0.42250,0.43875,0.46694,0.47840,0.52000,0.55250,0.56333,0.58240,0.59429,0.60308,0.61538,0.64735,0.65000,0.66462,0.66765,0.69333,0.70775,0.71500,0.72800,0.74880,0.77653,0.78000,0.80653,0.83200,0.83688,0.84898,0.86667,0.88615
MPCCount,1,1,1,1,1,2,1,8,1,1,3,1,1,1,1,9,1,1,37,1,1,1,3,1,7,2,7,1,1,1,1
Typed Out Degree
EGenericType eTypeParameter,1,1,1,1,1,1,1,1,1,1,1,1,1,1,1,1,1,1,1,1,1,1,1,1,1,1,1,1,1,1,1,1,1,1,1,1,1,1,1,1,1,1,1,1,1,1,1,1,1,1,1,1,1,1,1,1,1,1,1
EClass eTypeParameters,1
EPackage eSuperPackage,1,1,1
EGenericType eTypeArguments,1,1,1,4,1,1,2,1,1,1,1,1,2
EReference eKeys,2,2
EDataType eTypeParameters,3,2,1
EOperation eContainingClass,1
EAttribute eContainingClass,1,1
EReference eOpposite,1,1
EPackage eClassifiers,3,3,1,6
EDataType ePackage,1,1,1,1,1,1,1
EAttribute eType,1,1
EOperation eExceptions,12
EEnum eLiterals,3,1,2
EOperation eTypeParameters,1
EClass eStructuralFeatures,3,1
EGenericType eClassifier,1,1,1,1,1,1,1,1,1,1,1,1,1,1,1,1,1,1,1,1,1,1,1,1,1,1,1,1,1,1,1,1,1,1,1,1,1,1,1,1,1,1,1,1,1,1,1,1,1,1,1,1,1,1,1,1,1,1,1,1
EEnumLiteral eEnum,1,1,1,1,1,1
EReference eContainingClass,1,1
EEnum ePackage,1,1,1
EGenericType eUpperBound,1,1,1,1,1,1,1,1,1,1,1,1,1,1
EEnum eTypeParameters,2,1
EClass eSuperTypes,3,3,3
ETypeParameter eBounds,1,1,4,2,1,2,1,2,1,1
EClass ePackage,1,1,1
EPackage eSubpackages,3
EGenericType eLowerBound,1,1,1,1,1,1,1,1,1,1,1,1,1
EClass eOperations,1
EReference eType,1,1
EOperation eType,1
Node Type
EAttribute,EClass,EDataType,EGenericType,EEnumLiteral,EOperation,EEnum,EReference,ETypeParameter,EPackage
0.02,0.03,0.07,0.6100000000000003,0.060000000000000005,0.01,0.03,0.02,0.10999999999999999,0.04
Edge Type
eSuperPackage,eOperation,eUpperBound,eTypeParameter,eSubpackages,eType,eSuperTypes,eParameters,eOpposite,eKeys,eTypeArguments,eModelElement,eAnnotations,ePackage,eLowerBound,eLiterals,details,eStructuralFeatures,eClassifier,eClassifiers,eTypeParameters,eContainingClass,eBounds,eEnum,eOperations,eExceptions
0.010830324909747292,0.0,0.05054151624548736,0.21299638989169675,0.010830324909747292,0.018050541516245487,0.032490974729241874,0.0,0.007220216606498195,0.01444043321299639,0.06498194945848375,0.0,0.0,0.04693140794223827,0.04693140794223827,0.021660649819494584,0.0,0.01444043321299639,0.21660649819494585,0.04693140794223827,0.039711191335740074,0.018050541516245487,0.05776173285198556,0.021660649819494584,0.0036101083032490976,0.04332129963898917
violations,3
