Meta Mode,ecore
Number of Edge types,26
Number Of Nodes,100
State Id,33_1
OutDegreeValue,0,1,2,3,4,5,6,8,9,11,12,13,14,15,18
OutDegreeCount,3,23,33,14,6,2,2,4,4,2,3,1,1,1,1
NAValue,1,2,3,4,5,6,7,8,9,10
NACount,2,6,55,16,12,5,1,1,1,1
MPCValue,0.00000,0.21185,0.23563,0.28308,0.38519,0.39385,0.46694,0.47273,0.51509,0.52000,0.55184,0.58240,0.62272,0.63673,0.65000,0.66765,0.68640,0.69333,0.69796,0.69975,0.70720,0.72222,0.73734,0.74131,0.74880,0.75111,0.76408,0.78000,0.78855,0.80653,0.80870,0.83200
MPCCount,2,2,1,1,1,1,2,1,1,9,1,10,1,3,7,2,1,28,1,1,1,1,1,1,1,2,1,7,1,1,1,6
Typed Out Degree
EGenericType eTypeParameter,1,1,1,1,1,1,1,1,1,1,1,1,1,1,1,1,1,1,1,1,1,1,1,1,1,1,1,1,1,1,1,1,1,1,1
EClass eTypeParameters,1,1
EPackage eSuperPackage,1,1,1,1,1
EGenericType eTypeArguments,1,2,1,2,1,1
EReference eKeys,5,5,5,5
EDataType eTypeParameters,1,1,1,1
EOperation eContainingClass,1,1,1,1,1
EAttribute eContainingClass,1,1,1,1,1,1
EReference eOpposite,1,1,1,1
EPackage eClassifiers,8,7,3,1,4,2
EDataType ePackage,1,1,1,1,1,1,1,1
EAttribute eType,1,1,1,1
EOperation eExceptions,14,14,11
EEnum eLiterals,2,1,1
EParameter eType,1,1
EClass eStructuralFeatures,3,2,3,3,1
EGenericType eClassifier,1,1,1,1,1,1,1,1,1,1,1,1,1,1,1,1,1,1,1,1,1,1,1,1,1,1,1,1,1,1,1,1,1,1
EEnumLiteral eEnum,1,1,1,1
EReference eContainingClass,1,1,1,1,1,1
EEnum ePackage,1,1,1,1,1,1,1,1
EGenericType eUpperBound,1,1,1,1,1,1,1
EEnum eTypeParameters,3,1
EClass eSuperTypes,8,8,8,8,8,8,8,8
ETypeParameter eBounds,1,1,2,1,1,1,1,1
EClass ePackage,1,1,1,1,1,1,1,1,1
EOperation eParameters,2
EPackage eSubpackages,2,2,1
EGenericType eLowerBound,1,1,1,1,1,1,1,1,1,1,1,1
EClass eOperations,2,1,1,1
EParameter eOperation,1,1
EReference eType,1,1,1,1,1,1
EOperation eType,1,1,1
Node Type
EClass,EAttribute,EDataType,EParameter,EGenericType,EOperation,EEnumLiteral,EEnum,EReference,EPackage,ETypeParameter
0.09,0.060000000000000005,0.08,0.02,0.36000000000000015,0.05,0.04,0.08,0.060000000000000005,0.060000000000000005,0.09999999999999999
Edge Type
eSuperPackage,eOperation,eUpperBound,eTypeParameter,eSubpackages,eType,eSuperTypes,eParameters,eOpposite,eKeys,eTypeArguments,eModelElement,eAnnotations,ePackage,eLowerBound,eLiterals,details,eStructuralFeatures,eClassifier,eClassifiers,eTypeParameters,eContainingClass,eBounds,eEnum,eOperations,eExceptions
0.013774104683195593,0.005509641873278237,0.01928374655647383,0.09641873278236915,0.013774104683195593,0.04132231404958678,0.1763085399449036,0.005509641873278237,0.011019283746556474,0.05509641873278237,0.02203856749311295,0.0,0.0,0.06887052341597796,0.03305785123966942,0.011019283746556474,0.0,0.03305785123966942,0.09366391184573003,0.06887052341597796,0.027548209366391185,0.046831955922865015,0.024793388429752067,0.011019283746556474,0.013774104683195593,0.10743801652892562
violations,10
