Meta Mode,ecore
Number of Edge types,26
Number Of Nodes,100
State Id,34_1
OutDegreeValue,0,1,2,3,4,5,6,8,9,10,11
OutDegreeCount,3,16,45,14,8,4,2,2,1,2,3
NAValue,1,2,3,4,5,6,7,8,9,10
NACount,3,7,54,15,12,5,1,1,1,1
MPCValue,0.00000,0.30333,0.32661,0.46222,0.46694,0.52000,0.54889,0.55184,0.55250,0.58240,0.65000,0.67041,0.69333,0.71102,0.71500,0.73058,0.73306,0.73917,0.75111,0.76408,0.76960,0.78000,0.80889,0.81813,0.82173,0.82703,0.83200,0.84898
MPCCount,3,1,1,1,3,8,1,1,1,1,7,1,40,1,2,1,1,1,1,1,2,11,1,1,1,1,5,1
Typed Out Degree
EGenericType eTypeParameter,1,1,1,1,1,1,1,1,1,1,1,1,1,1,1,1,1,1,1,1,1,1,1,1,1,1,1,1,1,1,1,1,1,1,1,1
EClass eTypeParameters,1,1
EPackage eSuperPackage,1,1,1,1,1,1
EGenericType eTypeArguments,1,1,1,1,1,1,1,1,1,1,1,1,1,1,1
EDataType eTypeParameters,1
EOperation eContainingClass,1,1,1,1
EAttribute eContainingClass,1,1,1,1
EReference eOpposite,1,1,1
EPackage eClassifiers,1,4,2,3,3,3
EDataType ePackage,1,1
EAttribute eType,1,1,1,1
EOperation eExceptions,4,7,5,8
EEnum eLiterals,1,1,1
EOperation eTypeParameters,1
EParameter eType,1
EClass eStructuralFeatures,2,1,2,4
EGenericType eClassifier,1,1,1,1,1,1,1,1,1,1,1,1,1,1,1,1,1,1,1,1,1,1,1,1,1,1,1,1,1,1,1,1,1,1,1,1,1,1,1,1,1
EEnumLiteral eEnum,1,1,1
EReference eContainingClass,1,1,1,1,1
EEnum ePackage,1,1,1,1,1,1,1
EGenericType eUpperBound,1,1,1,1,1,1,1,1,1,1,1,1,1
EEnum eTypeParameters,1,2,1
EClass eSuperTypes,6,2,6,6,4,5,7
ETypeParameter eBounds,2,1,1,1,1,1,1
EClass ePackage,1,1,1,1,1,1,1
EOperation eParameters,1,1
EPackage eSubpackages,3,1,2
EGenericType eLowerBound,1,1,1,1,1,1,1,1,1,1,1,1,1,1,1
EClass eOperations,1,1,2
EParameter eOperation,1,1
EReference eType,1,1,1,1
EOperation eType,1,1
Node Type
EAttribute,EClass,EDataType,EParameter,EGenericType,EOperation,EEnumLiteral,EEnum,EReference,EPackage,ETypeParameter
0.04,0.07,0.02,0.02,0.5100000000000002,0.04,0.03,0.07,0.05,0.07,0.08
Edge Type
eSuperPackage,eOperation,eUpperBound,eTypeParameter,eSubpackages,eType,eSuperTypes,eParameters,eOpposite,eKeys,eTypeArguments,eModelElement,eAnnotations,ePackage,eLowerBound,eLiterals,details,eStructuralFeatures,eClassifier,eClassifiers,eTypeParameters,eContainingClass,eBounds,eEnum,eOperations,eExceptions
0.020689655172413793,0.006896551724137931,0.04482758620689655,0.12413793103448276,0.020689655172413793,0.03793103448275862,0.12413793103448276,0.006896551724137931,0.010344827586206896,0.0,0.05172413793103448,0.0,0.0,0.05517241379310345,0.05172413793103448,0.010344827586206896,0.0,0.03103448275862069,0.1413793103448276,0.05517241379310345,0.027586206896551724,0.04482758620689655,0.027586206896551724,0.010344827586206896,0.013793103448275862,0.08275862068965517
violations,8
