Meta Mode,ecore
Number of Edge types,26
Number Of Nodes,100
State Id,35_1
OutDegreeValue,0,1,2,3,4,5,7,8,10,11,12,13,14,16,17,25,26,28
OutDegreeCount,3,26,33,7,4,6,2,1,1,3,2,1,3,1,2,2,2,1
NAValue,1,2,3,4,5,6,7,8,9
NACount,3,9,50,13,14,5,2,1,3
MPCValue,0.00000,0.15077,0.17620,0.18395,0.21399,0.24960,0.28923,0.31200,0.33163,0.42250,0.44836,0.46694,0.48505,0.52000,0.53926,0.54435,0.58240,0.58500,0.62111,0.62400,0.62485,0.63375,0.65000,0.66765,0.67471,0.68640,0.69333,0.72198,0.72800,0.73224,0.75111,0.75145,0.75592,0.75636,0.75804,0.76308,0.77469,0.78000,0.80653,0.80889,0.81714
MPCCount,3,1,2,1,1,1,1,1,1,6,1,1,1,11,1,1,1,1,1,2,1,1,6,1,1,1,29,1,1,1,2,1,1,1,1,1,1,5,1,3,1
Typed Out Degree
EGenericType eTypeParameter,1,1,1,1,1,1,1,1,1,1,1,1,1,1
EPackage eSuperPackage,1,1,1,1,1,1,1
EGenericType eTypeArguments,1,1
EReference eKeys,2,2,2,2,2,1
EDataType eTypeParameters,1,1,1,1
EOperation eContainingClass,1,1,1,1,1,1,1
EAttribute eContainingClass,1,1,1,1
EReference eOpposite,1,1,1,1,1,1,1
EPackage eClassifiers,5,7,9,4,1,2,4,2
EDataType ePackage,1,1,1,1,1,1,1,1,1,1,1,1
EAttribute eType,1,1,1,1
EOperation eExceptions,25,24,24,22,23,13
EEnum eLiterals,1,3,1,1
EOperation eTypeParameters,1
EParameter eType,1,1
EClass eStructuralFeatures,5,1,2,5,2
EGenericType eClassifier,1,1,1,1,1,1,1,1,1,1,1,1,1,1,1
EEnumLiteral eEnum,1,1,1,1,1,1
EReference eContainingClass,1,1,1,1,1,1,1,1,1,1,1
EEnum ePackage,1,1,1,1,1,1,1,1,1,1,1
EGenericType eUpperBound,1,1,1,1
EEnum eTypeParameters,1,1,1,2,1
EClass eSuperTypes,10,10,9,10,11,11,11,10,11,10,11
ETypeParameter eBounds,1,1,1,1,1,1,1,1
EClass ePackage,1,1,1,1,1,1,1,1,1,1,1
EOperation eParameters,1,1
EPackage eSubpackages,1,1,1,2,1,1
EGenericType eLowerBound,1,1,1
EClass eOperations,1,1,3,2
EParameter eOperation,1,1
EReference eType,1,1,1,1,1,1,1,1,1,1
EOperation eType,1,1,1,1,1
Node Type
EClass,EAttribute,EDataType,EParameter,EGenericType,EOperation,EEnumLiteral,EEnum,EReference,ETypeParameter,EPackage
0.10999999999999999,0.04,0.11999999999999998,0.02,0.17,0.07,0.060000000000000005,0.10999999999999999,0.10999999999999999,0.10999999999999999,0.08
Edge Type
eSuperPackage,eOperation,eUpperBound,eTypeParameter,eSubpackages,eType,eSuperTypes,eParameters,eOpposite,eKeys,eTypeArguments,eModelElement,eAnnotations,ePackage,eLowerBound,eLiterals,details,eStructuralFeatures,eClassifier,eClassifiers,eTypeParameters,eContainingClass,eBounds,eEnum,eOperations,eExceptions
0.014492753623188406,0.004140786749482402,0.008281573498964804,0.028985507246376812,0.014492753623188406,0.043478260869565216,0.2360248447204969,0.004140786749482402,0.014492753623188406,0.022774327122153208,0.004140786749482402,0.0,0.0,0.07039337474120083,0.006211180124223602,0.012422360248447204,0.0,0.031055900621118012,0.031055900621118012,0.07039337474120083,0.022774327122153208,0.045548654244306416,0.016563146997929608,0.012422360248447204,0.014492753623188406,0.2712215320910973
violations,15
