Meta Mode,ecore
Number of Edge types,26
Number Of Nodes,100
State Id,36_1
OutDegreeValue,0,1,2,3,4,5,6,7,9,10,11,12,13,14,15
OutDegreeCount,3,20,37,11,8,1,2,5,2,3,1,2,3,1,1
NAValue,1,2,3,4,5,6,7,9,10
NACount,3,7,53,16,13,3,2,2,1
MPCValue,0.00000,0.23563,0.26531,0.30333,0.32661,0.35360,0.36053,0.43875,0.46094,0.46413,0.46694,0.52000,0.54712,0.58240,0.58500,0.65000,0.66444,0.67471,0.69333,0.70475,0.71500,0.72222,0.74469,0.74880,0.75111,0.76729,0.77702,0.78000,0.80526,0.80653,0.81108,0.83200,0.83507
MPCCount,3,1,1,1,1,1,1,1,1,1,5,10,1,1,2,3,1,1,36,1,3,1,1,2,1,1,1,8,1,1,1,5,1
Typed Out Degree
EGenericType eTypeParameter,1,1,1,1,1,1,1,1,1,1,1,1,1,1,1,1,1,1,1,1,1,1,1,1,1,1,1,1,1,1,1,1,1,1,1,1
EClass eTypeParameters,1,1
EPackage eSuperPackage,1,1
EGenericType eTypeArguments,1,1,1,2,1,1,2,1,1,1,1
EReference eKeys,4,4,4,4,4
EOperation eContainingClass,1,1,1,1,1
EAttribute eContainingClass,1,1,1,1,1,1,1,1,1
EReference eOpposite,1,1,1,1,1
EPackage eClassifiers,9,2,5
EDataType ePackage,1,1,1,1,1
EAttribute eType,1,1,1,1,1,1,1
EOperation eExceptions,12,9,12,12,8
EEnum eLiterals,2,4
EOperation eTypeParameters,1
EClass eStructuralFeatures,3,4,2,5,1
EGenericType eClassifier,1,1,1,1,1,1,1,1,1,1,1,1,1,1,1,1,1,1,1,1,1,1,1,1,1,1,1,1,1,1,1,1,1,1,1,1,1,1,1,1
EEnumLiteral eEnum,1,1,1,1,1,1
EReference eContainingClass,1,1,1,1,1,1
EEnum ePackage,1,1,1,1
EGenericType eUpperBound,1,1,1,1,1,1,1,1,1,1,1,1,1,1
EEnum eTypeParameters,1,1
EClass eSuperTypes,7,7,7,7,7,7,7
ETypeParameter eBounds,1,1,1,1,1
EClass ePackage,1,1,1,1,1,1,1
EPackage eSubpackages,2
EGenericType eLowerBound,1,1,1,1,1,1,1,1,1,1,1,1,1,1,1,1,1,1
EClass eOperations,1,1,2,1
EReference eType,1,1,1,1,1,1
EOperation eType,1,1,1
Node Type
EClass,EAttribute,EDataType,EGenericType,EOperation,EEnumLiteral,EEnum,EReference,EPackage,ETypeParameter
0.07,0.09,0.05,0.5000000000000002,0.05,0.060000000000000005,0.04,0.060000000000000005,0.03,0.05
Edge Type
eSuperPackage,eOperation,eUpperBound,eTypeParameter,eSubpackages,eType,eSuperTypes,eParameters,eOpposite,eKeys,eTypeArguments,eModelElement,eAnnotations,ePackage,eLowerBound,eLiterals,details,eStructuralFeatures,eClassifier,eClassifiers,eTypeParameters,eContainingClass,eBounds,eEnum,eOperations,eExceptions
0.0055248618784530384,0.0,0.03867403314917127,0.09944751381215469,0.0055248618784530384,0.04419889502762431,0.13535911602209943,0.0,0.013812154696132596,0.055248618784530384,0.03591160220994475,0.0,0.0,0.04419889502762431,0.049723756906077346,0.016574585635359115,0.0,0.04143646408839779,0.11049723756906077,0.04419889502762431,0.013812154696132596,0.055248618784530384,0.013812154696132596,0.016574585635359115,0.013812154696132596,0.1464088397790055
violations,11
