Meta Mode,ecore
Number of Edge types,26
Number Of Nodes,100
State Id,37_1
OutDegreeValue,0,1,2,3,4,5,6,7,8,9,11,12,21,23
OutDegreeCount,5,23,35,17,6,1,2,1,1,4,2,1,1,1
NAValue,1,2,3,4,5,6,7,8,9
NACount,4,9,47,20,8,4,2,3,3
MPCValue,0.00000,0.25785,0.42931,0.46694,0.52000,0.54568,0.55210,0.55250,0.58240,0.59429,0.63673,0.65000,0.69333,0.69975,0.71500,0.72222,0.74028,0.74880,0.75111,0.76408,0.78000,0.79592,0.80653,0.80875,0.80889,0.81250,0.83200,0.84500,0.84898,0.85222,0.88615
MPCCount,4,1,1,1,10,1,1,1,3,1,1,11,31,1,1,1,1,2,1,2,12,1,1,1,1,2,2,1,1,1,1
Typed Out Degree
EGenericType eTypeParameter,1,1,1,1,1,1,1,1,1,1,1,1,1,1,1,1,1,1,1,1,1,1,1,1,1,1,1,1,1,1,1,1,1,1,1
EClass eTypeParameters,1,2,1,1,1
EPackage eSuperPackage,1,1,1,1,1
EGenericType eTypeArguments,1,2,1,1,1,1,1,1
EReference eKeys,4,3,3
EDataType eTypeParameters,2,1,1,2
EOperation eContainingClass,1,1,1
EAttribute eContainingClass,1,1,1,1,1
EReference eOpposite,1,1,1,1
EPackage eClassifiers,1,2,7,1,6,3
EDataType ePackage,1,1,1,1,1,1,1
EAttribute eType,1,1,1,1
EOperation eExceptions,19,19
EEnum eLiterals,1,2,1,3
EOperation eTypeParameters,1
EParameter eType,1
EClass eStructuralFeatures,2,2,2,3
EGenericType eClassifier,1,1,1,1,1,1,1,1,1,1,1,1,1,1,1,1,1,1,1,1,1,1,1,1,1,1,1,1,1,1,1,1,1,1,1,1
EEnumLiteral eEnum,1,1,1,1,1,1,1
EReference eContainingClass,1,1,1,1
EEnum ePackage,1,1,1,1,1,1,1
EGenericType eUpperBound,1,1,1,1,1,1
EEnum eTypeParameters,1,1,1,1
EClass eSuperTypes,6,6,6,6,6,6
ETypeParameter eBounds,1,1,1,1,1,1,2,3,1,2,1,1
EClass ePackage,1,1,1,1,1,1
EOperation eParameters,1
EPackage eSubpackages,1,2,2
EGenericType eLowerBound,1,1,1,1,1,1
EClass eOperations,2,1
EParameter eOperation,1
EReference eType,1,1,1,1
EOperation eType,1,1
Node Type
EAttribute,EClass,EDataType,EParameter,EGenericType,EEnumLiteral,EOperation,EEnum,EReference,ETypeParameter,EPackage
0.05,0.060000000000000005,0.07,0.01,0.37000000000000016,0.07,0.03,0.07,0.04,0.17,0.060000000000000005
Edge Type
eSuperPackage,eOperation,eUpperBound,eTypeParameter,eSubpackages,eType,eSuperTypes,eParameters,eOpposite,eKeys,eTypeArguments,eModelElement,eAnnotations,ePackage,eLowerBound,eLiterals,details,eStructuralFeatures,eClassifier,eClassifiers,eTypeParameters,eContainingClass,eBounds,eEnum,eOperations,eExceptions
0.01592356687898089,0.0031847133757961785,0.01910828025477707,0.11146496815286625,0.01592356687898089,0.03503184713375796,0.11464968152866242,0.0031847133757961785,0.012738853503184714,0.03184713375796178,0.028662420382165606,0.0,0.0,0.06369426751592357,0.01910828025477707,0.022292993630573247,0.0,0.028662420382165606,0.11464968152866242,0.06369426751592357,0.054140127388535034,0.03821656050955414,0.050955414012738856,0.022292993630573247,0.009554140127388535,0.12101910828025478
violations,9
