Meta Mode,ecore
Number of Edge types,26
Number Of Nodes,100
State Id,38_1
OutDegreeValue,0,1,2,3,4,5,7,8,9,10,11,17
OutDegreeCount,1,15,44,11,16,3,2,4,1,1,1,1
NAValue,1,2,3,4,5,6,7,10
NACount,1,7,57,13,15,4,2,1
MPCValue,0.00000,0.23563,0.24960,0.28308,0.30333,0.35129,0.39802,0.46694,0.52000,0.58240,0.58298,0.58876,0.60237,0.61389,0.61584,0.63556,0.65000,0.65088,0.68640,0.69333,0.73224,0.74880,0.75111,0.77469,0.78000,0.78501,0.80437,0.80889,0.83200,0.84741
MPCCount,1,1,1,1,1,1,1,1,7,1,1,1,1,1,1,1,3,1,1,46,1,4,1,1,6,1,1,1,10,1
Typed Out Degree
EGenericType eTypeParameter,1,1,1,1,1,1,1,1,1,1,1,1,1,1,1,1,1,1,1,1,1,1,1,1,1,1,1,1,1,1,1,1,1,1,1,1,1,1,1,1,1,1,1,1,1,1,1,1,1,1,1,1,1,1
EClass eTypeParameters,1
EPackage eSuperPackage,1,1,1,1
EGenericType eTypeArguments,1,1,1,1,2,1,1,1,1,1,2,2,1,1,1
EOperation eContainingClass,1
EAttribute eContainingClass,1,1
EPackage eClassifiers,2,4,5,4
EDataType ePackage,1,1,1
EAttribute eType,1,1
EOperation eExceptions,12
EEnum eLiterals,3,1,2
EParameter eType,1,1,1
EClass eStructuralFeatures,2,1,1
EGenericType eClassifier,1,1,1,1,1,1,1,1,1,1,1,1,1,1,1,1,1,1,1,1,1,1,1,1,1,1,1,1,1,1,1,1,1,1,1,1,1,1,1,1,1,1,1,1,1,1,1,1,1,1,1,1,1
EEnumLiteral eEnum,1,1,1,1,1,1
EReference eContainingClass,1,1
EEnum ePackage,1,1,1,1
EGenericType eUpperBound,1,1,1,1,1,1,1,1,1,1,1,1,1,1,1,1
EEnum eTypeParameters,2,1,2
EClass eSuperTypes,7,7,7,7,7,7,7
ETypeParameter eBounds,1,1,1,2,2,1
EClass ePackage,1,1,1,1,1,1,1,1
EOperation eParameters,3
EPackage eSubpackages,1,1,2
EGenericType eLowerBound,1,1,1,1,1,1,1,1,1,1,1,1,1,1,1,1,1,1
EClass eOperations,1
EParameter eOperation,1,1,1
EReference eType,1,1
EOperation eType,1
Node Type
EClass,EAttribute,EDataType,EParameter,EGenericType,EEnumLiteral,EOperation,EEnum,EReference,EPackage,ETypeParameter
0.08,0.02,0.03,0.03,0.6000000000000003,0.060000000000000005,0.01,0.04,0.02,0.05,0.060000000000000005
Edge Type
eSuperPackage,eOperation,eUpperBound,eTypeParameter,eSubpackages,eType,eSuperTypes,eParameters,eOpposite,eKeys,eTypeArguments,eModelElement,eAnnotations,ePackage,eLowerBound,eLiterals,details,eStructuralFeatures,eClassifier,eClassifiers,eTypeParameters,eContainingClass,eBounds,eEnum,eOperations,eExceptions
0.012987012987012988,0.00974025974025974,0.05194805194805195,0.17532467532467533,0.012987012987012988,0.025974025974025976,0.1590909090909091,0.00974025974025974,0.0,0.0,0.05844155844155844,0.0,0.0,0.048701298701298704,0.05844155844155844,0.01948051948051948,0.0,0.012987012987012988,0.17207792207792208,0.048701298701298704,0.01948051948051948,0.016233766233766232,0.025974025974025976,0.01948051948051948,0.003246753246753247,0.03896103896103896
violations,7
