Meta Mode,ecore
Number of Edge types,26
Number Of Nodes,100
State Id,39_1
OutDegreeValue,0,1,2,3,4,5,6,8,9,10,12,14,15,16,17,18,19,20,31,35,36,38
OutDegreeCount,5,28,35,3,1,2,4,1,1,1,2,1,5,1,2,1,2,1,1,1,1,1
NAValue,1,2,3,4,5,6,7,8,10
NACount,4,9,48,15,12,5,3,2,2
MPCValue,0.00000,0.12391,0.13173,0.13603,0.14551,0.20967,0.21506,0.35827,0.42846,0.45662,0.48547,0.49529,0.51220,0.52000,0.53690,0.58240,0.61787,0.63375,0.63673,0.63935,0.65000,0.66457,0.66560,0.68640,0.69333,0.71500,0.74469,0.75111,0.76408,0.76960,0.77037,0.77679,0.78000,0.80793,0.80889
MPCCount,4,1,2,1,2,1,1,1,1,1,1,1,1,21,1,3,1,1,4,1,1,1,2,2,24,4,1,1,1,1,3,1,6,1,1
Typed Out Degree
EGenericType eTypeParameter,1,1,1,1,1,1
EClass eTypeParameters,1,1,1
EPackage eSuperPackage,1,1,1,1,1,1,1,1,1
EGenericType eTypeArguments,1
EReference eKeys,3,3,3,3
EDataType eTypeParameters,1,1
EOperation eContainingClass,1,1,1,1,1,1
EAttribute eContainingClass,1,1,1,1,1,1,1
EReference eOpposite,1,1,1,1,1
EPackage eClassifiers,9,5,4,1,2,4,7,1,6,3
EDataType ePackage,1,1,1,1,1,1,1,1,1,1,1,1
EAttribute eType,1,1,1,1,1,1,1
EOperation eExceptions,31,30,33,32
EEnum eLiterals,2,1,1,1,1,1
EOperation eTypeParameters,1,1
EParameter eType,1,1,1,1,1
EClass eStructuralFeatures,2,2,3,1,3,2,1
EGenericType eClassifier,1,1,1,1,1,1,1
EEnumLiteral eEnum,1,1,1,1,1,1,1
EReference eContainingClass,1,1,1,1,1,1,1
EEnum ePackage,1,1,1,1,1,1,1,1,1,1,1,1,1,1,1,1
EGenericType eUpperBound,1
EEnum eTypeParameters,1
EClass eSuperTypes,14,14,14,14,14,14,11,13,13,13,14,14,14,14
ETypeParameter eBounds,2,1,1,2
EClass ePackage,1,1,1,1,1,1,1,1,1,1,1,1,1,1
EOperation eParameters,5
EPackage eSubpackages,2,4,3
EClass eOperations,2,1,1,2
EParameter eOperation,1,1,1,1,1
EReference eType,1,1,1,1,1,1
EOperation eType,1,1,1,1,1
Node Type
EClass,EAttribute,EDataType,EParameter,EGenericType,EOperation,EEnumLiteral,EEnum,EReference,EPackage,ETypeParameter
0.13999999999999999,0.07,0.11999999999999998,0.05,0.08,0.060000000000000005,0.07,0.16,0.07,0.09999999999999999,0.08
Edge Type
eSuperPackage,eOperation,eUpperBound,eTypeParameter,eSubpackages,eType,eSuperTypes,eParameters,eOpposite,eKeys,eTypeArguments,eModelElement,eAnnotations,ePackage,eLowerBound,eLiterals,details,eStructuralFeatures,eClassifier,eClassifiers,eTypeParameters,eContainingClass,eBounds,eEnum,eOperations,eExceptions
0.016333938294010888,0.009074410163339383,0.0018148820326678765,0.010889292196007259,0.016333938294010888,0.041742286751361164,0.3448275862068966,0.009074410163339383,0.009074410163339383,0.021778584392014518,0.0018148820326678765,0.0,0.0,0.07622504537205081,0.0,0.012704174228675136,0.0,0.025408348457350273,0.012704174228675136,0.07622504537205081,0.014519056261343012,0.036297640653357534,0.010889292196007259,0.012704174228675136,0.010889292196007259,0.22867513611615245
violations,15
