Meta Mode,ecore
Number of Edge types,26
Number Of Nodes,100
State Id,3_1
OutDegreeValue,0,1,2,3,4,5,6,7,16,17
OutDegreeCount,5,17,49,11,8,5,1,2,1,1
NAValue,1,2,3,4,5,6,7,8,9
NACount,3,7,53,17,11,4,3,1,1
MPCValue,0.00000,0.39000,0.44694,0.48148,0.52000,0.57200,0.58240,0.59429,0.60308,0.63556,0.65000,0.66560,0.69333,0.70720,0.74469,0.74880,0.75111,0.77469,0.78000,0.79040,0.80653,0.80889,0.82776,0.83200,0.84099,0.84124,0.87360,0.89388
MPCCount,3,1,1,1,9,1,2,1,1,1,3,1,41,1,1,2,3,2,10,2,1,3,1,4,1,1,1,1
Typed Out Degree
EGenericType eTypeParameter,1,1,1,1,1,1,1,1,1,1,1,1,1,1,1,1,1,1,1,1,1,1,1,1,1,1,1,1,1,1,1,1,1,1,1,1,1,1,1,1,1,1,1,1
EClass eTypeParameters,1,1
EPackage eSuperPackage,1,1,1,1,1,1
EGenericType eTypeArguments,2,2,1,2,1,1,1,1
EDataType eTypeParameters,1,1,1,1,1
EOperation eContainingClass,1,1
EPackage eClassifiers,1,2,1,4,4,4,2
EDataType ePackage,1,1,1,1,1,1,1
EOperation eExceptions,13,13
EEnum eLiterals,2,1,2
EParameter eType,1,1,1
EGenericType eClassifier,1,1,1,1,1,1,1,1,1,1,1,1,1,1,1,1,1,1,1,1,1,1,1,1,1,1,1,1,1,1,1,1,1,1,1,1,1,1,1,1,1,1,1,1,1,1
EEnumLiteral eEnum,1,1,1,1,1
EEnum ePackage,1,1,1,1,1,1,1,1
EGenericType eUpperBound,1,1,1,1,1,1,1,1,1,1,1,1,1,1
EEnum eTypeParameters,2,1,1,1,1,1
EClass eSuperTypes,2,2
ETypeParameter eBounds,1,1,1,2,2,1,1,1,2,2,1,1
EClass ePackage,1,1,1
EOperation eParameters,2,1
EPackage eSubpackages,2,2,2
EGenericType eLowerBound,1,1,1,1,1,1,1,1,1,1
EClass eOperations,1,1
EParameter eOperation,1,1,1
EOperation eType,1,1
Node Type
EClass,EDataType,EParameter,EGenericType,EEnumLiteral,EOperation,EEnum,ETypeParameter,EPackage
0.03,0.07,0.03,0.5100000000000002,0.05,0.02,0.08,0.13999999999999999,0.07
Edge Type
eSuperPackage,eOperation,eUpperBound,eTypeParameter,eSubpackages,eType,eSuperTypes,eParameters,eOpposite,eKeys,eTypeArguments,eModelElement,eAnnotations,ePackage,eLowerBound,eLiterals,details,eStructuralFeatures,eClassifier,eClassifiers,eTypeParameters,eContainingClass,eBounds,eEnum,eOperations,eExceptions
0.023255813953488372,0.011627906976744186,0.05426356589147287,0.17054263565891473,0.023255813953488372,0.01937984496124031,0.015503875968992248,0.011627906976744186,0.0,0.0,0.04263565891472868,0.0,0.0,0.06976744186046512,0.03875968992248062,0.01937984496124031,0.0,0.0,0.17829457364341086,0.06976744186046512,0.05426356589147287,0.007751937984496124,0.06201550387596899,0.01937984496124031,0.007751937984496124,0.10077519379844961
violations,2
