Meta Mode,ecore
Number of Edge types,26
Number Of Nodes,100
State Id,40_1
OutDegreeValue,0,1,2,3,4,5,6,7,9,11,12,19,21,23,26
OutDegreeCount,3,25,44,9,3,1,3,3,2,2,1,1,1,1,1
NAValue,1,2,3,4,5,6,9,10
NACount,3,7,54,15,12,6,2,1
MPCValue,0.00000,0.33521,0.35360,0.42449,0.46769,0.52000,0.58240,0.61953,0.62272,0.65000,0.65636,0.66765,0.69333,0.69975,0.71500,0.73224,0.73917,0.74469,0.74880,0.76556,0.76960,0.77037,0.78000,0.83200,0.84898,0.88443,0.88593,0.88706
MPCCount,3,1,1,1,1,12,5,1,1,5,1,2,42,1,2,1,1,1,2,1,1,2,7,1,1,1,1,1
Typed Out Degree
EGenericType eTypeParameter,1,1,1,1,1,1,1,1,1,1,1,1,1,1,1,1,1,1,1,1,1,1
EClass eTypeParameters,1,1
EPackage eSuperPackage,1,1,1,1,1
EGenericType eTypeArguments,1,1,1,2,1,1,1
EReference eKeys,4,3,4
EDataType eTypeParameters,1,2,2,1
EOperation eContainingClass,1,1,1,1,1,1
EAttribute eContainingClass,1,1,1,1,1,1,1,1
EReference eOpposite,1,1,1
EPackage eClassifiers,3,8,5,7,1,1
EDataType ePackage,1,1,1,1,1,1,1,1,1,1,1,1
EAttribute eType,1,1,1,1,1,1,1
EOperation eExceptions,16,2,3,19,19,18
EEnum eLiterals,1,2,1,1
EOperation eTypeParameters,1
EParameter eType,1,1,1,1,1,1,1,1,1
EClass eStructuralFeatures,4,4,3
EGenericType eClassifier,1,1,1,1,1,1,1,1,1,1,1,1,1,1,1,1,1,1,1,1,1,1
EEnumLiteral eEnum,1,1,1,1,1
EReference eContainingClass,1,1,1
EEnum ePackage,1,1,1,1,1,1,1
EGenericType eUpperBound,1,1,1,1,1,1,1,1
EClass eSuperTypes,4,4,1,5,4
ETypeParameter eBounds,1,1,1,1,1,1,1
EClass ePackage,1,1,1,1,1,1
EOperation eParameters,1,1,5,2
EPackage eSubpackages,2,1,2
EGenericType eLowerBound,1,1,1,1,1,1
EClass eOperations,2,1,3
EParameter eOperation,1,1,1,1,1,1,1,1,1
EReference eType,1,1,1
EOperation eType,1,1,1,1,1
Node Type
EAttribute,EClass,EDataType,EParameter,EGenericType,EEnumLiteral,EOperation,EEnum,EReference,EPackage,ETypeParameter
0.08,0.060000000000000005,0.11999999999999998,0.09,0.2900000000000001,0.05,0.060000000000000005,0.07,0.03,0.060000000000000005,0.09
Edge Type
eSuperPackage,eOperation,eUpperBound,eTypeParameter,eSubpackages,eType,eSuperTypes,eParameters,eOpposite,eKeys,eTypeArguments,eModelElement,eAnnotations,ePackage,eLowerBound,eLiterals,details,eStructuralFeatures,eClassifier,eClassifiers,eTypeParameters,eContainingClass,eBounds,eEnum,eOperations,eExceptions
0.01483679525222552,0.026706231454005934,0.02373887240356083,0.06528189910979229,0.01483679525222552,0.0712166172106825,0.05341246290801187,0.026706231454005934,0.008902077151335312,0.032640949554896145,0.02373887240356083,0.0,0.0,0.07418397626112759,0.017804154302670624,0.01483679525222552,0.0,0.032640949554896145,0.06528189910979229,0.07418397626112759,0.026706231454005934,0.050445103857566766,0.020771513353115726,0.01483679525222552,0.017804154302670624,0.228486646884273
violations,7
