Meta Mode,ecore
Number of Edge types,26
Number Of Nodes,100
State Id,41_1
OutDegreeValue,0,1,2,3,4,5,6,9,12,21,22,24
OutDegreeCount,2,28,38,15,7,2,2,2,1,1,1,1
NAValue,1,2,3,4,5,6,7,9,10
NACount,2,12,45,19,12,5,3,1,1
MPCValue,0.00000,0.25785,0.36275,0.37917,0.42250,0.46694,0.52000,0.58240,0.61013,0.63556,0.65000,0.66444,0.66560,0.68640,0.69333,0.74880,0.75111,0.76408,0.78000,0.79605,0.80653,0.80889,0.81250,0.82173,0.83200,0.83692,0.84923,0.85280,0.87023,0.90447
MPCCount,2,1,1,1,2,2,12,5,1,1,2,1,2,1,31,3,1,2,15,1,1,1,1,1,3,1,1,2,1,1
Typed Out Degree
EGenericType eTypeParameter,1,1,1,1,1,1,1,1,1,1,1,1,1,1,1,1,1,1,1,1,1,1,1,1,1,1,1,1,1,1,1,1,1,1,1,1,1
EClass eTypeParameters,3,1
EPackage eSuperPackage,1,1,1,1
EGenericType eTypeArguments,2,1,2,2,1,1,2
EReference eKeys,1,1
EDataType eTypeParameters,1,2
EOperation eContainingClass,1,1,1
EAttribute eContainingClass,1,1
EReference eOpposite,1,1
EPackage eClassifiers,3,10,4,1,2
EDataType ePackage,1,1,1,1,1,1,1
EAttribute eType,1,1
EOperation eExceptions,19,19,20
EEnum eLiterals,1,1,1,3,1,1,3
EOperation eTypeParameters,2
EParameter eType,1
EClass eStructuralFeatures,3,2
EGenericType eClassifier,1,1,1,1,1,1,1,1,1,1,1,1,1,1,1,1,1,1,1,1,1,1,1,1,1,1,1,1,1,1,1,1,1,1,1,1,1,1,1,1,1
EEnumLiteral eEnum,1,1,1,1,1,1,1,1,1,1,1
EReference eContainingClass,1,1,1
EEnum ePackage,1,1,1,1,1,1,1,1,1,1
EGenericType eUpperBound,1,1,1,1,1,1,1
EEnum eTypeParameters,1,2,1
EClass eSuperTypes,2,2
ETypeParameter eBounds,2,1,1,1,1,1,1,2,3,1,1,1
EClass ePackage,1,1,1
EOperation eParameters,1
EPackage eSubpackages,2,2
EGenericType eLowerBound,1,1,1,1,1,1,1,1
EClass eOperations,3
EParameter eOperation,1
EReference eType,1,1,1
EOperation eType,1,1,1
Node Type
EAttribute,EClass,EDataType,EParameter,EGenericType,EEnumLiteral,EOperation,EEnum,EReference,EPackage,ETypeParameter
0.02,0.03,0.07,0.01,0.4200000000000002,0.10999999999999999,0.03,0.09999999999999999,0.03,0.05,0.12999999999999998
Edge Type
eSuperPackage,eOperation,eUpperBound,eTypeParameter,eSubpackages,eType,eSuperTypes,eParameters,eOpposite,eKeys,eTypeArguments,eModelElement,eAnnotations,ePackage,eLowerBound,eLiterals,details,eStructuralFeatures,eClassifier,eClassifiers,eTypeParameters,eContainingClass,eBounds,eEnum,eOperations,eExceptions
0.013513513513513514,0.0033783783783783786,0.02364864864864865,0.125,0.013513513513513514,0.030405405405405407,0.013513513513513514,0.0033783783783783786,0.006756756756756757,0.006756756756756757,0.037162162162162164,0.0,0.0,0.06756756756756757,0.02702702702702703,0.037162162162162164,0.0,0.016891891891891893,0.13851351351351351,0.06756756756756757,0.04391891891891892,0.02702702702702703,0.05405405405405406,0.037162162162162164,0.010135135135135136,0.19594594594594594
violations,3
