Meta Mode,ecore
Number of Edge types,26
Number Of Nodes,100
State Id,42_1
OutDegreeValue,0,1,2,3,4,5,6,7,8,9,11,12,14,16,18,20,21,26,27,28
OutDegreeCount,3,33,22,9,3,1,4,2,4,2,1,3,3,2,2,1,1,1,1,2
NAValue,1,2,3,4,5,6,7,8,9
NACount,3,7,53,16,12,5,1,1,2
MPCValue,0.00000,0.14061,0.17620,0.20033,0.22311,0.25422,0.29952,0.33163,0.36608,0.38519,0.41977,0.42250,0.46694,0.48533,0.52000,0.53926,0.56576,0.57491,0.58240,0.58500,0.60165,0.63375,0.63556,0.65000,0.66765,0.69333,0.70778,0.71500,0.72198,0.72871,0.73331,0.74286,0.74469,0.74875,0.75111,0.77037,0.77361,0.77469,0.78000,0.83200
MPCCount,3,1,1,1,2,1,1,1,1,4,1,6,6,1,11,1,1,1,4,1,1,1,1,5,1,20,1,2,1,1,1,1,1,1,4,1,1,1,5,1
Typed Out Degree
EGenericType eTypeParameter,1,1,1,1,1,1,1,1
EPackage eSuperPackage,1,1,1,1,1,1,1,1,1
EGenericType eTypeArguments,1
EReference eKeys,2,5,3,5,4,5
EDataType eTypeParameters,2,2
EOperation eContainingClass,1,1,1,1,1,1,1,1,1
EAttribute eContainingClass,1,1,1,1,1,1,1,1,1,1
EReference eOpposite,1,1,1,1,1
EPackage eClassifiers,4,4,8,4,7,6,3,1,2,1
EDataType ePackage,1,1,1,1,1,1,1,1,1,1,1,1,1
EAttribute eType,1,1,1,1,1,1,1
EOperation eExceptions,20,26,26,15,15,2,4,26,23
EEnum eLiterals,3
EParameter eType,1,1
EClass eStructuralFeatures,7,1,4,2,2,4
EGenericType eClassifier,1,1,1,1,1,1,1,1,1,1
EEnumLiteral eEnum,1,1,1
EReference eContainingClass,1,1,1,1,1,1,1,1,1,1
EEnum ePackage,1,1,1,1,1,1,1,1,1,1,1,1,1,1
EGenericType eUpperBound,1,1,1,1
EEnum eTypeParameters,1,1
EClass eSuperTypes,12,9,11,11,8,10,7,2,11,10,11,11
ETypeParameter eBounds,1,1,1
EClass ePackage,1,1,1,1,1,1,1,1,1,1,1,1,1
EOperation eParameters,1,1
EPackage eSubpackages,1,2,3,1,1,1
EGenericType eLowerBound,1,1
EClass eOperations,2,1,1,1,2,2
EParameter eOperation,1,1
EReference eType,1,1,1,1,1,1
EOperation eType,1,1
Node Type
EClass,EAttribute,EDataType,EParameter,EGenericType,EOperation,EEnumLiteral,EEnum,EReference,EPackage,ETypeParameter
0.12999999999999998,0.09999999999999999,0.12999999999999998,0.02,0.09999999999999999,0.09,0.03,0.13999999999999999,0.09999999999999999,0.09999999999999999,0.060000000000000005
Edge Type
eSuperPackage,eOperation,eUpperBound,eTypeParameter,eSubpackages,eType,eSuperTypes,eParameters,eOpposite,eKeys,eTypeArguments,eModelElement,eAnnotations,ePackage,eLowerBound,eLiterals,details,eStructuralFeatures,eClassifier,eClassifiers,eTypeParameters,eContainingClass,eBounds,eEnum,eOperations,eExceptions
0.01744186046511628,0.003875968992248062,0.007751937984496124,0.015503875968992248,0.01744186046511628,0.03294573643410853,0.2189922480620155,0.003875968992248062,0.009689922480620155,0.046511627906976744,0.001937984496124031,0.0,0.0,0.07751937984496124,0.003875968992248062,0.005813953488372093,0.0,0.03875968992248062,0.01937984496124031,0.07751937984496124,0.011627906976744186,0.0562015503875969,0.005813953488372093,0.005813953488372093,0.01744186046511628,0.30426356589147285
violations,14
