Meta Mode,ecore
Number of Edge types,26
Number Of Nodes,100
State Id,43_1
OutDegreeValue,0,1,2,3,4,5,6,7
OutDegreeCount,1,14,47,12,14,7,3,2
NAValue,2,3,4,5,6,7
NACount,8,57,12,17,5,1
MPCValue,0.19240,0.20166,0.22750,0.28308,0.31668,0.35360,0.40615,0.42250,0.43680,0.46413,0.52000,0.53926,0.55250,0.65000,0.69333,0.71500,0.73224,0.74880,0.75111,0.77037,0.78000,0.80653,0.80889,0.83200,0.84898,0.86667,0.87309
MPCCount,1,1,1,2,1,1,1,1,1,1,8,1,1,6,42,1,2,2,1,1,3,1,5,10,2,2,1
Typed Out Degree
EReference eContainingClass,1
EGenericType eTypeParameter,1,1,1,1,1,1,1,1,1,1,1,1,1,1,1,1,1,1,1,1,1,1,1,1,1,1,1,1,1,1,1,1,1,1,1,1,1,1,1,1,1,1,1,1,1,1,1,1,1,1,1,1,1,1,1,1,1,1,1,1,1,1,1,1,1,1,1,1,1,1,1,1
EEnum ePackage,1,1,1,1
EGenericType eUpperBound,1,1,1,1,1,1,1,1,1,1,1,1,1,1,1,1,1,1,1
EEnum eTypeParameters,1
EPackage eSuperPackage,1,1,1,1
EClass eSuperTypes,1
EGenericType eTypeArguments,1,1,1,1,1,1,1,1,1,1,1,2,1,1,2,1,1,1,1,2
ETypeParameter eBounds,1,1,2,2,1
EClass ePackage,1
EDataType eTypeParameters,1,2,1,1
EOperation eContainingClass,1
EPackage eSubpackages,1,2,1
EPackage eClassifiers,1,5,3,5
EDataType ePackage,1,1,1,1,1,1,1,1,1
EGenericType eLowerBound,1,1,1,1,1,1,1,1,1,1,1,1,1,1,1,1,1,1,1,1,1,1,1
EClass eOperations,1
EOperation eExceptions,1
EEnum eLiterals,1
EClass eStructuralFeatures,1
EGenericType eClassifier,1,1,1,1,1,1,1,1,1,1,1,1,1,1,1,1,1,1,1,1,1,1,1,1,1,1,1,1,1,1,1,1,1,1,1,1,1,1,1,1,1,1,1,1,1,1,1,1,1,1,1,1,1,1,1,1,1,1,1,1,1,1,1,1,1,1,1,1,1,1,1,1
EEnumLiteral eEnum,1
EOperation eType,1
Node Type
EClass,EDataType,EGenericType,EOperation,EEnumLiteral,EEnum,EReference,EPackage,ETypeParameter
0.01,0.09,0.7200000000000004,0.01,0.01,0.04,0.01,0.05,0.060000000000000005
Edge Type
eSuperPackage,eOperation,eUpperBound,eTypeParameter,eSubpackages,eType,eSuperTypes,eParameters,eOpposite,eKeys,eTypeArguments,eModelElement,eAnnotations,ePackage,eLowerBound,eLiterals,details,eStructuralFeatures,eClassifier,eClassifiers,eTypeParameters,eContainingClass,eBounds,eEnum,eOperations,eExceptions
0.0149812734082397,0.0,0.07116104868913857,0.2696629213483146,0.0149812734082397,0.003745318352059925,0.003745318352059925,0.0,0.0,0.0,0.08614232209737828,0.0,0.0,0.052434456928838954,0.08614232209737828,0.003745318352059925,0.0,0.003745318352059925,0.2696629213483146,0.052434456928838954,0.02247191011235955,0.00749063670411985,0.026217228464419477,0.003745318352059925,0.003745318352059925,0.003745318352059925
violations,1
