Meta Mode,ecore
Number of Edge types,26
Number Of Nodes,100
State Id,44_1
OutDegreeValue,0,1,2,3,4,5,6,7,8,11,13,14,17
OutDegreeCount,3,13,47,12,9,1,2,2,3,1,3,3,1
NAValue,1,2,3,4,5,6,7,9,10
NACount,1,6,57,14,14,5,1,1,1
MPCValue,0.00000,0.26531,0.32661,0.38519,0.42250,0.43875,0.47840,0.52000,0.52812,0.61075,0.62920,0.63202,0.63556,0.64735,0.65000,0.66934,0.69333,0.70154,0.73216,0.74880,0.76960,0.78000,0.80889,0.81250,0.83200,0.83372,0.85706
MPCCount,1,2,1,1,4,2,1,7,2,1,1,1,1,2,5,1,43,1,1,2,1,9,1,1,6,1,1
Typed Out Degree
EGenericType eTypeParameter,1,1,1,1,1,1,1,1,1,1,1,1,1,1,1,1,1,1,1,1,1,1,1,1,1,1,1,1,1,1,1,1,1,1,1,1,1,1,1,1,1,1,1,1
EClass eTypeParameters,1,1
EPackage eSuperPackage,1,1,1
EGenericType eTypeArguments,1,2,1,1,1,1,1,1,1,1,1,1,2
EDataType eTypeParameters,1,1,1
EOperation eContainingClass,1,1,1,1,1,1
EAttribute eContainingClass,1,1,1,1
EReference eOpposite,1
EPackage eClassifiers,3,6,6
EDataType ePackage,1,1,1,1,1,1
EAttribute eType,1,1,1,1
EOperation eExceptions,11,11,12,12,12,12
EEnum eLiterals,2
EOperation eTypeParameters,1,2
EParameter eType,1,1,1,1
EClass eStructuralFeatures,1,4,2
EGenericType eClassifier,1,1,1,1,1,1,1,1,1,1,1,1,1,1,1,1,1,1,1,1,1,1,1,1,1,1,1,1,1,1,1,1,1,1,1,1,1,1,1,1,1,1,1,1,1
EEnumLiteral eEnum,1,1
EReference eContainingClass,1,1,1
EEnum ePackage,1,1
EGenericType eUpperBound,1,1,1,1,1,1,1,1,1,1,1
EEnum eTypeParameters,1
EClass eSuperTypes,5,6,6,6,6,6
ETypeParameter eBounds,1,1,2,2,1,1,1
EClass ePackage,1,1,1,1,1,1,1
EOperation eParameters,1,1,2,1
EPackage eSubpackages,3
EGenericType eLowerBound,1,1,1,1,1,1,1,1,1,1,1,1,1,1,1,1,1
EClass eOperations,1,2,1,2
EParameter eOperation,1,1,1,1,1
EReference eType,1,1
EOperation eType,1
Node Type
EClass,EAttribute,EDataType,EParameter,EGenericType,EOperation,EEnumLiteral,EEnum,EReference,EPackage,ETypeParameter
0.07,0.04,0.060000000000000005,0.05,0.5200000000000002,0.060000000000000005,0.02,0.02,0.03,0.04,0.09
Edge Type
eSuperPackage,eOperation,eUpperBound,eTypeParameter,eSubpackages,eType,eSuperTypes,eParameters,eOpposite,eKeys,eTypeArguments,eModelElement,eAnnotations,ePackage,eLowerBound,eLiterals,details,eStructuralFeatures,eClassifier,eClassifiers,eTypeParameters,eContainingClass,eBounds,eEnum,eOperations,eExceptions
0.008746355685131196,0.014577259475218658,0.03206997084548105,0.1282798833819242,0.008746355685131196,0.03206997084548105,0.10204081632653061,0.014577259475218658,0.0029154518950437317,0.0,0.043731778425655975,0.0,0.0,0.043731778425655975,0.04956268221574344,0.0058309037900874635,0.0,0.02040816326530612,0.13119533527696792,0.043731778425655975,0.026239067055393587,0.037900874635568516,0.026239067055393587,0.0058309037900874635,0.01749271137026239,0.20408163265306123
violations,6
