Meta Mode,ecore
Number of Edge types,26
Number Of Nodes,100
State Id,45_1
OutDegreeValue,0,1,2,3,4,5,7,8,10,11,13,16,19,24,28,29,30,33
OutDegreeCount,3,31,34,5,2,2,1,1,1,6,3,1,1,1,1,2,4,1
NAValue,1,2,3,4,5,6,7,8,9
NACount,3,7,53,15,13,5,2,1,1
MPCValue,0.00000,0.13173,0.17620,0.18830,0.20033,0.23969,0.27709,0.32661,0.35360,0.35385,0.43333,0.50151,0.52000,0.53461,0.54889,0.57306,0.57491,0.58446,0.60308,0.61013,0.61938,0.62315,0.65000,0.65796,0.66396,0.68640,0.69333,0.71500,0.74246,0.74327,0.75111,0.76066,0.76960,0.77469,0.78000,0.78957,0.83200
MPCCount,3,2,2,2,1,2,1,7,2,1,1,1,7,1,1,1,1,1,1,1,2,2,5,1,1,1,36,2,1,1,1,1,1,1,3,1,1
Typed Out Degree
EGenericType eTypeParameter,1,1,1,1,1,1,1,1,1,1,1,1,1,1,1
EClass eTypeParameters,1
EPackage eSuperPackage,1,1,1,1,1,1,1,1,1,1
EGenericType eTypeArguments,1,1
EDataType eTypeParameters,2,1,2,1,2
EOperation eContainingClass,1,1,1,1,1,1,1,1,1
EAttribute eContainingClass,1,1,1,1
EPackage eClassifiers,1,7,4,2,8,3,6,1,2
EDataType ePackage,1,1,1,1,1,1,1,1,1,1,1
EAttribute eType,1,1,1,1
EOperation eExceptions,28,28,29,28,21,28,28,28,26
EEnum eLiterals,1,3
EOperation eTypeParameters,2
EParameter eType,1,1,1
EClass eStructuralFeatures,7,1,2
EGenericType eClassifier,1,1,1,1,1,1,1,1,1,1,1,1,1,1
EEnumLiteral eEnum,1,1,1,1
EReference eContainingClass,1,1,1,1,1,1
EEnum ePackage,1,1,1,1,1,1,1,1,1,1,1
EGenericType eUpperBound,1
EEnum eTypeParameters,1,1,1
EClass eSuperTypes,10,10,10,10,10,10,10,10,10,10
ETypeParameter eBounds,1,1,1,1,1,1,1,1,1,1,1
EClass ePackage,1,1,1,1,1,1,1,1,1,1,1,1
EOperation eParameters,1,1,1
EPackage eSubpackages,3,2,1,2,2
EGenericType eLowerBound,1
EClass eOperations,1,2,2,4
EParameter eOperation,1,1,1
EReference eType,1,1,1,1,1,1
EOperation eType,1,1,1,1,1
Node Type
EClass,EAttribute,EDataType,EParameter,EGenericType,EOperation,EEnumLiteral,EEnum,EReference,ETypeParameter,EPackage
0.11999999999999998,0.04,0.10999999999999999,0.03,0.15,0.09,0.04,0.10999999999999999,0.060000000000000005,0.13999999999999999,0.10999999999999999
Edge Type
eSuperPackage,eOperation,eUpperBound,eTypeParameter,eSubpackages,eType,eSuperTypes,eParameters,eOpposite,eKeys,eTypeArguments,eModelElement,eAnnotations,ePackage,eLowerBound,eLiterals,details,eStructuralFeatures,eClassifier,eClassifiers,eTypeParameters,eContainingClass,eBounds,eEnum,eOperations,eExceptions
0.017857142857142856,0.005357142857142857,0.0017857142857142857,0.026785714285714284,0.017857142857142856,0.03214285714285714,0.17857142857142858,0.005357142857142857,0.0,0.0,0.0035714285714285713,0.0,0.0,0.060714285714285714,0.0017857142857142857,0.007142857142857143,0.0,0.017857142857142856,0.025,0.060714285714285714,0.025,0.033928571428571426,0.019642857142857142,0.007142857142857143,0.01607142857142857,0.4357142857142857
violations,10
