Meta Mode,ecore
Number of Edge types,26
Number Of Nodes,100
State Id,46_1
OutDegreeValue,0,1,2,3,4,5,6,9,10,11,12
OutDegreeCount,4,15,41,16,11,5,3,2,1,1,1
NAValue,1,2,3,4,5,6,7,8,10
NACount,3,8,51,18,11,5,1,2,1
MPCValue,0.00000,0.21185,0.35360,0.38519,0.43449,0.52000,0.52812,0.61538,0.62272,0.65000,0.69333,0.70294,0.71500,0.74880,0.75077,0.75753,0.76408,0.78000,0.78785,0.80437,0.80653,0.83200,0.83357,0.84995
MPCCount,3,1,2,1,1,8,1,1,1,7,41,1,1,3,1,1,1,11,1,1,2,8,1,1
Typed Out Degree
EGenericType eTypeParameter,1,1,1,1,1,1,1,1,1,1,1,1,1,1,1,1,1,1,1,1,1,1,1,1,1,1,1,1,1,1,1,1,1,1,1,1,1,1,1,1,1,1,1,1,1,1,1,1,1,1,1
EClass eTypeParameters,1
EPackage eSuperPackage,1
EGenericType eTypeArguments,2,1,1,1,1,1,1,1,1,1,1,1,2,3,1
EReference eKeys,2,2
EOperation eContainingClass,1,1,1
EAttribute eContainingClass,1,1,1,1
EReference eOpposite,1,1
EPackage eClassifiers,3,8
EDataType ePackage,1,1,1
EAttribute eType,1,1,1,1
EOperation eExceptions,8,6
EEnum eLiterals,1,2,3
EOperation eTypeParameters,1,1
EParameter eType,1,1,1,1
EClass eStructuralFeatures,2,3,1
EGenericType eClassifier,1,1,1,1,1,1,1,1,1,1,1,1,1,1,1,1,1,1,1,1,1,1,1,1,1,1,1,1,1,1,1,1,1,1,1,1,1,1,1,1,1,1,1,1,1,1,1,1,1,1,1,1,1,1
EEnumLiteral eEnum,1,1,1,1,1,1
EReference eContainingClass,1,1
EEnum ePackage,1,1,1,1
EGenericType eUpperBound,1,1,1,1,1,1,1,1,1,1,1,1,1,1,1,1,1
EEnum eTypeParameters,1,2
EClass eSuperTypes,4,4,4,4
ETypeParameter eBounds,1,1,1,3,1
EClass ePackage,1,1,1,1
EOperation eParameters,1,3
EPackage eSubpackages,1
EGenericType eLowerBound,1,1,1,1,1,1,1,1,1,1,1,1,1,1,1,1,1,1,1
EClass eOperations,2,1
EParameter eOperation,1,1,1,1
EReference eType,1,1
EOperation eType,1,1
Node Type
EAttribute,EClass,EDataType,EParameter,EGenericType,EOperation,EEnumLiteral,EEnum,EReference,ETypeParameter,EPackage
0.04,0.04,0.03,0.04,0.6200000000000003,0.03,0.060000000000000005,0.04,0.02,0.060000000000000005,0.02
Edge Type
eSuperPackage,eOperation,eUpperBound,eTypeParameter,eSubpackages,eType,eSuperTypes,eParameters,eOpposite,eKeys,eTypeArguments,eModelElement,eAnnotations,ePackage,eLowerBound,eLiterals,details,eStructuralFeatures,eClassifier,eClassifiers,eTypeParameters,eContainingClass,eBounds,eEnum,eOperations,eExceptions
0.0035335689045936395,0.014134275618374558,0.06007067137809187,0.18021201413427562,0.0035335689045936395,0.04240282685512368,0.05653710247349823,0.014134275618374558,0.007067137809187279,0.014134275618374558,0.06713780918727916,0.0,0.0,0.038869257950530034,0.06713780918727916,0.02120141342756184,0.0,0.02120141342756184,0.19081272084805653,0.038869257950530034,0.02120141342756184,0.03180212014134275,0.024734982332155476,0.02120141342756184,0.01060070671378092,0.04946996466431095
violations,4
