Meta Mode,ecore
Number of Edge types,26
Number Of Nodes,100
State Id,48_1
OutDegreeValue,0,1,2,3,4,5,6
OutDegreeCount,1,17,43,15,14,9,1
NAValue,1,2,3,4,5,6,7
NACount,1,9,55,12,15,7,1
MPCValue,0.00000,0.35360,0.47840,0.49920,0.52000,0.53289,0.54712,0.54889,0.58240,0.59429,0.65000,0.68640,0.69333,0.70154,0.71259,0.72222,0.74286,0.74880,0.75111,0.77469,0.78000,0.80889,0.81250,0.83200,0.86667
MPCCount,1,4,1,1,11,1,1,1,1,2,6,1,38,1,1,1,1,1,1,1,8,2,1,10,3
Typed Out Degree
EGenericType eTypeParameter,1,1,1,1,1,1,1,1,1,1,1,1,1,1,1,1,1,1,1,1,1,1,1,1,1,1,1,1,1,1,1,1,1,1,1,1,1,1,1,1,1,1,1,1,1,1,1,1,1,1,1,1,1,1,1,1,1,1,1,1,1,1,1,1,1,1
EEnum ePackage,1,1,1,1,1
EClass eTypeParameters,1,1
EGenericType eUpperBound,1,1,1,1,1,1,1,1,1,1,1,1,1,1,1,1,1,1
EEnum eTypeParameters,2,2,1,3
EPackage eSuperPackage,1,1
EClass eSuperTypes,2,2
EGenericType eTypeArguments,1,1,2,1,1,1,1,1,1,1,1,2,1,1,1
ETypeParameter eBounds,1,2,3,1,2,2,1,1,1,1,1,1
EClass ePackage,1,1
EDataType eTypeParameters,1,1
EAttribute eContainingClass,1
EPackage eSubpackages,2
EPackage eClassifiers,4,1,4
EDataType ePackage,1,1
EGenericType eLowerBound,1,1,1,1,1,1,1,1,1,1,1,1,1,1,1
EAttribute eType,1
EEnum eLiterals,2,3,1,1,1
EClass eStructuralFeatures,1
EGenericType eClassifier,1,1,1,1,1,1,1,1,1,1,1,1,1,1,1,1,1,1,1,1,1,1,1,1,1,1,1,1,1,1,1,1,1,1,1,1,1,1,1,1,1,1,1,1,1,1,1,1,1,1,1,1,1,1,1,1,1,1,1,1,1,1,1,1,1
EEnumLiteral eEnum,1,1,1,1,1,1,1,1
Node Type
EClass,EAttribute,EDataType,EGenericType,EEnumLiteral,EEnum,ETypeParameter,EPackage
0.02,0.01,0.02,0.6700000000000004,0.08,0.05,0.11999999999999998,0.03
Edge Type
eSuperPackage,eOperation,eUpperBound,eTypeParameter,eSubpackages,eType,eSuperTypes,eParameters,eOpposite,eKeys,eTypeArguments,eModelElement,eAnnotations,ePackage,eLowerBound,eLiterals,details,eStructuralFeatures,eClassifier,eClassifiers,eTypeParameters,eContainingClass,eBounds,eEnum,eOperations,eExceptions
0.00784313725490196,0.0,0.07058823529411765,0.25882352941176473,0.00784313725490196,0.00392156862745098,0.01568627450980392,0.0,0.0,0.0,0.06666666666666667,0.0,0.0,0.03529411764705882,0.058823529411764705,0.03137254901960784,0.0,0.00392156862745098,0.2549019607843137,0.03529411764705882,0.047058823529411764,0.00392156862745098,0.06666666666666667,0.03137254901960784,0.0,0.0
violations,2
