Meta Mode,ecore
Number of Edge types,26
Number Of Nodes,100
State Id,49_1
OutDegreeValue,0,1,2,3,4,5,6,7,9,11,12
OutDegreeCount,3,14,45,16,8,5,2,3,1,2,1
NAValue,1,2,3,4,5,6,7,8,9
NACount,3,7,53,17,13,2,2,2,1
MPCValue,0.00000,0.28308,0.30333,0.38519,0.41437,0.42250,0.43333,0.51692,0.52000,0.55250,0.58240,0.65000,0.66444,0.69333,0.71885,0.73224,0.74469,0.74880,0.76375,0.76408,0.78000,0.80889,0.82462,0.82970,0.83200,0.85026,0.86667,0.87306
MPCCount,3,1,1,1,1,1,2,1,8,1,3,4,1,40,1,1,1,1,1,1,12,3,1,1,6,1,1,1
Typed Out Degree
EGenericType eTypeParameter,1,1,1,1,1,1,1,1,1,1,1,1,1,1,1,1,1,1,1,1,1,1,1,1,1,1,1,1,1,1,1,1,1,1,1,1,1,1,1,1,1,1,1,1,1,1,1,1,1,1,1,1,1,1,1,1,1,1
EClass eTypeParameters,1
EPackage eSuperPackage,1,1
EGenericType eTypeArguments,1,1,1,3,1,1,1,2,1,1,1,1,1,1,2
EReference eKeys,4
EDataType eTypeParameters,2,1
EOperation eContainingClass,1,1,1
EAttribute eContainingClass,1,1,1,1
EReference eOpposite,1
EPackage eClassifiers,5,5
EDataType ePackage,1,1,1
EAttribute eType,1,1,1,1
EOperation eExceptions,9,9,9
EEnum eLiterals,2,2,2
EOperation eTypeParameters,1
EClass eStructuralFeatures,3,2
EGenericType eClassifier,1,1,1,1,1,1,1,1,1,1,1,1,1,1,1,1,1,1,1,1,1,1,1,1,1,1,1,1,1,1,1,1,1,1,1,1,1,1,1,1,1,1,1,1,1,1,1,1,1,1,1,1,1
EEnumLiteral eEnum,1,1,1,1,1,1
EReference eContainingClass,1
EEnum ePackage,1,1,1,1
EGenericType eUpperBound,1,1,1,1,1,1,1,1,1,1,1,1,1,1,1,1,1,1,1
EEnum eTypeParameters,2,1
EClass eSuperTypes,3,3,3
ETypeParameter eBounds,1,3,1,1,1,1,2,1
EClass ePackage,1,1,1
EPackage eSubpackages,1,1
EGenericType eLowerBound,1,1,1,1,1,1,1,1,1,1,1,1,1,1,1,1
EClass eOperations,3
EReference eType,1
EOperation eType,1,1,1
Node Type
EClass,EAttribute,EDataType,EGenericType,EOperation,EEnumLiteral,EEnum,EReference,EPackage,ETypeParameter
0.03,0.04,0.03,0.6500000000000004,0.03,0.060000000000000005,0.04,0.01,0.03,0.08
Edge Type
eSuperPackage,eOperation,eUpperBound,eTypeParameter,eSubpackages,eType,eSuperTypes,eParameters,eOpposite,eKeys,eTypeArguments,eModelElement,eAnnotations,ePackage,eLowerBound,eLiterals,details,eStructuralFeatures,eClassifier,eClassifiers,eTypeParameters,eContainingClass,eBounds,eEnum,eOperations,eExceptions
0.007017543859649123,0.0,0.06666666666666667,0.20350877192982456,0.007017543859649123,0.028070175438596492,0.031578947368421054,0.0,0.0035087719298245615,0.014035087719298246,0.06666666666666667,0.0,0.0,0.03508771929824561,0.056140350877192984,0.021052631578947368,0.0,0.017543859649122806,0.18596491228070175,0.03508771929824561,0.028070175438596492,0.028070175438596492,0.03859649122807018,0.021052631578947368,0.010526315789473684,0.09473684210526316
violations,3
