Meta Mode,ecore
Number of Edge types,26
Number Of Nodes,100
State Id,4_1
OutDegreeValue,0,1,2,3,4,5,6,7,8,9,10,11,12,14,16,17,18,19
OutDegreeCount,3,21,38,9,3,5,2,3,1,1,1,1,4,2,1,2,2,1
NAValue,1,2,3,4,5,6,7,8,9
NACount,3,8,51,16,12,4,2,2,2
MPCValue,0.00000,0.20166,0.22311,0.29385,0.31056,0.35360,0.36053,0.36400,0.42250,0.46694,0.49646,0.52000,0.53618,0.53926,0.57140,0.58240,0.58255,0.58500,0.63556,0.63673,0.65000,0.66560,0.66765,0.68640,0.69333,0.69975,0.69993,0.71500,0.71795,0.72800,0.73917,0.74469,0.74880,0.75111,0.76375,0.76408,0.77733,0.78000,0.80889,0.83200,0.84240,0.84898
MPCCount,3,1,1,1,1,1,1,1,1,3,1,9,1,1,1,7,1,1,2,1,3,1,1,1,31,1,1,1,1,1,1,1,1,5,1,1,1,3,1,2,1,1
Typed Out Degree
EGenericType eTypeParameter,1,1,1,1,1,1,1,1,1,1,1,1,1,1,1,1,1,1,1,1,1
EClass eTypeParameters,1
EPackage eSuperPackage,1,1,1,1,1,1,1
EGenericType eTypeArguments,1,1,1,1,1
EReference eKeys,1,4,4,1,1,1,4,4
EDataType eTypeParameters,1,1,2,1
EOperation eContainingClass,1,1,1,1,1,1
EAttribute eContainingClass,1,1,1,1,1,1,1,1
EReference eOpposite,1,1,1,1
EPackage eClassifiers,5,2,7,4,4,1,2,4
EDataType ePackage,1,1,1,1,1,1,1
EAttribute eType,1,1,1,1,1,1,1
EOperation eExceptions,1,15,16,16,17,12
EEnum eLiterals,1,2
EOperation eTypeParameters,1
EClass eStructuralFeatures,1,1,1,1,1,1,1,4,5
EGenericType eClassifier,1,1,1,1,1,1,1,1,1,1,1,1,1,1,1,1,1,1
EEnumLiteral eEnum,1,1,1
EReference eContainingClass,1,1,1,1,1,1,1,1
EEnum ePackage,1,1,1,1,1
EGenericType eUpperBound,1,1,1
EEnum eTypeParameters,1,1,2
EClass eSuperTypes,4,10,10,9,10,10,3,9,10,11,9,3
ETypeParameter eBounds,1,2,1,2,1,1,2,3,1,1,1
EClass ePackage,1,1,1,1,1,1,1,1,1,1,1,1,1,1,1,1,1
EPackage eSubpackages,2,1,1,1,2
EGenericType eLowerBound,1,1,1
EClass eOperations,1,3,1,1
EReference eType,1,1,1,1,1
EOperation eType,1,1,1
Node Type
EAttribute,EClass,EDataType,EGenericType,EOperation,EEnumLiteral,EEnum,EReference,ETypeParameter,EPackage
0.08,0.17,0.07,0.2700000000000001,0.060000000000000005,0.03,0.05,0.08,0.10999999999999999,0.08
Edge Type
eSuperPackage,eOperation,eUpperBound,eTypeParameter,eSubpackages,eType,eSuperTypes,eParameters,eOpposite,eKeys,eTypeArguments,eModelElement,eAnnotations,ePackage,eLowerBound,eLiterals,details,eStructuralFeatures,eClassifier,eClassifiers,eTypeParameters,eContainingClass,eBounds,eEnum,eOperations,eExceptions
0.01694915254237288,0.0,0.007263922518159807,0.05084745762711865,0.01694915254237288,0.03631961259079903,0.23728813559322035,0.0,0.009685230024213076,0.048426150121065374,0.012106537530266344,0.0,0.0,0.07021791767554479,0.007263922518159807,0.007263922518159807,0.0,0.0387409200968523,0.043583535108958835,0.07021791767554479,0.026634382566585957,0.053268765133171914,0.0387409200968523,0.007263922518159807,0.014527845036319613,0.1864406779661017
violations,12
