Meta Mode,ecore
Number of Edge types,26
Number Of Nodes,100
State Id,50_1
OutDegreeValue,0,1,2,3,4,5,7,10,11,12,15
OutDegreeCount,3,23,43,9,8,6,4,1,1,1,1
NAValue,1,2,3,4,5,6,7,8,9
NACount,3,7,53,17,11,4,2,2,1
MPCValue,0.00000,0.34125,0.35360,0.38519,0.42250,0.46694,0.52000,0.58240,0.58367,0.65000,0.68640,0.69333,0.72313,0.73224,0.73840,0.74880,0.75077,0.75111,0.75571,0.76408,0.78000,0.79032,0.80609,0.80889,0.82068,0.82512,0.83200,0.84500
MPCCount,3,1,1,1,1,1,7,4,1,5,1,40,1,1,1,3,1,4,1,2,6,1,1,4,1,1,5,1
Typed Out Degree
EGenericType eTypeParameter,1,1,1,1,1,1,1,1,1,1,1,1,1,1,1,1,1,1,1,1,1,1,1,1,1,1,1,1,1,1,1,1,1,1,1,1,1,1,1
EClass eTypeParameters,2
EPackage eSuperPackage,1,1,1,1,1
EGenericType eTypeArguments,1,1,1,1,1,2,1,1,1,2
EReference eKeys,1,1
EDataType eTypeParameters,1,1,1,1,2,1,1
EOperation eContainingClass,1,1,1,1
EAttribute eContainingClass,1,1
EReference eOpposite,1,1
EPackage eClassifiers,2,2,4,7,1,5
EDataType ePackage,1,1,1,1,1,1,1,1,1,1,1
EAttribute eType,1,1
EOperation eExceptions,9,13
EEnum eLiterals,1,2,2
EParameter eType,1
EClass eStructuralFeatures,3,1,2
EGenericType eClassifier,1,1,1,1,1,1,1,1,1,1,1,1,1,1,1,1,1,1,1,1,1,1,1,1,1,1,1,1,1,1,1,1,1,1,1,1,1,1,1,1,1
EEnumLiteral eEnum,1,1,1,1,1
EReference eContainingClass,1,1,1,1
EEnum ePackage,1,1,1,1,1
EGenericType eUpperBound,1,1,1,1,1,1,1,1,1,1
EEnum eTypeParameters,2,1
EClass eSuperTypes,4,4,4,1,4
ETypeParameter eBounds,1,1,1,1,1,1,1,1,1,1
EClass ePackage,1,1,1,1,1
EOperation eParameters,1
EPackage eSubpackages,2,1,2
EGenericType eLowerBound,1,1,1,1,1,1,1,1,1,1,1,1
EClass eOperations,1,1,2
EParameter eOperation,1
EReference eType,1,1,1
EOperation eType,1,1,1,1
Node Type
EClass,EAttribute,EDataType,EParameter,EGenericType,EEnumLiteral,EOperation,EEnum,EReference,ETypeParameter,EPackage
0.05,0.02,0.10999999999999999,0.01,0.4400000000000002,0.05,0.04,0.05,0.04,0.12999999999999998,0.060000000000000005
Edge Type
eSuperPackage,eOperation,eUpperBound,eTypeParameter,eSubpackages,eType,eSuperTypes,eParameters,eOpposite,eKeys,eTypeArguments,eModelElement,eAnnotations,ePackage,eLowerBound,eLiterals,details,eStructuralFeatures,eClassifier,eClassifiers,eTypeParameters,eContainingClass,eBounds,eEnum,eOperations,eExceptions
0.01824817518248175,0.0036496350364963502,0.0364963503649635,0.14233576642335766,0.01824817518248175,0.0364963503649635,0.06204379562043796,0.0036496350364963502,0.0072992700729927005,0.0072992700729927005,0.043795620437956206,0.0,0.0,0.07664233576642336,0.043795620437956206,0.01824817518248175,0.0,0.021897810218978103,0.14963503649635038,0.07664233576642336,0.04744525547445255,0.0364963503649635,0.0364963503649635,0.01824817518248175,0.014598540145985401,0.08029197080291971
violations,6
