Meta Mode,ecore
Number of Edge types,26
Number Of Nodes,100
State Id,51_1
OutDegreeValue,0,1,2,3,4,5,6,7,8,10,11,12,13,14,15,17
OutDegreeCount,3,20,38,7,6,2,6,1,1,2,6,1,2,1,3,1
NAValue,1,2,3,4,5,6,7,8
NACount,3,8,52,16,11,5,2,3
MPCValue,0.00000,0.16250,0.16907,0.18395,0.28923,0.30333,0.32661,0.34902,0.38519,0.38735,0.43333,0.44694,0.46694,0.52000,0.52203,0.53926,0.56266,0.58240,0.59429,0.65000,0.65828,0.67041,0.67557,0.68640,0.69333,0.72198,0.72385,0.72628,0.73224,0.76408,0.76960,0.77037,0.78000,0.83200,0.84741,0.84898,0.86125
MPCCount,3,1,1,1,1,1,1,1,1,1,1,1,2,10,1,3,1,5,1,6,1,1,1,1,29,1,1,1,1,2,1,1,10,3,1,1,1
Typed Out Degree
EGenericType eTypeParameter,1,1,1,1,1,1,1,1,1,1,1,1,1,1,1,1,1,1,1,1,1,1,1,1
EClass eTypeParameters,1
EPackage eSuperPackage,1,1,1,1,1,1,1
EGenericType eTypeArguments,1,1,1,1,1,1,1
EReference eKeys,3,3,3,3,3,3
EDataType eTypeParameters,1,1,1
EOperation eContainingClass,1,1,1,1,1
EAttribute eContainingClass,1,1,1,1,1,1,1,1
EReference eOpposite,1,1,1,1,1,1
EPackage eClassifiers,1,8,5,2,8,3,1
EDataType ePackage,1,1,1,1,1,1,1,1
EAttribute eType,1,1,1,1,1,1,1
EOperation eExceptions,9,5,7,9,10
EEnum eLiterals,2,1,1,2
EClass eStructuralFeatures,3,4,3,1,1,3
EGenericType eClassifier,1,1,1,1,1,1,1,1,1,1,1,1,1,1,1,1,1,1,1,1,1,1,1,1,1,1
EEnumLiteral eEnum,1,1,1,1,1,1
EReference eContainingClass,1,1,1,1,1,1,1
EEnum ePackage,1,1,1,1,1,1,1,1,1
EGenericType eUpperBound,1,1,1
EEnum eTypeParameters,1,2,2,1,1,1
EClass eSuperTypes,11,11,10,10,11,10,11,11,9,11,10
ETypeParameter eBounds,2,1,1,2,1,1,2,1,1
EClass ePackage,1,1,1,1,1,1,1,1,1,1,1
EPackage eSubpackages,3,1,1,1,1
EGenericType eLowerBound,1,1,1,1
EClass eOperations,2,2,1
EReference eType,1,1,1,1,1
EOperation eType,1
Node Type
EClass,EAttribute,EDataType,EGenericType,EEnumLiteral,EOperation,EEnum,EReference,ETypeParameter,EPackage
0.10999999999999999,0.08,0.08,0.26000000000000006,0.060000000000000005,0.05,0.09,0.07,0.11999999999999998,0.08
Edge Type
eSuperPackage,eOperation,eUpperBound,eTypeParameter,eSubpackages,eType,eSuperTypes,eParameters,eOpposite,eKeys,eTypeArguments,eModelElement,eAnnotations,ePackage,eLowerBound,eLiterals,details,eStructuralFeatures,eClassifier,eClassifiers,eTypeParameters,eContainingClass,eBounds,eEnum,eOperations,eExceptions
0.017412935323383085,0.0,0.007462686567164179,0.05970149253731343,0.017412935323383085,0.03233830845771144,0.2860696517412935,0.0,0.014925373134328358,0.04477611940298507,0.017412935323383085,0.0,0.0,0.06965174129353234,0.009950248756218905,0.014925373134328358,0.0,0.03731343283582089,0.06467661691542288,0.06965174129353234,0.029850746268656716,0.04975124378109453,0.029850746268656716,0.014925373134328358,0.012437810945273632,0.09950248756218906
violations,15
