Meta Mode,ecore
Number of Edge types,26
Number Of Nodes,100
State Id,53_1
OutDegreeValue,0,1,2,3,4,5,6,8,9,14
OutDegreeCount,3,15,44,15,10,5,4,2,1,1
NAValue,1,2,3,4,5,6,7,8
NACount,2,8,53,17,12,5,1,2
MPCValue,0.00000,0.19240,0.32388,0.32661,0.33313,0.36053,0.38519,0.52000,0.53926,0.61538,0.65000,0.65636,0.65812,0.66765,0.69333,0.71182,0.71500,0.74880,0.75111,0.78000,0.78360,0.80889,0.81120,0.82245,0.83200,0.86667
MPCCount,2,1,1,1,1,1,1,8,1,2,10,1,1,1,39,1,1,1,2,11,1,2,1,1,7,1
Typed Out Degree
EGenericType eTypeParameter,1,1,1,1,1,1,1,1,1,1,1,1,1,1,1,1,1,1,1,1,1,1,1,1,1,1,1,1,1,1,1,1,1,1,1,1,1,1,1,1,1,1,1,1,1,1,1,1,1,1
EPackage eSuperPackage,1,1,1,1,1
EGenericType eTypeArguments,1,1,1,1,1,1,1,1,1,1,1,1,1,2,1,1,5
EReference eKeys,3
EDataType eTypeParameters,1,1
EOperation eContainingClass,1
EAttribute eContainingClass,1,1,1,1
EReference eOpposite,1
EPackage eClassifiers,2,1,2,2,6,1
EDataType ePackage,1,1,1,1,1
EAttribute eType,1,1,1
EOperation eExceptions,12
EEnum eLiterals,1,3,3
EClass eStructuralFeatures,4,1
EGenericType eClassifier,1,1,1,1,1,1,1,1,1,1,1,1,1,1,1,1,1,1,1,1,1,1,1,1,1,1,1,1,1,1,1,1,1,1,1,1,1,1,1,1,1,1,1,1,1,1,1,1,1,1,1,1,1,1,1,1,1,1
EEnumLiteral eEnum,1,1,1,1,1,1,1
EReference eContainingClass,1
EEnum ePackage,1,1,1,1,1
EGenericType eUpperBound,1,1,1,1,1,1,1,1,1,1,1,1,1,1,1
EEnum eTypeParameters,1,1,1,2
EClass eSuperTypes,4,4,4,4
ETypeParameter eBounds,1,1,2,1,1
EClass ePackage,1,1,1,1
EPackage eSubpackages,1,2,1,1
EGenericType eLowerBound,1,1,1,1,1,1,1,1,1,1,1,1,1,1,1,1,1
EClass eOperations,1
EReference eType,1
EOperation eType,1
Node Type
EClass,EAttribute,EDataType,EGenericType,EEnumLiteral,EOperation,EEnum,EReference,ETypeParameter,EPackage
0.04,0.04,0.05,0.6000000000000003,0.07,0.01,0.05,0.01,0.07,0.060000000000000005
Edge Type
eSuperPackage,eOperation,eUpperBound,eTypeParameter,eSubpackages,eType,eSuperTypes,eParameters,eOpposite,eKeys,eTypeArguments,eModelElement,eAnnotations,ePackage,eLowerBound,eLiterals,details,eStructuralFeatures,eClassifier,eClassifiers,eTypeParameters,eContainingClass,eBounds,eEnum,eOperations,eExceptions
0.018115942028985508,0.0,0.05434782608695652,0.18115942028985507,0.018115942028985508,0.018115942028985508,0.057971014492753624,0.0,0.0036231884057971015,0.010869565217391304,0.07971014492753623,0.0,0.0,0.050724637681159424,0.06159420289855073,0.025362318840579712,0.0,0.018115942028985508,0.21014492753623187,0.050724637681159424,0.025362318840579712,0.021739130434782608,0.021739130434782608,0.025362318840579712,0.0036231884057971015,0.043478260869565216
violations,4
