Meta Mode,ecore
Number of Edge types,26
Number Of Nodes,100
State Id,54_1
OutDegreeValue,0,1,2,3,4,5,6,8,10,11,12,13,14,15,16,18,19,27,28,29
OutDegreeCount,4,29,31,7,5,1,2,2,1,1,1,2,4,2,1,1,2,1,2,1
NAValue,1,2,3,4,5,6,7,8,9
NACount,4,8,49,20,8,5,2,3,1
MPCValue,0.00000,0.14061,0.14551,0.15077,0.20694,0.25422,0.31200,0.36400,0.39406,0.40664,0.41638,0.42656,0.43776,0.46694,0.47328,0.47667,0.49481,0.52000,0.55521,0.61675,0.65000,0.66560,0.66934,0.69333,0.70720,0.71500,0.73840,0.74880,0.75111,0.76375,0.76960,0.78000,0.79444,0.83200,0.86367
MPCCount,4,1,1,1,1,1,1,1,1,1,1,1,1,6,1,1,1,14,1,1,6,1,1,28,1,2,1,2,3,1,1,9,1,1,1
Typed Out Degree
EGenericType eTypeParameter,1,1,1,1,1,1,1,1,1,1,1
EClass eTypeParameters,1
EPackage eSuperPackage,1,1,1,1,1,1,1,1,1,1,1,1,1,1
EGenericType eTypeArguments,1,1
EDataType eTypeParameters,2,1,1,1
EOperation eContainingClass,1,1,1,1,1,1
EAttribute eContainingClass,1,1,1,1,1
EReference eOpposite,1,1,1
EPackage eClassifiers,1,1,4,3,4,1,2,1,1,7,2,5,3,4
EDataType ePackage,1,1,1,1,1,1,1,1,1,1,1,1,1,1
EAttribute eType,1,1,1,1,1
EOperation eExceptions,26,16,25,25,26
EEnum eLiterals,2,1
EOperation eTypeParameters,1
EParameter eType,1,1,1,1
EClass eStructuralFeatures,2,1,2,4
EGenericType eClassifier,1,1,1,1,1,1,1,1,1,1,1,1,1
EEnumLiteral eEnum,1,1,1
EReference eContainingClass,1,1,1,1
EEnum ePackage,1,1,1,1,1,1,1,1,1,1,1
EGenericType eUpperBound,1,1
EEnum eTypeParameters,1,1,1,1
EClass eSuperTypes,13,11,13,13,13,13,13,13,11,12,9,12,13
ETypeParameter eBounds,1,1,1,1,1,1,2
EClass ePackage,1,1,1,1,1,1,1,1,1,1,1,1,1,1
EOperation eParameters,1,2,1
EPackage eSubpackages,1,1,4,1,1,2,1,2,1
EGenericType eLowerBound,1
EClass eOperations,2,1,1,1,1
EParameter eOperation,1,1,1,1
EReference eType,1,1,1
EOperation eType,1,1,1,1
Node Type
EClass,EAttribute,EDataType,EParameter,EGenericType,EEnumLiteral,EOperation,EEnum,EReference,ETypeParameter,EPackage
0.13999999999999999,0.05,0.13999999999999999,0.04,0.12999999999999998,0.03,0.060000000000000005,0.10999999999999999,0.04,0.10999999999999999,0.15
Edge Type
eSuperPackage,eOperation,eUpperBound,eTypeParameter,eSubpackages,eType,eSuperTypes,eParameters,eOpposite,eKeys,eTypeArguments,eModelElement,eAnnotations,ePackage,eLowerBound,eLiterals,details,eStructuralFeatures,eClassifier,eClassifiers,eTypeParameters,eContainingClass,eBounds,eEnum,eOperations,eExceptions
0.02834008097165992,0.008097165991902834,0.004048582995951417,0.022267206477732792,0.02834008097165992,0.032388663967611336,0.32186234817813764,0.008097165991902834,0.006072874493927126,0.0,0.004048582995951417,0.0,0.0,0.07894736842105263,0.0020242914979757085,0.006072874493927126,0.0,0.018218623481781375,0.02631578947368421,0.07894736842105263,0.022267206477732792,0.030364372469635626,0.016194331983805668,0.006072874493927126,0.012145748987854251,0.2388663967611336
violations,14
