Meta Mode,ecore
Number of Edge types,26
Number Of Nodes,100
State Id,55_1
OutDegreeValue,0,1,2,3,4,5,6,8,11,14,15
OutDegreeCount,4,18,42,20,4,1,4,3,1,2,1
NAValue,1,2,3,4,5,6,7,8,9
NACount,3,8,51,18,11,4,2,2,1
MPCValue,0.00000,0.36053,0.43875,0.46222,0.46694,0.50556,0.52000,0.55250,0.58240,0.62400,0.63556,0.65000,0.68250,0.68923,0.69333,0.70041,0.71500,0.74880,0.75111,0.76408,0.78000,0.82173,0.82462,0.82512,0.83200,0.83692,0.84231,0.85026,0.87077,0.88111
MPCCount,3,1,1,2,1,1,7,1,2,1,1,11,1,1,34,1,1,2,5,3,9,1,1,1,3,1,1,1,1,1
Typed Out Degree
EGenericType eTypeParameter,1,1,1,1,1,1,1,1,1,1,1,1,1,1,1,1,1,1,1,1,1,1,1,1,1,1,1,1,1,1,1,1,1,1,1,1,1
EPackage eSuperPackage,1,1,1,1,1,1,1
EGenericType eTypeArguments,1,1,1,1,2,1,1,1,1,1
EReference eKeys,3,2
EDataType eTypeParameters,2,2,2,1,1
EOperation eContainingClass,1,1,1,1
EAttribute eContainingClass,1,1,1,1
EReference eOpposite,1,1
EPackage eClassifiers,2,6,2,4,1,2,2,2
EDataType ePackage,1,1,1,1,1,1,1,1,1
EAttribute eType,1,1,1
EOperation eExceptions,12,11,12,6
EEnum eLiterals,1,1,1,1
EOperation eTypeParameters,1,1
EParameter eType,1
EClass eStructuralFeatures,5,1,1,1
EGenericType eClassifier,1,1,1,1,1,1,1,1,1,1,1,1,1,1,1,1,1,1,1,1,1,1,1,1,1,1,1,1,1,1,1,1,1
EEnumLiteral eEnum,1,1,1,1
EReference eContainingClass,1,1,1,1
EEnum ePackage,1,1,1,1,1,1
EGenericType eUpperBound,1,1,1,1,1,1,1
EEnum eTypeParameters,2,1
EClass eSuperTypes,3,4,1,4
ETypeParameter eBounds,1,2,1,1,3,1,1,1,1,2
EClass ePackage,1,1,1,1,1,1
EOperation eParameters,1
EPackage eSubpackages,1,1,1,4
EGenericType eLowerBound,1,1,1,1,1,1,1,1,1
EClass eOperations,2,2
EParameter eOperation,1
EReference eType,1,1,1,1
EOperation eType,1,1,1
Node Type
EClass,EAttribute,EDataType,EParameter,EGenericType,EOperation,EEnumLiteral,EEnum,EReference,EPackage,ETypeParameter
0.060000000000000005,0.04,0.09,0.01,0.4100000000000002,0.04,0.04,0.060000000000000005,0.04,0.08,0.12999999999999998
Edge Type
eSuperPackage,eOperation,eUpperBound,eTypeParameter,eSubpackages,eType,eSuperTypes,eParameters,eOpposite,eKeys,eTypeArguments,eModelElement,eAnnotations,ePackage,eLowerBound,eLiterals,details,eStructuralFeatures,eClassifier,eClassifiers,eTypeParameters,eContainingClass,eBounds,eEnum,eOperations,eExceptions
0.02456140350877193,0.0035087719298245615,0.02456140350877193,0.12982456140350876,0.02456140350877193,0.03859649122807018,0.042105263157894736,0.0035087719298245615,0.007017543859649123,0.017543859649122806,0.03859649122807018,0.0,0.0,0.07368421052631578,0.031578947368421054,0.014035087719298246,0.0,0.028070175438596492,0.11578947368421053,0.07368421052631578,0.0456140350877193,0.042105263157894736,0.04912280701754386,0.014035087719298246,0.014035087719298246,0.14385964912280702
violations,4
