Meta Mode,ecore
Number of Edge types,26
Number Of Nodes,100
State Id,56_1
OutDegreeValue,0,1,2,3,4,5,6,7,8,9,10,14,15
OutDegreeCount,2,17,45,12,13,2,1,1,2,1,2,1,1
NAValue,1,2,3,4,5,6,7,8,9
NACount,2,7,55,14,14,4,2,1,1
MPCValue,0.00000,0.28308,0.32661,0.42250,0.46062,0.51358,0.52000,0.52812,0.54889,0.58240,0.58298,0.65000,0.69333,0.73846,0.74880,0.75111,0.76960,0.77208,0.78000,0.78769,0.80605,0.80889,0.83200,0.83692,0.85236
MPCCount,2,1,1,1,1,1,7,1,1,4,1,7,41,1,1,3,1,1,9,1,1,2,9,1,1
Typed Out Degree
EGenericType eTypeParameter,1,1,1,1,1,1,1,1,1,1,1,1,1,1,1,1,1,1,1,1,1,1,1,1,1,1,1,1,1,1,1,1,1,1,1,1,1,1,1,1,1,1,1,1,1
EPackage eSuperPackage,1,1,1,1,1
EGenericType eTypeArguments,1,1,1,1,1,3,1,1,1,1,1,1,1,1
EDataType eTypeParameters,1
EOperation eContainingClass,1,1,1,1
EAttribute eContainingClass,1,1,1
EReference eOpposite,1,1
EPackage eClassifiers,6,2,2,3,2,1
EDataType ePackage,1,1,1
EAttribute eType,1,1
EOperation eExceptions,3,8,11,11
EEnum eLiterals,4,1,1
EOperation eTypeParameters,1
EParameter eType,1,1,1
EClass eStructuralFeatures,2,4
EGenericType eClassifier,1,1,1,1,1,1,1,1,1,1,1,1,1,1,1,1,1,1,1,1,1,1,1,1,1,1,1,1,1,1,1,1,1,1,1,1,1,1,1,1,1,1,1,1,1,1,1
EEnumLiteral eEnum,1,1,1,1,1,1
EReference eContainingClass,1,1,1
EEnum ePackage,1,1,1,1,1,1,1
EGenericType eUpperBound,1,1,1,1,1,1,1,1,1,1
EEnum eTypeParameters,1,3,1
EClass eSuperTypes,5,4,4,4
ETypeParameter eBounds,1,1,1,1,4,2
EClass ePackage,1,1,1,1,1,1
EOperation eParameters,1,1,1
EPackage eSubpackages,3,1,1
EGenericType eLowerBound,1,1,1,1,1,1,1,1,1,1,1,1,1,1,1,1
EClass eOperations,1,3
EParameter eOperation,1,1,1
EReference eType,1,1
EOperation eType,1,1
Node Type
EAttribute,EClass,EDataType,EParameter,EGenericType,EOperation,EEnumLiteral,EEnum,EReference,EPackage,ETypeParameter
0.03,0.060000000000000005,0.03,0.03,0.5200000000000002,0.04,0.060000000000000005,0.07,0.03,0.060000000000000005,0.07
Edge Type
eSuperPackage,eOperation,eUpperBound,eTypeParameter,eSubpackages,eType,eSuperTypes,eParameters,eOpposite,eKeys,eTypeArguments,eModelElement,eAnnotations,ePackage,eLowerBound,eLiterals,details,eStructuralFeatures,eClassifier,eClassifiers,eTypeParameters,eContainingClass,eBounds,eEnum,eOperations,eExceptions
0.017123287671232876,0.010273972602739725,0.03424657534246575,0.1541095890410959,0.017123287671232876,0.030821917808219176,0.05821917808219178,0.010273972602739725,0.00684931506849315,0.0,0.0547945205479452,0.0,0.0,0.0547945205479452,0.0547945205479452,0.02054794520547945,0.0,0.02054794520547945,0.16095890410958905,0.0547945205479452,0.023972602739726026,0.03424657534246575,0.03424657534246575,0.02054794520547945,0.0136986301369863,0.11301369863013698
violations,5
