Meta Mode,ecore
Number of Edge types,26
Number Of Nodes,100
State Id,57_1
OutDegreeValue,0,1,2,3,4,5,6,9,13
OutDegreeCount,2,17,44,18,10,5,2,1,1
NAValue,1,2,3,4,5,6,7,8,10
NACount,2,8,54,14,15,3,2,1,1
MPCValue,0.00000,0.35360,0.39385,0.41744,0.42250,0.44694,0.47840,0.52000,0.53289,0.55467,0.57306,0.58240,0.63787,0.65000,0.69333,0.74880,0.75077,0.75111,0.76960,0.78000,0.78645,0.80889,0.81120,0.83200,0.86667,0.88526
MPCCount,2,1,1,1,1,1,1,10,1,1,1,1,1,5,40,1,1,3,1,9,1,3,1,10,1,1
Typed Out Degree
EGenericType eTypeParameter,1,1,1,1,1,1,1,1,1,1,1,1,1,1,1,1,1,1,1,1,1,1,1,1,1,1,1,1,1,1,1,1,1,1,1,1,1,1,1,1,1,1,1,1,1,1,1,1,1,1,1,1,1,1,1,1,1
EClass eTypeParameters,1,1,2
EPackage eSuperPackage,1,1,1,1,1
EGenericType eTypeArguments,1,2,1,1,1,2,1,1,1,1,1,1,1,1,1
EDataType eTypeParameters,1,2
EOperation eContainingClass,1
EAttribute eContainingClass,1,1
EPackage eClassifiers,6,2,2,1,1,2
EDataType ePackage,1,1,1,1
EAttribute eType,1,1
EOperation eExceptions,10
EEnum eLiterals,1,2,4,1
EParameter eType,1
EClass eStructuralFeatures,1,1
EGenericType eClassifier,1,1,1,1,1,1,1,1,1,1,1,1,1,1,1,1,1,1,1,1,1,1,1,1,1,1,1,1,1,1,1,1,1,1,1,1,1,1,1,1,1,1,1,1,1,1,1,1,1,1,1,1,1,1,1,1
EEnumLiteral eEnum,1,1,1,1,1,1,1,1
EEnum ePackage,1,1,1,1,1,1,1
EGenericType eUpperBound,1,1,1,1,1,1,1,1,1,1,1
EEnum eTypeParameters,1,1,1,1
EClass eSuperTypes,1
ETypeParameter eBounds,1,2,1,2,1,1,1,2,3
EClass ePackage,1,1,1
EOperation eParameters,1
EPackage eSubpackages,3,2
EGenericType eLowerBound,1,1,1,1,1,1,1,1,1,1,1,1,1,1,1
EClass eOperations,1
EParameter eOperation,1
EOperation eType,1
Node Type
EAttribute,EClass,EDataType,EParameter,EGenericType,EEnumLiteral,EOperation,EEnum,EPackage,ETypeParameter
0.02,0.03,0.04,0.01,0.5700000000000003,0.08,0.01,0.07,0.060000000000000005,0.10999999999999999
Edge Type
eSuperPackage,eOperation,eUpperBound,eTypeParameter,eSubpackages,eType,eSuperTypes,eParameters,eOpposite,eKeys,eTypeArguments,eModelElement,eAnnotations,ePackage,eLowerBound,eLiterals,details,eStructuralFeatures,eClassifier,eClassifiers,eTypeParameters,eContainingClass,eBounds,eEnum,eOperations,eExceptions
0.01937984496124031,0.003875968992248062,0.04263565891472868,0.22093023255813954,0.01937984496124031,0.015503875968992248,0.003875968992248062,0.003875968992248062,0.0,0.0,0.06589147286821706,0.0,0.0,0.05426356589147287,0.05813953488372093,0.031007751937984496,0.0,0.007751937984496124,0.21705426356589147,0.05426356589147287,0.04263565891472868,0.011627906976744186,0.05426356589147287,0.031007751937984496,0.003875968992248062,0.03875968992248062
violations,1
