Meta Mode,ecore
Number of Edge types,26
Number Of Nodes,100
State Id,58_1
OutDegreeValue,0,1,2,3,4,5,6,7,10,12,13
OutDegreeCount,3,18,41,14,15,3,1,2,1,1,1
NAValue,1,2,3,4,5,6,7,8,9
NACount,3,8,52,17,12,4,2,1,1
MPCValue,0.00000,0.28308,0.38204,0.38519,0.42250,0.44694,0.47840,0.52000,0.58240,0.60320,0.62400,0.65000,0.66560,0.69093,0.69333,0.72313,0.73125,0.73224,0.74880,0.75111,0.78000,0.80793,0.80889,0.81125,0.81351,0.83200,0.84500,0.86667,0.87594
MPCCount,3,1,1,1,1,1,1,10,1,1,1,7,1,1,35,1,1,1,3,3,9,1,5,1,1,5,1,1,1
Typed Out Degree
EGenericType eTypeParameter,1,1,1,1,1,1,1,1,1,1,1,1,1,1,1,1,1,1,1,1,1,1,1,1,1,1,1,1,1,1,1,1,1,1,1,1,1,1,1,1,1,1,1,1,1,1,1,1,1,1,1
EPackage eSuperPackage,1,1,1,1
EGenericType eTypeArguments,1,2,1,1,1,1,2,1,1,1,1
EReference eKeys,1,1
EDataType eTypeParameters,1,2
EOperation eContainingClass,1,1
EAttribute eContainingClass,1,1
EReference eOpposite,1,1
EPackage eClassifiers,2,4,5,2,2
EDataType ePackage,1,1,1,1
EAttribute eType,1,1
EOperation eExceptions,11,11
EEnum eLiterals,3,1,1,1,1
EClass eStructuralFeatures,4
EGenericType eClassifier,1,1,1,1,1,1,1,1,1,1,1,1,1,1,1,1,1,1,1,1,1,1,1,1,1,1,1,1,1,1,1,1,1,1,1,1,1,1,1,1,1,1,1,1,1,1,1,1,1,1
EEnumLiteral eEnum,1,1,1,1,1,1,1
EReference eContainingClass,1,1
EEnum ePackage,1,1,1,1,1,1,1
EGenericType eUpperBound,1,1,1,1,1,1,1,1,1,1,1,1,1,1
EEnum eTypeParameters,3,3,2,2,1
EClass eSuperTypes,3,3,3
ETypeParameter eBounds,1,1,1,2,2,1,1,1,2,1,1,4
EClass ePackage,1,1,1,1
EPackage eSubpackages,1,1,2
EGenericType eLowerBound,1,1,1,1,1,1,1,1
EClass eOperations,2
EReference eType,1,1
EOperation eType,1
Node Type
EClass,EAttribute,EDataType,EGenericType,EEnumLiteral,EOperation,EEnum,EReference,EPackage,ETypeParameter
0.04,0.02,0.04,0.5300000000000002,0.07,0.02,0.07,0.02,0.05,0.13999999999999999
Edge Type
eSuperPackage,eOperation,eUpperBound,eTypeParameter,eSubpackages,eType,eSuperTypes,eParameters,eOpposite,eKeys,eTypeArguments,eModelElement,eAnnotations,ePackage,eLowerBound,eLiterals,details,eStructuralFeatures,eClassifier,eClassifiers,eTypeParameters,eContainingClass,eBounds,eEnum,eOperations,eExceptions
0.014705882352941176,0.0,0.051470588235294115,0.1875,0.014705882352941176,0.01838235294117647,0.03308823529411765,0.0,0.007352941176470588,0.007352941176470588,0.04779411764705882,0.0,0.0,0.05514705882352941,0.029411764705882353,0.025735294117647058,0.0,0.014705882352941176,0.18382352941176472,0.05514705882352941,0.051470588235294115,0.022058823529411766,0.0661764705882353,0.025735294117647058,0.007352941176470588,0.08088235294117647
violations,3
