Meta Mode,ecore
Number of Edge types,26
Number Of Nodes,100
State Id,59_1
OutDegreeValue,0,1,2,3,4,5,7,8,9,10,12,13,14,18,23,26,27,28,29
OutDegreeCount,2,29,36,5,7,1,3,1,1,2,4,1,1,1,1,2,1,1,1
NAValue,1,2,3,4,5,6,7,9,10
NACount,2,7,55,15,13,4,2,1,1
MPCValue,0.00000,0.14551,0.16250,0.23563,0.25422,0.26216,0.32898,0.33521,0.42250,0.43694,0.44056,0.46694,0.48308,0.51358,0.52000,0.56275,0.58240,0.62400,0.63673,0.65000,0.68640,0.68760,0.69333,0.73224,0.75056,0.75111,0.75636,0.76375,0.76408,0.77653,0.77679,0.78000,0.79170,0.79708,0.80889,0.83200
MPCCount,2,2,1,1,1,1,1,1,10,1,1,3,1,1,11,1,4,2,1,2,1,1,27,1,1,3,1,1,1,1,1,6,1,1,3,2
Typed Out Degree
EGenericType eTypeParameter,1,1,1,1,1,1,1,1,1,1,1,1,1,1,1,1,1,1
EClass eTypeParameters,1,1
EPackage eSuperPackage,1,1,1,1,1,1,1,1,1,1,1,1,1,1
EGenericType eTypeArguments,1,1,1,1
EReference eKeys,1,1,1,1
EDataType eTypeParameters,1
EOperation eContainingClass,1,1,1,1,1,1,1,1,1,1,1
EAttribute eContainingClass,1,1,1
EReference eOpposite,1,1,1,1,1
EPackage eClassifiers,4,1,2,5,5,1,2,1,1,1,5,5
EDataType ePackage,1,1,1,1,1,1,1,1,1,1,1,1
EAttribute eType,1,1,1
EOperation eExceptions,26,23,25,25,22,25
EEnum eLiterals,1,1,1
EOperation eTypeParameters,1,2,1
EClass eStructuralFeatures,1,1,3,4
EGenericType eClassifier,1,1,1,1,1,1,1,1,1,1,1,1,1,1,1,1,1
EEnumLiteral eEnum,1,1,1
EReference eContainingClass,1,1,1,1,1,1
EEnum ePackage,1,1,1,1,1,1,1,1,1
EGenericType eUpperBound,1,1,1,1
EEnum eTypeParameters,1
EClass eSuperTypes,6,10,10,8,5,7,10,10,9,10
ETypeParameter eBounds,3,2,1,1,1,1
EClass ePackage,1,1,1,1,1,1,1,1,1,1,1,1
EPackage eSubpackages,1,5,3,1,1,2,1
EGenericType eLowerBound,1,1,1,1
EClass eOperations,1,2,3,1,2,2
EReference eType,1,1,1,1,1
EOperation eType,1,1,1,1,1,1,1
Node Type
EClass,EAttribute,EDataType,EGenericType,EOperation,EEnumLiteral,EEnum,EReference,EPackage,ETypeParameter
0.11999999999999998,0.03,0.11999999999999998,0.21000000000000005,0.10999999999999999,0.03,0.09,0.060000000000000005,0.15,0.08
Edge Type
eSuperPackage,eOperation,eUpperBound,eTypeParameter,eSubpackages,eType,eSuperTypes,eParameters,eOpposite,eKeys,eTypeArguments,eModelElement,eAnnotations,ePackage,eLowerBound,eLiterals,details,eStructuralFeatures,eClassifier,eClassifiers,eTypeParameters,eContainingClass,eBounds,eEnum,eOperations,eExceptions
0.030501089324618737,0.0,0.008714596949891068,0.0392156862745098,0.030501089324618737,0.032679738562091505,0.18518518518518517,0.0,0.010893246187363835,0.008714596949891068,0.008714596949891068,0.0,0.0,0.0718954248366013,0.008714596949891068,0.006535947712418301,0.0,0.0196078431372549,0.037037037037037035,0.0718954248366013,0.017429193899782137,0.04357298474945534,0.0196078431372549,0.006535947712418301,0.023965141612200435,0.31808278867102396
violations,12
