Meta Mode,ecore
Number of Edge types,26
Number Of Nodes,100
State Id,5_1
OutDegreeValue,0,1,2,3,4,5,6,8,9,10,11,22,24
OutDegreeCount,5,21,35,16,10,1,1,3,2,2,2,1,1
NAValue,1,2,3,4,5,6,7,9
NACount,5,8,48,19,10,5,3,2
MPCValue,0.00000,0.23563,0.24771,0.32661,0.45366,0.46694,0.47840,0.50440,0.50960,0.52000,0.58240,0.65000,0.68557,0.68640,0.69333,0.74880,0.75111,0.75636,0.77702,0.78000,0.79710,0.80889,0.81250,0.83200,0.87750
MPCCount,5,2,1,1,1,1,1,1,1,9,1,14,1,1,29,3,4,1,1,11,1,2,1,6,1
Typed Out Degree
EGenericType eTypeParameter,1,1,1,1,1,1,1,1,1,1,1,1,1,1,1,1,1,1,1,1,1,1,1,1,1,1,1,1,1,1,1,1,1,1,1
EClass eTypeParameters,1
EPackage eSuperPackage,1,1,1,1,1,1,1
EGenericType eTypeArguments,1,1,1,2,1,1,1
EDataType eTypeParameters,1,1,1,1,1,2,2,1
EOperation eContainingClass,1,1
EAttribute eContainingClass,1,1,1
EReference eOpposite,1,1
EPackage eClassifiers,2,2,8,1,2,4,6,1
EDataType ePackage,1,1,1,1,1,1,1,1,1,1,1
EAttribute eType,1,1,1
EOperation eExceptions,20,20
EEnum eLiterals,4,1,1,1
EParameter eType,1,1
EClass eStructuralFeatures,2,1,2,1
EGenericType eClassifier,1,1,1,1,1,1,1,1,1,1,1,1,1,1,1,1,1,1,1,1,1,1,1,1,1,1,1,1,1,1,1,1,1,1,1
EEnumLiteral eEnum,1,1,1,1,1,1,1
EReference eContainingClass,1,1,1
EEnum ePackage,1,1,1,1,1,1,1
EGenericType eUpperBound,1,1,1,1,1,1,1,1
EEnum eTypeParameters,2,1
EClass eSuperTypes,7,7,7,7,7,7,7
ETypeParameter eBounds,1,1,1,1,1,1,1,1,2
EClass ePackage,1,1,1,1,1,1,1,1
EOperation eParameters,2
EPackage eSubpackages,1,2,1,1,2
EGenericType eLowerBound,1,1,1,1,1,1,1,1,1
EClass eOperations,1,1
EParameter eOperation,1,1
EReference eType,1,1,1
EOperation eType,1,1
Node Type
EClass,EAttribute,EDataType,EParameter,EGenericType,EEnumLiteral,EOperation,EEnum,EReference,ETypeParameter,EPackage
0.08,0.03,0.10999999999999999,0.02,0.35000000000000014,0.07,0.02,0.07,0.03,0.13999999999999999,0.08
Edge Type
eSuperPackage,eOperation,eUpperBound,eTypeParameter,eSubpackages,eType,eSuperTypes,eParameters,eOpposite,eKeys,eTypeArguments,eModelElement,eAnnotations,ePackage,eLowerBound,eLiterals,details,eStructuralFeatures,eClassifier,eClassifiers,eTypeParameters,eContainingClass,eBounds,eEnum,eOperations,eExceptions
0.021875,0.00625,0.025,0.109375,0.021875,0.03125,0.153125,0.00625,0.00625,0.0,0.025,0.0,0.0,0.08125,0.028125,0.021875,0.0,0.01875,0.109375,0.08125,0.04375,0.025,0.03125,0.021875,0.00625,0.125
violations,8
