Meta Mode,ecore
Number of Edge types,26
Number Of Nodes,100
State Id,61_1
OutDegreeValue,0,1,2,3,4,5,7,8,9,10,11,14
OutDegreeCount,2,16,43,12,12,6,1,1,4,1,1,1
NAValue,1,2,3,4,5,6,7,8
NACount,1,9,54,15,12,5,1,3
MPCValue,0.00000,0.21185,0.22311,0.38519,0.39802,0.41437,0.42250,0.46222,0.46694,0.52000,0.52812,0.58240,0.62400,0.63556,0.65000,0.65538,0.66765,0.67520,0.67767,0.68640,0.69333,0.71500,0.73224,0.74880,0.77037,0.78000,0.80889,0.81250,0.83200,0.86025,0.86667
MPCCount,1,1,2,2,1,1,1,1,1,8,1,2,1,1,3,1,1,1,1,1,40,1,1,2,1,12,3,1,5,1,1
Typed Out Degree
EGenericType eTypeParameter,1,1,1,1,1,1,1,1,1,1,1,1,1,1,1,1,1,1,1,1,1,1,1,1,1,1,1,1,1,1,1,1,1,1,1,1,1,1,1,1,1,1,1,1,1,1,1,1,1
EClass eTypeParameters,1,1,1,1
EPackage eSuperPackage,1,1,1,1
EGenericType eTypeArguments,1,1,2,1,1,1,1,1,1,1,1,1,1,1,1,1
EReference eKeys,1
EDataType eTypeParameters,1,3
EOperation eContainingClass,1
EAttribute eContainingClass,1,1
EReference eOpposite,1
EPackage eClassifiers,4,3,2,2,5
EDataType ePackage,1,1
EAttribute eType,1,1
EOperation eExceptions,11
EEnum eLiterals,2,1,3
EParameter eType,1
EClass eStructuralFeatures,1,2
EGenericType eClassifier,1,1,1,1,1,1,1,1,1,1,1,1,1,1,1,1,1,1,1,1,1,1,1,1,1,1,1,1,1,1,1,1,1,1,1,1,1,1,1,1,1,1,1,1,1,1,1,1
EEnumLiteral eEnum,1,1,1,1,1,1
EReference eContainingClass,1
EEnum ePackage,1,1,1,1,1
EGenericType eUpperBound,1,1,1,1,1,1,1,1,1,1,1,1,1,1,1
EEnum eTypeParameters,1,1
EClass eSuperTypes,8,7,8,7,7,3,8,2,7
ETypeParameter eBounds,1,1,3,1,1,1,1,1,3
EClass ePackage,1,1,1,1,1,1,1,1,1
EOperation eParameters,1
EPackage eSubpackages,1,1,1,1
EGenericType eLowerBound,1,1,1,1,1,1,1,1,1,1,1,1,1
EClass eOperations,1
EParameter eOperation,1
EReference eType,1
EOperation eType,1
Node Type
EClass,EAttribute,EDataType,EParameter,EGenericType,EEnumLiteral,EOperation,EEnum,EReference,ETypeParameter,EPackage
0.09,0.02,0.02,0.01,0.5800000000000003,0.060000000000000005,0.01,0.05,0.01,0.09999999999999999,0.05
Edge Type
eSuperPackage,eOperation,eUpperBound,eTypeParameter,eSubpackages,eType,eSuperTypes,eParameters,eOpposite,eKeys,eTypeArguments,eModelElement,eAnnotations,ePackage,eLowerBound,eLiterals,details,eStructuralFeatures,eClassifier,eClassifiers,eTypeParameters,eContainingClass,eBounds,eEnum,eOperations,eExceptions
0.013245033112582781,0.0033112582781456954,0.04966887417218543,0.16225165562913907,0.013245033112582781,0.016556291390728478,0.18874172185430463,0.0033112582781456954,0.0033112582781456954,0.0033112582781456954,0.056291390728476824,0.0,0.0,0.052980132450331126,0.04304635761589404,0.019867549668874173,0.0,0.009933774834437087,0.15894039735099338,0.052980132450331126,0.033112582781456956,0.013245033112582781,0.04304635761589404,0.019867549668874173,0.0033112582781456954,0.03642384105960265
violations,9
