Meta Mode,ecore
Number of Edge types,26
Number Of Nodes,100
State Id,62_1
OutDegreeValue,0,1,2,3,4,5,6,7,8,10,26,28
OutDegreeCount,3,27,40,10,10,1,1,2,2,1,2,1
NAValue,1,2,3,4,5,6,7,9,10
NACount,2,8,54,15,13,5,1,1,1
MPCValue,0.00000,0.27962,0.28308,0.38519,0.42787,0.44694,0.45453,0.46694,0.52000,0.58240,0.64735,0.65000,0.68416,0.69333,0.71500,0.73224,0.74880,0.75111,0.76408,0.78000,0.79605,0.80889,0.81120,0.83200,0.83778,0.87750,0.89556
MPCCount,2,1,1,1,1,1,1,1,9,9,1,6,1,34,1,1,3,3,3,7,1,1,1,7,1,1,1
Typed Out Degree
EGenericType eTypeParameter,1,1,1,1,1,1,1,1,1,1,1,1,1,1,1,1,1,1,1,1,1,1,1,1,1,1,1,1,1,1,1,1,1,1,1,1
EClass eTypeParameters,1,1
EPackage eSuperPackage,1,1,1,1,1,1,1
EGenericType eTypeArguments,1,1,1,1,1,1,1,1,1,1,1
EDataType eTypeParameters,2,1,1
EOperation eContainingClass,1,1,1
EAttribute eContainingClass,1,1
EPackage eClassifiers,5,2,2,4,3,5,6,1
EDataType ePackage,1,1,1,1,1,1,1,1,1,1,1
EAttribute eType,1,1
EOperation eExceptions,23,23,22
EEnum eLiterals,1,1,1,2,1
EOperation eTypeParameters,1,1
EParameter eType,1,1,1,1
EClass eStructuralFeatures,3,1
EGenericType eClassifier,1,1,1,1,1,1,1,1,1,1,1,1,1,1,1,1,1,1,1,1,1,1,1,1,1,1,1,1,1,1,1,1,1
EEnumLiteral eEnum,1,1,1,1,1,1
EReference eContainingClass,1,1
EEnum ePackage,1,1,1,1,1,1,1,1,1,1,1,1,1
EGenericType eUpperBound,1,1,1,1,1,1,1,1,1,1,1,1,1
EClass eSuperTypes,3,3,3
ETypeParameter eBounds,2,1,1,1,1
EClass ePackage,1,1,1,1
EOperation eParameters,2,2
EPackage eSubpackages,4,1,1,1
EGenericType eLowerBound,1,1,1,1,1,1,1,1,1
EClass eOperations,1,2
EParameter eOperation,1,1,1,1
EReference eType,1,1
EOperation eType,1,1,1
Node Type
EAttribute,EClass,EDataType,EParameter,EGenericType,EEnumLiteral,EOperation,EEnum,EReference,EPackage,ETypeParameter
0.02,0.04,0.10999999999999999,0.04,0.3900000000000002,0.060000000000000005,0.03,0.12999999999999998,0.02,0.08,0.08
Edge Type
eSuperPackage,eOperation,eUpperBound,eTypeParameter,eSubpackages,eType,eSuperTypes,eParameters,eOpposite,eKeys,eTypeArguments,eModelElement,eAnnotations,ePackage,eLowerBound,eLiterals,details,eStructuralFeatures,eClassifier,eClassifiers,eTypeParameters,eContainingClass,eBounds,eEnum,eOperations,eExceptions
0.022727272727272728,0.012987012987012988,0.04220779220779221,0.11688311688311688,0.022727272727272728,0.03571428571428571,0.02922077922077922,0.012987012987012988,0.0,0.0,0.03571428571428571,0.0,0.0,0.09090909090909091,0.02922077922077922,0.01948051948051948,0.0,0.012987012987012988,0.10714285714285714,0.09090909090909091,0.025974025974025976,0.022727272727272728,0.01948051948051948,0.01948051948051948,0.00974025974025974,0.22077922077922077
violations,3
