Meta Mode,ecore
Number of Edge types,26
Number Of Nodes,100
State Id,64_1
OutDegreeValue,0,1,2,3,4,5,7,8,10,12,13,14,16,17,21,22
OutDegreeCount,3,25,35,8,7,3,1,2,2,1,3,4,1,2,1,2
NAValue,1,2,3,4,5,6,7,8,9
NACount,3,7,53,17,10,7,1,1,1
MPCValue,0.00000,0.15077,0.15642,0.16250,0.16907,0.17620,0.27061,0.31410,0.32242,0.40258,0.41369,0.43469,0.52000,0.55250,0.58240,0.63700,0.65000,0.67211,0.68640,0.69333,0.71500,0.72163,0.72615,0.73224,0.74880,0.75111,0.76375,0.76408,0.76960,0.78000,0.80889,0.81250,0.82063,0.83200,0.84741,0.85950,0.86667
MPCCount,3,1,1,1,1,2,2,1,1,1,1,1,8,1,11,1,5,1,1,29,1,1,1,1,2,3,1,1,1,5,2,1,1,3,1,1,1
Typed Out Degree
EGenericType eTypeParameter,1,1,1,1,1,1,1,1,1,1,1,1,1,1,1,1,1,1,1,1,1,1,1,1
EPackage eSuperPackage,1,1,1,1,1,1,1,1,1,1,1
EGenericType eTypeArguments,2,1,1,1,1
EReference eKeys,1,1
EDataType eTypeParameters,2,1,2,1,1,1
EOperation eContainingClass,1,1,1,1,1
EAttribute eContainingClass,1,1,1,1,1,1
EReference eOpposite,1,1
EPackage eClassifiers,8,1,2,1,2,3,5,1,1,6,3
EDataType ePackage,1,1,1,1,1,1,1,1,1,1,1
EAttribute eType,1,1,1,1,1
EOperation eExceptions,19,21,20
EEnum eLiterals,3,2
EOperation eTypeParameters,1
EClass eStructuralFeatures,1,2,2,3,1,1
EGenericType eClassifier,1,1,1,1,1,1,1,1,1,1,1,1,1,1,1,1,1,1,1,1,1,1,1,1
EEnumLiteral eEnum,1,1,1,1,1
EReference eContainingClass,1,1,1,1
EEnum ePackage,1,1,1,1,1,1,1,1,1,1
EGenericType eUpperBound,1,1,1,1,1,1
EEnum eTypeParameters,1,1
EClass eSuperTypes,12,12,12,12,12,12,12,12,12,9,11,12
ETypeParameter eBounds,1,1,2,1,1,1,1,1
EClass ePackage,1,1,1,1,1,1,1,1,1,1,1,1
EPackage eSubpackages,1,1,5,1,1,1,1
EGenericType eLowerBound,1,1,1
EClass eOperations,2,2,1
EReference eType,1,1,1,1
EOperation eType,1,1,1
Node Type
EClass,EAttribute,EDataType,EGenericType,EEnumLiteral,EOperation,EEnum,EReference,EPackage,ETypeParameter
0.11999999999999998,0.060000000000000005,0.10999999999999999,0.24000000000000007,0.05,0.05,0.09999999999999999,0.04,0.11999999999999998,0.10999999999999999
Edge Type
eSuperPackage,eOperation,eUpperBound,eTypeParameter,eSubpackages,eType,eSuperTypes,eParameters,eOpposite,eKeys,eTypeArguments,eModelElement,eAnnotations,ePackage,eLowerBound,eLiterals,details,eStructuralFeatures,eClassifier,eClassifiers,eTypeParameters,eContainingClass,eBounds,eEnum,eOperations,eExceptions
0.02576112412177986,0.0,0.01405152224824356,0.05620608899297424,0.02576112412177986,0.02810304449648712,0.32786885245901637,0.0,0.00468384074941452,0.00468384074941452,0.01405152224824356,0.0,0.0,0.07728337236533958,0.00702576112412178,0.0117096018735363,0.0,0.0234192037470726,0.05620608899297424,0.07728337236533958,0.02576112412177986,0.0351288056206089,0.02107728337236534,0.0117096018735363,0.0117096018735363,0.1405152224824356
violations,13
