Meta Mode,ecore
Number of Edge types,26
Number Of Nodes,100
State Id,65_1
OutDegreeValue,0,1,2,3,4,5,6,7,8,9,10
OutDegreeCount,2,15,43,16,10,4,2,3,1,1,3
NAValue,1,2,3,4,5,6,7,8,9
NACount,2,9,51,18,14,1,1,1,3
MPCValue,0.00000,0.35360,0.39385,0.46694,0.47840,0.51358,0.52000,0.58240,0.65000,0.66444,0.66560,0.66765,0.69063,0.69333,0.71500,0.72198,0.73667,0.74880,0.75692,0.78000,0.78796,0.79265,0.80889,0.82769,0.83200,0.87358
MPCCount,2,2,1,1,1,1,10,2,4,1,1,2,1,38,1,1,1,2,1,14,1,1,3,1,6,1
Typed Out Degree
EGenericType eTypeParameter,1,1,1,1,1,1,1,1,1,1,1,1,1,1,1,1,1,1,1,1,1,1,1,1,1,1,1,1,1,1,1,1,1,1,1,1,1,1,1,1,1,1,1,1,1,1,1,1,1,1,1,1,1,1,1
EClass eTypeParameters,1
EPackage eSuperPackage,1
EGenericType eTypeArguments,2,1,1,1,1,1,1,1,1,2,1,1,1,1,1
EReference eKeys,1,1,1
EOperation eContainingClass,1,1,1,1
EAttribute eContainingClass,1,1
EReference eOpposite,1,1,1
EPackage eClassifiers,1,5
EAttribute eType,1,1
EOperation eExceptions,6,5,5,5
EEnum eLiterals,1,6
EOperation eTypeParameters,1,1,3
EParameter eType,1
EClass eStructuralFeatures,3,1,2
EGenericType eClassifier,1,1,1,1,1,1,1,1,1,1,1,1,1,1,1,1,1,1,1,1,1,1,1,1,1,1,1,1,1,1,1,1,1,1,1,1,1,1,1,1,1,1,1,1,1,1,1,1,1,1,1,1,1,1,1,1
EEnumLiteral eEnum,1,1,1,1,1,1,1
EReference eContainingClass,1,1,1,1
EEnum ePackage,1,1
EGenericType eUpperBound,1,1,1,1,1,1,1,1,1,1,1,1,1,1
EEnum eTypeParameters,4
EClass eSuperTypes,4,4,4,4
ETypeParameter eBounds,1,2,1,2,1,2,1,2,1,1
EClass ePackage,1,1,1,1
EOperation eParameters,1,1
EPackage eSubpackages,1
EGenericType eLowerBound,1,1,1,1,1,1,1,1,1,1,1,1,1,1,1,1,1,1
EClass eOperations,2,1,1
EParameter eOperation,1,1
EReference eType,1,1,1,1
EOperation eType,1,1,1
Node Type
EAttribute,EClass,EParameter,EGenericType,EOperation,EEnumLiteral,EEnum,EReference,ETypeParameter,EPackage
0.02,0.04,0.02,0.6300000000000003,0.04,0.07,0.02,0.04,0.09999999999999999,0.02
Edge Type
eSuperPackage,eOperation,eUpperBound,eTypeParameter,eSubpackages,eType,eSuperTypes,eParameters,eOpposite,eKeys,eTypeArguments,eModelElement,eAnnotations,ePackage,eLowerBound,eLiterals,details,eStructuralFeatures,eClassifier,eClassifiers,eTypeParameters,eContainingClass,eBounds,eEnum,eOperations,eExceptions
0.0034602076124567475,0.006920415224913495,0.04844290657439446,0.1903114186851211,0.0034602076124567475,0.03460207612456748,0.05536332179930796,0.006920415224913495,0.010380622837370242,0.010380622837370242,0.058823529411764705,0.0,0.0,0.020761245674740483,0.06228373702422145,0.02422145328719723,0.0,0.020761245674740483,0.19377162629757785,0.020761245674740483,0.03460207612456748,0.03460207612456748,0.04844290657439446,0.02422145328719723,0.01384083044982699,0.0726643598615917
violations,6
