Meta Mode,ecore
Number of Edge types,26
Number Of Nodes,100
State Id,66_1
OutDegreeValue,0,1,2,3,4,5,7,8,9,10,11,12,16
OutDegreeCount,1,14,46,16,11,1,3,1,1,1,1,3,1
NAValue,2,3,4,5,6,7,9,10
NACount,7,57,14,14,5,1,1,1
MPCValue,0.26531,0.33280,0.41889,0.42250,0.43875,0.46694,0.50381,0.51358,0.51692,0.52000,0.58240,0.58367,0.64735,0.65000,0.69333,0.69989,0.71500,0.73224,0.73846,0.73917,0.74880,0.75111,0.76408,0.77037,0.78000,0.79074,0.80568,0.80889,0.83200,0.84811
MPCCount,1,1,1,1,1,1,1,1,1,7,3,1,1,5,43,1,1,1,1,1,1,2,1,1,8,1,1,1,9,1
Typed Out Degree
EGenericType eTypeParameter,1,1,1,1,1,1,1,1,1,1,1,1,1,1,1,1,1,1,1,1,1,1,1,1,1,1,1,1,1,1,1,1,1,1,1,1,1,1,1,1,1,1,1,1,1,1
EClass eTypeParameters,1,1,1
EPackage eSuperPackage,1,1,1,1,1
EGenericType eTypeArguments,1,1,1,1,1,1,2,2,1,1,1,1,1,1,1
EDataType eTypeParameters,1,1
EOperation eContainingClass,1,1,1,1
EAttribute eContainingClass,1,1,1,1,1,1,1,1,1
EPackage eClassifiers,2,6,1,1,5
EDataType ePackage,1,1,1,1,1
EAttribute eType,1,1,1,1,1,1,1,1,1
EOperation eExceptions,9,9,9
EEnum eLiterals,1,3
EOperation eTypeParameters,1,1
EParameter eType,1,1,1,1,1
EClass eStructuralFeatures,3,2,3,1,1
EGenericType eClassifier,1,1,1,1,1,1,1,1,1,1,1,1,1,1,1,1,1,1,1,1,1,1,1,1,1,1,1,1,1,1,1,1,1,1,1,1,1,1,1,1,1,1,1,1,1
EEnumLiteral eEnum,1,1,1,1
EReference eContainingClass,1
EEnum ePackage,1,1,1
EGenericType eUpperBound,1,1,1,1,1,1,1,1,1
EClass eSuperTypes,6,6,6,6,6,6
ETypeParameter eBounds,1,2,1,1,1,2
EClass ePackage,1,1,1,1,1,1,1
EOperation eParameters,1,4
EPackage eSubpackages,2,1,2
EGenericType eLowerBound,1,1,1,1,1,1,1,1,1,1,1,1,1,1,1
EClass eOperations,1,2,1
EParameter eOperation,1,1,1,1,1
EOperation eType,1,1,1,1
Node Type
EAttribute,EClass,EDataType,EParameter,EGenericType,EOperation,EEnumLiteral,EEnum,EReference,EPackage,ETypeParameter
0.09,0.07,0.05,0.05,0.49000000000000027,0.04,0.04,0.03,0.01,0.060000000000000005,0.07
Edge Type
eSuperPackage,eOperation,eUpperBound,eTypeParameter,eSubpackages,eType,eSuperTypes,eParameters,eOpposite,eKeys,eTypeArguments,eModelElement,eAnnotations,ePackage,eLowerBound,eLiterals,details,eStructuralFeatures,eClassifier,eClassifiers,eTypeParameters,eContainingClass,eBounds,eEnum,eOperations,eExceptions
0.01592356687898089,0.01592356687898089,0.028662420382165606,0.1464968152866242,0.01592356687898089,0.05732484076433121,0.11464968152866242,0.01592356687898089,0.0,0.0,0.054140127388535034,0.0,0.0,0.04777070063694268,0.04777070063694268,0.012738853503184714,0.0,0.03184713375796178,0.14331210191082802,0.04777070063694268,0.022292993630573247,0.044585987261146494,0.025477707006369428,0.012738853503184714,0.012738853503184714,0.08598726114649681
violations,6
