Meta Mode,ecore
Number of Edge types,26
Number Of Nodes,100
State Id,68_1
OutDegreeValue,0,1,2,3,4,5,6,8,9,11,12,13,14,21,22
OutDegreeCount,10,16,36,15,4,4,1,1,1,4,2,3,1,1,1
NAValue,1,2,3,4,5,6,7,8,9
NACount,10,8,38,23,9,3,5,3,1
MPCValue,0.00000,0.17620,0.25785,0.30694,0.36275,0.37917,0.45652,0.49612,0.52000,0.52433,0.52927,0.55250,0.55929,0.56160,0.58240,0.63556,0.63673,0.65000,0.66560,0.68640,0.69333,0.71500,0.74880,0.75111,0.77679,0.78000,0.79040,0.80653,0.80889,0.81250,0.83200,0.83688,0.84898,0.85280,0.85950
MPCCount,10,1,1,1,2,1,1,1,9,1,1,1,1,1,2,1,1,2,1,2,28,1,2,3,1,13,1,1,2,1,2,1,1,1,1
Typed Out Degree
EGenericType eTypeParameter,1,1,1,1,1,1,1,1,1,1,1,1,1,1,1,1,1,1,1,1,1,1,1,1,1,1,1,1,1
EClass eTypeParameters,2,1,1,1
EPackage eSuperPackage,1,1,1,1,1,1,1
EGenericType eTypeArguments,1,1,1
EReference eKeys,2,2
EDataType eTypeParameters,1,2,1,2,1,1,2,1,1,2
EOperation eContainingClass,1,1
EAttribute eContainingClass,1,1
EReference eOpposite,1,1
EPackage eClassifiers,3,4,4,2,6,1,5,1
EDataType ePackage,1,1,1,1,1,1,1,1,1,1
EAttribute eType,1,1
EOperation eExceptions,19,19
EEnum eLiterals,1,1,1,3,1,1
EParameter eType,1
EClass eStructuralFeatures,1,1,2
EGenericType eClassifier,1,1,1,1,1,1,1,1,1,1,1,1,1,1,1,1,1,1,1,1,1,1,1,1,1,1,1,1,1
EEnumLiteral eEnum,1,1,1,1,1,1,1,1
EReference eContainingClass,1,1
EEnum ePackage,1,1,1,1,1,1
EGenericType eUpperBound,1,1,1,1,1,1
EEnum eTypeParameters,2,1
EClass eSuperTypes,10,10,10,10,10,10,10,10,10,10
ETypeParameter eBounds,2,1,1,3,1,1,1,1,1,2,2,1
EClass ePackage,1,1,1,1,1,1,1,1,1,1
EOperation eParameters,1
EPackage eSubpackages,2,1,4
EGenericType eLowerBound,1,1,1
EClass eOperations,1,1
EParameter eOperation,1
EReference eType,1,1
EOperation eType,1,1
Node Type
EClass,EAttribute,EDataType,EParameter,EGenericType,EOperation,EEnumLiteral,EEnum,EReference,ETypeParameter,EPackage
0.09999999999999999,0.02,0.09999999999999999,0.01,0.2900000000000001,0.02,0.08,0.060000000000000005,0.02,0.22000000000000006,0.08
Edge Type
eSuperPackage,eOperation,eUpperBound,eTypeParameter,eSubpackages,eType,eSuperTypes,eParameters,eOpposite,eKeys,eTypeArguments,eModelElement,eAnnotations,ePackage,eLowerBound,eLiterals,details,eStructuralFeatures,eClassifier,eClassifiers,eTypeParameters,eContainingClass,eBounds,eEnum,eOperations,eExceptions
0.019662921348314606,0.0028089887640449437,0.016853932584269662,0.08146067415730338,0.019662921348314606,0.019662921348314606,0.2808988764044944,0.0028089887640449437,0.0056179775280898875,0.011235955056179775,0.008426966292134831,0.0,0.0,0.07303370786516854,0.008426966292134831,0.02247191011235955,0.0,0.011235955056179775,0.08146067415730338,0.07303370786516854,0.06179775280898876,0.016853932584269662,0.047752808988764044,0.02247191011235955,0.0056179775280898875,0.10674157303370786
violations,11
