Meta Mode,ecore
Number of Edge types,26
Number Of Nodes,100
State Id,69_1
OutDegreeValue,0,1,2,3,4,5,6,7,9,10,11,14,16,20
OutDegreeCount,4,22,39,8,6,1,6,2,2,4,2,1,1,2
NAValue,1,2,3,4,5,6,7,8,9
NACount,4,8,50,15,13,4,1,3,2
MPCValue,0.00000,0.19240,0.28080,0.33091,0.34902,0.43694,0.44200,0.44694,0.46694,0.52000,0.55923,0.58240,0.59429,0.63673,0.65000,0.69333,0.69715,0.70713,0.70720,0.73224,0.74469,0.74880,0.75111,0.76408,0.78000,0.80653,0.82173,0.83200,0.84500,0.85647,0.88747
MPCCount,4,1,1,1,2,1,1,1,2,9,2,2,1,3,9,33,1,1,1,1,1,2,5,2,4,1,1,4,1,1,1
Typed Out Degree
EGenericType eTypeParameter,1,1,1,1,1,1,1,1,1,1,1,1,1,1,1,1,1,1,1,1,1,1,1,1,1,1,1,1,1,1,1,1,1,1,1,1,1,1
EClass eTypeParameters,2,1
EPackage eSuperPackage,1,1,1,1,1
EGenericType eTypeArguments,2,1,1,2,2,1,1,1,1
EReference eKeys,3,3,3,3
EDataType eTypeParameters,1,2,1
EOperation eContainingClass,1,1,1
EAttribute eContainingClass,1,1,1
EReference eOpposite,1,1,1,1
EPackage eClassifiers,2,6,2,5,4,1
EDataType ePackage,1,1,1,1,1,1
EAttribute eType,1,1,1
EOperation eExceptions,17,17
EEnum eLiterals,3,4,1
EOperation eTypeParameters,1,1,1
EClass eStructuralFeatures,2,1,3,1
EGenericType eClassifier,1,1,1,1,1,1,1,1,1,1,1,1,1,1,1,1,1,1,1,1,1,1,1,1,1,1,1,1,1,1,1,1,1,1,1
EEnumLiteral eEnum,1,1,1,1,1,1,1,1
EReference eContainingClass,1,1,1,1
EEnum ePackage,1,1,1,1,1
EGenericType eUpperBound,1,1,1,1,1,1,1,1,1
EEnum eTypeParameters,1,2,2
EClass eSuperTypes,9,9,9,8,9,9,9,9,8
ETypeParameter eBounds,1,1,1,1,1,2,1,1,1,2,1,1
EClass ePackage,1,1,1,1,1,1,1,1,1
EPackage eSubpackages,2,1,2
EGenericType eLowerBound,1,1,1,1,1,1
EClass eOperations,1,2
EReference eType,1,1,1,1
EOperation eType,1,1
Node Type
EAttribute,EClass,EDataType,EGenericType,EEnumLiteral,EOperation,EEnum,EReference,ETypeParameter,EPackage
0.03,0.09,0.060000000000000005,0.4100000000000002,0.08,0.03,0.05,0.04,0.15,0.060000000000000005
Edge Type
eSuperPackage,eOperation,eUpperBound,eTypeParameter,eSubpackages,eType,eSuperTypes,eParameters,eOpposite,eKeys,eTypeArguments,eModelElement,eAnnotations,ePackage,eLowerBound,eLiterals,details,eStructuralFeatures,eClassifier,eClassifiers,eTypeParameters,eContainingClass,eBounds,eEnum,eOperations,eExceptions
0.014164305949008499,0.0,0.025495750708215296,0.10764872521246459,0.014164305949008499,0.025495750708215296,0.2237960339943343,0.0,0.0113314447592068,0.0339943342776204,0.0339943342776204,0.0,0.0,0.056657223796033995,0.0169971671388102,0.0226628895184136,0.0,0.019830028328611898,0.09915014164305949,0.056657223796033995,0.042492917847025496,0.028328611898016998,0.039660056657223795,0.0226628895184136,0.0084985835694051,0.09631728045325778
violations,11
