Meta Mode,ecore
Number of Edge types,26
Number Of Nodes,100
State Id,6_1
OutDegreeValue,0,1,2,3,4,5,6,9,10,11,14,19,22
OutDegreeCount,3,29,37,7,6,8,3,2,1,1,1,1,1
NAValue,1,2,3,4,5,6,7,8,9,10
NACount,3,7,53,16,12,5,1,1,1,1
MPCValue,0.00000,0.32661,0.37917,0.42449,0.46694,0.52000,0.58240,0.58500,0.63673,0.65000,0.66765,0.69333,0.71500,0.72222,0.74469,0.74880,0.75111,0.76556,0.76752,0.77037,0.77679,0.78000,0.80653,0.80889,0.82173,0.83200,0.84500,0.87148,0.87806
MPCCount,3,1,1,1,1,7,4,1,1,10,1,37,2,1,2,1,7,1,1,1,1,4,1,1,1,5,1,1,1
Typed Out Degree
EGenericType eTypeParameter,1,1,1,1,1,1,1,1,1,1,1,1,1,1,1,1,1,1,1
EClass eTypeParameters,1,1,1
EPackage eSuperPackage,1,1,1,1,1,1,1,1,1,1
EGenericType eTypeArguments,1,1,1
EReference eKeys,2,2,2,2,1
EDataType eTypeParameters,1,1,1,1
EOperation eContainingClass,1,1,1,1
EAttribute eContainingClass,1,1,1,1,1
EReference eOpposite,1,1,1,1,1,1,1,1,1
EPackage eClassifiers,4,2,2,1,6,2,4,3,2,2,1
EDataType ePackage,1,1,1,1,1,1,1,1,1,1,1
EAttribute eType,1,1,1,1,1
EOperation eExceptions,19,5,16
EEnum eLiterals,1,3
EParameter eType,1,1
EClass eStructuralFeatures,5,4,4,2
EGenericType eClassifier,1,1,1,1,1,1,1,1,1,1,1,1,1,1,1,1,1,1
EEnumLiteral eEnum,1,1,1,1
EReference eContainingClass,1,1,1,1,1,1,1,1,1,1
EEnum ePackage,1,1,1,1,1,1,1,1,1,1
EGenericType eUpperBound,1,1,1,1,1
EEnum eTypeParameters,1,4
EClass eSuperTypes,3,4,5,4,6,4
ETypeParameter eBounds,1,1,1,1,1,1,1,1,1,1
EClass ePackage,1,1,1,1,1,1,1,1
EOperation eParameters,1,1
EPackage eSubpackages,1,2,2,5
EGenericType eLowerBound,1,1,1,1,1
EClass eOperations,1,2,1
EParameter eOperation,1,1
EReference eType,1,1,1,1,1,1
EOperation eType,1,1,1
Node Type
EAttribute,EClass,EDataType,EParameter,EGenericType,EEnumLiteral,EOperation,EEnum,EReference,ETypeParameter,EPackage
0.05,0.08,0.10999999999999999,0.02,0.23000000000000007,0.04,0.04,0.09999999999999999,0.09999999999999999,0.11999999999999998,0.10999999999999999
Edge Type
eSuperPackage,eOperation,eUpperBound,eTypeParameter,eSubpackages,eType,eSuperTypes,eParameters,eOpposite,eKeys,eTypeArguments,eModelElement,eAnnotations,ePackage,eLowerBound,eLiterals,details,eStructuralFeatures,eClassifier,eClassifiers,eTypeParameters,eContainingClass,eBounds,eEnum,eOperations,eExceptions
0.03333333333333333,0.006666666666666667,0.016666666666666666,0.06333333333333334,0.03333333333333333,0.05333333333333334,0.08666666666666667,0.006666666666666667,0.03,0.03,0.01,0.0,0.0,0.09666666666666666,0.016666666666666666,0.013333333333333334,0.0,0.05,0.06,0.09666666666666666,0.04,0.06333333333333334,0.03333333333333333,0.013333333333333334,0.013333333333333334,0.13333333333333333
violations,13
