Meta Mode,ecore
Number of Edge types,26
Number Of Nodes,100
State Id,70_1
OutDegreeValue,0,1,2,3,4,5,6,7,8,9,10,11,12,13,15
OutDegreeCount,4,18,38,14,6,7,3,3,1,1,1,1,1,1,1
NAValue,1,2,3,4,5,6,7,8,9
NACount,4,8,50,18,10,4,2,2,2
MPCValue,0.00000,0.30333,0.35360,0.38204,0.43875,0.44694,0.52000,0.58194,0.58240,0.58770,0.59429,0.63556,0.63673,0.65000,0.66444,0.68760,0.69333,0.73846,0.74880,0.75111,0.76308,0.78000,0.80889,0.81120,0.81382,0.83200,0.84208,0.86667,0.88526
MPCCount,4,1,1,1,2,1,11,1,4,1,1,1,2,5,1,1,32,1,4,1,1,13,2,1,1,1,1,3,1
Typed Out Degree
EGenericType eTypeParameter,1,1,1,1,1,1,1,1,1,1,1,1,1,1,1,1,1,1,1,1,1,1,1,1,1,1,1,1,1,1,1,1,1,1,1,1,1,1,1,1,1,1,1,1,1,1,1,1,1,1,1
EClass eTypeParameters,2,1,1
EPackage eSuperPackage,1,1,1
EGenericType eTypeArguments,1,1,2,1,1,1,1,2
EReference eKeys,2,2
EDataType eTypeParameters,3,1
EOperation eContainingClass,1,1,1
EAttribute eContainingClass,1,1
EReference eOpposite,1,1
EPackage eClassifiers,2,5,4,1
EDataType ePackage,1,1
EAttribute eType,1,1
EOperation eExceptions,12,10,11
EEnum eLiterals,3,3,2
EOperation eTypeParameters,1
EClass eStructuralFeatures,2,2
EGenericType eClassifier,1,1,1,1,1,1,1,1,1,1,1,1,1,1,1,1,1,1,1,1,1,1,1,1,1,1,1,1,1,1,1,1,1,1,1,1,1,1,1,1,1,1,1,1,1,1,1,1,1,1,1
EEnumLiteral eEnum,1,1,1,1,1,1,1,1
EReference eContainingClass,1,1
EEnum ePackage,1,1,1,1
EGenericType eUpperBound,1,1,1,1,1,1,1,1,1,1
EEnum eTypeParameters,1,3,1,3
EClass eSuperTypes,6,6,6,6,6,6
ETypeParameter eBounds,1,1,1,3,1,2,2,2,1,1,1,1,1,1
EClass ePackage,1,1,1,1,1,1
EPackage eSubpackages,2,1
EGenericType eLowerBound,1,1,1,1,1,1,1,1,1,1,1,1,1
EClass eOperations,1,2
EReference eType,1,1
EOperation eType,1,1
Node Type
EClass,EAttribute,EDataType,EGenericType,EEnumLiteral,EOperation,EEnum,EReference,ETypeParameter,EPackage
0.060000000000000005,0.02,0.02,0.5200000000000002,0.08,0.03,0.04,0.02,0.17,0.04
Edge Type
eSuperPackage,eOperation,eUpperBound,eTypeParameter,eSubpackages,eType,eSuperTypes,eParameters,eOpposite,eKeys,eTypeArguments,eModelElement,eAnnotations,ePackage,eLowerBound,eLiterals,details,eStructuralFeatures,eClassifier,eClassifiers,eTypeParameters,eContainingClass,eBounds,eEnum,eOperations,eExceptions
0.009615384615384616,0.0,0.03205128205128205,0.16346153846153846,0.009615384615384616,0.019230769230769232,0.11538461538461539,0.0,0.00641025641025641,0.01282051282051282,0.03205128205128205,0.0,0.0,0.038461538461538464,0.041666666666666664,0.02564102564102564,0.0,0.01282051282051282,0.16346153846153846,0.038461538461538464,0.05448717948717949,0.022435897435897436,0.060897435897435896,0.02564102564102564,0.009615384615384616,0.10576923076923077
violations,7
