Meta Mode,ecore
Number of Edge types,26
Number Of Nodes,100
State Id,71_1
OutDegreeValue,0,1,2,3,4,5,6,8,16
OutDegreeCount,4,14,43,20,12,2,1,3,1
NAValue,1,2,3,4,5,6,7,8,9
NACount,4,10,45,22,10,5,2,1,1
MPCValue,0.00000,0.32388,0.44694,0.45633,0.46694,0.52000,0.53289,0.53926,0.58240,0.59429,0.61750,0.63556,0.65000,0.69333,0.71500,0.72163,0.73412,0.74880,0.75111,0.75636,0.76408,0.76960,0.77037,0.78000,0.80089,0.80889,0.81120,0.82173,0.83200,0.85850
MPCCount,4,1,1,1,1,11,1,1,2,1,1,1,3,33,1,1,1,3,3,1,1,1,1,11,1,2,1,1,7,2
Typed Out Degree
EGenericType eTypeParameter,1,1,1,1,1,1,1,1,1,1,1,1,1,1,1,1,1,1,1,1,1,1,1,1,1,1,1,1,1,1,1,1,1,1,1,1,1,1,1,1,1,1,1,1,1,1,1,1,1,1
EClass eTypeParameters,1
EPackage eSuperPackage,1,1,1,1,1
EGenericType eTypeArguments,1,2,2,1,1,1,1,1,2,1,1,1
EReference eKeys,1
EDataType eTypeParameters,2,1
EOperation eContainingClass,1
EAttribute eContainingClass,1,1
EReference eOpposite,1
EPackage eClassifiers,1,1,1,2,6,3
EDataType ePackage,1,1
EAttribute eType,1,1
EOperation eExceptions,14
EEnum eLiterals,1,2,3,1,3
EClass eStructuralFeatures,2,2
EGenericType eClassifier,1,1,1,1,1,1,1,1,1,1,1,1,1,1,1,1,1,1,1,1,1,1,1,1,1,1,1,1,1,1,1,1,1,1,1,1,1,1,1,1,1,1,1,1,1,1,1,1,1,1,1
EEnumLiteral eEnum,1,1,1,1,1,1,1,1,1,1
EReference eContainingClass,1,1
EEnum ePackage,1,1,1,1,1,1,1,1,1
EGenericType eUpperBound,1,1,1,1,1,1,1,1
EEnum eTypeParameters,1,1,1,4,1,1
EClass eSuperTypes,3,3,3
ETypeParameter eBounds,1,2,1,3,3,1,3,1,2,2
EClass ePackage,1,1,1
EPackage eSubpackages,1,1,2,1
EGenericType eLowerBound,1,1,1,1,1,1,1,1,1,1
EClass eOperations,1
EReference eType,1,1
EOperation eType,1
Node Type
EClass,EAttribute,EDataType,EGenericType,EOperation,EEnumLiteral,EEnum,EReference,ETypeParameter,EPackage
0.03,0.02,0.02,0.5200000000000002,0.01,0.09999999999999999,0.09,0.02,0.12999999999999998,0.060000000000000005
Edge Type
eSuperPackage,eOperation,eUpperBound,eTypeParameter,eSubpackages,eType,eSuperTypes,eParameters,eOpposite,eKeys,eTypeArguments,eModelElement,eAnnotations,ePackage,eLowerBound,eLiterals,details,eStructuralFeatures,eClassifier,eClassifiers,eTypeParameters,eContainingClass,eBounds,eEnum,eOperations,eExceptions
0.01893939393939394,0.0,0.030303030303030304,0.1893939393939394,0.01893939393939394,0.01893939393939394,0.03409090909090909,0.0,0.003787878787878788,0.003787878787878788,0.056818181818181816,0.0,0.0,0.05303030303030303,0.03787878787878788,0.03787878787878788,0.0,0.015151515151515152,0.19318181818181818,0.05303030303030303,0.04924242424242424,0.01893939393939394,0.07196969696969698,0.03787878787878788,0.003787878787878788,0.05303030303030303
violations,3
