Meta Mode,ecore
Number of Edge types,26
Number Of Nodes,100
State Id,72_1
OutDegreeValue,0,1,2,3,4,5,6,7,8,9,10,12,14,15
OutDegreeCount,2,22,36,17,5,5,2,3,1,1,1,2,2,1
NAValue,1,2,3,4,5,6,7,8,10
NACount,2,9,51,19,9,4,3,1,2
MPCValue,0.00000,0.26531,0.30333,0.36053,0.43875,0.46694,0.52000,0.58240,0.59429,0.62400,0.63556,0.63673,0.65000,0.66444,0.66560,0.69333,0.71139,0.73224,0.74880,0.75111,0.78000,0.80388,0.80653,0.80889,0.81120,0.83200,0.83778,0.84728,0.85323,0.86667
MPCCount,2,1,1,2,1,1,12,3,1,1,1,2,6,1,1,34,1,1,1,1,12,1,2,1,1,5,1,1,1,1
Typed Out Degree
EGenericType eTypeParameter,1,1,1,1,1,1,1,1,1,1,1,1,1,1,1,1,1,1,1,1,1,1,1,1,1,1,1,1,1,1,1,1,1,1,1,1,1,1,1,1,1,1,1,1,1
EClass eTypeParameters,1,2
EPackage eSuperPackage,1,1,1
EGenericType eTypeArguments,1,1,1,1,1,1,1,1,1,1,1,1
EReference eKeys,2,2,2,2
EDataType eTypeParameters,1,2,3
EOperation eContainingClass,1,1,1
EAttribute eContainingClass,1,1,1,1
EReference eOpposite,1,1,1,1
EPackage eClassifiers,5,4,5,1
EDataType ePackage,1,1,1,1
EAttribute eType,1,1,1
EOperation eExceptions,12,12,12
EEnum eLiterals,2,4,2
EOperation eTypeParameters,1
EClass eStructuralFeatures,3,3,2
EGenericType eClassifier,1,1,1,1,1,1,1,1,1,1,1,1,1,1,1,1,1,1,1,1,1,1,1,1,1,1,1,1,1,1,1,1,1,1,1,1,1,1,1,1,1,1
EEnumLiteral eEnum,1,1,1,1,1,1,1,1
EReference eContainingClass,1,1,1,1
EEnum ePackage,1,1,1,1,1
EGenericType eUpperBound,1,1,1,1,1,1,1,1
EEnum eTypeParameters,1,4,1
EClass eSuperTypes,6,6,6,6,6,6
ETypeParameter eBounds,1,1,2,1,2,1,3,1,1,1,1,1,1,1
EClass ePackage,1,1,1,1,1,1
EPackage eSubpackages,1,2
EGenericType eLowerBound,1,1,1,1,1,1,1,1
EClass eOperations,1,1,1
EReference eType,1,1,1,1
EOperation eType,1,1,1
Node Type
EClass,EAttribute,EDataType,EGenericType,EEnumLiteral,EOperation,EEnum,EReference,EPackage,ETypeParameter
0.060000000000000005,0.04,0.04,0.46000000000000024,0.08,0.03,0.05,0.04,0.04,0.16
Edge Type
eSuperPackage,eOperation,eUpperBound,eTypeParameter,eSubpackages,eType,eSuperTypes,eParameters,eOpposite,eKeys,eTypeArguments,eModelElement,eAnnotations,ePackage,eLowerBound,eLiterals,details,eStructuralFeatures,eClassifier,eClassifiers,eTypeParameters,eContainingClass,eBounds,eEnum,eOperations,eExceptions
0.00946372239747634,0.0,0.025236593059936908,0.14195583596214512,0.00946372239747634,0.031545741324921134,0.11356466876971609,0.0,0.012618296529968454,0.025236593059936908,0.03785488958990536,0.0,0.0,0.0473186119873817,0.025236593059936908,0.025236593059936908,0.0,0.025236593059936908,0.13249211356466878,0.0473186119873817,0.050473186119873815,0.03470031545741325,0.056782334384858045,0.025236593059936908,0.00946372239747634,0.11356466876971609
violations,8
