Meta Mode,ecore
Number of Edge types,26
Number Of Nodes,100
State Id,73_1
OutDegreeValue,0,1,2,3,4,5,7,8,12,14,15,16,17,18,22,23,25
OutDegreeCount,3,20,36,9,1,5,6,1,1,2,3,3,4,3,1,1,1
NAValue,1,2,3,4,5,6,7,9
NACount,3,7,53,16,11,5,3,2
MPCValue,0.00000,0.13173,0.13603,0.14061,0.21185,0.24674,0.29385,0.32091,0.36167,0.39802,0.40664,0.42250,0.45230,0.46694,0.48148,0.52000,0.58500,0.63556,0.64189,0.65000,0.67642,0.68640,0.69333,0.71500,0.72534,0.74469,0.74880,0.75111,0.77037,0.77469,0.78000,0.79972,0.80889,0.81714,0.82333,0.83200
MPCCount,3,1,2,1,2,1,1,1,1,1,1,2,1,6,1,11,3,1,1,3,1,1,33,2,1,1,1,4,1,2,4,1,1,1,1,1
Typed Out Degree
EGenericType eTypeParameter,1,1,1,1,1,1,1,1,1
EClass eTypeParameters,1,2
EPackage eSuperPackage,1,1,1,1,1,1,1,1,1,1,1,1
EGenericType eTypeArguments,2,1
EReference eKeys,4,4,4,4,4
EOperation eContainingClass,1,1,1,1,1,1,1,1,1
EAttribute eContainingClass,1,1,1,1,1,1,1,1,1,1
EReference eOpposite,1,1,1
EPackage eClassifiers,4,3,1,1,4,1,1,2,1,9
EDataType ePackage,1,1,1,1
EAttribute eType,1,1,1,1,1,1,1,1,1
EOperation eExceptions,14,16,15,16,3,13
EEnum eLiterals,2,1
EOperation eTypeParameters,1
EParameter eType,1,1,1,1,1,1,1,1,1,1,1,1,1
EClass eStructuralFeatures,5,3,1,5,3
EGenericType eClassifier,1,1,1,1,1,1,1,1,1,1
EEnumLiteral eEnum,1,1,1
EReference eContainingClass,1,1,1,1,1,1,1
EEnum ePackage,1,1,1,1,1,1,1,1
EGenericType eUpperBound,1,1,1
EEnum eTypeParameters,2
EClass eSuperTypes,13,15,14,3,13,14,14,6,14,14,14,13,15,14,13
ETypeParameter eBounds,1,1,1,1
EClass ePackage,1,1,1,1,1,1,1,1,1,1,1,1,1,1,1
EOperation eParameters,6,3,3,1
EPackage eSubpackages,2,3,1,1,1,1,3
EGenericType eLowerBound,1,1
EClass eOperations,1,2,6
EParameter eOperation,1,1,1,1,1,1,1,1,1,1,1,1,1
EReference eType,1,1,1,1,1
EOperation eType,1,1,1,1,1,1,1,1
Node Type
EClass,EAttribute,EDataType,EParameter,EGenericType,EOperation,EEnumLiteral,EEnum,EReference,ETypeParameter,EPackage
0.15,0.09999999999999999,0.04,0.12999999999999998,0.11999999999999998,0.09,0.03,0.08,0.07,0.060000000000000005,0.12999999999999998
Edge Type
eSuperPackage,eOperation,eUpperBound,eTypeParameter,eSubpackages,eType,eSuperTypes,eParameters,eOpposite,eKeys,eTypeArguments,eModelElement,eAnnotations,ePackage,eLowerBound,eLiterals,details,eStructuralFeatures,eClassifier,eClassifiers,eTypeParameters,eContainingClass,eBounds,eEnum,eOperations,eExceptions
0.022944550669216062,0.0248565965583174,0.0057361376673040155,0.017208413001912046,0.022944550669216062,0.06692160611854685,0.361376673040153,0.0248565965583174,0.0057361376673040155,0.03824091778202677,0.0057361376673040155,0.0,0.0,0.05162523900573614,0.0038240917782026767,0.0057361376673040155,0.0,0.032504780114722756,0.019120458891013385,0.05162523900573614,0.011472275334608031,0.0497131931166348,0.0076481835564053535,0.0057361376673040155,0.017208413001912046,0.14722753346080306
violations,17
