Meta Mode,ecore
Number of Edge types,26
Number Of Nodes,100
State Id,74_1
OutDegreeValue,0,1,2,3,4,5,6,7,8,12,13,14,15,16,17,18,19,35,37
OutDegreeCount,6,30,28,3,5,4,3,2,1,2,1,1,4,2,1,1,1,3,2
NAValue,1,2,3,4,5,6,7,8,9
NACount,6,10,42,21,10,4,3,2,2
MPCValue,0.00000,0.15642,0.16370,0.26531,0.32500,0.36863,0.40664,0.41638,0.44147,0.46694,0.49481,0.51037,0.52000,0.55049,0.57128,0.58240,0.58500,0.63375,0.63673,0.64027,0.64198,0.65000,0.66032,0.68640,0.69333,0.71500,0.73917,0.75077,0.75111,0.76308,0.76408,0.76615,0.76960,0.77037,0.77469,0.78000,0.80653,0.85850
MPCCount,6,1,3,1,2,1,1,1,1,15,1,1,10,1,1,1,1,1,1,1,1,2,1,1,23,2,1,1,1,1,1,1,1,1,1,8,1,1
Typed Out Degree
EGenericType eTypeParameter,1,1,1,1,1
EClass eTypeParameters,1,1,1
EPackage eSuperPackage,1,1,1,1,1,1,1,1,1,1,1
EReference eKeys,2,3,3,3
EDataType eTypeParameters,1,1,1,2,2
EOperation eContainingClass,1,1,1,1,1
EAttribute eContainingClass,1,1,1,1,1,1,1,1,1,1,1
EReference eOpposite,1,1,1,1
EPackage eClassifiers,4,3,7,3,2,2,4,6,1,1,3,1
EDataType ePackage,1,1,1,1,1,1,1,1,1,1,1,1,1
EAttribute eType,1,1,1,1,1,1,1,1,1,1
EOperation eExceptions,33,33,33,33,33
EEnum eLiterals,3,2,3
EParameter eType,1,1,1,1
EClass eStructuralFeatures,4,1,1,2,2,4,1,2
EGenericType eClassifier,1,1,1,1,1,1
EEnumLiteral eEnum,1,1,1,1,1,1,1,1
EReference eContainingClass,1,1,1,1,1,1
EEnum ePackage,1,1,1,1,1,1,1,1,1,1,1
EGenericType eUpperBound,1
EEnum eTypeParameters,1
EClass eSuperTypes,12,12,13,13,13,13,6,12,12,12,12,13,11
ETypeParameter eBounds,1,1,1,1,1
EClass ePackage,1,1,1,1,1,1,1,1,1,1,1,1,1
EOperation eParameters,2,2
EPackage eSubpackages,2,1,1,1,1,5
EClass eOperations,1,2,2
EParameter eOperation,1,1,1,1
EReference eType,1,1,1,1,1,1
EOperation eType,1,1,1,1,1
Node Type
EAttribute,EClass,EDataType,EParameter,EGenericType,EOperation,EEnumLiteral,EEnum,EReference,EPackage,ETypeParameter
0.10999999999999999,0.12999999999999998,0.12999999999999998,0.04,0.060000000000000005,0.05,0.08,0.10999999999999999,0.060000000000000005,0.11999999999999998,0.10999999999999999
Edge Type
eSuperPackage,eOperation,eUpperBound,eTypeParameter,eSubpackages,eType,eSuperTypes,eParameters,eOpposite,eKeys,eTypeArguments,eModelElement,eAnnotations,ePackage,eLowerBound,eLiterals,details,eStructuralFeatures,eClassifier,eClassifiers,eTypeParameters,eContainingClass,eBounds,eEnum,eOperations,eExceptions
0.019963702359346643,0.007259528130671506,0.0018148820326678765,0.009074410163339383,0.019963702359346643,0.045372050816696916,0.279491833030853,0.007259528130671506,0.007259528130671506,0.019963702359346643,0.0,0.0,0.0,0.06715063520871144,0.0,0.014519056261343012,0.0,0.030852994555353903,0.010889292196007259,0.06715063520871144,0.019963702359346643,0.039927404718693285,0.009074410163339383,0.014519056261343012,0.009074410163339383,0.29945553539019965
violations,14
