Meta Mode,ecore
Number of Edge types,26
Number Of Nodes,100
State Id,75_1
OutDegreeValue,0,1,2,3,4,5,6,7,8,9,11,15,16,17,18,20,23,29,32,33,34
OutDegreeCount,6,23,36,5,1,1,1,2,1,4,2,1,5,5,1,1,1,1,1,1,1
NAValue,1,2,3,4,5,6,7,8,9
NACount,6,8,45,17,11,4,2,5,2
MPCValue,0.00000,0.12391,0.12770,0.13173,0.17273,0.18395,0.27167,0.34988,0.37606,0.37740,0.38440,0.41917,0.46648,0.47710,0.48821,0.52000,0.52590,0.54109,0.58240,0.61392,0.62272,0.63673,0.64735,0.65000,0.66444,0.66765,0.67041,0.68250,0.69333,0.70154,0.71029,0.71500,0.72628,0.74469,0.75111,0.76960,0.77469,0.78000,0.80889,0.82776,0.84231
MPCCount,6,1,1,1,1,1,1,1,1,1,2,1,1,1,1,18,1,1,3,1,1,5,1,4,1,1,2,1,25,1,1,2,1,1,1,1,1,2,1,1,1
Typed Out Degree
EGenericType eTypeParameter,1,1,1,1,1,1,1,1,1,1
EClass eTypeParameters,1,1,1
EPackage eSuperPackage,1,1,1,1,1,1,1,1
EGenericType eTypeArguments,2,1,1
EReference eKeys,6,6,5,6
EDataType eTypeParameters,1,1,1
EOperation eContainingClass,1,1,1,1,1,1
EAttribute eContainingClass,1,1,1,1,1,1,1,1
EReference eOpposite,1,1,1,1,1
EPackage eClassifiers,8,2,5,2,1,8,6,3
EDataType ePackage,1,1,1,1,1,1,1,1,1,1
EAttribute eType,1,1,1,1,1,1,1
EOperation eExceptions,27,31,28,29
EEnum eLiterals,1,1,1,3,1
EOperation eTypeParameters,2
EParameter eType,1,1,1,1
EClass eStructuralFeatures,1,2,1,1,4,2,3
EGenericType eClassifier,1,1,1,1,1,1,1,1,1,1,1,1,1
EEnumLiteral eEnum,1,1,1,1,1,1,1
EReference eContainingClass,1,1,1,1,1,1
EEnum ePackage,1,1,1,1,1,1,1,1,1,1
EEnum eTypeParameters,1,1,2
EClass eSuperTypes,15,15,15,15,14,15,14,14,10,15,14,15,14,14,15
ETypeParameter eBounds,1,2,2,1,1,1
EClass ePackage,1,1,1,1,1,1,1,1,1,1,1,1,1,1,1
EOperation eParameters,1,3
EPackage eSubpackages,2,3,3
EGenericType eLowerBound,1
EClass eOperations,1,4,1
EParameter eOperation,1,1,1,1
EReference eType,1,1,1,1,1
EOperation eType,1,1,1,1,1
Node Type
EAttribute,EClass,EDataType,EParameter,EGenericType,EOperation,EEnumLiteral,EEnum,EReference,ETypeParameter,EPackage
0.08,0.15,0.09999999999999999,0.04,0.12999999999999998,0.060000000000000005,0.07,0.09999999999999999,0.060000000000000005,0.11999999999999998,0.09
Edge Type
eSuperPackage,eOperation,eUpperBound,eTypeParameter,eSubpackages,eType,eSuperTypes,eParameters,eOpposite,eKeys,eTypeArguments,eModelElement,eAnnotations,ePackage,eLowerBound,eLiterals,details,eStructuralFeatures,eClassifier,eClassifiers,eTypeParameters,eContainingClass,eBounds,eEnum,eOperations,eExceptions
0.013937282229965157,0.006968641114982578,0.0,0.017421602787456445,0.013937282229965157,0.036585365853658534,0.37282229965156793,0.006968641114982578,0.008710801393728223,0.04006968641114982,0.006968641114982578,0.0,0.0,0.06097560975609756,0.0017421602787456446,0.012195121951219513,0.0,0.024390243902439025,0.02264808362369338,0.06097560975609756,0.020905923344947737,0.03484320557491289,0.013937282229965157,0.012195121951219513,0.010452961672473868,0.20034843205574912
violations,19
