Meta Mode,ecore
Number of Edge types,26
Number Of Nodes,100
State Id,76_1
OutDegreeValue,0,1,2,3,4,5,6,7,9,10,12,17
OutDegreeCount,5,26,32,17,7,4,2,3,1,1,1,1
NAValue,1,2,3,4,5,6,7,8,9
NACount,5,10,44,18,11,6,4,1,1
MPCValue,0.00000,0.30815,0.46694,0.48816,0.52000,0.54542,0.58240,0.63673,0.65000,0.65481,0.66444,0.66765,0.68640,0.69333,0.74469,0.74880,0.75111,0.76960,0.77037,0.78000,0.79032,0.80205,0.80889,0.81250,0.82173,0.83200,0.84231,0.84741,0.84898,0.85973,0.89143
MPCCount,5,1,1,1,10,1,5,2,7,1,1,1,1,30,1,1,2,1,2,10,1,1,2,1,1,5,1,1,1,1,1
Typed Out Degree
EGenericType eTypeParameter,1,1,1,1,1,1,1,1,1,1,1,1,1,1,1,1,1,1,1,1,1,1,1,1,1,1,1,1,1,1,1,1,1,1,1,1,1,1
EClass eTypeParameters,1,1,2
EPackage eSuperPackage,1,1,1,1,1
EGenericType eTypeArguments,1,1,2,1,1
EReference eKeys,1,1,1,1
EDataType eTypeParameters,1,1,2,1,1,4
EOperation eContainingClass,1
EAttribute eContainingClass,1
EReference eOpposite,1,1,1,1,1
EPackage eClassifiers,4,6,1,1,2,5
EDataType ePackage,1,1,1,1,1,1,1,1
EAttribute eType,1
EOperation eExceptions,15
EEnum eLiterals,3,1,3,1
EClass eStructuralFeatures,4,2
EGenericType eClassifier,1,1,1,1,1,1,1,1,1,1,1,1,1,1,1,1,1,1,1,1,1,1,1,1,1,1,1,1,1,1,1,1,1,1,1,1,1,1
EEnumLiteral eEnum,1,1,1,1,1,1,1,1
EReference eContainingClass,1,1,1,1,1
EEnum ePackage,1,1,1,1,1,1
EGenericType eUpperBound,1,1,1,1,1,1,1,1,1
EEnum eTypeParameters,1,1,3,1,1,1
EClass eSuperTypes,5,5,5,5,5
ETypeParameter eBounds,1,1,1,1,1,3,1,1,1,1,1,1,1,1,1,1,1
EClass ePackage,1,1,1,1,1
EPackage eSubpackages,4,1
EGenericType eLowerBound,1,1,1,1
EClass eOperations,1
EReference eType,1,1,1,1,1
EOperation eType,1
Node Type
EClass,EAttribute,EDataType,EGenericType,EEnumLiteral,EOperation,EEnum,EReference,ETypeParameter,EPackage
0.05,0.01,0.08,0.38000000000000017,0.08,0.01,0.060000000000000005,0.05,0.22000000000000006,0.060000000000000005
Edge Type
eSuperPackage,eOperation,eUpperBound,eTypeParameter,eSubpackages,eType,eSuperTypes,eParameters,eOpposite,eKeys,eTypeArguments,eModelElement,eAnnotations,ePackage,eLowerBound,eLiterals,details,eStructuralFeatures,eClassifier,eClassifiers,eTypeParameters,eContainingClass,eBounds,eEnum,eOperations,eExceptions
0.018518518518518517,0.0,0.03333333333333333,0.14074074074074075,0.018518518518518517,0.025925925925925925,0.09259259259259259,0.0,0.018518518518518517,0.014814814814814815,0.022222222222222223,0.0,0.0,0.07037037037037037,0.014814814814814815,0.02962962962962963,0.0,0.022222222222222223,0.14074074074074075,0.07037037037037037,0.08148148148148149,0.025925925925925925,0.07037037037037037,0.02962962962962963,0.003703703703703704,0.05555555555555555
violations,9
