Meta Mode,ecore
Number of Edge types,26
Number Of Nodes,100
State Id,78_1
OutDegreeValue,0,1,2,3,4,7,9,12,13,14,15,19,30,34,35,36
OutDegreeCount,6,24,36,11,3,1,2,4,5,1,1,1,1,1,1,2
NAValue,1,2,3,4,5,6,7,8
NACount,5,8,48,15,13,5,4,2
MPCValue,0.00000,0.11376,0.16250,0.16370,0.18830,0.20967,0.25208,0.40809,0.44836,0.46694,0.48483,0.51797,0.52000,0.54626,0.55250,0.57398,0.58240,0.62272,0.63556,0.65000,0.66560,0.66765,0.68640,0.69333,0.69787,0.70720,0.71500,0.75111,0.77469,0.78000,0.78450,0.80889,0.83200,0.83778,0.84500
MPCCount,5,1,2,1,1,1,1,1,2,10,2,1,9,1,1,1,2,2,1,3,4,5,1,24,1,1,2,2,1,5,1,1,2,1,1
Typed Out Degree
EGenericType eTypeParameter,1,1,1,1,1,1,1,1,1,1,1,1,1,1,1,1,1,1,1,1,1,1,1,1
EClass eTypeParameters,2,1
EPackage eSuperPackage,1,1,1,1,1,1
EGenericType eTypeArguments,1,1,1
EDataType eTypeParameters,1,1,2,2,1,1
EOperation eContainingClass,1,1,1,1,1,1
EAttribute eContainingClass,1,1,1,1
EPackage eClassifiers,1,8,8,3,2,12,2
EDataType ePackage,1,1,1,1,1,1,1,1,1,1,1,1,1,1,1,1
EAttribute eType,1,1,1,1
EOperation eExceptions,33,33,33,33,28
EEnum eLiterals,1,2,1,2
EOperation eTypeParameters,1,1
EParameter eType,1
EClass eStructuralFeatures,1,2,1,1
EGenericType eClassifier,1,1,1,1,1,1,1,1,1,1,1,1,1,1,1,1,1,1,1,1,1,1,1,1
EEnumLiteral eEnum,1,1,1,1,1,1
EReference eContainingClass,1
EEnum ePackage,1,1,1,1,1,1,1,1,1
EGenericType eUpperBound,1,1,1
EEnum eTypeParameters,1,1
EClass eSuperTypes,11,11,11,11,11,11,11,11,11,11,11
ETypeParameter eBounds,2,2,1,2,1,1,1,2,2
EClass ePackage,1,1,1,1,1,1,1,1,1,1,1
EOperation eParameters,1
EPackage eSubpackages,3,3
EGenericType eLowerBound,1,1,1,1
EClass eOperations,1,1,3,1
EParameter eOperation,1
EReference eType,1
EOperation eType,1,1,1,1
Node Type
EClass,EAttribute,EDataType,EParameter,EGenericType,EOperation,EEnumLiteral,EEnum,EReference,ETypeParameter,EPackage
0.10999999999999999,0.04,0.16,0.01,0.24000000000000007,0.060000000000000005,0.060000000000000005,0.09,0.01,0.15,0.07
Edge Type
eSuperPackage,eOperation,eUpperBound,eTypeParameter,eSubpackages,eType,eSuperTypes,eParameters,eOpposite,eKeys,eTypeArguments,eModelElement,eAnnotations,ePackage,eLowerBound,eLiterals,details,eStructuralFeatures,eClassifier,eClassifiers,eTypeParameters,eContainingClass,eBounds,eEnum,eOperations,eExceptions
0.012048192771084338,0.002008032128514056,0.006024096385542169,0.04819277108433735,0.012048192771084338,0.020080321285140562,0.2429718875502008,0.002008032128514056,0.0,0.0,0.006024096385542169,0.0,0.0,0.07228915662650602,0.008032128514056224,0.012048192771084338,0.0,0.010040160642570281,0.04819277108433735,0.07228915662650602,0.030120481927710843,0.02208835341365462,0.028112449799196786,0.012048192771084338,0.012048192771084338,0.321285140562249
violations,11
