Meta Mode,ecore
Number of Edge types,26
Number Of Nodes,100
State Id,79_1
OutDegreeValue,0,1,2,3,4,7,8,9,10,11,12,13,15,19,23,24,27
OutDegreeCount,4,28,34,7,3,2,5,2,1,1,4,2,1,2,1,1,2
NAValue,1,2,3,4,5,6,7,8,9
NACount,4,7,52,18,9,4,2,2,2
MPCValue,0.00000,0.16907,0.17620,0.23833,0.28923,0.29952,0.32898,0.38519,0.41600,0.45124,0.45760,0.46694,0.52000,0.52609,0.54311,0.55049,0.58240,0.62272,0.63556,0.64055,0.65000,0.66765,0.68250,0.69333,0.71500,0.72198,0.73809,0.74469,0.75111,0.76010,0.76066,0.76375,0.76556,0.77469,0.78000,0.79040,0.79444
MPCCount,4,2,1,1,1,1,1,1,1,1,1,3,13,1,1,1,3,1,1,1,4,1,1,35,1,1,1,2,3,1,1,1,1,1,4,1,1
Typed Out Degree
EGenericType eTypeParameter,1,1,1,1,1,1,1,1,1,1,1,1,1,1,1
EPackage eSuperPackage,1,1,1,1,1,1,1,1,1,1,1
EGenericType eTypeArguments,1
EReference eKeys,1,5,5,4
EDataType eTypeParameters,1,2,2
EOperation eContainingClass,1,1,1,1,1
EAttribute eContainingClass,1,1,1,1,1,1,1,1,1
EReference eOpposite,1,1,1
EPackage eClassifiers,7,1,2,8,5,1,4,2,2,2
EDataType ePackage,1,1,1,1,1,1,1,1,1,1,1
EAttribute eType,1,1,1,1,1,1,1
EOperation eExceptions,7,21,23,21,23
EEnum eLiterals,1,1,1
EOperation eTypeParameters,1,2
EParameter eType,1,1
EClass eStructuralFeatures,1,2,1,5,6,1
EGenericType eClassifier,1,1,1,1,1,1,1,1,1,1,1
EEnumLiteral eEnum,1,1,1
EReference eContainingClass,1,1,1,1,1,1,1
EEnum ePackage,1,1,1,1,1,1,1,1,1,1
EGenericType eUpperBound,1,1
EEnum eTypeParameters,1,1,2
EClass eSuperTypes,11,11,9,5,8,10,1,11,11,11,11,12,11
ETypeParameter eBounds,2,1,1,1,1,1,1,1,1
EClass ePackage,1,1,1,1,1,1,1,1,1,1,1,1,1
EOperation eParameters,2
EPackage eSubpackages,4,1,1,2,2,1
EGenericType eLowerBound,1,1,1
EClass eOperations,2,1,1,1
EParameter eOperation,1,1
EReference eType,1,1,1,1,1,1
EOperation eType,1,1,1,1
Node Type
EAttribute,EClass,EDataType,EParameter,EGenericType,EEnumLiteral,EOperation,EEnum,EReference,EPackage,ETypeParameter
0.09,0.12999999999999998,0.10999999999999999,0.02,0.16,0.03,0.05,0.09999999999999999,0.07,0.11999999999999998,0.11999999999999998
Edge Type
eSuperPackage,eOperation,eUpperBound,eTypeParameter,eSubpackages,eType,eSuperTypes,eParameters,eOpposite,eKeys,eTypeArguments,eModelElement,eAnnotations,ePackage,eLowerBound,eLiterals,details,eStructuralFeatures,eClassifier,eClassifiers,eTypeParameters,eContainingClass,eBounds,eEnum,eOperations,eExceptions
0.024444444444444446,0.0044444444444444444,0.0044444444444444444,0.03333333333333333,0.024444444444444446,0.042222222222222223,0.27111111111111114,0.0044444444444444444,0.006666666666666667,0.03333333333333333,0.0022222222222222222,0.0,0.0,0.07555555555555556,0.006666666666666667,0.006666666666666667,0.0,0.035555555555555556,0.024444444444444446,0.07555555555555556,0.02666666666666667,0.04666666666666667,0.022222222222222223,0.006666666666666667,0.011111111111111112,0.2111111111111111
violations,13
