Meta Mode,ecore
Number of Edge types,26
Number Of Nodes,100
State Id,80_1
OutDegreeValue,0,1,2,3,4,5,6,7,10,11,12,13,14,24,25
OutDegreeCount,5,22,38,13,2,5,1,1,3,3,1,2,2,1,1
NAValue,1,2,3,4,5,6,7,8,9
NACount,5,9,45,18,10,4,5,3,1
MPCValue,0.00000,0.19240,0.22963,0.28923,0.36053,0.43333,0.47590,0.48589,0.52000,0.58240,0.61089,0.61337,0.63556,0.63673,0.63787,0.65000,0.66444,0.66560,0.68640,0.69333,0.69524,0.71500,0.74469,0.76066,0.76408,0.77469,0.78000,0.79074,0.80889,0.82173,0.83200,0.84231,0.84500,0.84741,0.87020,0.89877
MPCCount,5,1,1,1,1,1,1,1,10,4,1,1,1,1,1,9,1,2,1,30,1,1,2,1,1,1,8,1,3,1,1,1,1,1,1,1
Typed Out Degree
EGenericType eTypeParameter,1,1,1,1,1,1,1,1,1,1,1,1,1,1,1,1,1,1,1,1,1,1,1,1,1
EClass eTypeParameters,1,1
EPackage eSuperPackage,1,1,1,1,1,1,1,1
EGenericType eTypeArguments,1,1,1
EReference eKeys,1,2,2,2
EDataType eTypeParameters,1
EOperation eContainingClass,1,1,1
EAttribute eContainingClass,1,1,1,1
EReference eOpposite,1,1,1
EPackage eClassifiers,4,1,1,4,7,1,5,1,1
EDataType ePackage,1,1,1,1
EAttribute eType,1,1,1,1
EOperation eExceptions,12,22,22
EEnum eLiterals,1,2,1,1,2,1
EOperation eTypeParameters,1
EClass eStructuralFeatures,2,2,3,2
EGenericType eClassifier,1,1,1,1,1,1,1,1,1,1,1,1,1,1,1,1,1,1,1,1,1,1,1,1,1,1
EEnumLiteral eEnum,1,1,1,1,1,1,1,1
EReference eContainingClass,1,1,1,1,1
EEnum ePackage,1,1,1,1,1,1,1,1,1,1,1,1
EGenericType eUpperBound,1,1,1,1,1,1,1
EEnum eTypeParameters,1,2,1,2,4,1
EClass eSuperTypes,9,9,9,9,9,9,9,9,9
ETypeParameter eBounds,1,1,1,1,1,1,2,1,2,2,1
EClass ePackage,1,1,1,1,1,1,1,1,1
EPackage eSubpackages,3,3,2
EGenericType eLowerBound,1,1,1,1,1,1,1
EClass eOperations,1,1,1
EReference eType,1,1,1,1
EOperation eType,1,1,1
Node Type
EClass,EAttribute,EDataType,EGenericType,EEnumLiteral,EOperation,EEnum,EReference,EPackage,ETypeParameter
0.09,0.04,0.04,0.3100000000000001,0.08,0.03,0.11999999999999998,0.05,0.09,0.15
Edge Type
eSuperPackage,eOperation,eUpperBound,eTypeParameter,eSubpackages,eType,eSuperTypes,eParameters,eOpposite,eKeys,eTypeArguments,eModelElement,eAnnotations,ePackage,eLowerBound,eLiterals,details,eStructuralFeatures,eClassifier,eClassifiers,eTypeParameters,eContainingClass,eBounds,eEnum,eOperations,eExceptions
0.0221606648199446,0.0,0.019390581717451522,0.06925207756232687,0.0221606648199446,0.030470914127423823,0.22437673130193905,0.0,0.008310249307479225,0.019390581717451522,0.008310249307479225,0.0,0.0,0.06925207756232687,0.019390581717451522,0.0221606648199446,0.0,0.024930747922437674,0.07202216066481995,0.06925207756232687,0.04155124653739612,0.0332409972299169,0.038781163434903045,0.0221606648199446,0.008310249307479225,0.15512465373961218
violations,11
