Meta Mode,ecore
Number of Edge types,26
Number Of Nodes,100
State Id,81_1
OutDegreeValue,0,1,2,3,4,5,6,8,9,10,14,21,23
OutDegreeCount,6,28,26,19,6,1,3,2,1,5,1,1,1
NAValue,1,2,3,4,5,6,7,8,10
NACount,5,10,43,24,8,2,6,1,1
MPCValue,0.00000,0.23563,0.23833,0.33521,0.36400,0.41977,0.46694,0.51509,0.52000,0.55250,0.55611,0.58240,0.58573,0.65000,0.69333,0.71500,0.73157,0.74880,0.75111,0.76408,0.78000,0.79040,0.80653,0.84231,0.85959,0.86667,0.87360,0.89143,0.89388
MPCCount,5,1,1,1,1,2,1,1,11,1,1,1,1,7,32,1,1,5,5,1,11,1,2,1,1,1,1,1,1
Typed Out Degree
EGenericType eTypeParameter,1,1,1,1,1,1,1,1,1,1,1,1,1,1,1,1,1,1,1,1,1,1,1,1,1,1,1,1,1,1,1,1,1,1,1
EClass eTypeParameters,1,2,1,1
EPackage eSuperPackage,1,1,1,1,1
EGenericType eTypeArguments,1,1,1,2,1,1
EDataType eTypeParameters,1,3,1,2
EOperation eContainingClass,1,1
EReference eOpposite,1,1,1
EPackage eClassifiers,4,2,4,2,4,6
EDataType ePackage,1,1,1,1,1,1
EOperation eExceptions,21,18
EEnum eLiterals,2,1,1,1,2,2
EOperation eTypeParameters,1
EClass eStructuralFeatures,2,1
EGenericType eClassifier,1,1,1,1,1,1,1,1,1,1,1,1,1,1,1,1,1,1,1,1,1,1,1,1,1,1,1,1,1,1,1,1
EEnumLiteral eEnum,1,1,1,1,1,1,1,1,1
EReference eContainingClass,1,1,1
EEnum ePackage,1,1,1,1,1,1,1,1
EGenericType eUpperBound,1,1,1,1,1,1,1,1
EEnum eTypeParameters,2,1,2,3,1
EClass eSuperTypes,8,8,8,8,8,7,8,8
ETypeParameter eBounds,2,1,1,1,1,1,1,1,1,1,1,1,1,1,1,1,1
EClass ePackage,1,1,1,1,1,1,1,1
EPackage eSubpackages,1,1,1,2
EGenericType eLowerBound,1,1,1
EClass eOperations,1,1
EReference eType,1,1,1
EOperation eType,1,1
Node Type
EClass,EDataType,EGenericType,EOperation,EEnumLiteral,EEnum,EReference,ETypeParameter,EPackage
0.08,0.060000000000000005,0.36000000000000015,0.02,0.09,0.08,0.03,0.22000000000000006,0.060000000000000005
Edge Type
eSuperPackage,eOperation,eUpperBound,eTypeParameter,eSubpackages,eType,eSuperTypes,eParameters,eOpposite,eKeys,eTypeArguments,eModelElement,eAnnotations,ePackage,eLowerBound,eLiterals,details,eStructuralFeatures,eClassifier,eClassifiers,eTypeParameters,eContainingClass,eBounds,eEnum,eOperations,eExceptions
0.015772870662460567,0.0,0.025236593059936908,0.11041009463722397,0.015772870662460567,0.015772870662460567,0.19873817034700317,0.0,0.00946372239747634,0.0,0.022082018927444796,0.0,0.0,0.0694006309148265,0.00946372239747634,0.028391167192429023,0.0,0.00946372239747634,0.10094637223974763,0.0694006309148265,0.0694006309148265,0.015772870662460567,0.056782334384858045,0.028391167192429023,0.006309148264984227,0.12302839116719243
violations,9
