Meta Mode,ecore
Number of Edge types,26
Number Of Nodes,100
State Id,82_1
OutDegreeValue,0,1,2,3,4,5,6,9,10,11,13,16,19
OutDegreeCount,2,19,46,12,7,3,3,1,2,2,1,1,1
NAValue,1,2,3,4,5,6,7,9
NACount,2,7,55,15,13,4,2,2
MPCValue,0.00000,0.35360,0.38204,0.43333,0.46694,0.52000,0.55250,0.61360,0.63673,0.64840,0.65000,0.68760,0.69333,0.71500,0.72280,0.74131,0.74880,0.76408,0.76729,0.76960,0.78000,0.78321,0.79605,0.80000,0.80653,0.82776,0.83200,0.88092,0.88433
MPCCount,2,1,1,1,2,11,1,1,2,1,6,1,41,2,1,1,2,2,1,1,8,1,1,1,2,1,3,1,1
Typed Out Degree
EGenericType eTypeParameter,1,1,1,1,1,1,1,1,1,1,1,1,1,1,1,1,1,1,1,1,1,1,1,1,1,1,1,1
EClass eTypeParameters,1
EPackage eSuperPackage,1,1
EGenericType eTypeArguments,1,2,2,1,1,1,1,1
EReference eKeys,2,3,3,3,2
EDataType eTypeParameters,1,2
EOperation eContainingClass,1,1,1,1,1
EAttribute eContainingClass,1,1,1,1,1,1
EReference eOpposite,1,1,1,1,1,1,1
EPackage eClassifiers,3,9,3
EDataType ePackage,1,1,1,1,1,1
EAttribute eType,1,1,1,1,1
EOperation eExceptions,9,11,6,12,10
EEnum eLiterals,2,3
EOperation eTypeParameters,1,1
EParameter eType,1,1,1,1,1,1,1,1
EClass eStructuralFeatures,2,6,4,2
EGenericType eClassifier,1,1,1,1,1,1,1,1,1,1,1,1,1,1,1,1,1,1,1,1,1,1,1,1,1,1,1,1,1,1,1,1,1,1,1
EEnumLiteral eEnum,1,1,1,1,1
EReference eContainingClass,1,1,1,1,1,1,1,1
EEnum ePackage,1,1,1
EGenericType eUpperBound,1,1,1,1,1,1,1,1,1,1,1,1,1,1,1
EClass eSuperTypes,2,2
ETypeParameter eBounds,1,1,1,1,2,1
EClass ePackage,1,1,1,1,1,1
EOperation eParameters,1,4,3
EPackage eSubpackages,2
EGenericType eLowerBound,1,1,1,1,1,1,1,1,1,1,1,1
EClass eOperations,1,4
EParameter eOperation,1,1,1,1,1,1,1,1
EReference eType,1,1,1,1,1,1
EOperation eType,1,1,1,1,1
Node Type
EAttribute,EClass,EDataType,EParameter,EGenericType,EEnumLiteral,EOperation,EEnum,EReference,EPackage,ETypeParameter
0.060000000000000005,0.060000000000000005,0.060000000000000005,0.08,0.4400000000000002,0.05,0.05,0.03,0.08,0.03,0.060000000000000005
Edge Type
eSuperPackage,eOperation,eUpperBound,eTypeParameter,eSubpackages,eType,eSuperTypes,eParameters,eOpposite,eKeys,eTypeArguments,eModelElement,eAnnotations,ePackage,eLowerBound,eLiterals,details,eStructuralFeatures,eClassifier,eClassifiers,eTypeParameters,eContainingClass,eBounds,eEnum,eOperations,eExceptions
0.006514657980456026,0.026058631921824105,0.048859934853420196,0.09120521172638436,0.006514657980456026,0.0781758957654723,0.013029315960912053,0.026058631921824105,0.02280130293159609,0.04234527687296417,0.03257328990228013,0.0,0.0,0.048859934853420196,0.03908794788273615,0.016286644951140065,0.0,0.04560260586319218,0.11400651465798045,0.048859934853420196,0.019543973941368076,0.06188925081433225,0.02280130293159609,0.016286644951140065,0.016286644951140065,0.1563517915309446
violations,6
