Meta Mode,ecore
Number of Edge types,26
Number Of Nodes,100
State Id,83_1
OutDegreeValue,0,1,2,3,4,5,6,7,8,9,10,11,12,14,15,16,18,20,27
OutDegreeCount,3,33,28,5,4,2,2,1,2,2,4,2,2,3,1,1,1,1,3
NAValue,1,2,3,4,5,6,7,8
NACount,3,7,54,15,12,5,1,3
MPCValue,0.00000,0.18395,0.19240,0.20694,0.22311,0.24960,0.26531,0.32152,0.32242,0.32661,0.34902,0.38519,0.41600,0.42250,0.46694,0.50381,0.52000,0.55834,0.58240,0.59089,0.61020,0.63673,0.65000,0.66765,0.68640,0.69333,0.70479,0.71500,0.73182,0.73840,0.73917,0.75111,0.76375,0.76408,0.76526,0.76960,0.78000,0.80889,0.81250,0.83200
MPCCount,3,1,1,1,1,1,2,1,1,1,1,1,1,2,9,1,12,1,3,1,1,1,7,3,1,20,1,1,1,1,1,4,1,2,1,2,3,2,1,1
Typed Out Degree
EGenericType eTypeParameter,1
EClass eTypeParameters,1
EPackage eSuperPackage,1,1,1,1,1,1,1,1,1,1,1,1
EReference eKeys,1,1,1,1
EDataType eTypeParameters,2,1
EOperation eContainingClass,1,1,1,1,1,1,1,1,1,1,1
EAttribute eContainingClass,1,1,1,1,1,1,1
EReference eOpposite,1,1,1
EPackage eClassifiers,3,1,3,6,4,2,1,3,8,4,7,5,1
EDataType ePackage,1,1,1,1,1,1,1,1,1,1,1,1,1,1,1,1,1,1,1
EAttribute eType,1,1,1,1,1,1,1
EOperation eExceptions,19,25,24,2,23,15,13,12,9
EEnum eLiterals,1,2,1,1
EParameter eType,1,1,1,1
EClass eStructuralFeatures,1,1,5,3,4
EGenericType eClassifier,1
EEnumLiteral eEnum,1,1,1,1,1
EReference eContainingClass,1,1,1,1,1,1,1
EEnum ePackage,1,1,1,1,1,1,1,1,1,1,1
EClass eSuperTypes,9,6,9,11,10,9,7,9,9,7,7,1
ETypeParameter eBounds,1
EClass ePackage,1,1,1,1,1,1,1,1,1,1,1,1,1,1,1,1,1,1
EOperation eParameters,1,2,1
EPackage eSubpackages,1,2,1,1,2,1,2,2
EClass eOperations,1,1,1,2,2,1,2,1
EParameter eOperation,1,1,1,1
EReference eType,1,1,1,1,1,1
EOperation eType,1,1,1,1,1,1
Node Type
EClass,EAttribute,EDataType,EParameter,EGenericType,EOperation,EEnumLiteral,EEnum,EReference,EPackage,ETypeParameter
0.18000000000000002,0.07,0.19000000000000003,0.04,0.01,0.10999999999999999,0.05,0.10999999999999999,0.07,0.12999999999999998,0.04
Edge Type
eSuperPackage,eOperation,eUpperBound,eTypeParameter,eSubpackages,eType,eSuperTypes,eParameters,eOpposite,eKeys,eTypeArguments,eModelElement,eAnnotations,ePackage,eLowerBound,eLiterals,details,eStructuralFeatures,eClassifier,eClassifiers,eTypeParameters,eContainingClass,eBounds,eEnum,eOperations,eExceptions
0.026030368763557483,0.008676789587852495,0.0,0.0021691973969631237,0.026030368763557483,0.049891540130151846,0.2039045553145336,0.008676789587852495,0.006507592190889371,0.008676789587852495,0.0,0.0,0.0,0.10412147505422993,0.0,0.010845986984815618,0.0,0.03036876355748373,0.0021691973969631237,0.10412147505422993,0.008676789587852495,0.05422993492407809,0.0021691973969631237,0.010845986984815618,0.02386117136659436,0.3080260303687636
violations,14
