Meta Mode,ecore
Number of Edge types,26
Number Of Nodes,100
State Id,84_1
OutDegreeValue,0,1,2,3,6,7,9,11,12,13,14,25
OutDegreeCount,4,23,47,9,1,1,4,4,2,2,2,1
NAValue,1,2,3,4,5,6,7,8
NACount,4,8,50,17,10,6,2,3
MPCValue,0.00000,0.17620,0.18395,0.19240,0.20166,0.32242,0.34239,0.41538,0.45366,0.52000,0.57379,0.60734,0.63556,0.64735,0.65000,0.66444,0.66560,0.67041,0.69333,0.69975,0.76066,0.76408,0.78000,0.80653,0.80889,0.81250,0.83200,0.84898,0.86667,0.89143
MPCCount,4,1,1,1,1,1,1,1,1,9,1,1,1,1,4,1,2,1,39,1,2,1,12,2,1,1,4,2,1,1
Typed Out Degree
EGenericType eTypeParameter,1,1,1,1,1,1,1,1,1,1,1,1,1,1,1,1,1,1,1,1
EClass eTypeParameters,1
EPackage eSuperPackage,1,1,1,1,1,1,1,1
EGenericType eTypeArguments,1,1
EReference eKeys,6
EDataType eTypeParameters,1,1,1,2,1,1,1,1,2,1
EOperation eContainingClass,1,1
EAttribute eContainingClass,1,1,1,1,1,1,1,1,1
EReference eOpposite,1
EPackage eClassifiers,1,5,1,7,7,6,7
EDataType ePackage,1,1,1,1,1,1,1,1,1,1,1,1
EAttribute eType,1,1,1,1,1,1,1,1,1
EOperation eExceptions,22
EEnum eLiterals,1,1,1,2
EParameter eType,1,1
EClass eStructuralFeatures,3,3,2,2
EGenericType eClassifier,1,1,1,1,1,1,1,1,1,1,1,1,1,1,1,1,1,1,1,1,1
EEnumLiteral eEnum,1,1,1,1,1
EReference eContainingClass,1
EEnum ePackage,1,1,1,1,1,1,1,1,1,1
EGenericType eUpperBound,1
EEnum eTypeParameters,1,1,1
EClass eSuperTypes,10,8,10,10,10,10,10,8,10,1,10
ETypeParameter eBounds,1,2,3,1,1,1,1,1,1,1,2,1
EClass ePackage,1,1,1,1,1,1,1,1,1,1,1,1
EOperation eParameters,1,1
EPackage eSubpackages,3,3,1,1
EGenericType eLowerBound,1,1,1
EClass eOperations,1,1
EParameter eOperation,1,1
EReference eType,1
EOperation eType,1
Node Type
EClass,EAttribute,EDataType,EParameter,EGenericType,EOperation,EEnumLiteral,EEnum,EReference,EPackage,ETypeParameter
0.11999999999999998,0.09,0.11999999999999998,0.02,0.22000000000000006,0.02,0.05,0.09999999999999999,0.01,0.09,0.16
Edge Type
eSuperPackage,eOperation,eUpperBound,eTypeParameter,eSubpackages,eType,eSuperTypes,eParameters,eOpposite,eKeys,eTypeArguments,eModelElement,eAnnotations,ePackage,eLowerBound,eLiterals,details,eStructuralFeatures,eClassifier,eClassifiers,eTypeParameters,eContainingClass,eBounds,eEnum,eOperations,eExceptions
0.023529411764705882,0.0058823529411764705,0.0029411764705882353,0.058823529411764705,0.023529411764705882,0.03823529411764706,0.2852941176470588,0.0058823529411764705,0.0029411764705882353,0.01764705882352941,0.0058823529411764705,0.0,0.0,0.1,0.008823529411764706,0.014705882352941176,0.0,0.029411764705882353,0.061764705882352944,0.1,0.047058823529411764,0.03529411764705882,0.047058823529411764,0.014705882352941176,0.0058823529411764705,0.06470588235294118
violations,10
