Meta Mode,ecore
Number of Edge types,26
Number Of Nodes,100
State Id,85_1
OutDegreeValue,0,1,2,3,4,5,6,8,12
OutDegreeCount,2,18,42,16,13,5,1,2,1
NAValue,1,2,3,4,5,6,7,8,9
NACount,2,7,55,15,13,4,2,1,1
MPCValue,0.00000,0.32661,0.38519,0.40615,0.42250,0.46694,0.52000,0.54889,0.58240,0.61750,0.65000,0.66444,0.69333,0.71102,0.71500,0.73751,0.74880,0.75077,0.75111,0.75636,0.76375,0.78000,0.79592,0.80437,0.80889,0.83200,0.84426,0.84741
MPCCount,2,1,1,1,3,1,7,1,2,1,7,1,39,1,2,1,3,1,1,1,1,7,1,1,2,9,1,1
Typed Out Degree
EGenericType eTypeParameter,1,1,1,1,1,1,1,1,1,1,1,1,1,1,1,1,1,1,1,1,1,1,1,1,1,1,1,1,1,1,1,1,1,1,1,1,1,1,1,1,1,1,1,1,1,1,1,1,1,1
EClass eTypeParameters,1,1
EPackage eSuperPackage,1,1,1
EGenericType eTypeArguments,1,1,1,1,2,1,1,1,1,1,1,1,1,1,1,1,2
EDataType eTypeParameters,1,2,1,1
EOperation eContainingClass,1
EAttribute eContainingClass,1,1,1,1
EReference eOpposite,1
EPackage eClassifiers,2,5,3,5
EDataType ePackage,1,1,1,1,1,1
EAttribute eType,1,1,1
EOperation eExceptions,10
EEnum eLiterals,3,1,1
EClass eStructuralFeatures,2,1,1,2
EGenericType eClassifier,1,1,1,1,1,1,1,1,1,1,1,1,1,1,1,1,1,1,1,1,1,1,1,1,1,1,1,1,1,1,1,1,1,1,1,1,1,1,1,1,1,1,1,1,1,1,1,1,1,1,1,1,1,1
EEnumLiteral eEnum,1,1,1,1,1
EReference eContainingClass,1,1
EEnum ePackage,1,1,1
EGenericType eUpperBound,1,1,1,1,1,1,1,1,1,1,1,1,1,1
EEnum eTypeParameters,1,2
EClass eSuperTypes,4,3,3,1
ETypeParameter eBounds,1,1,1,1,3,1,1,1,1,1
EClass ePackage,1,1,1,1,1,1
EPackage eSubpackages,3
EGenericType eLowerBound,1,1,1,1,1,1,1,1,1,1,1,1,1,1
EClass eOperations,1
EReference eType,1,1
EOperation eType,1
Node Type
EAttribute,EClass,EDataType,EGenericType,EEnumLiteral,EOperation,EEnum,EReference,ETypeParameter,EPackage
0.04,0.060000000000000005,0.060000000000000005,0.5900000000000003,0.05,0.01,0.03,0.02,0.09999999999999999,0.04
Edge Type
eSuperPackage,eOperation,eUpperBound,eTypeParameter,eSubpackages,eType,eSuperTypes,eParameters,eOpposite,eKeys,eTypeArguments,eModelElement,eAnnotations,ePackage,eLowerBound,eLiterals,details,eStructuralFeatures,eClassifier,eClassifiers,eTypeParameters,eContainingClass,eBounds,eEnum,eOperations,eExceptions
0.011494252873563218,0.0,0.05363984674329502,0.19157088122605365,0.011494252873563218,0.022988505747126436,0.0421455938697318,0.0,0.0038314176245210726,0.0,0.07279693486590039,0.0,0.0,0.05747126436781609,0.05363984674329502,0.019157088122605363,0.0,0.022988505747126436,0.20689655172413793,0.05747126436781609,0.038314176245210725,0.02681992337164751,0.04597701149425287,0.019157088122605363,0.0038314176245210726,0.038314176245210725
violations,4
