Meta Mode,ecore
Number of Edge types,26
Number Of Nodes,100
State Id,86_1
OutDegreeValue,0,1,2,3,4,5,6,8,9,10,11,12,14,22,26
OutDegreeCount,6,23,36,13,4,4,1,1,3,2,2,1,1,2,1
NAValue,1,2,3,4,5,6,7,8,9,10
NACount,6,8,46,18,9,5,4,2,1,1
MPCValue,0.00000,0.16907,0.41034,0.42787,0.46094,0.51115,0.52000,0.55250,0.58240,0.61846,0.63556,0.64768,0.65000,0.68640,0.69333,0.71500,0.74880,0.75111,0.75636,0.76408,0.78000,0.79040,0.79074,0.80653,0.83200,0.84231,0.84741,0.85280,0.85959
MPCCount,6,2,1,1,1,1,8,1,3,2,1,1,8,1,36,2,1,3,1,1,8,2,1,3,1,1,1,1,1
Typed Out Degree
EGenericType eTypeParameter,1,1,1,1,1,1,1,1,1,1,1,1,1,1,1,1,1,1,1,1,1,1,1
EClass eTypeParameters,1,1
EPackage eSuperPackage,1,1,1,1,1,1,1
EGenericType eTypeArguments,2
EReference eKeys,2,2,2
EDataType eTypeParameters,1,1,2,1,2,1,1,1,2,2
EOperation eContainingClass,1,1,1,1,1,1
EAttribute eContainingClass,1,1,1,1
EReference eOpposite,1,1,1
EPackage eClassifiers,2,1,2,3,3,6,4,6
EDataType ePackage,1,1,1,1,1,1,1,1,1,1,1,1,1
EAttribute eType,1,1,1,1
EOperation eExceptions,21,1,21,22
EEnum eLiterals,1,2,1,2
EParameter eType,1,1
EClass eStructuralFeatures,2,1,1,1,1,1
EGenericType eClassifier,1,1,1,1,1,1,1,1,1,1,1,1,1,1,1,1,1,1,1,1,1,1,1
EEnumLiteral eEnum,1,1,1,1,1,1
EReference eContainingClass,1,1,1
EEnum ePackage,1,1,1,1,1,1
EGenericType eUpperBound,1,1,1,1
EEnum eTypeParameters,1,1,1
EClass eSuperTypes,7,8,8,8,8,8,8,8
ETypeParameter eBounds,1,1,1,2,2,1,1,1,1,1,1,1,1,1
EClass ePackage,1,1,1,1,1,1,1,1
EOperation eParameters,1,2
EPackage eSubpackages,1,2,2,2
EGenericType eLowerBound,1,1
EClass eOperations,1,2,1,1,1
EParameter eOperation,1,1,1
EReference eType,1,1,1
EOperation eType,1,1
Node Type
EClass,EAttribute,EDataType,EParameter,EGenericType,EOperation,EEnumLiteral,EEnum,EReference,ETypeParameter,EPackage
0.08,0.04,0.12999999999999998,0.03,0.24000000000000007,0.060000000000000005,0.060000000000000005,0.060000000000000005,0.03,0.19000000000000003,0.08
Edge Type
eSuperPackage,eOperation,eUpperBound,eTypeParameter,eSubpackages,eType,eSuperTypes,eParameters,eOpposite,eKeys,eTypeArguments,eModelElement,eAnnotations,ePackage,eLowerBound,eLiterals,details,eStructuralFeatures,eClassifier,eClassifiers,eTypeParameters,eContainingClass,eBounds,eEnum,eOperations,eExceptions
0.02005730659025788,0.008595988538681949,0.011461318051575931,0.0659025787965616,0.02005730659025788,0.03151862464183381,0.18051575931232092,0.008595988538681949,0.008595988538681949,0.017191977077363897,0.0057306590257879654,0.0,0.0,0.07736389684813753,0.0057306590257879654,0.017191977077363897,0.0,0.02005730659025788,0.0659025787965616,0.07736389684813753,0.054441260744985676,0.03724928366762178,0.045845272206303724,0.017191977077363897,0.017191977077363897,0.18624641833810887
violations,8
