Meta Mode,ecore
Number of Edge types,26
Number Of Nodes,100
State Id,87_1
OutDegreeValue,0,1,2,3,4,5,6,7,8,10,12
OutDegreeCount,4,26,32,15,7,5,2,5,2,1,1
NAValue,1,2,3,4,5,6,7,8
NACount,4,15,41,20,12,5,2,1
MPCValue,0.00000,0.26531,0.36053,0.43875,0.49661,0.52000,0.58240,0.58500,0.59429,0.63556,0.65000,0.66560,0.68250,0.69333,0.69989,0.70720,0.73224,0.74880,0.75111,0.76960,0.78000,0.80653,0.80889,0.82063,0.83200,0.83692,0.84741,0.84898,0.87385,0.89143
MPCCount,4,1,1,1,1,15,5,2,1,3,2,1,1,28,1,1,2,1,1,1,14,1,3,1,3,1,1,1,1,1
Typed Out Degree
EGenericType eTypeParameter,1,1,1,1,1,1,1,1,1,1,1,1,1,1,1,1,1,1,1,1,1,1,1,1,1,1,1,1,1,1,1,1,1,1,1,1
EClass eTypeParameters,1,1,1
EPackage eSuperPackage,1,1,1,1,1
EGenericType eTypeArguments,1,1,1
EReference eKeys,2,2,2,2,2
EDataType eTypeParameters,3,2
EAttribute eContainingClass,1,1
EReference eOpposite,1,1,1,1,1
EPackage eClassifiers,1,2,5,2,2,5
EDataType ePackage,1,1,1
EAttribute eType,1,1
EEnum eLiterals,4,1,2,3,2,2,1
EClass eStructuralFeatures,4,3
EGenericType eClassifier,1,1,1,1,1,1,1,1,1,1,1,1,1,1,1,1,1,1,1,1,1,1,1,1,1,1,1,1,1,1,1,1,1,1,1,1
EEnumLiteral eEnum,1,1,1,1,1,1,1,1,1,1,1,1,1,1,1
EReference eContainingClass,1,1,1,1,1
EEnum ePackage,1,1,1,1,1,1,1,1
EGenericType eUpperBound,1,1,1,1,1,1,1
EEnum eTypeParameters,2,1,1,1,2,3,1
EClass eSuperTypes,6,6,6,6,6,6
ETypeParameter eBounds,1,1,1,1,1,2,2,1,1,2,2,1,1,1,2
EClass ePackage,1,1,1,1,1,1
EPackage eSubpackages,1,1,1,2
EGenericType eLowerBound,1,1,1,1,1,1
EReference eType,1,1,1,1,1
Node Type
EClass,EAttribute,EDataType,EGenericType,EEnumLiteral,EEnum,EReference,ETypeParameter,EPackage
0.060000000000000005,0.02,0.03,0.36000000000000015,0.15,0.08,0.05,0.19000000000000003,0.060000000000000005
Edge Type
eSuperPackage,eOperation,eUpperBound,eTypeParameter,eSubpackages,eType,eSuperTypes,eParameters,eOpposite,eKeys,eTypeArguments,eModelElement,eAnnotations,ePackage,eLowerBound,eLiterals,details,eStructuralFeatures,eClassifier,eClassifiers,eTypeParameters,eContainingClass,eBounds,eEnum,eOperations,eExceptions
0.018315018315018316,0.0,0.02564102564102564,0.13186813186813187,0.018315018315018316,0.02564102564102564,0.13186813186813187,0.0,0.018315018315018316,0.03663003663003663,0.01098901098901099,0.0,0.0,0.06227106227106227,0.02197802197802198,0.054945054945054944,0.0,0.02564102564102564,0.13186813186813187,0.06227106227106227,0.0695970695970696,0.02564102564102564,0.07326007326007326,0.054945054945054944,0.0,0.0
violations,10
