Meta Mode,ecore
Number of Edge types,26
Number Of Nodes,100
State Id,88_1
OutDegreeValue,0,1,2,3,4,5,6,7,8,9,10,11,12,13,14,20,21,22,23,24
OutDegreeCount,2,25,37,13,2,1,1,1,1,2,2,1,1,1,1,2,1,2,2,2
NAValue,1,2,3,4,5,6,7,9
NACount,2,7,55,15,12,5,2,2
MPCValue,0.00000,0.16907,0.18395,0.19240,0.31056,0.33521,0.35360,0.38028,0.38519,0.42250,0.45366,0.46694,0.51509,0.52000,0.52308,0.53327,0.53581,0.54167,0.54889,0.58240,0.60308,0.60755,0.65000,0.65538,0.66560,0.69333,0.69875,0.73412,0.74880,0.75111,0.76375,0.77037,0.77469,0.78000,0.81783,0.83200,0.86532
MPCCount,2,1,1,1,2,1,8,1,1,3,1,1,1,9,1,1,1,1,2,2,1,1,2,1,1,33,1,1,2,5,1,1,1,4,1,2,1
Typed Out Degree
EGenericType eTypeParameter,1,1,1,1,1,1,1,1,1,1,1,1,1
EPackage eSuperPackage,1,1,1,1,1,1,1,1,1,1
EGenericType eTypeArguments,1,1,1,1
EDataType eTypeParameters,1,1
EOperation eContainingClass,1,1,1,1,1,1,1,1,1,1,1
EAttribute eContainingClass,1,1,1,1,1
EReference eOpposite,1,1,1,1
EPackage eClassifiers,5,1,4,2,11,4,1,1,1
EDataType ePackage,1,1,1,1,1,1,1,1,1,1,1,1,1
EAttribute eType,1,1,1,1,1
EOperation eExceptions,20,18,21,19,20,18,20,19
EEnum eLiterals,1,3
EOperation eTypeParameters,1,1,1
EParameter eType,1,1,1,1,1,1,1,1,1,1,1,1
EClass eStructuralFeatures,1,8,3
EGenericType eClassifier,1,1,1,1,1,1,1,1,1,1
EEnumLiteral eEnum,1,1,1,1
EReference eContainingClass,1,1,1,1,1,1,1
EEnum ePackage,1,1,1,1,1
EGenericType eUpperBound,1,1,1,1
EEnum eTypeParameters,1
EClass eSuperTypes,8,8,2,8,9,7,1,8,9,8
ETypeParameter eBounds,1,1,1,2,1
EClass ePackage,1,1,1,1,1,1,1,1,1,1,1,1
EOperation eParameters,3,1,2,2,1,3
EPackage eSubpackages,3,1,1,1,2,1,1
EClass eOperations,2,1,2,1,3,2
EParameter eOperation,1,1,1,1,1,1,1,1,1,1,1,1
EReference eType,1,1,1,1,1,1
EOperation eType,1,1,1,1,1,1,1,1
Node Type
EClass,EAttribute,EDataType,EParameter,EGenericType,EOperation,EEnumLiteral,EEnum,EReference,EPackage,ETypeParameter
0.11999999999999998,0.05,0.12999999999999998,0.11999999999999998,0.13999999999999999,0.10999999999999999,0.04,0.05,0.07,0.10999999999999999,0.060000000000000005
Edge Type
eSuperPackage,eOperation,eUpperBound,eTypeParameter,eSubpackages,eType,eSuperTypes,eParameters,eOpposite,eKeys,eTypeArguments,eModelElement,eAnnotations,ePackage,eLowerBound,eLiterals,details,eStructuralFeatures,eClassifier,eClassifiers,eTypeParameters,eContainingClass,eBounds,eEnum,eOperations,eExceptions
0.02178649237472767,0.026143790849673203,0.008714596949891068,0.02832244008714597,0.02178649237472767,0.06753812636165578,0.14814814814814814,0.026143790849673203,0.008714596949891068,0.0,0.008714596949891068,0.0,0.0,0.06535947712418301,0.0,0.008714596949891068,0.0,0.026143790849673203,0.02178649237472767,0.06535947712418301,0.013071895424836602,0.05010893246187364,0.013071895424836602,0.008714596949891068,0.023965141612200435,0.33769063180827885
violations,12
