Meta Mode,ecore
Number of Edge types,26
Number Of Nodes,100
State Id,8_1
OutDegreeValue,0,1,2,3,4,5,6,7,8,9,12,13,14,15,16,20,23,24,26,27
OutDegreeCount,3,25,32,10,2,4,3,2,2,2,1,2,2,1,3,1,1,2,1,1
NAValue,1,2,3,4,5,6,7,8,9
NACount,3,8,51,17,11,4,2,2,2
MPCValue,0.00000,0.16250,0.22963,0.24960,0.26531,0.27061,0.29619,0.29952,0.33163,0.35360,0.38519,0.42250,0.46694,0.47734,0.51358,0.52000,0.56815,0.58240,0.58446,0.58919,0.60165,0.60320,0.65000,0.67041,0.68640,0.69333,0.70291,0.70980,0.72198,0.72704,0.73224,0.74469,0.75111,0.76375,0.76408,0.77784,0.78000,0.80889,0.83200
MPCCount,3,1,1,1,1,1,1,1,1,2,6,4,2,1,1,10,1,1,2,1,1,1,1,1,2,31,1,1,1,1,1,1,4,2,1,1,4,2,1
Typed Out Degree
EGenericType eTypeParameter,1,1,1,1,1,1,1,1,1,1,1
EClass eTypeParameters,1,1
EPackage eSuperPackage,1,1,1,1,1,1,1,1,1
EReference eKeys,1
EDataType eTypeParameters,1,1,1
EOperation eContainingClass,1,1,1,1,1,1,1,1,1,1,1,1
EAttribute eContainingClass,1,1,1,1,1,1,1,1
EReference eOpposite,1,1,1
EPackage eClassifiers,1,5,5,4,4,5,4,1,2,4
EDataType ePackage,1,1,1,1,1,1,1,1,1,1,1,1,1,1
EAttribute eType,1,1,1,1,1,1
EOperation eExceptions,1,21,22,5,24,4,23,8,13,22,7
EEnum eLiterals,2
EOperation eTypeParameters,1,1
EParameter eType,1,1,1
EClass eStructuralFeatures,5,2,3,2,2,2,1
EGenericType eClassifier,1,1,1,1,1,1,1,1,1,1,1
EEnumLiteral eEnum,1,1
EReference eContainingClass,1,1,1,1,1,1,1,1,1
EEnum ePackage,1,1,1,1,1,1,1
EEnum eTypeParameters,1,1,1
EClass eSuperTypes,10,4,1,11,9,13,10,10,1,1,11,6,11,12
ETypeParameter eBounds,1,1,1,1,1,1,2
EClass ePackage,1,1,1,1,1,1,1,1,1,1,1,1,1,1
EOperation eParameters,1,1,1
EPackage eSubpackages,1,2,1,3,1,1
EGenericType eLowerBound,1,1,1
EClass eOperations,3,1,2,1,3,2
EParameter eOperation,1,1,1
EReference eType,1,1,1,1,1,1,1,1,1
EOperation eType,1,1,1,1,1
Node Type
EAttribute,EClass,EDataType,EParameter,EGenericType,EOperation,EEnumLiteral,EEnum,EReference,ETypeParameter,EPackage
0.08,0.13999999999999999,0.13999999999999999,0.03,0.10999999999999999,0.11999999999999998,0.02,0.07,0.09,0.09999999999999999,0.09999999999999999
Edge Type
eSuperPackage,eOperation,eUpperBound,eTypeParameter,eSubpackages,eType,eSuperTypes,eParameters,eOpposite,eKeys,eTypeArguments,eModelElement,eAnnotations,ePackage,eLowerBound,eLiterals,details,eStructuralFeatures,eClassifier,eClassifiers,eTypeParameters,eContainingClass,eBounds,eEnum,eOperations,eExceptions
0.018518518518518517,0.006172839506172839,0.0,0.02263374485596708,0.018518518518518517,0.047325102880658436,0.22633744855967078,0.006172839506172839,0.006172839506172839,0.00205761316872428,0.0,0.0,0.0,0.0720164609053498,0.006172839506172839,0.00411522633744856,0.0,0.03497942386831276,0.02263374485596708,0.0720164609053498,0.0205761316872428,0.059670781893004114,0.01646090534979424,0.00411522633744856,0.024691358024691357,0.30864197530864196
violations,16
