Meta Mode,ecore
Number of Edge types,26
Number Of Nodes,100
State Id,90_1
OutDegreeValue,0,1,2,3,4,5,6,8,9,10,11,14,18,27
OutDegreeCount,3,27,37,8,9,2,1,1,1,2,5,1,1,2
NAValue,1,2,3,4,5,6,8,10
NACount,3,8,51,17,10,8,2,1
MPCValue,0.00000,0.19240,0.34902,0.38926,0.41600,0.44056,0.45611,0.46694,0.52000,0.55250,0.58240,0.60595,0.65000,0.65582,0.67484,0.69333,0.71500,0.74880,0.75111,0.76375,0.76960,0.78000,0.79708,0.80653,0.80793,0.80889,0.81250,0.83200,0.84741,0.86785
MPCCount,3,1,1,1,2,3,1,2,8,1,2,1,11,1,1,34,1,1,2,1,1,10,1,1,1,1,1,4,1,1
Typed Out Degree
EGenericType eTypeParameter,1,1,1,1,1,1,1,1,1,1,1,1,1,1,1,1,1,1,1,1,1,1,1,1,1,1,1,1
EClass eTypeParameters,5
EPackage eSuperPackage,1,1,1,1,1,1,1,1,1
EGenericType eTypeArguments,2,1,1,1
EReference eKeys,1
EDataType eTypeParameters,1,1,1,3
EOperation eContainingClass,1,1,1
EAttribute eContainingClass,1,1,1,1
EPackage eClassifiers,1,3,1,3,2,1,3,2,10,2
EDataType ePackage,1,1,1,1,1,1,1,1,1,1,1,1
EAttribute eType,1,1,1,1
EOperation eExceptions,23,23
EEnum eLiterals,2,4
EParameter eType,1,1,1,1
EClass eStructuralFeatures,1,2,1,1,1,2
EGenericType eClassifier,1,1,1,1,1,1,1,1,1,1,1,1,1,1,1,1,1,1,1,1,1,1,1,1,1,1,1,1
EEnumLiteral eEnum,1,1,1,1,1,1
EReference eContainingClass,1,1,1,1
EEnum ePackage,1,1,1,1,1,1
EGenericType eUpperBound,1,1,1,1,1,1,1
EEnum eTypeParameters,1,1
EClass eSuperTypes,9,9,9,9,9,9,9,9,8
ETypeParameter eBounds,1,1,1,1,1,1,2,1,1,1
EClass ePackage,1,1,1,1,1,1,1,1,1,1
EOperation eParameters,2,2
EPackage eSubpackages,1,1,4,1,1,1
EGenericType eLowerBound,1,1,1,1,1
EClass eOperations,2,1
EParameter eOperation,1,1,1,1
EReference eType,1,1,1,1
EOperation eType,1,1,1
Node Type
EClass,EAttribute,EDataType,EParameter,EGenericType,EEnumLiteral,EOperation,EEnum,EReference,ETypeParameter,EPackage
0.09999999999999999,0.04,0.11999999999999998,0.04,0.2800000000000001,0.060000000000000005,0.03,0.060000000000000005,0.04,0.12999999999999998,0.09999999999999999
Edge Type
eSuperPackage,eOperation,eUpperBound,eTypeParameter,eSubpackages,eType,eSuperTypes,eParameters,eOpposite,eKeys,eTypeArguments,eModelElement,eAnnotations,ePackage,eLowerBound,eLiterals,details,eStructuralFeatures,eClassifier,eClassifiers,eTypeParameters,eContainingClass,eBounds,eEnum,eOperations,eExceptions
0.02535211267605634,0.011267605633802818,0.01971830985915493,0.07887323943661972,0.02535211267605634,0.04225352112676056,0.22535211267605634,0.011267605633802818,0.0,0.0028169014084507044,0.014084507042253521,0.0,0.0,0.07887323943661972,0.014084507042253521,0.016901408450704224,0.0,0.022535211267605635,0.07887323943661972,0.07887323943661972,0.036619718309859155,0.030985915492957747,0.030985915492957747,0.016901408450704224,0.008450704225352112,0.1295774647887324
violations,9
