Meta Mode,ecore
Number of Edge types,26
Number Of Nodes,100
State Id,91_1
OutDegreeValue,0,1,2,3,4,5,6,7,8,9,11,13
OutDegreeCount,2,17,41,13,14,2,1,3,3,1,1,2
NAValue,1,2,3,4,5,6,7,8
NACount,1,9,54,15,13,4,2,2
MPCValue,0.00000,0.23563,0.32661,0.38519,0.39802,0.42250,0.46694,0.47840,0.52000,0.57587,0.58240,0.58500,0.64735,0.65000,0.66444,0.67041,0.68477,0.69333,0.70760,0.73667,0.74880,0.75111,0.76408,0.77183,0.77469,0.78000,0.80889,0.81250,0.82776,0.83200,0.84741,0.84898
MPCCount,1,2,1,1,1,1,1,1,9,1,4,1,1,7,1,1,1,37,1,1,4,1,2,1,1,5,4,1,1,4,1,1
Typed Out Degree
EGenericType eTypeParameter,1,1,1,1,1,1,1,1,1,1,1,1,1,1,1,1,1,1,1,1,1,1,1,1,1,1,1,1,1,1,1,1,1,1,1,1,1,1,1,1,1,1,1,1,1,1,1
EClass eTypeParameters,1,1,1
EPackage eSuperPackage,1,1,1
EGenericType eTypeArguments,1,1,1,2,2,3,1,1,1,1,1
EReference eKeys,1,1,1,1,1
EDataType eTypeParameters,2,1
EAttribute eContainingClass,1,1,1,1
EReference eOpposite,1,1,1,1,1,1
EPackage eClassifiers,6,4,2,5
EDataType ePackage,1,1
EAttribute eType,1,1,1,1
EEnum eLiterals,2,2,1,1,1
EClass eStructuralFeatures,5,2,4
EGenericType eClassifier,1,1,1,1,1,1,1,1,1,1,1,1,1,1,1,1,1,1,1,1,1,1,1,1,1,1,1,1,1,1,1,1,1,1,1,1,1,1,1,1,1,1,1,1,1,1,1
EEnumLiteral eEnum,1,1,1,1,1,1,1
EReference eContainingClass,1,1,1,1,1,1,1
EEnum ePackage,1,1,1,1,1,1,1,1
EGenericType eUpperBound,1,1,1,1,1,1,1,1,1
EEnum eTypeParameters,1,1,2,1,1
EClass eSuperTypes,7,7,7,7,7,7,7
ETypeParameter eBounds,1,1,1,1,1,1,1,1,2,1
EClass ePackage,1,1,1,1,1,1,1
EPackage eSubpackages,3
EGenericType eLowerBound,1,1,1,1,1,1,1,1,1,1,1,1,1,1
EReference eType,1,1,1,1,1,1
Node Type
EClass,EAttribute,EDataType,EGenericType,EEnumLiteral,EEnum,EReference,ETypeParameter,EPackage
0.07,0.04,0.02,0.49000000000000027,0.07,0.08,0.07,0.11999999999999998,0.04
Edge Type
eSuperPackage,eOperation,eUpperBound,eTypeParameter,eSubpackages,eType,eSuperTypes,eParameters,eOpposite,eKeys,eTypeArguments,eModelElement,eAnnotations,ePackage,eLowerBound,eLiterals,details,eStructuralFeatures,eClassifier,eClassifiers,eTypeParameters,eContainingClass,eBounds,eEnum,eOperations,eExceptions
0.009966777408637873,0.0,0.029900332225913623,0.15614617940199335,0.009966777408637873,0.03322259136212625,0.16279069767441862,0.0,0.019933554817275746,0.016611295681063124,0.04983388704318937,0.0,0.0,0.05647840531561462,0.046511627906976744,0.023255813953488372,0.0,0.036544850498338874,0.15614617940199335,0.05647840531561462,0.03986710963455149,0.036544850498338874,0.036544850498338874,0.023255813953488372,0.0,0.0
violations,10
