Meta Mode,ecore
Number of Edge types,26
Number Of Nodes,100
State Id,92_1
OutDegreeValue,0,1,2,3,4,5,6,7,9,10,12,15,16
OutDegreeCount,2,14,45,15,10,1,4,4,1,1,1,1,1
NAValue,1,2,3,4,5,6,7,8
NACount,1,6,57,14,13,5,1,3
MPCValue,0.00000,0.28308,0.30333,0.34125,0.38519,0.41744,0.41889,0.48816,0.52000,0.55250,0.57578,0.58240,0.63673,0.65000,0.65812,0.66444,0.66765,0.69333,0.74347,0.74880,0.75111,0.78000,0.78649,0.80653,0.80889,0.83200,0.83750,0.84099
MPCCount,1,1,1,1,2,1,1,1,8,1,2,3,1,7,2,1,1,39,1,2,2,8,1,1,1,8,1,1
Typed Out Degree
EGenericType eTypeParameter,1,1,1,1,1,1,1,1,1,1,1,1,1,1,1,1,1,1,1,1,1,1,1,1,1,1,1,1,1,1,1,1,1,1,1,1,1,1,1,1,1,1,1,1,1,1,1,1,1,1,1,1
EPackage eSuperPackage,1,1,1
EGenericType eTypeArguments,1,1,1,2,1,1,1,2,1,1,1,1
EDataType eTypeParameters,1,1,2
EOperation eContainingClass,1,1,1
EAttribute eContainingClass,1,1,1
EPackage eClassifiers,5,2,6,1
EDataType ePackage,1,1,1
EAttribute eType,1,1,1
EOperation eExceptions,13,13,10
EEnum eLiterals,1,3,1
EOperation eTypeParameters,1
EParameter eType,1
EClass eStructuralFeatures,1,1,1
EGenericType eClassifier,1,1,1,1,1,1,1,1,1,1,1,1,1,1,1,1,1,1,1,1,1,1,1,1,1,1,1,1,1,1,1,1,1,1,1,1,1,1,1,1,1,1,1,1,1,1,1,1,1,1,1,1,1,1,1
EEnumLiteral eEnum,1,1,1,1,1
EEnum ePackage,1,1,1,1,1
EGenericType eUpperBound,1,1,1,1,1,1,1,1,1,1,1,1,1,1,1,1,1,1,1
EEnum eTypeParameters,2,3
EClass eSuperTypes,6,5,5,5,5,5
ETypeParameter eBounds,1,2,1,1,1,1,1,1,2
EClass ePackage,1,1,1,1,1,1
EOperation eParameters,1
EPackage eSubpackages,1,2
EGenericType eLowerBound,1,1,1,1,1,1,1,1,1,1,1,1,1,1,1,1
EClass eOperations,2,1
EParameter eOperation,1
EOperation eType,1,1
Node Type
EClass,EAttribute,EDataType,EParameter,EGenericType,EOperation,EEnumLiteral,EEnum,ETypeParameter,EPackage
0.060000000000000005,0.03,0.03,0.01,0.6000000000000003,0.03,0.05,0.05,0.09999999999999999,0.04
Edge Type
eSuperPackage,eOperation,eUpperBound,eTypeParameter,eSubpackages,eType,eSuperTypes,eParameters,eOpposite,eKeys,eTypeArguments,eModelElement,eAnnotations,ePackage,eLowerBound,eLiterals,details,eStructuralFeatures,eClassifier,eClassifiers,eTypeParameters,eContainingClass,eBounds,eEnum,eOperations,eExceptions
0.00974025974025974,0.003246753246753247,0.06168831168831169,0.16883116883116883,0.00974025974025974,0.01948051948051948,0.10064935064935066,0.003246753246753247,0.0,0.0,0.045454545454545456,0.0,0.0,0.045454545454545456,0.05194805194805195,0.016233766233766232,0.0,0.00974025974025974,0.17857142857142858,0.045454545454545456,0.032467532467532464,0.01948051948051948,0.03571428571428571,0.016233766233766232,0.00974025974025974,0.11688311688311688
violations,6
