Meta Mode,ecore
Number of Edge types,26
Number Of Nodes,100
State Id,93_1
OutDegreeValue,0,1,2,3,4,5,9,11,12,15,18,19,20,21,24
OutDegreeCount,1,18,46,16,5,3,2,1,1,1,1,1,2,1,1
NAValue,2,3,4,5,6,7,9,10
NACount,9,55,14,14,5,1,1,1
MPCValue,0.20166,0.23563,0.28080,0.34902,0.35360,0.37143,0.38519,0.39000,0.40826,0.49833,0.52000,0.55250,0.58240,0.58446,0.59429,0.60595,0.62272,0.64480,0.65000,0.66462,0.66560,0.67692,0.69333,0.70778,0.71760,0.73224,0.74880,0.75111,0.76375,0.77653,0.78000,0.80889,0.83200,0.88359,0.88645
MPCCount,1,1,1,1,1,1,2,1,1,1,8,1,1,2,1,1,1,1,6,2,1,3,40,1,1,1,3,1,1,1,7,1,2,1,1
Typed Out Degree
EGenericType eTypeParameter,1,1,1,1,1,1,1,1,1,1,1,1,1,1,1,1,1,1,1,1,1,1,1,1,1,1,1,1,1,1,1,1,1,1,1,1,1,1,1,1,1
EClass eTypeParameters,1
EPackage eSuperPackage,1
EGenericType eTypeArguments,2,1,1,1,1,1,1,1,1,2
EDataType eTypeParameters,1,1,2,2
EOperation eContainingClass,1,1,1,1,1,1,1
EAttribute eContainingClass,1,1,1,1,1
EPackage eClassifiers,8,10
EDataType ePackage,1,1,1,1,1
EAttribute eType,1,1,1,1,1
EOperation eExceptions,17,14,17,17,17,17,17
EEnum eLiterals,1,2,2,1,2
EOperation eTypeParameters,1
EParameter eType,1,1,1,1,1,1,1,1
EClass eStructuralFeatures,4,1,1
EGenericType eClassifier,1,1,1,1,1,1,1,1,1,1,1,1,1,1,1,1,1,1,1,1,1,1,1,1,1,1,1,1,1,1,1,1,1,1,1,1,1,1,1
EEnumLiteral eEnum,1,1,1,1,1,1,1,1
EReference eContainingClass,1
EEnum ePackage,1,1,1,1,1,1,1,1,1
EGenericType eUpperBound,1,1,1,1,1,1,1
EEnum eTypeParameters,2
EClass eSuperTypes,3,3,3
ETypeParameter eBounds,1,2,1,2,1,1,1,2,2
EClass ePackage,1,1,1,1
EOperation eParameters,2,1,5
EPackage eSubpackages,1
EGenericType eLowerBound,1,1,1,1,1,1,1,1,1
EClass eOperations,4,3
EParameter eOperation,1,1,1,1,1,1,1,1
EReference eType,1
EOperation eType,1,1,1,1,1
Node Type
EClass,EAttribute,EDataType,EParameter,EGenericType,EOperation,EEnumLiteral,EEnum,EReference,ETypeParameter,EPackage
0.04,0.05,0.05,0.08,0.4100000000000002,0.07,0.08,0.09,0.01,0.09999999999999999,0.02
Edge Type
eSuperPackage,eOperation,eUpperBound,eTypeParameter,eSubpackages,eType,eSuperTypes,eParameters,eOpposite,eKeys,eTypeArguments,eModelElement,eAnnotations,ePackage,eLowerBound,eLiterals,details,eStructuralFeatures,eClassifier,eClassifiers,eTypeParameters,eContainingClass,eBounds,eEnum,eOperations,eExceptions
0.0026954177897574125,0.0215633423180593,0.018867924528301886,0.1105121293800539,0.0026954177897574125,0.05121293800539083,0.02425876010781671,0.0215633423180593,0.0,0.0,0.03234501347708895,0.0,0.0,0.04851752021563342,0.02425876010781671,0.0215633423180593,0.0,0.016172506738544475,0.10512129380053908,0.04851752021563342,0.026954177897574125,0.03504043126684636,0.03504043126684636,0.0215633423180593,0.018867924528301886,0.31266846361185985
violations,3
