Meta Mode,ecore
Number of Edge types,26
Number Of Nodes,100
State Id,94_1
OutDegreeValue,0,1,2,3,4,6,7,8,9,10,11,12,16,18,26,27,29,30
OutDegreeCount,5,23,46,1,5,3,2,1,2,1,3,1,1,1,1,1,1,2
NAValue,1,2,3,4,5,6,7,8,9,10
NACount,5,8,48,14,13,5,2,3,1,1
MPCValue,0.00000,0.21399,0.39406,0.41600,0.46694,0.50201,0.52000,0.52127,0.52722,0.58240,0.58500,0.63056,0.63375,0.63673,0.64735,0.65000,0.66444,0.66560,0.66765,0.67520,0.69333,0.70720,0.71500,0.72198,0.72628,0.72800,0.74469,0.74681,0.76308,0.77037,0.78000,0.81760,0.83200,0.83688
MPCCount,5,1,1,1,6,1,8,1,1,2,2,2,1,3,1,2,1,1,2,1,38,1,4,1,1,1,1,1,2,1,3,1,1,1
Typed Out Degree
EGenericType eTypeParameter,1,1,1,1,1,1,1,1,1,1,1,1,1,1
EClass eTypeParameters,2,1
EPackage eSuperPackage,1,1,1,1
EGenericType eTypeArguments,1,1,1,1,1
EReference eKeys,3,4,4,4
EDataType eTypeParameters,1,3,1,1
EOperation eContainingClass,1,1,1,1,1,1,1,1,1
EAttribute eContainingClass,1,1,1,1,1,1
EReference eOpposite,1,1,1,1
EPackage eClassifiers,8,5,3,7,2
EDataType ePackage,1,1,1,1,1,1,1,1,1
EAttribute eType,1,1,1,1,1,1
EOperation eExceptions,25,24,23,24,24
EEnum eLiterals,3,1,1,1
EOperation eTypeParameters,1
EParameter eType,1,1,1,1,1,1,1,1,1,1,1
EClass eStructuralFeatures,5,2,2,1,1,1
EGenericType eClassifier,1,1,1,1,1,1,1,1,1,1,1,1,1,1
EEnumLiteral eEnum,1,1,1,1,1,1
EReference eContainingClass,1,1,1,1,1,1
EEnum ePackage,1,1,1,1,1,1,1,1
EGenericType eUpperBound,1,1,1,1
EClass eSuperTypes,8,8,8,8,8,8,8,8
ETypeParameter eBounds,2,1,1,1,1,1,1
EClass ePackage,1,1,1,1,1,1,1,1
EOperation eParameters,2,2,3,1,4
EPackage eSubpackages,2,1,1
EGenericType eLowerBound,1,1,1,1
EClass eOperations,4,3,2
EParameter eOperation,1,1,1,1,1,1,1,1,1,1,1,1
EReference eType,1,1,1,1,1
EOperation eType,1,1,1,1,1,1,1
Node Type
EClass,EAttribute,EDataType,EParameter,EGenericType,EEnumLiteral,EOperation,EEnum,EReference,ETypeParameter,EPackage
0.08,0.060000000000000005,0.09,0.11999999999999998,0.21000000000000005,0.060000000000000005,0.09,0.08,0.060000000000000005,0.09999999999999999,0.05
Edge Type
eSuperPackage,eOperation,eUpperBound,eTypeParameter,eSubpackages,eType,eSuperTypes,eParameters,eOpposite,eKeys,eTypeArguments,eModelElement,eAnnotations,ePackage,eLowerBound,eLiterals,details,eStructuralFeatures,eClassifier,eClassifiers,eTypeParameters,eContainingClass,eBounds,eEnum,eOperations,eExceptions
0.00936768149882904,0.02810304449648712,0.00936768149882904,0.03278688524590164,0.00936768149882904,0.06791569086651054,0.14988290398126464,0.02810304449648712,0.00936768149882904,0.0351288056206089,0.0117096018735363,0.0,0.0,0.0585480093676815,0.00936768149882904,0.01405152224824356,0.0,0.02810304449648712,0.03278688524590164,0.0585480093676815,0.0234192037470726,0.04918032786885246,0.01873536299765808,0.01405152224824356,0.02107728337236534,0.2810304449648712
violations,11
