Meta Mode,ecore
Number of Edge types,26
Number Of Nodes,100
State Id,95_1
OutDegreeValue,0,1,2,3,4,5,6,7,8,9,10,11,13,14,15,17
OutDegreeCount,3,24,36,11,6,4,1,2,3,1,1,2,1,1,2,2
NAValue,1,2,3,4,5,6,7,8,9
NACount,3,8,51,17,11,5,2,2,1
MPCValue,0.00000,0.22311,0.23563,0.24960,0.39802,0.42250,0.46094,0.46694,0.51570,0.52000,0.55834,0.58240,0.59429,0.65000,0.66444,0.69063,0.69333,0.70760,0.72628,0.74880,0.75111,0.76308,0.77037,0.77355,0.77469,0.78000,0.78310,0.79295,0.80653,0.80793,0.82815,0.83200,0.88155
MPCCount,3,2,2,1,1,1,1,3,1,11,1,1,1,3,1,1,34,1,1,3,2,1,1,1,1,10,1,1,1,1,1,5,1
Typed Out Degree
EGenericType eTypeParameter,1,1,1,1,1,1,1,1,1,1,1,1,1,1,1,1,1,1,1,1,1,1,1,1,1,1,1,1,1,1,1,1,1,1,1,1,1
EClass eTypeParameters,3,1
EPackage eSuperPackage,1,1,1,1,1
EGenericType eTypeArguments,1,2,1,1,1,1,1,1,1
EReference eKeys,2,2
EDataType eTypeParameters,1
EOperation eContainingClass,1,1,1,1
EAttribute eContainingClass,1,1,1
EReference eOpposite,1,1,1
EPackage eClassifiers,8,4,1,1,5,2
EDataType ePackage,1,1,1,1
EAttribute eType,1,1,1
EOperation eExceptions,14,14,14,14
EEnum eLiterals,2,3,2
EOperation eTypeParameters,1
EParameter eType,1
EClass eStructuralFeatures,2,5
EGenericType eClassifier,1,1,1,1,1,1,1,1,1,1,1,1,1,1,1,1,1,1,1,1,1,1,1,1,1,1,1,1,1,1,1,1,1,1,1,1,1,1
EEnumLiteral eEnum,1,1,1,1,1,1,1
EReference eContainingClass,1,1,1,1
EEnum ePackage,1,1,1,1,1,1,1
EGenericType eUpperBound,1,1,1,1,1,1,1,1,1,1,1,1
EEnum eTypeParameters,2,1,3,2
EClass eSuperTypes,7,7,7,7,7,7,8,8
ETypeParameter eBounds,1,1,1,1,1,1,1,1,2,1,1
EClass ePackage,1,1,1,1,1,1,1,1,1,1
EOperation eParameters,1
EPackage eSubpackages,2,3
EGenericType eLowerBound,1,1,1,1,1,1
EClass eOperations,3,1
EParameter eOperation,1
EReference eType,1,1,1
EOperation eType,1,1
Node Type
EClass,EAttribute,EDataType,EParameter,EGenericType,EOperation,EEnumLiteral,EEnum,EReference,ETypeParameter,EPackage
0.09999999999999999,0.03,0.04,0.01,0.4000000000000002,0.04,0.07,0.07,0.04,0.13999999999999999,0.060000000000000005
Edge Type
eSuperPackage,eOperation,eUpperBound,eTypeParameter,eSubpackages,eType,eSuperTypes,eParameters,eOpposite,eKeys,eTypeArguments,eModelElement,eAnnotations,ePackage,eLowerBound,eLiterals,details,eStructuralFeatures,eClassifier,eClassifiers,eTypeParameters,eContainingClass,eBounds,eEnum,eOperations,eExceptions
0.014326647564469915,0.0028653295128939827,0.034383954154727794,0.10601719197707736,0.014326647564469915,0.025787965616045846,0.166189111747851,0.0028653295128939827,0.008595988538681949,0.011461318051575931,0.02865329512893983,0.0,0.0,0.06017191977077364,0.017191977077363897,0.02005730659025788,0.0,0.02005730659025788,0.10888252148997135,0.06017191977077364,0.04011461318051576,0.03151862464183381,0.034383954154727794,0.02005730659025788,0.011461318051575931,0.16045845272206305
violations,9
