Meta Mode,ecore
Number of Edge types,26
Number Of Nodes,100
State Id,96_1
OutDegreeValue,0,1,2,3,4,5,6,7,8,9,10,19,25
OutDegreeCount,4,20,41,17,5,2,2,2,3,1,1,1,1
NAValue,1,2,3,4,5,6,7,8,9
NACount,4,9,47,21,9,5,2,2,1
MPCValue,0.00000,0.28080,0.46694,0.48000,0.51358,0.52000,0.54542,0.58240,0.65000,0.66444,0.67407,0.68049,0.68691,0.69333,0.71240,0.71500,0.75111,0.76375,0.76960,0.78000,0.80653,0.80746,0.80889,0.81250,0.83200,0.84898,0.87750
MPCCount,4,1,3,1,1,9,1,2,6,1,1,1,1,35,1,1,2,1,1,14,1,1,3,1,4,2,1
Typed Out Degree
EGenericType eTypeParameter,1,1,1,1,1,1,1,1,1,1,1,1,1,1,1,1,1,1,1,1,1,1,1,1,1,1,1,1,1,1,1,1,1,1,1
EPackage eSuperPackage,1,1,1,1,1,1,1
EGenericType eTypeArguments,1,1,1,1,1,1
EDataType eTypeParameters,1,1,1,2
EOperation eContainingClass,1,1
EAttribute eContainingClass,1,1,1,1,1,1
EReference eOpposite,1
EPackage eClassifiers,2,1,5,4,3,1,5,3
EDataType ePackage,1,1,1,1,1,1,1,1,1
EAttribute eType,1,1,1,1,1,1
EOperation eExceptions,19,17
EEnum eLiterals,1,2,2,1,1
EParameter eType,1,1,1,1
EClass eStructuralFeatures,1,2,1,1,4
EGenericType eClassifier,1,1,1,1,1,1,1,1,1,1,1,1,1,1,1,1,1,1,1,1,1,1,1,1,1,1,1,1,1,1,1,1,1
EEnumLiteral eEnum,1,1,1,1,1,1,1
EReference eContainingClass,1,1,1
EEnum ePackage,1,1,1,1,1,1,1,1,1
EGenericType eUpperBound,1,1,1,1,1,1,1,1,1,1,1
EEnum eTypeParameters,3,1,1,1
EClass eSuperTypes,5,5,5,5,5
ETypeParameter eBounds,2,1,1,1,3,1,1
EClass ePackage,1,1,1,1,1,1
EOperation eParameters,4
EPackage eSubpackages,3,3,1
EGenericType eLowerBound,1,1,1,1,1,1,1,1
EClass eOperations,2
EParameter eOperation,1,1,1,1
EReference eType,1,1
EOperation eType,1,1
Node Type
EAttribute,EClass,EDataType,EParameter,EGenericType,EOperation,EEnumLiteral,EEnum,EReference,EPackage,ETypeParameter
0.060000000000000005,0.060000000000000005,0.09,0.04,0.35000000000000014,0.02,0.07,0.09,0.03,0.08,0.10999999999999999
Edge Type
eSuperPackage,eOperation,eUpperBound,eTypeParameter,eSubpackages,eType,eSuperTypes,eParameters,eOpposite,eKeys,eTypeArguments,eModelElement,eAnnotations,ePackage,eLowerBound,eLiterals,details,eStructuralFeatures,eClassifier,eClassifiers,eTypeParameters,eContainingClass,eBounds,eEnum,eOperations,eExceptions
0.02364864864864865,0.013513513513513514,0.037162162162162164,0.11824324324324324,0.02364864864864865,0.0472972972972973,0.08445945945945946,0.013513513513513514,0.0033783783783783786,0.0,0.02027027027027027,0.0,0.0,0.08108108108108109,0.02702702702702703,0.02364864864864865,0.0,0.030405405405405407,0.11148648648648649,0.08108108108108109,0.037162162162162164,0.037162162162162164,0.033783783783783786,0.02364864864864865,0.006756756756756757,0.12162162162162163
violations,5
