Meta Mode,ecore
Number of Edge types,26
Number Of Nodes,100
State Id,97_1
OutDegreeValue,0,1,2,3,4,5,6,7,9,11,12,13,14,17
OutDegreeCount,9,20,36,13,1,1,1,2,5,1,5,3,2,1
NAValue,1,2,3,4,5,6,7
NACount,8,12,34,31,10,4,1
MPCValue,0.00000,0.16250,0.17620,0.22963,0.28923,0.29952,0.35385,0.38735,0.46684,0.52000,0.58240,0.58410,0.58500,0.62400,0.63556,0.65000,0.66444,0.68640,0.69333,0.70154,0.73224,0.74880,0.75111,0.77846,0.78000,0.80889,0.83200
MPCCount,8,3,1,1,1,1,1,1,1,12,1,1,6,3,1,6,1,1,24,1,2,3,6,1,9,1,3
Typed Out Degree
EGenericType eTypeParameter,1,1,1,1,1,1,1,1,1,1,1,1,1,1,1,1
EClass eTypeParameters,1
EPackage eSuperPackage,1,1,1,1,1,1,1,1,1,1
EGenericType eTypeArguments,1,1
EReference eKeys,6,6,6,6,6
EDataType eTypeParameters,2,1,1,1,1,2,1,1,1,1,1,1,1
EAttribute eContainingClass,1,1,1,1,1,1
EReference eOpposite,1,1,1,1,1
EPackage eClassifiers,1,1,4,7,1,5,2,5,5,2,1
EDataType ePackage,1,1,1,1,1,1,1,1,1,1,1,1,1,1,1
EAttribute eType,1,1,1,1,1,1
EEnum eLiterals,2,2,1,2,1,1
EClass eStructuralFeatures,1,1,5,1,1,2
EGenericType eClassifier,1,1,1,1,1,1,1,1,1,1,1,1,1,1,1,1
EEnumLiteral eEnum,1,1,1,1,1,1,1,1,1
EReference eContainingClass,1,1,1,1,1
EEnum ePackage,1,1,1,1,1,1,1,1
EGenericType eUpperBound,1
EEnum eTypeParameters,2,1
EClass eSuperTypes,10,11,11,11,11,11,11,11,11,11,10
ETypeParameter eBounds,1,1,1,2,1,1,1,1,1,2
EClass ePackage,1,1,1,1,1,1,1,1,1,1,1
EPackage eSubpackages,1,1,5,1,1,1
EGenericType eLowerBound,1
EReference eType,1,1,1,1,1
Node Type
EAttribute,EClass,EDataType,EGenericType,EEnumLiteral,EEnum,EReference,EPackage,ETypeParameter
0.060000000000000005,0.10999999999999999,0.15,0.16,0.09,0.08,0.05,0.10999999999999999,0.19000000000000003
Edge Type
eSuperPackage,eOperation,eUpperBound,eTypeParameter,eSubpackages,eType,eSuperTypes,eParameters,eOpposite,eKeys,eTypeArguments,eModelElement,eAnnotations,ePackage,eLowerBound,eLiterals,details,eStructuralFeatures,eClassifier,eClassifiers,eTypeParameters,eContainingClass,eBounds,eEnum,eOperations,eExceptions
0.027777777777777776,0.0,0.002777777777777778,0.044444444444444446,0.027777777777777776,0.030555555555555555,0.33055555555555555,0.0,0.013888888888888888,0.08333333333333333,0.005555555555555556,0.0,0.0,0.09444444444444444,0.002777777777777778,0.025,0.0,0.030555555555555555,0.044444444444444446,0.09444444444444444,0.05277777777777778,0.030555555555555555,0.03333333333333333,0.025,0.0,0.0
violations,14
