Meta Mode,ecore
Number of Edge types,26
Number Of Nodes,100
State Id,98_1
OutDegreeValue,0,1,2,3,4,5,6,7,8,9,10,11,12,14,15,21,23
OutDegreeCount,4,21,33,18,6,1,1,2,1,1,1,4,2,1,1,2,1
NAValue,1,2,3,4,5,6,7,8,9,10
NACount,4,10,46,22,8,4,2,2,1,1
MPCValue,0.00000,0.17620,0.19240,0.25785,0.39537,0.40615,0.41933,0.46694,0.46769,0.52000,0.52531,0.55250,0.58240,0.61750,0.65000,0.67239,0.69333,0.71500,0.72198,0.73081,0.73224,0.74880,0.76408,0.78000,0.79605,0.80889,0.81120,0.83200,0.84231,0.84923,0.86667,0.88526
MPCCount,4,2,1,2,1,1,1,1,1,11,1,2,4,1,8,1,27,1,1,1,2,5,1,12,1,1,1,1,1,1,1,1
Typed Out Degree
EGenericType eTypeParameter,1,1,1,1,1,1,1,1,1,1,1,1,1,1,1,1,1,1,1,1,1,1,1,1,1,1,1,1,1,1,1,1,1,1,1
EClass eTypeParameters,1,1,2
EPackage eSuperPackage,1,1,1,1,1,1
EGenericType eTypeArguments,1,1,1,1,1,2,2
EDataType eTypeParameters,1,1,1,2,2
EOperation eContainingClass,1,1,1
EAttribute eContainingClass,1,1
EReference eOpposite,1
EPackage eClassifiers,2,5,1,5,6,2,1
EDataType ePackage,1,1,1,1,1,1
EAttribute eType,1,1
EOperation eExceptions,19,19,19
EEnum eLiterals,2,1,3,1,3
EParameter eType,1,1
EClass eStructuralFeatures,2,2
EGenericType eClassifier,1,1,1,1,1,1,1,1,1,1,1,1,1,1,1,1,1,1,1,1,1,1,1,1,1,1,1,1,1,1,1,1,1,1,1,1
EEnumLiteral eEnum,1,1,1,1,1,1,1,1,1,1
EReference eContainingClass,1,1
EEnum ePackage,1,1,1,1,1,1
EGenericType eUpperBound,1,1,1,1,1
EEnum eTypeParameters,2,1,1
EClass eSuperTypes,10,10,10,8,10,9,10,9,10,9
ETypeParameter eBounds,1,2,1,1,3,1,2,1,1,1,1,1
EClass ePackage,1,1,1,1,1,1,1,1,1,1
EOperation eParameters,2
EPackage eSubpackages,1,1,1,2,1
EGenericType eLowerBound,1,1,1,1,1,1,1
EClass eOperations,1,1,1
EParameter eOperation,1,1
EReference eType,1,1
EOperation eType,1,1,1
Node Type
EClass,EAttribute,EDataType,EParameter,EGenericType,EEnumLiteral,EOperation,EEnum,EReference,ETypeParameter,EPackage
0.09999999999999999,0.02,0.060000000000000005,0.02,0.37000000000000016,0.09999999999999999,0.03,0.060000000000000005,0.02,0.15,0.07
Edge Type
eSuperPackage,eOperation,eUpperBound,eTypeParameter,eSubpackages,eType,eSuperTypes,eParameters,eOpposite,eKeys,eTypeArguments,eModelElement,eAnnotations,ePackage,eLowerBound,eLiterals,details,eStructuralFeatures,eClassifier,eClassifiers,eTypeParameters,eContainingClass,eBounds,eEnum,eOperations,eExceptions
0.0158311345646438,0.005277044854881266,0.013192612137203167,0.09234828496042216,0.0158311345646438,0.023746701846965697,0.25065963060686014,0.005277044854881266,0.002638522427440633,0.0,0.023746701846965697,0.0,0.0,0.05804749340369393,0.018469656992084433,0.026385224274406333,0.0,0.010554089709762533,0.09498680738786279,0.05804749340369393,0.0395778364116095,0.018469656992084433,0.04221635883905013,0.026385224274406333,0.0079155672823219,0.1503957783641161
violations,10
