Meta Mode,ecore
Number of Edge types,26
Number Of Nodes,100
State Id,99_1
OutDegreeValue,0,1,2,3,4,5,6,7,8,10,11
OutDegreeCount,2,17,42,16,9,5,2,1,1,2,3
NAValue,1,2,3,4,5,6,7,8,9,10
NACount,1,9,54,15,13,4,1,1,1,1
MPCValue,0.00000,0.27560,0.38519,0.46694,0.52000,0.54889,0.58446,0.59062,0.59429,0.63375,0.65000,0.66444,0.69333,0.70154,0.71339,0.71500,0.74880,0.78000,0.79040,0.80653,0.80889,0.83200,0.83662,0.84500,0.89965
MPCCount,1,1,2,2,12,1,1,1,1,1,7,1,38,1,1,1,4,9,1,3,2,6,1,1,1
Typed Out Degree
EGenericType eTypeParameter,1,1,1,1,1,1,1,1,1,1,1,1,1,1,1,1,1,1,1,1,1,1,1,1,1,1,1,1,1,1,1,1,1,1,1,1,1,1,1,1,1,1,1,1,1,1,1,1,1,1,1,1,1,1,1,1,1,1
EClass eTypeParameters,3
EPackage eSuperPackage,1
EGenericType eTypeArguments,1,1,1,1,1,2,1,1,1,1,1,2,1,1,1,2
EReference eKeys,2,2
EDataType eTypeParameters,2
EOperation eContainingClass,1,1,1,1,1
EAttribute eContainingClass,1,1
EReference eOpposite,1,1
EPackage eClassifiers,3,5
EDataType ePackage,1,1
EAttribute eType,1,1
EOperation eExceptions,1,7,7,8,7
EEnum eLiterals,5
EOperation eTypeParameters,1,1,1
EParameter eType,1,1,1
EClass eStructuralFeatures,2,2
EGenericType eClassifier,1,1,1,1,1,1,1,1,1,1,1,1,1,1,1,1,1,1,1,1,1,1,1,1,1,1,1,1,1,1,1,1,1,1,1,1,1,1,1,1,1,1,1,1,1,1,1,1,1,1,1
EEnumLiteral eEnum,1,1,1,1,1
EReference eContainingClass,1,1
EEnum ePackage,1,1,1
EGenericType eUpperBound,1,1,1,1,1,1,1,1,1
EEnum eTypeParameters,1,2
EClass eSuperTypes,2,2,3
ETypeParameter eBounds,1,1,1,1,3,1,1,2,1,2
EClass ePackage,1,1,1
EOperation eParameters,2,1,1
EPackage eSubpackages,1
EGenericType eLowerBound,1,1,1,1,1,1,1,1,1,1,1,1,1,1,1,1,1,1,1
EClass eOperations,2,1,2
EParameter eOperation,1,1,1,1
EReference eType,1,1
EOperation eType,1,1,1,1,1
Node Type
EAttribute,EClass,EDataType,EParameter,EGenericType,EEnumLiteral,EOperation,EEnum,EReference,ETypeParameter,EPackage
0.02,0.03,0.02,0.04,0.6100000000000003,0.05,0.05,0.03,0.02,0.10999999999999999,0.02
Edge Type
eSuperPackage,eOperation,eUpperBound,eTypeParameter,eSubpackages,eType,eSuperTypes,eParameters,eOpposite,eKeys,eTypeArguments,eModelElement,eAnnotations,ePackage,eLowerBound,eLiterals,details,eStructuralFeatures,eClassifier,eClassifiers,eTypeParameters,eContainingClass,eBounds,eEnum,eOperations,eExceptions
0.0034482758620689655,0.013793103448275862,0.03103448275862069,0.2,0.0034482758620689655,0.041379310344827586,0.02413793103448276,0.013793103448275862,0.006896551724137931,0.013793103448275862,0.06551724137931035,0.0,0.0,0.027586206896551724,0.06551724137931035,0.017241379310344827,0.0,0.013793103448275862,0.17586206896551723,0.027586206896551724,0.03793103448275862,0.03103448275862069,0.04827586206896552,0.017241379310344827,0.017241379310344827,0.10344827586206896
violations,3
